dataset,seq,frame,type,class,track_id,gt_id_new,old_hid,top1,top2,margin,no_box,cos_theta,r_v,v_obs_norm,sigma_norm,n_neighbor,geom_020
MOT17,V001,317,switch,S_r,25,17,27,0.8712,0.0318,0.8394,0,-0.2747,2.912044,0.0205,0.0579,1.0,0
MOT17,V001,318,switch,S_c,32,76,25,0.4290,0.0299,0.3990,0,,,,0.1414,,0
MOT17,V001,348,switch,S_c,38,38,6,0.2220,0.2200,0.0020,0,,,,0.1414,,1
MOT17,V001,353,switch,S_c,40,56,34,0.3487,0.0978,0.2509,0,,,,0.1414,,0
MOT17,V001,358,switch,S_r,23,28,14,0.8629,0.6159,0.2471,0,0.8479,1.217327,0.0629,0.0579,4.0,0
MOT17,V001,364,switch,S_r,9,31,23,0.8732,0.2137,0.6595,0,0.9718,1.096466,0.0344,0.0617,3.0,0
MOT17,V001,366,switch,S_c,43,29,9,0.4724,0.3270,0.1454,0,,,,0.1414,,1
MOT17,V001,389,switch,S_r,24,18,22,0.5826,0.0380,0.5446,0,0.2373,27.873340,0.0830,0.0547,1.0,0
MOT17,V001,391,switch,S_r,26,42,28,0.8718,0.1495,0.7223,0,0.9369,1.575363,0.0466,0.0582,2.0,0
MOT17,V001,394,switch,S_r,35,9,33,0.7696,0.1782,0.5914,0,-0.8809,2.914719,0.0315,0.0583,5.0,0
MOT17,V001,395,switch,S_r,40,48,34,0.8274,0.2778,0.5496,0,0.0238,3.231685,0.0299,0.0580,3.0,0
MOT17,V001,395,switch,S_c,46,67,24,0.1307,0.0356,0.0951,0,,,,0.1414,,0
MOT17,V001,400,switch,S_h,33,17,25,0.6802,0.2385,0.4416,0,,,,0.0665,,0
MOT17,V001,404,switch,S_h,9,26,3,0.8747,0.2908,0.5839,0,,,,0.0659,,0
MOT17,V001,405,switch,S_h,25,10,35,0.6258,0.2329,0.3929,0,,,,0.0672,,0
MOT17,V001,405,switch,S_c,47,15,26,0.2953,0.0919,0.2034,0,,,,0.1414,,0
MOT17,V001,408,switch,S_h,22,41,17,0.8317,0.0719,0.7598,0,,,,0.0725,,0
MOT17,V001,423,switch,S_r,15,61,12,0.8674,0.0263,0.8411,0,0.9879,2.423537,0.0157,0.0552,2.0,0
MOT17,V001,427,switch,S_h,23,31,9,0.5059,0.2957,0.2102,0,,,,0.0572,,0
MOT17,V001,429,switch,S_r,33,9,35,0.8862,0.6296,0.2565,0,-0.9930,2.970690,0.0129,0.0561,4.0,0
MOT17,V001,442,switch,S_r,43,31,23,0.8256,0.5295,0.2962,0,0.5352,3.340198,0.0328,0.0594,4.0,0
MOT17,V001,443,switch,S_c,50,60,15,0.3258,0.0163,0.3095,0,,,,0.1414,,0
MOT17,V001,446,switch,S_r,26,65,22,0.7295,0.0921,0.6374,0,0.1097,2.946556,0.0175,0.0570,2.0,0
MOT17,V001,448,switch,S_c,52,17,33,0.0460,0.0074,0.0386,0,,,,0.1414,,0
MOT17,V001,448,switch,S_h,33,76,32,0.0409,0.0092,0.0317,0,,,,0.0649,,0
MOT17,V001,451,switch,S_r,12,48,40,0.8738,0.7139,0.1599,0,,,0.0299,0.0548,3.0,1
MOT17,V001,452,switch,S_c,54,10,25,0.1743,0.1592,0.0151,0,,,,0.1414,,0
MOT17,V001,452,switch,S_r,30,33,37,0.6306,0.1544,0.4761,0,-0.7939,2.287157,0.0319,0.0550,1.0,0
MOT17,V001,454,switch,S_h,32,9,33,0.4584,0.0930,0.3654,0,,,,0.0529,,0
MOT17,V001,455,switch,S_h,37,33,37,0.3158,0.0637,0.2521,0,,,,0.0716,,0
MOT17,V001,457,switch,S_r,54,9,32,0.4138,0.2786,0.1352,0,0.0735,3.581569,0.1157,0.0457,3.0,1
MOT17,V001,457,switch,S_c,55,40,11,0.0374,0.0206,0.0168,0,,,,0.1414,,0
MOT17,V001,458,switch,S_h,32,9,32,0.5952,0.3438,0.2515,0,,,,0.0625,,0
MOT17,V001,458,switch,S_r,46,41,22,0.9483,0.1124,0.8359,0,0.9544,1.220413,0.0277,0.0585,1.0,0
MOT17,V001,461,switch,S_r,35,9,32,0.9183,0.5692,0.3491,0,0.9584,1.148703,0.0130,0.0582,4.0,0
MOT17,V001,461,switch,S_h,40,48,12,0.1740,0.0789,0.0951,0,,,,0.0713,,0
MOT17,V001,461,switch,S_r,34,56,40,0.6826,0.2700,0.4126,0,-0.5101,1.390394,0.0392,0.0596,2.0,0
MOT17,V001,462,switch,S_h,22,42,26,0.4571,0.2284,0.2288,0,,,,0.0853,,0
MOT17,V001,462,switch,S_h,10,49,34,0.4173,0.0349,0.3823,0,,,,0.0660,,0
MOT17,V001,473,switch,S_r,46,42,22,0.8379,0.4184,0.4194,0,0.8149,1.965762,0.0144,0.0551,2.0,0
MOT17,V001,473,switch,S_r,22,67,46,0.8945,0.4284,0.4661,0,0.6801,2.020469,0.0211,0.0603,3.0,0
MOT17,V001,475,switch,S_r,37,32,30,0.9860,0.3606,0.6254,0,0.7484,1.125666,0.0019,0.0577,3.0,0
MOT17,V001,475,switch,S_r,30,33,37,0.9749,0.3685,0.6063,0,0.9908,1.083103,0.0316,0.0579,2.0,0
MOT17,V001,479,switch,S_r,52,41,46,0.9675,0.2898,0.6777,0,0.9030,1.026447,0.0217,0.0585,2.0,0
MOT17,V001,485,switch,S_r,46,17,52,0.9122,0.1206,0.7916,0,-0.9250,12.107849,0.0128,0.0579,2.0,0
MOT17,V001,486,switch,S_h,12,56,40,0.5359,0.0000,0.5359,0,,,,0.0711,,0
MOT17,V001,488,switch,S_c,57,42,46,0.2654,0.2544,0.0109,0,,,,0.1414,,1
MOT17,V001,496,switch,S_c,58,31,43,0.6380,0.5100,0.1280,0,,,,0.1414,,1
MOT17,V001,498,switch,S_r,33,41,52,0.8971,0.4648,0.4323,0,-0.2882,1.208584,0.0126,0.0568,4.0,0
MOT17,V001,498,switch,S_r,52,78,33,0.9124,0.4754,0.4370,0,0.8347,1.327266,0.0153,0.0550,4.0,0
MOT17,V001,508,switch,S_r,33,42,57,0.8763,0.6203,0.2560,0,-0.1094,1.012233,0.0122,0.0564,5.0,0
MOT17,V001,508,switch,S_r,57,78,52,0.9594,0.3339,0.6255,0,0.9303,1.205844,0.0178,0.0570,4.0,0
MOT17,V001,514,switch,S_r,47,18,24,0.4914,0.2822,0.2092,0,-0.9980,2.865650,0.0296,0.0582,2.0,0
MOT17,V001,514,switch,S_h,52,42,33,0.4342,0.2008,0.2333,0,,,,0.0597,,0
MOT17,V001,516,switch,S_r,33,9,35,0.8505,0.6776,0.1729,0,-0.5523,2.745595,0.0299,0.0600,4.0,1
MOT17,V001,516,switch,S_r,35,41,33,0.8598,0.3908,0.4690,0,0.9862,1.884127,0.0225,0.0586,4.0,0
MOT17,V001,519,switch,S_r,24,18,47,0.8676,0.1003,0.7673,0,0.9728,4.447114,0.0322,0.0556,2.0,0
MOT17,V001,523,switch,S_r,52,10,54,0.8929,0.3779,0.5150,0,0.4846,1.433882,0.0248,0.0583,5.0,0
MOT17,V001,523,switch,S_r,22,17,46,0.9582,0.3146,0.6437,0,0.9404,1.403404,0.0089,0.0562,2.0,0
MOT17,V001,524,switch,S_r,54,42,52,0.4482,0.3517,0.0966,0,-0.9340,1.343249,0.1065,0.0545,4.0,1
MOT17,V001,530,switch,S_r,54,9,33,0.9190,0.4970,0.4221,0,0.0352,1.485480,0.0135,0.0564,4.0,0
MOT17,V001,530,switch,S_r,33,42,54,0.8698,0.5262,0.3436,0,-0.9625,2.901670,0.0063,0.0568,4.0,0
MOT17,V001,554,switch,S_r,22,15,47,0.9060,0.1257,0.7803,0,-0.7757,2.407401,0.0141,0.0596,1.0,0
MOT17,V001,570,switch,S_c,67,18,24,0.0000,0.0000,0.0000,0,,,,0.1414,,0
MOT17,V001,580,switch,S_r,21,31,58,0.9705,0.6871,0.2833,0,0.9776,1.148928,0.0234,0.0567,2.0,0
MOT17,V001,596,switch,S_h,57,15,22,0.2649,0.0873,0.1776,0,,,,0.0712,,0
MOT17,V002,317,switch,S_r,98,17,100,0.8712,0.0318,0.8394,0,-0.2747,2.912044,0.0205,0.0579,1.0,0
MOT17,V002,318,switch,S_c,105,76,98,0.4290,0.0299,0.3990,0,,,,0.1414,,0
MOT17,V002,348,switch,S_c,111,38,79,0.2220,0.2200,0.0020,0,,,,0.1414,,1
MOT17,V002,353,switch,S_c,113,56,107,0.3487,0.0978,0.2509,0,,,,0.1414,,0
MOT17,V002,358,switch,S_r,96,28,87,0.8629,0.6159,0.2471,0,0.8479,1.217327,0.0629,0.0579,4.0,0
MOT17,V002,364,switch,S_r,82,31,96,0.8732,0.2137,0.6595,0,0.9718,1.096466,0.0344,0.0617,3.0,0
MOT17,V002,366,switch,S_c,116,29,82,0.4724,0.3270,0.1454,0,,,,0.1414,,1
MOT17,V002,389,switch,S_r,97,18,95,0.5826,0.0380,0.5446,0,0.2373,27.873340,0.0830,0.0547,1.0,0
MOT17,V002,391,switch,S_r,99,42,101,0.8718,0.1495,0.7223,0,0.9369,1.575363,0.0466,0.0582,2.0,0
MOT17,V002,394,switch,S_r,108,9,106,0.7696,0.1782,0.5914,0,-0.8809,2.914719,0.0315,0.0583,5.0,0
MOT17,V002,395,switch,S_r,113,48,107,0.8274,0.2778,0.5496,0,0.0238,3.231685,0.0299,0.0580,3.0,0
MOT17,V002,395,switch,S_c,119,67,97,0.1307,0.0356,0.0951,0,,,,0.1414,,0
MOT17,V002,400,switch,S_h,106,17,98,0.6802,0.2385,0.4416,0,,,,0.0665,,0
MOT17,V002,404,switch,S_h,82,26,76,0.8747,0.2908,0.5839,0,,,,0.0659,,0
MOT17,V002,405,switch,S_h,98,10,108,0.6258,0.2329,0.3929,0,,,,0.0672,,0
MOT17,V002,405,switch,S_c,120,15,99,0.2953,0.0919,0.2034,0,,,,0.1414,,0
MOT17,V002,408,switch,S_h,95,41,90,0.8317,0.0719,0.7598,0,,,,0.0725,,0
MOT17,V002,423,switch,S_r,88,61,85,0.8674,0.0263,0.8411,0,0.9879,2.423537,0.0157,0.0552,2.0,0
MOT17,V002,427,switch,S_h,96,31,82,0.5059,0.2957,0.2102,0,,,,0.0572,,0
MOT17,V002,429,switch,S_r,106,9,108,0.8862,0.6296,0.2565,0,-0.9930,2.970690,0.0129,0.0561,4.0,0
MOT17,V002,442,switch,S_r,116,31,96,0.8256,0.5295,0.2962,0,0.5352,3.340198,0.0328,0.0594,4.0,0
MOT17,V002,443,switch,S_c,123,60,88,0.3258,0.0163,0.3095,0,,,,0.1414,,0
MOT17,V002,446,switch,S_r,99,65,95,0.7295,0.0921,0.6374,0,0.1097,2.946556,0.0175,0.0570,2.0,0
MOT17,V002,448,switch,S_c,125,17,106,0.0460,0.0074,0.0386,0,,,,0.1414,,0
MOT17,V002,448,switch,S_h,106,76,105,0.0409,0.0092,0.0317,0,,,,0.0649,,0
MOT17,V002,451,switch,S_r,85,48,113,0.8738,0.7139,0.1599,0,,,0.0299,0.0548,3.0,1
MOT17,V002,452,switch,S_c,127,10,98,0.1743,0.1592,0.0151,0,,,,0.1414,,0
MOT17,V002,452,switch,S_r,103,33,110,0.6306,0.1544,0.4761,0,-0.7939,2.287157,0.0319,0.0550,1.0,0
MOT17,V002,454,switch,S_h,105,9,106,0.4584,0.0930,0.3654,0,,,,0.0529,,0
MOT17,V002,455,switch,S_h,110,33,110,0.3158,0.0637,0.2521,0,,,,0.0716,,0
MOT17,V002,457,switch,S_r,127,9,105,0.4138,0.2786,0.1352,0,0.0735,3.581569,0.1157,0.0457,3.0,1
MOT17,V002,457,switch,S_c,128,40,84,0.0374,0.0206,0.0168,0,,,,0.1414,,0
MOT17,V002,458,switch,S_h,105,9,105,0.5952,0.3438,0.2515,0,,,,0.0625,,0
MOT17,V002,458,switch,S_r,119,41,95,0.9483,0.1124,0.8359,0,0.9544,1.220413,0.0277,0.0585,1.0,0
MOT17,V002,461,switch,S_r,108,9,105,0.9183,0.5692,0.3491,0,0.9584,1.148703,0.0130,0.0582,4.0,0
MOT17,V002,461,switch,S_h,113,48,85,0.1740,0.0789,0.0951,0,,,,0.0713,,0
MOT17,V002,461,switch,S_r,107,56,113,0.6826,0.2700,0.4126,0,-0.5101,1.390394,0.0392,0.0596,2.0,0
MOT17,V002,462,switch,S_h,95,42,99,0.4571,0.2284,0.2288,0,,,,0.0853,,0
MOT17,V002,462,switch,S_h,83,49,107,0.4173,0.0349,0.3823,0,,,,0.0660,,0
MOT17,V002,473,switch,S_r,119,42,95,0.8379,0.4184,0.4194,0,0.8149,1.965762,0.0144,0.0551,2.0,0
MOT17,V002,473,switch,S_r,95,67,119,0.8945,0.4284,0.4661,0,0.6801,2.020469,0.0211,0.0603,3.0,0
MOT17,V002,475,switch,S_r,110,32,103,0.9860,0.3606,0.6254,0,0.7484,1.125666,0.0019,0.0577,3.0,0
MOT17,V002,475,switch,S_r,103,33,110,0.9749,0.3685,0.6063,0,0.9908,1.083103,0.0316,0.0579,2.0,0
MOT17,V002,479,switch,S_r,125,41,119,0.9675,0.2898,0.6777,0,0.9030,1.026447,0.0217,0.0585,2.0,0
MOT17,V002,485,switch,S_r,119,17,125,0.9122,0.1206,0.7916,0,-0.9250,12.107849,0.0128,0.0579,2.0,0
MOT17,V002,486,switch,S_h,85,56,113,0.5359,0.0000,0.5359,0,,,,0.0711,,0
MOT17,V002,488,switch,S_c,130,42,119,0.2654,0.2544,0.0109,0,,,,0.1414,,1
MOT17,V002,496,switch,S_c,131,31,116,0.6380,0.5100,0.1280,0,,,,0.1414,,1
MOT17,V002,498,switch,S_r,106,41,125,0.8971,0.4648,0.4323,0,-0.2882,1.208584,0.0126,0.0568,4.0,0
MOT17,V002,498,switch,S_r,125,78,106,0.9124,0.4754,0.4370,0,0.8347,1.327266,0.0153,0.0550,4.0,0
MOT17,V002,508,switch,S_r,106,42,130,0.8763,0.6203,0.2560,0,-0.1094,1.012233,0.0122,0.0564,5.0,0
MOT17,V002,508,switch,S_r,130,78,125,0.9594,0.3339,0.6255,0,0.9303,1.205844,0.0178,0.0570,4.0,0
MOT17,V002,514,switch,S_r,120,18,97,0.4914,0.2822,0.2092,0,-0.9980,2.865650,0.0296,0.0582,2.0,0
MOT17,V002,514,switch,S_h,125,42,106,0.4342,0.2008,0.2333,0,,,,0.0597,,0
MOT17,V002,516,switch,S_r,106,9,108,0.8505,0.6776,0.1729,0,-0.5523,2.745595,0.0299,0.0600,4.0,1
MOT17,V002,516,switch,S_r,108,41,106,0.8598,0.3908,0.4690,0,0.9862,1.884127,0.0225,0.0586,4.0,0
MOT17,V002,519,switch,S_r,97,18,120,0.8676,0.1003,0.7673,0,0.9728,4.447114,0.0322,0.0556,2.0,0
MOT17,V002,523,switch,S_r,125,10,127,0.8929,0.3779,0.5150,0,0.4846,1.433882,0.0248,0.0583,5.0,0
MOT17,V002,523,switch,S_r,95,17,119,0.9582,0.3146,0.6437,0,0.9404,1.403404,0.0089,0.0562,2.0,0
MOT17,V002,524,switch,S_r,127,42,125,0.4482,0.3517,0.0966,0,-0.9340,1.343249,0.1065,0.0545,4.0,1
MOT17,V002,530,switch,S_r,127,9,106,0.9190,0.4970,0.4221,0,0.0352,1.485480,0.0135,0.0564,4.0,0
MOT17,V002,530,switch,S_r,106,42,127,0.8698,0.5262,0.3436,0,-0.9625,2.901670,0.0063,0.0568,4.0,0
MOT17,V002,554,switch,S_r,95,15,120,0.9060,0.1257,0.7803,0,-0.7757,2.407401,0.0141,0.0596,1.0,0
MOT17,V002,570,switch,S_c,140,18,97,0.0000,0.0000,0.0000,0,,,,0.1414,,0
MOT17,V002,580,switch,S_r,94,31,131,0.9705,0.6871,0.2833,0,0.9776,1.148928,0.0234,0.0567,2.0,0
MOT17,V002,596,switch,S_h,130,15,95,0.2649,0.0873,0.1776,0,,,,0.0712,,0
MOT17,V003,317,switch,S_r,171,17,173,0.8712,0.0318,0.8394,0,-0.2747,2.912044,0.0205,0.0579,1.0,0
MOT17,V003,318,switch,S_c,178,76,171,0.4290,0.0299,0.3990,0,,,,0.1414,,0
MOT17,V003,348,switch,S_c,184,38,152,0.2220,0.2200,0.0020,0,,,,0.1414,,1
MOT17,V003,353,switch,S_c,186,56,180,0.3487,0.0978,0.2509,0,,,,0.1414,,0
MOT17,V003,358,switch,S_r,169,28,160,0.8629,0.6159,0.2471,0,0.8479,1.217327,0.0629,0.0579,4.0,0
MOT17,V003,364,switch,S_r,155,31,169,0.8732,0.2137,0.6595,0,0.9718,1.096466,0.0344,0.0617,3.0,0
MOT17,V003,366,switch,S_c,189,29,155,0.4724,0.3270,0.1454,0,,,,0.1414,,1
MOT17,V003,389,switch,S_r,170,18,168,0.5826,0.0380,0.5446,0,0.2373,27.873340,0.0830,0.0547,1.0,0
MOT17,V003,391,switch,S_r,172,42,174,0.8718,0.1495,0.7223,0,0.9369,1.575363,0.0466,0.0582,2.0,0
MOT17,V003,394,switch,S_r,181,9,179,0.7696,0.1782,0.5914,0,-0.8809,2.914719,0.0315,0.0583,5.0,0
MOT17,V003,395,switch,S_r,186,48,180,0.8274,0.2778,0.5496,0,0.0238,3.231685,0.0299,0.0580,3.0,0
MOT17,V003,395,switch,S_c,192,67,170,0.1307,0.0356,0.0951,0,,,,0.1414,,0
MOT17,V003,400,switch,S_h,179,17,171,0.6802,0.2385,0.4416,0,,,,0.0665,,0
MOT17,V003,404,switch,S_h,155,26,149,0.8747,0.2908,0.5839,0,,,,0.0659,,0
MOT17,V003,405,switch,S_h,171,10,181,0.6258,0.2329,0.3929,0,,,,0.0672,,0
MOT17,V003,405,switch,S_c,193,15,172,0.2953,0.0919,0.2034,0,,,,0.1414,,0
MOT17,V003,408,switch,S_h,168,41,163,0.8317,0.0719,0.7598,0,,,,0.0725,,0
MOT17,V003,423,switch,S_r,161,61,158,0.8674,0.0263,0.8411,0,0.9879,2.423537,0.0157,0.0552,2.0,0
MOT17,V003,427,switch,S_h,169,31,155,0.5059,0.2957,0.2102,0,,,,0.0572,,0
MOT17,V003,429,switch,S_r,179,9,181,0.8862,0.6296,0.2565,0,-0.9930,2.970690,0.0129,0.0561,4.0,0
MOT17,V003,442,switch,S_r,189,31,169,0.8256,0.5295,0.2962,0,0.5352,3.340198,0.0328,0.0594,4.0,0
MOT17,V003,443,switch,S_c,196,60,161,0.3258,0.0163,0.3095,0,,,,0.1414,,0
MOT17,V003,446,switch,S_r,172,65,168,0.7295,0.0921,0.6374,0,0.1097,2.946556,0.0175,0.0570,2.0,0
MOT17,V003,448,switch,S_c,198,17,179,0.0460,0.0074,0.0386,0,,,,0.1414,,0
MOT17,V003,448,switch,S_h,179,76,178,0.0409,0.0092,0.0317,0,,,,0.0649,,0
MOT17,V003,451,switch,S_r,158,48,186,0.8738,0.7139,0.1599,0,,,0.0299,0.0548,3.0,1
MOT17,V003,452,switch,S_c,200,10,171,0.1743,0.1592,0.0151,0,,,,0.1414,,0
MOT17,V003,452,switch,S_r,176,33,183,0.6306,0.1544,0.4761,0,-0.7939,2.287157,0.0319,0.0550,1.0,0
MOT17,V003,454,switch,S_h,178,9,179,0.4584,0.0930,0.3654,0,,,,0.0529,,0
MOT17,V003,455,switch,S_h,183,33,183,0.3158,0.0637,0.2521,0,,,,0.0716,,0
MOT17,V003,457,switch,S_r,200,9,178,0.4138,0.2786,0.1352,0,0.0735,3.581569,0.1157,0.0457,3.0,1
MOT17,V003,457,switch,S_c,201,40,157,0.0374,0.0206,0.0168,0,,,,0.1414,,0
MOT17,V003,458,switch,S_h,178,9,178,0.5952,0.3438,0.2515,0,,,,0.0625,,0
MOT17,V003,458,switch,S_r,192,41,168,0.9483,0.1124,0.8359,0,0.9544,1.220413,0.0277,0.0585,1.0,0
MOT17,V003,461,switch,S_r,181,9,178,0.9183,0.5692,0.3491,0,0.9584,1.148703,0.0130,0.0582,4.0,0
MOT17,V003,461,switch,S_h,186,48,158,0.1740,0.0789,0.0951,0,,,,0.0713,,0
MOT17,V003,461,switch,S_r,180,56,186,0.6826,0.2700,0.4126,0,-0.5101,1.390394,0.0392,0.0596,2.0,0
MOT17,V003,462,switch,S_h,168,42,172,0.4571,0.2284,0.2288,0,,,,0.0853,,0
MOT17,V003,462,switch,S_h,156,49,180,0.4173,0.0349,0.3823,0,,,,0.0660,,0
MOT17,V003,473,switch,S_r,192,42,168,0.8379,0.4184,0.4194,0,0.8149,1.965762,0.0144,0.0551,2.0,0
MOT17,V003,473,switch,S_r,168,67,192,0.8945,0.4284,0.4661,0,0.6801,2.020469,0.0211,0.0603,3.0,0
MOT17,V003,475,switch,S_r,183,32,176,0.9860,0.3606,0.6254,0,0.7484,1.125666,0.0019,0.0577,3.0,0
MOT17,V003,475,switch,S_r,176,33,183,0.9749,0.3685,0.6063,0,0.9908,1.083103,0.0316,0.0579,2.0,0
MOT17,V003,479,switch,S_r,198,41,192,0.9675,0.2898,0.6777,0,0.9030,1.026447,0.0217,0.0585,2.0,0
MOT17,V003,485,switch,S_r,192,17,198,0.9122,0.1206,0.7916,0,-0.9250,12.107849,0.0128,0.0579,2.0,0
MOT17,V003,486,switch,S_h,158,56,186,0.5359,0.0000,0.5359,0,,,,0.0711,,0
MOT17,V003,488,switch,S_c,203,42,192,0.2654,0.2544,0.0109,0,,,,0.1414,,1
MOT17,V003,496,switch,S_c,204,31,189,0.6380,0.5100,0.1280,0,,,,0.1414,,1
MOT17,V003,498,switch,S_r,179,41,198,0.8971,0.4648,0.4323,0,-0.2882,1.208584,0.0126,0.0568,4.0,0
MOT17,V003,498,switch,S_r,198,78,179,0.9124,0.4754,0.4370,0,0.8347,1.327266,0.0153,0.0550,4.0,0
MOT17,V003,508,switch,S_r,179,42,203,0.8763,0.6203,0.2560,0,-0.1094,1.012233,0.0122,0.0564,5.0,0
MOT17,V003,508,switch,S_r,203,78,198,0.9594,0.3339,0.6255,0,0.9303,1.205844,0.0178,0.0570,4.0,0
MOT17,V003,514,switch,S_r,193,18,170,0.4914,0.2822,0.2092,0,-0.9980,2.865650,0.0296,0.0582,2.0,0
MOT17,V003,514,switch,S_h,198,42,179,0.4342,0.2008,0.2333,0,,,,0.0597,,0
MOT17,V003,516,switch,S_r,179,9,181,0.8505,0.6776,0.1729,0,-0.5523,2.745595,0.0299,0.0600,4.0,1
MOT17,V003,516,switch,S_r,181,41,179,0.8598,0.3908,0.4690,0,0.9862,1.884127,0.0225,0.0586,4.0,0
MOT17,V003,519,switch,S_r,170,18,193,0.8676,0.1003,0.7673,0,0.9728,4.447114,0.0322,0.0556,2.0,0
MOT17,V003,523,switch,S_r,198,10,200,0.8929,0.3779,0.5150,0,0.4846,1.433882,0.0248,0.0583,5.0,0
MOT17,V003,523,switch,S_r,168,17,192,0.9582,0.3146,0.6437,0,0.9404,1.403404,0.0089,0.0562,2.0,0
MOT17,V003,524,switch,S_r,200,42,198,0.4482,0.3517,0.0966,0,-0.9340,1.343249,0.1065,0.0545,4.0,1
MOT17,V003,530,switch,S_r,200,9,179,0.9190,0.4970,0.4221,0,0.0352,1.485480,0.0135,0.0564,4.0,0
MOT17,V003,530,switch,S_r,179,42,200,0.8698,0.5262,0.3436,0,-0.9625,2.901670,0.0063,0.0568,4.0,0
MOT17,V003,554,switch,S_r,168,15,193,0.9060,0.1257,0.7803,0,-0.7757,2.407401,0.0141,0.0596,1.0,0
MOT17,V003,570,switch,S_c,213,18,170,0.0000,0.0000,0.0000,0,,,,0.1414,,0
MOT17,V003,580,switch,S_r,167,31,204,0.9705,0.6871,0.2833,0,0.9776,1.148928,0.0234,0.0567,2.0,0
MOT17,V003,596,switch,S_h,203,15,168,0.2649,0.0873,0.1776,0,,,,0.0712,,0
MOT17,V004,624,switch,S_c,269,93,256,0.6316,0.1725,0.4592,0,,,,0.1414,,0
MOT17,V004,839,switch,S_r,233,93,269,0.9840,0.4776,0.5064,0,,,0.0014,0.0577,4.0,0
MOT17,V004,839,switch,S_r,269,96,233,0.9814,0.4790,0.5024,0,,,0.0006,0.0576,2.0,0
MOT17,V004,915,switch,S_c,285,141,270,0.4010,0.1044,0.2966,0,,,,0.1414,,0
MOT17,V004,936,switch,S_r,276,141,285,0.9740,0.0369,0.9371,0,,,0.0101,0.0565,2.0,0
MOT17,V004,956,switch,S_h,285,141,276,0.5737,0.0046,0.5691,0,,,,0.0789,,0
MOT17,V005,624,switch,S_c,339,93,326,0.6316,0.1725,0.4592,0,,,,0.1414,,0
MOT17,V005,839,switch,S_r,303,93,339,0.9840,0.4776,0.5064,0,,,0.0014,0.0577,4.0,0
MOT17,V005,839,switch,S_r,339,96,303,0.9814,0.4790,0.5024,0,,,0.0006,0.0576,2.0,0
MOT17,V005,915,switch,S_c,355,141,340,0.4010,0.1044,0.2966,0,,,,0.1414,,0
MOT17,V005,936,switch,S_r,346,141,355,0.9740,0.0369,0.9371,0,,,0.0101,0.0565,2.0,0
MOT17,V005,956,switch,S_h,355,141,346,0.5737,0.0046,0.5691,0,,,,0.0789,,0
MOT17,V006,624,switch,S_c,409,93,396,0.6316,0.1725,0.4592,0,,,,0.1414,,0
MOT17,V006,839,switch,S_r,373,93,409,0.9840,0.4776,0.5064,0,,,0.0014,0.0577,4.0,0
MOT17,V006,839,switch,S_r,409,96,373,0.9814,0.4790,0.5024,0,,,0.0006,0.0576,2.0,0
MOT17,V006,915,switch,S_c,425,141,410,0.4010,0.1044,0.2966,0,,,,0.1414,,0
MOT17,V006,936,switch,S_r,416,141,425,0.9740,0.0369,0.9371,0,,,0.0101,0.0565,2.0,0
MOT17,V006,956,switch,S_h,425,141,416,0.5737,0.0046,0.5691,0,,,,0.0789,,0
MOT17,V007,420,switch,S_r,434,48,433,0.6876,0.5546,0.1330,0,,,0.0476,0.0579,1.0,1
MOT17,V007,422,switch,S_c,435,49,434,0.3858,0.0000,0.3858,0,,,,0.1414,,0
MOT17,V007,443,switch,S_r,438,124,439,0.8534,0.0000,0.8534,0,0.9989,1.173562,0.0771,0.0542,1.0,0
MOT17,V007,444,switch,S_h,434,49,435,0.0000,0.0000,0.0000,0,,,,0.0785,,0
MOT17,V007,445,switch,S_c,442,48,434,0.2978,0.0000,0.2978,0,,,,0.1414,,0
MOT17,V007,447,switch,S_h,439,124,438,0.7132,0.0000,0.7132,0,,,,0.0769,,0
MOT17,V007,463,switch,S_r,434,48,442,0.5029,0.4843,0.0186,0,0.9988,5.046306,0.1432,0.0542,3.0,1
MOT17,V007,522,switch,S_r,440,54,437,0.7966,0.1367,0.6599,0,0.6829,1.614570,0.0132,0.0635,1.0,0
MOT17,V007,530,switch,S_h,437,54,437,0.3961,0.0198,0.3763,0,,,,0.0786,,0
MOT17,V007,558,switch,S_r,440,60,449,0.3269,0.3129,0.0140,0,-0.9996,1.808620,0.0879,0.0689,3.0,1
MOT17,V007,561,switch,S_h,443,52,440,0.3779,0.0807,0.2972,0,,,,0.0546,,0
MOT17,V007,589,switch,S_h,443,53,441,0.6274,0.1862,0.4412,0,,,,0.0790,,0
MOT17,V007,593,switch,S_h,441,54,437,0.8314,0.1790,0.6524,0,,,,0.0804,,0
MOT17,V007,602,switch,S_h,437,54,441,0.8077,0.1303,0.6774,0,,,,0.0735,,0
MOT17,V007,733,switch,S_h,472,136,471,0.5584,0.0000,0.5584,0,,,,0.1414,,0
MOT17,V007,754,switch,S_h,453,83,469,0.7492,0.0867,0.6625,0,,,,0.0727,,0
MOT17,V007,755,switch,S_c,479,89,478,0.0389,0.0001,0.0388,0,,,,0.1414,,0
MOT17,V007,761,switch,S_h,478,84,477,0.0341,0.0245,0.0097,0,,,,0.0797,,0
MOT17,V007,762,switch,S_h,477,96,472,0.8858,0.0356,0.8502,0,,,,0.0686,,0
MOT17,V007,762,switch,S_h,479,98,478,0.3191,0.0277,0.2913,0,,,,0.0709,,0
MOT17,V007,764,switch,S_c,482,89,479,0.1671,0.0095,0.1576,0,,,,0.1414,,0
MOT17,V007,767,switch,S_h,478,96,477,0.5150,0.3598,0.1552,0,,,,0.0622,,1
MOT17,V007,780,switch,S_c,488,141,480,0.0190,0.0000,0.0190,0,,,,0.1414,,0
MOT17,V007,785,switch,S_c,490,84,478,0.3126,0.0000,0.3126,0,,,,0.1414,,0
MOT17,V007,785,switch,S_c,491,96,478,0.1784,0.0000,0.1784,0,,,,0.1414,,0
MOT17,V007,790,switch,S_h,482,98,479,0.7161,0.0916,0.6245,0,,,,0.0684,,0
MOT17,V007,794,switch,S_h,478,99,477,0.5016,0.0070,0.4945,0,,,,0.0659,,0
MOT17,V007,797,switch,S_h,482,99,478,0.6486,0.0000,0.6486,0,,,,0.0761,,0
MOT17,V007,798,switch,S_c,496,98,482,0.0000,0.0000,0.0000,0,,,,0.1414,,0
MOT17,V007,799,switch,S_h,479,99,482,0.7563,0.0124,0.7439,0,,,,0.0717,,0
MOT17,V007,800,switch,S_h,477,97,488,0.7133,0.1425,0.5708,0,,,,0.0633,,0
MOT17,V007,804,switch,S_h,488,97,477,0.8010,0.2912,0.5098,0,,,,0.0635,,0
MOT17,V007,805,switch,S_h,477,97,477,0.8392,0.2839,0.5553,0,,,,0.0599,,0
MOT17,V007,807,switch,S_r,453,71,456,0.9227,0.6483,0.2744,0,0.6806,1.052820,0.0234,0.0566,3.0,0
MOT17,V007,809,switch,S_r,479,98,496,0.8219,0.1330,0.6888,0,0.5943,2.515356,0.0403,0.0567,1.0,0
MOT17,V007,809,switch,S_h,496,101,498,0.6595,0.3010,0.3585,0,,,,0.0591,,0
MOT17,V007,810,switch,S_r,456,71,453,0.7463,0.6167,0.1296,0,-0.9949,14.616832,0.0052,0.0595,2.0,1
MOT17,V007,816,switch,S_h,498,99,479,0.4809,0.0000,0.4809,0,,,,0.0705,,0
MOT17,V007,824,switch,S_h,482,110,493,0.7098,0.2645,0.4453,0,,,,0.0618,,0
MOT17,V007,834,switch,S_h,488,110,482,0.5659,0.0000,0.5659,0,,,,0.0530,,0
MOT17,V008,420,switch,S_r,505,48,504,0.6876,0.5546,0.1330,0,,,0.0476,0.0579,1.0,1
MOT17,V008,422,switch,S_c,506,49,505,0.3858,0.0000,0.3858,0,,,,0.1414,,0
MOT17,V008,443,switch,S_r,509,124,510,0.8534,0.0000,0.8534,0,0.9989,1.173562,0.0771,0.0542,1.0,0
MOT17,V008,444,switch,S_h,505,49,506,0.0000,0.0000,0.0000,0,,,,0.0785,,0
MOT17,V008,445,switch,S_c,513,48,505,0.2978,0.0000,0.2978,0,,,,0.1414,,0
MOT17,V008,447,switch,S_h,510,124,509,0.7132,0.0000,0.7132,0,,,,0.0769,,0
MOT17,V008,463,switch,S_r,505,48,513,0.5029,0.4843,0.0186,0,0.9988,5.046306,0.1432,0.0542,3.0,1
MOT17,V008,522,switch,S_r,511,54,508,0.7966,0.1367,0.6599,0,0.6829,1.614570,0.0132,0.0635,1.0,0
MOT17,V008,530,switch,S_h,508,54,508,0.3961,0.0198,0.3763,0,,,,0.0786,,0
MOT17,V008,558,switch,S_r,511,60,520,0.3269,0.3129,0.0140,0,-0.9996,1.808620,0.0879,0.0689,3.0,1
MOT17,V008,561,switch,S_h,514,52,511,0.3779,0.0807,0.2972,0,,,,0.0546,,0
MOT17,V008,589,switch,S_h,514,53,512,0.6274,0.1862,0.4412,0,,,,0.0790,,0
MOT17,V008,593,switch,S_h,512,54,508,0.8314,0.1790,0.6524,0,,,,0.0804,,0
MOT17,V008,602,switch,S_h,508,54,512,0.8077,0.1303,0.6774,0,,,,0.0735,,0
MOT17,V008,733,switch,S_h,543,136,542,0.5584,0.0000,0.5584,0,,,,0.1414,,0
MOT17,V008,754,switch,S_h,524,83,540,0.7492,0.0867,0.6625,0,,,,0.0727,,0
MOT17,V008,755,switch,S_c,550,89,549,0.0389,0.0001,0.0388,0,,,,0.1414,,0
MOT17,V008,761,switch,S_h,549,84,548,0.0341,0.0245,0.0097,0,,,,0.0797,,0
MOT17,V008,762,switch,S_h,548,96,543,0.8858,0.0356,0.8502,0,,,,0.0686,,0
MOT17,V008,762,switch,S_h,550,98,549,0.3191,0.0277,0.2913,0,,,,0.0709,,0
MOT17,V008,764,switch,S_c,553,89,550,0.1671,0.0095,0.1576,0,,,,0.1414,,0
MOT17,V008,767,switch,S_h,549,96,548,0.5150,0.3598,0.1552,0,,,,0.0622,,1
MOT17,V008,780,switch,S_c,559,141,551,0.0190,0.0000,0.0190,0,,,,0.1414,,0
MOT17,V008,785,switch,S_c,561,84,549,0.3126,0.0000,0.3126,0,,,,0.1414,,0
MOT17,V008,785,switch,S_c,562,96,549,0.1784,0.0000,0.1784,0,,,,0.1414,,0
MOT17,V008,790,switch,S_h,553,98,550,0.7161,0.0916,0.6245,0,,,,0.0684,,0
MOT17,V008,794,switch,S_h,549,99,548,0.5016,0.0070,0.4945,0,,,,0.0659,,0
MOT17,V008,797,switch,S_h,553,99,549,0.6486,0.0000,0.6486,0,,,,0.0761,,0
MOT17,V008,798,switch,S_c,567,98,553,0.0000,0.0000,0.0000,0,,,,0.1414,,0
MOT17,V008,799,switch,S_h,550,99,553,0.7563,0.0124,0.7439,0,,,,0.0717,,0
MOT17,V008,800,switch,S_h,548,97,559,0.7133,0.1425,0.5708,0,,,,0.0633,,0
MOT17,V008,804,switch,S_h,559,97,548,0.8010,0.2912,0.5098,0,,,,0.0635,,0
MOT17,V008,805,switch,S_h,548,97,548,0.8392,0.2839,0.5553,0,,,,0.0599,,0
MOT17,V008,807,switch,S_r,524,71,527,0.9227,0.6483,0.2744,0,0.6806,1.052820,0.0234,0.0566,3.0,0
MOT17,V008,809,switch,S_r,550,98,567,0.8219,0.1330,0.6888,0,0.5943,2.515356,0.0403,0.0567,1.0,0
MOT17,V008,809,switch,S_h,567,101,569,0.6595,0.3010,0.3585,0,,,,0.0591,,0
MOT17,V008,810,switch,S_r,527,71,524,0.7463,0.6167,0.1296,0,-0.9949,14.616832,0.0052,0.0595,2.0,1
MOT17,V008,816,switch,S_h,569,99,550,0.4809,0.0000,0.4809,0,,,,0.0705,,0
MOT17,V008,824,switch,S_h,553,110,564,0.7098,0.2645,0.4453,0,,,,0.0618,,0
MOT17,V008,834,switch,S_h,559,110,553,0.5659,0.0000,0.5659,0,,,,0.0530,,0
MOT17,V009,420,switch,S_r,576,48,575,0.6876,0.5546,0.1330,0,,,0.0476,0.0579,1.0,1
MOT17,V009,422,switch,S_c,577,49,576,0.3858,0.0000,0.3858,0,,,,0.1414,,0
MOT17,V009,443,switch,S_r,580,124,581,0.8534,0.0000,0.8534,0,0.9989,1.173562,0.0771,0.0542,1.0,0
MOT17,V009,444,switch,S_h,576,49,577,0.0000,0.0000,0.0000,0,,,,0.0785,,0
MOT17,V009,445,switch,S_c,584,48,576,0.2978,0.0000,0.2978,0,,,,0.1414,,0
MOT17,V009,447,switch,S_h,581,124,580,0.7132,0.0000,0.7132,0,,,,0.0769,,0
MOT17,V009,463,switch,S_r,576,48,584,0.5029,0.4843,0.0186,0,0.9988,5.046306,0.1432,0.0542,3.0,1
MOT17,V009,522,switch,S_r,582,54,579,0.7966,0.1367,0.6599,0,0.6829,1.614570,0.0132,0.0635,1.0,0
MOT17,V009,530,switch,S_h,579,54,579,0.3961,0.0198,0.3763,0,,,,0.0786,,0
MOT17,V009,558,switch,S_r,582,60,591,0.3269,0.3129,0.0140,0,-0.9996,1.808620,0.0879,0.0689,3.0,1
MOT17,V009,561,switch,S_h,585,52,582,0.3779,0.0807,0.2972,0,,,,0.0546,,0
MOT17,V009,589,switch,S_h,585,53,583,0.6274,0.1862,0.4412,0,,,,0.0790,,0
MOT17,V009,593,switch,S_h,583,54,579,0.8314,0.1790,0.6524,0,,,,0.0804,,0
MOT17,V009,602,switch,S_h,579,54,583,0.8077,0.1303,0.6774,0,,,,0.0735,,0
MOT17,V009,733,switch,S_h,614,136,613,0.5584,0.0000,0.5584,0,,,,0.1414,,0
MOT17,V009,754,switch,S_h,595,83,611,0.7492,0.0867,0.6625,0,,,,0.0727,,0
MOT17,V009,755,switch,S_c,621,89,620,0.0389,0.0001,0.0388,0,,,,0.1414,,0
MOT17,V009,761,switch,S_h,620,84,619,0.0341,0.0245,0.0097,0,,,,0.0797,,0
MOT17,V009,762,switch,S_h,619,96,614,0.8858,0.0356,0.8502,0,,,,0.0686,,0
MOT17,V009,762,switch,S_h,621,98,620,0.3191,0.0277,0.2913,0,,,,0.0709,,0
MOT17,V009,764,switch,S_c,624,89,621,0.1671,0.0095,0.1576,0,,,,0.1414,,0
MOT17,V009,767,switch,S_h,620,96,619,0.5150,0.3598,0.1552,0,,,,0.0622,,1
MOT17,V009,780,switch,S_c,630,141,622,0.0190,0.0000,0.0190,0,,,,0.1414,,0
MOT17,V009,785,switch,S_c,632,84,620,0.3126,0.0000,0.3126,0,,,,0.1414,,0
MOT17,V009,785,switch,S_c,633,96,620,0.1784,0.0000,0.1784,0,,,,0.1414,,0
MOT17,V009,790,switch,S_h,624,98,621,0.7161,0.0916,0.6245,0,,,,0.0684,,0
MOT17,V009,794,switch,S_h,620,99,619,0.5016,0.0070,0.4945,0,,,,0.0659,,0
MOT17,V009,797,switch,S_h,624,99,620,0.6486,0.0000,0.6486,0,,,,0.0761,,0
MOT17,V009,798,switch,S_c,638,98,624,0.0000,0.0000,0.0000,0,,,,0.1414,,0
MOT17,V009,799,switch,S_h,621,99,624,0.7563,0.0124,0.7439,0,,,,0.0717,,0
MOT17,V009,800,switch,S_h,619,97,630,0.7133,0.1425,0.5708,0,,,,0.0633,,0
MOT17,V009,804,switch,S_h,630,97,619,0.8010,0.2912,0.5098,0,,,,0.0635,,0
MOT17,V009,805,switch,S_h,619,97,619,0.8392,0.2839,0.5553,0,,,,0.0599,,0
MOT17,V009,807,switch,S_r,595,71,598,0.9227,0.6483,0.2744,0,0.6806,1.052820,0.0234,0.0566,3.0,0
MOT17,V009,809,switch,S_r,621,98,638,0.8219,0.1330,0.6888,0,0.5943,2.515356,0.0403,0.0567,1.0,0
MOT17,V009,809,switch,S_h,638,101,640,0.6595,0.3010,0.3585,0,,,,0.0591,,0
MOT17,V009,810,switch,S_r,598,71,595,0.7463,0.6167,0.1296,0,-0.9949,14.616832,0.0052,0.0595,2.0,1
MOT17,V009,816,switch,S_h,640,99,621,0.4809,0.0000,0.4809,0,,,,0.0705,,0
MOT17,V009,824,switch,S_h,624,110,635,0.7098,0.2645,0.4453,0,,,,0.0618,,0
MOT17,V009,834,switch,S_h,630,110,624,0.5659,0.0000,0.5659,0,,,,0.0530,,0
MOT17,V010,281,switch,S_r,651,2,653,0.8817,0.2629,0.6188,0,-0.0272,1.692336,0.0306,0.0584,3.0,0
MOT17,V010,281,switch,S_h,653,7,651,0.4399,0.4181,0.0217,0,,,,0.0529,,1
MOT17,V010,294,switch,S_r,651,1,652,0.9623,0.5572,0.4052,0,0.8448,1.255069,0.0200,0.0577,5.0,0
MOT17,V010,296,switch,S_c,656,2,651,0.4771,0.3117,0.1654,0,,,,0.1414,,1
MOT17,V010,317,switch,S_r,653,29,643,0.9904,0.6167,0.3737,0,0.8845,1.409362,0.0015,0.0572,4.0,0
MOT17,V010,318,switch,S_h,643,7,653,0.3979,0.3559,0.0420,0,,,,0.0784,,1
MOT17,V010,360,switch,S_h,653,11,652,0.7155,0.0578,0.6577,0,,,,0.0761,,0
MOT17,V010,366,switch,S_c,660,29,653,0.5548,0.2781,0.2767,0,,,,0.1414,,0
MOT17,V010,401,switch,S_r,651,29,653,0.9849,0.5141,0.4708,0,0.9993,1.083476,0.0250,0.0577,3.0,0
MOT17,V010,419,switch,S_h,643,1,651,0.6332,0.1651,0.4681,0,,,,0.0690,,0
MOT17,V010,446,switch,S_h,651,12,650,0.4700,0.3502,0.1198,0,,,,0.0592,,1
MOT17,V010,454,switch,S_r,650,12,651,0.7490,0.3993,0.3498,0,0.9998,2.557408,0.0313,0.0550,4.0,0
MOT17,V010,454,switch,S_r,651,15,650,0.9448,0.4636,0.4812,0,0.9511,1.240717,0.0197,0.0571,4.0,0
MOT17,V010,460,switch,S_r,645,11,653,0.8116,0.3572,0.4544,0,0.7842,1.497426,0.0708,0.0562,3.0,0
MOT17,V010,464,switch,S_c,664,13,645,0.6424,0.0958,0.5466,0,,,,0.1414,,0
MOT17,V010,465,switch,S_h,653,11,645,0.5848,0.1671,0.4177,0,,,,0.0707,,0
MOT17,V010,491,switch,S_r,643,13,664,0.9708,0.1762,0.7946,0,0.9781,1.853005,0.0103,0.0572,1.0,0
MOT17,V010,498,switch,S_r,662,14,649,0.9471,0.2047,0.7424,0,0.9997,1.379472,0.0335,0.0573,2.0,0
MOT17,V010,498,switch,S_h,649,17,662,0.4035,0.3318,0.0717,0,,,,0.0797,,1
MOT17,V010,502,switch,S_r,649,15,651,0.9271,0.2871,0.6401,0,-0.5444,2.269989,0.0038,0.0551,2.0,0
MOT17,V010,504,switch,S_h,651,17,649,0.3613,0.2543,0.1070,0,,,,0.0749,,1
MOT17,V011,281,switch,S_r,676,2,678,0.8817,0.2629,0.6188,0,-0.0272,1.692336,0.0306,0.0584,3.0,0
MOT17,V011,281,switch,S_h,678,7,676,0.4399,0.4181,0.0217,0,,,,0.0529,,1
MOT17,V011,294,switch,S_r,676,1,677,0.9623,0.5572,0.4052,0,0.8448,1.255069,0.0200,0.0577,5.0,0
MOT17,V011,296,switch,S_c,681,2,676,0.4771,0.3117,0.1654,0,,,,0.1414,,1
MOT17,V011,317,switch,S_r,678,29,668,0.9904,0.6167,0.3737,0,0.8845,1.409362,0.0015,0.0572,4.0,0
MOT17,V011,318,switch,S_h,668,7,678,0.3979,0.3559,0.0420,0,,,,0.0784,,1
MOT17,V011,360,switch,S_h,678,11,677,0.7155,0.0578,0.6577,0,,,,0.0761,,0
MOT17,V011,366,switch,S_c,685,29,678,0.5548,0.2781,0.2767,0,,,,0.1414,,0
MOT17,V011,401,switch,S_r,676,29,678,0.9849,0.5141,0.4708,0,0.9993,1.083476,0.0250,0.0577,3.0,0
MOT17,V011,419,switch,S_h,668,1,676,0.6332,0.1651,0.4681,0,,,,0.0690,,0
MOT17,V011,446,switch,S_h,676,12,675,0.4700,0.3502,0.1198,0,,,,0.0592,,1
MOT17,V011,454,switch,S_r,675,12,676,0.7490,0.3993,0.3498,0,0.9998,2.557408,0.0313,0.0550,4.0,0
MOT17,V011,454,switch,S_r,676,15,675,0.9448,0.4636,0.4812,0,0.9511,1.240717,0.0197,0.0571,4.0,0
MOT17,V011,460,switch,S_r,670,11,678,0.8116,0.3572,0.4544,0,0.7842,1.497426,0.0708,0.0562,3.0,0
MOT17,V011,464,switch,S_c,689,13,670,0.6424,0.0958,0.5466,0,,,,0.1414,,0
MOT17,V011,465,switch,S_h,678,11,670,0.5848,0.1671,0.4177,0,,,,0.0707,,0
MOT17,V011,491,switch,S_r,668,13,689,0.9708,0.1762,0.7946,0,0.9781,1.853005,0.0103,0.0572,1.0,0
MOT17,V011,498,switch,S_r,687,14,674,0.9471,0.2047,0.7424,0,0.9997,1.379472,0.0335,0.0573,2.0,0
MOT17,V011,498,switch,S_h,674,17,687,0.4035,0.3318,0.0717,0,,,,0.0797,,1
MOT17,V011,502,switch,S_r,674,15,676,0.9271,0.2871,0.6401,0,-0.5444,2.269989,0.0038,0.0551,2.0,0
MOT17,V011,504,switch,S_h,676,17,674,0.3613,0.2543,0.1070,0,,,,0.0749,,1
MOT17,V012,281,switch,S_r,701,2,703,0.8817,0.2629,0.6188,0,-0.0272,1.692336,0.0306,0.0584,3.0,0
MOT17,V012,281,switch,S_h,703,7,701,0.4399,0.4181,0.0217,0,,,,0.0529,,1
MOT17,V012,294,switch,S_r,701,1,702,0.9623,0.5572,0.4052,0,0.8448,1.255069,0.0200,0.0577,5.0,0
MOT17,V012,296,switch,S_c,706,2,701,0.4771,0.3117,0.1654,0,,,,0.1414,,1
MOT17,V012,317,switch,S_r,703,29,693,0.9904,0.6167,0.3737,0,0.8845,1.409362,0.0015,0.0572,4.0,0
MOT17,V012,318,switch,S_h,693,7,703,0.3979,0.3559,0.0420,0,,,,0.0784,,1
MOT17,V012,360,switch,S_h,703,11,702,0.7155,0.0578,0.6577,0,,,,0.0761,,0
MOT17,V012,366,switch,S_c,710,29,703,0.5548,0.2781,0.2767,0,,,,0.1414,,0
MOT17,V012,401,switch,S_r,701,29,703,0.9849,0.5141,0.4708,0,0.9993,1.083476,0.0250,0.0577,3.0,0
MOT17,V012,419,switch,S_h,693,1,701,0.6332,0.1651,0.4681,0,,,,0.0690,,0
MOT17,V012,446,switch,S_h,701,12,700,0.4700,0.3502,0.1198,0,,,,0.0592,,1
MOT17,V012,454,switch,S_r,700,12,701,0.7490,0.3993,0.3498,0,0.9998,2.557408,0.0313,0.0550,4.0,0
MOT17,V012,454,switch,S_r,701,15,700,0.9448,0.4636,0.4812,0,0.9511,1.240717,0.0197,0.0571,4.0,0
MOT17,V012,460,switch,S_r,695,11,703,0.8116,0.3572,0.4544,0,0.7842,1.497426,0.0708,0.0562,3.0,0
MOT17,V012,464,switch,S_c,714,13,695,0.6424,0.0958,0.5466,0,,,,0.1414,,0
MOT17,V012,465,switch,S_h,703,11,695,0.5848,0.1671,0.4177,0,,,,0.0707,,0
MOT17,V012,491,switch,S_r,693,13,714,0.9708,0.1762,0.7946,0,0.9781,1.853005,0.0103,0.0572,1.0,0
MOT17,V012,498,switch,S_r,712,14,699,0.9471,0.2047,0.7424,0,0.9997,1.379472,0.0335,0.0573,2.0,0
MOT17,V012,498,switch,S_h,699,17,712,0.4035,0.3318,0.0717,0,,,,0.0797,,1
MOT17,V012,502,switch,S_r,699,15,701,0.9271,0.2871,0.6401,0,-0.5444,2.269989,0.0038,0.0551,2.0,0
MOT17,V012,504,switch,S_h,701,17,699,0.3613,0.2543,0.1070,0,,,,0.0749,,1
MOT17,V013,345,switch,S_r,737,31,735,0.4781,0.1812,0.2969,0,0.5303,3.537710,0.0354,0.0588,1.0,0
MOT17,V013,355,switch,S_r,737,23,729,0.6193,0.5326,0.0867,0,0.8463,4.949298,0.1442,0.0581,2.0,1
MOT17,V013,355,switch,S_r,729,32,737,0.7173,0.2628,0.4545,0,0.3455,1.733386,0.0562,0.0589,2.0,0
MOT17,V013,358,switch,S_c,738,56,733,0.0039,0.0000,0.0039,0,,,,0.1414,,0
MOT17,V013,379,switch,S_c,740,23,737,0.0651,0.0000,0.0651,0,,,,0.1414,,0
MOT17,V013,380,switch,S_c,741,34,731,0.3037,0.1115,0.1922,0,,,,0.1414,,0
MOT17,V013,390,switch,S_r,729,31,737,0.9015,0.7274,0.1741,0,0.7563,4.063520,0.0173,0.0575,3.0,1
MOT17,V013,398,switch,S_h,737,32,729,0.1665,0.0136,0.1528,0,,,,0.0972,,0
MOT17,V013,423,switch,S_c,745,31,729,0.0838,0.0000,0.0838,0,,,,0.1414,,0
MOT17,V013,430,switch,S_c,747,57,739,0.1518,0.0000,0.1518,0,,,,0.1414,,0
MOT17,V013,434,switch,S_r,738,71,739,0.8240,0.1681,0.6559,0,0.6497,3.162278,0.0127,0.0591,1.0,0
MOT17,V013,447,switch,S_r,735,56,738,0.8072,0.0105,0.7967,0,0.9981,1.699968,0.0854,0.0582,1.0,0
MOT17,V013,458,switch,S_c,749,59,735,0.2017,0.1120,0.0896,0,,,,0.1414,,0
MOT17,V013,471,switch,S_c,750,57,747,0.1476,0.0000,0.1476,0,,,,0.1414,,0
MOT17,V013,533,switch,S_r,751,48,752,0.6529,0.1073,0.5456,0,0.8789,2.526419,0.1032,0.0612,1.0,0
MOT17,V013,542,switch,S_r,753,46,751,0.8674,0.1580,0.7094,0,-0.0062,1.634792,0.0293,0.0546,1.0,0
MOT17,V013,561,switch,S_c,759,47,753,0.1557,0.0200,0.1357,0,,,,0.1414,,0
MOT17,V013,562,switch,S_r,754,68,755,0.5901,0.1246,0.4655,0,0.4735,2.648231,0.1236,0.0561,2.0,0
MOT17,V013,563,switch,S_h,755,67,756,0.4592,0.4563,0.0029,0,,,,0.0624,,1
MOT17,V013,563,switch,S_r,749,72,754,0.7601,0.0299,0.7302,0,0.7194,1.162826,0.0740,0.0586,1.0,0
MOT17,V013,567,switch,S_h,756,66,758,0.6428,0.2480,0.3947,0,,,,0.0566,,0
MOT17,V013,567,switch,S_r,754,67,755,0.6557,0.4474,0.2083,0,-0.7600,2.434310,0.0265,0.0576,1.0,0
MOT17,V013,569,switch,S_r,755,66,756,0.7276,0.6065,0.1211,0,0.8920,9.628389,0.0079,0.0551,3.0,1
MOT17,V013,569,switch,S_c,760,68,754,0.2458,0.0975,0.1483,0,,,,0.1414,,0
MOT17,V013,571,switch,S_c,761,73,749,0.1472,0.0000,0.1472,0,,,,0.1414,,0
MOT17,V013,617,switch,S_r,754,66,755,0.8726,0.1000,0.7727,0,0.7147,1.104200,0.0336,0.0549,2.0,0
MOT17,V013,654,switch,S_h,742,50,744,0.5661,0.0658,0.5003,0,,,,0.0653,,0
MOT17,V014,345,switch,S_r,781,31,779,0.4781,0.1812,0.2969,0,0.5303,3.537710,0.0354,0.0588,1.0,0
MOT17,V014,355,switch,S_r,781,23,773,0.6193,0.5326,0.0867,0,0.8463,4.949298,0.1442,0.0581,2.0,1
MOT17,V014,355,switch,S_r,773,32,781,0.7173,0.2628,0.4545,0,0.3455,1.733386,0.0562,0.0589,2.0,0
MOT17,V014,358,switch,S_c,782,56,777,0.0039,0.0000,0.0039,0,,,,0.1414,,0
MOT17,V014,379,switch,S_c,784,23,781,0.0651,0.0000,0.0651,0,,,,0.1414,,0
MOT17,V014,380,switch,S_c,785,34,775,0.3037,0.1115,0.1922,0,,,,0.1414,,0
MOT17,V014,390,switch,S_r,773,31,781,0.9015,0.7274,0.1741,0,0.7563,4.063520,0.0173,0.0575,3.0,1
MOT17,V014,398,switch,S_h,781,32,773,0.1665,0.0136,0.1528,0,,,,0.0972,,0
MOT17,V014,423,switch,S_c,789,31,773,0.0838,0.0000,0.0838,0,,,,0.1414,,0
MOT17,V014,430,switch,S_c,791,57,783,0.1518,0.0000,0.1518,0,,,,0.1414,,0
MOT17,V014,434,switch,S_r,782,71,783,0.8240,0.1681,0.6559,0,0.6497,3.162278,0.0127,0.0591,1.0,0
MOT17,V014,447,switch,S_r,779,56,782,0.8072,0.0105,0.7967,0,0.9981,1.699968,0.0854,0.0582,1.0,0
MOT17,V014,458,switch,S_c,793,59,779,0.2017,0.1120,0.0896,0,,,,0.1414,,0
MOT17,V014,471,switch,S_c,794,57,791,0.1476,0.0000,0.1476,0,,,,0.1414,,0
MOT17,V014,533,switch,S_r,795,48,796,0.6529,0.1073,0.5456,0,0.8789,2.526419,0.1032,0.0612,1.0,0
MOT17,V014,542,switch,S_r,797,46,795,0.8674,0.1580,0.7094,0,-0.0062,1.634792,0.0293,0.0546,1.0,0
MOT17,V014,561,switch,S_c,803,47,797,0.1557,0.0200,0.1357,0,,,,0.1414,,0
MOT17,V014,562,switch,S_r,798,68,799,0.5901,0.1246,0.4655,0,0.4735,2.648231,0.1236,0.0561,2.0,0
MOT17,V014,563,switch,S_h,799,67,800,0.4592,0.4563,0.0029,0,,,,0.0624,,1
MOT17,V014,563,switch,S_r,793,72,798,0.7601,0.0299,0.7302,0,0.7194,1.162826,0.0740,0.0586,1.0,0
MOT17,V014,567,switch,S_h,800,66,802,0.6428,0.2480,0.3947,0,,,,0.0566,,0
MOT17,V014,567,switch,S_r,798,67,799,0.6557,0.4474,0.2083,0,-0.7600,2.434310,0.0265,0.0576,1.0,0
MOT17,V014,569,switch,S_r,799,66,800,0.7276,0.6065,0.1211,0,0.8920,9.628389,0.0079,0.0551,3.0,1
MOT17,V014,569,switch,S_c,804,68,798,0.2458,0.0975,0.1483,0,,,,0.1414,,0
MOT17,V014,571,switch,S_c,805,73,793,0.1472,0.0000,0.1472,0,,,,0.1414,,0
MOT17,V014,617,switch,S_r,798,66,799,0.8726,0.1000,0.7727,0,0.7147,1.104200,0.0336,0.0549,2.0,0
MOT17,V014,654,switch,S_h,786,50,788,0.5661,0.0658,0.5003,0,,,,0.0653,,0
MOT17,V015,345,switch,S_r,825,31,823,0.4781,0.1812,0.2969,0,0.5303,3.537710,0.0354,0.0588,1.0,0
MOT17,V015,355,switch,S_r,825,23,817,0.6193,0.5326,0.0867,0,0.8463,4.949298,0.1442,0.0581,2.0,1
MOT17,V015,355,switch,S_r,817,32,825,0.7173,0.2628,0.4545,0,0.3455,1.733386,0.0562,0.0589,2.0,0
MOT17,V015,358,switch,S_c,826,56,821,0.0039,0.0000,0.0039,0,,,,0.1414,,0
MOT17,V015,379,switch,S_c,828,23,825,0.0651,0.0000,0.0651,0,,,,0.1414,,0
MOT17,V015,380,switch,S_c,829,34,819,0.3037,0.1115,0.1922,0,,,,0.1414,,0
MOT17,V015,390,switch,S_r,817,31,825,0.9015,0.7274,0.1741,0,0.7563,4.063520,0.0173,0.0575,3.0,1
MOT17,V015,398,switch,S_h,825,32,817,0.1665,0.0136,0.1528,0,,,,0.0972,,0
MOT17,V015,423,switch,S_c,833,31,817,0.0838,0.0000,0.0838,0,,,,0.1414,,0
MOT17,V015,430,switch,S_c,835,57,827,0.1518,0.0000,0.1518,0,,,,0.1414,,0
MOT17,V015,434,switch,S_r,826,71,827,0.8240,0.1681,0.6559,0,0.6497,3.162278,0.0127,0.0591,1.0,0
MOT17,V015,447,switch,S_r,823,56,826,0.8072,0.0105,0.7967,0,0.9981,1.699968,0.0854,0.0582,1.0,0
MOT17,V015,458,switch,S_c,837,59,823,0.2017,0.1120,0.0896,0,,,,0.1414,,0
MOT17,V015,471,switch,S_c,838,57,835,0.1476,0.0000,0.1476,0,,,,0.1414,,0
MOT17,V015,533,switch,S_r,839,48,840,0.6529,0.1073,0.5456,0,0.8789,2.526419,0.1032,0.0612,1.0,0
MOT17,V015,542,switch,S_r,841,46,839,0.8674,0.1580,0.7094,0,-0.0062,1.634792,0.0293,0.0546,1.0,0
MOT17,V015,561,switch,S_c,847,47,841,0.1557,0.0200,0.1357,0,,,,0.1414,,0
MOT17,V015,562,switch,S_r,842,68,843,0.5901,0.1246,0.4655,0,0.4735,2.648231,0.1236,0.0561,2.0,0
MOT17,V015,563,switch,S_h,843,67,844,0.4592,0.4563,0.0029,0,,,,0.0624,,1
MOT17,V015,563,switch,S_r,837,72,842,0.7601,0.0299,0.7302,0,0.7194,1.162826,0.0740,0.0586,1.0,0
MOT17,V015,567,switch,S_h,844,66,846,0.6428,0.2480,0.3947,0,,,,0.0566,,0
MOT17,V015,567,switch,S_r,842,67,843,0.6557,0.4474,0.2083,0,-0.7600,2.434310,0.0265,0.0576,1.0,0
MOT17,V015,569,switch,S_r,843,66,844,0.7276,0.6065,0.1211,0,0.8920,9.628389,0.0079,0.0551,3.0,1
MOT17,V015,569,switch,S_c,848,68,842,0.2458,0.0975,0.1483,0,,,,0.1414,,0
MOT17,V015,571,switch,S_c,849,73,837,0.1472,0.0000,0.1472,0,,,,0.1414,,0
MOT17,V015,617,switch,S_r,842,66,843,0.8726,0.1000,0.7727,0,0.7147,1.104200,0.0336,0.0549,2.0,0
MOT17,V015,654,switch,S_h,830,50,832,0.5661,0.0658,0.5003,0,,,,0.0653,,0
MOT17,V016,512,switch,S_r,860,32,856,0.8976,0.2387,0.6589,0,0.9358,1.272401,0.0399,0.0591,2.0,0
MOT17,V016,564,switch,S_r,861,39,854,0.9738,0.4203,0.5535,0,0.9308,1.032075,0.0186,0.0571,2.0,0
MOT17,V016,564,switch,S_r,854,41,861,0.9626,0.4005,0.5621,0,0.9842,1.084353,0.0456,0.0567,1.0,0
MOT17,V016,575,switch,S_c,863,42,862,0.5132,0.0726,0.4406,0,,,,0.1414,,0
MOT17,V016,726,switch,S_r,867,34,869,0.8756,0.3910,0.4845,0,0.6825,1.002395,0.0355,0.0548,3.0,0
MOT17,V016,730,switch,S_r,869,34,867,0.9261,0.6144,0.3117,0,0.9880,1.056241,0.0605,0.0616,3.0,0
MOT17,V016,731,switch,S_r,867,34,867,0.7371,0.7214,0.0157,0,-0.0265,1.587492,0.0287,0.0598,2.0,1
MOT17,V016,734,switch,S_h,869,34,867,0.4678,0.0062,0.4616,0,,,,0.0684,,0
MOT17,V016,738,switch,S_c,873,43,871,0.0843,0.0000,0.0843,0,,,,0.1414,,0
MOT17,V016,771,switch,S_r,869,33,867,0.9099,0.5325,0.3774,0,,,0.0005,0.0525,2.0,0
MOT17,V016,774,switch,S_h,867,34,869,0.4582,0.1706,0.2876,0,,,,0.0709,,0
MOT17,V016,844,switch,S_c,881,67,880,0.1019,0.0000,0.1019,0,,,,0.1414,,0
MOT17,V016,877,switch,S_r,884,70,883,0.9720,0.0000,0.9720,0,0.9494,1.090271,0.0357,0.0575,0.0,0
MOT17,V016,878,switch,S_h,883,71,884,0.3379,0.0000,0.3379,0,,,,0.0849,,0
MOT17,V016,891,switch,S_r,883,72,889,0.2284,0.0306,0.1978,0,-0.7402,2.023523,0.0705,0.0572,0.0,0
MOT17,V016,892,switch,S_c,891,71,883,0.0000,0.0000,0.0000,0,,,,0.1414,,0
MOT17,V017,512,switch,S_r,906,32,902,0.8976,0.2387,0.6589,0,0.9358,1.272401,0.0399,0.0591,2.0,0
MOT17,V017,564,switch,S_r,907,39,900,0.9738,0.4203,0.5535,0,0.9308,1.032075,0.0186,0.0571,2.0,0
MOT17,V017,564,switch,S_r,900,41,907,0.9626,0.4005,0.5621,0,0.9842,1.084353,0.0456,0.0567,1.0,0
MOT17,V017,575,switch,S_c,909,42,908,0.5132,0.0726,0.4406,0,,,,0.1414,,0
MOT17,V017,726,switch,S_r,913,34,915,0.8756,0.3910,0.4845,0,0.6825,1.002395,0.0355,0.0548,3.0,0
MOT17,V017,730,switch,S_r,915,34,913,0.9261,0.6144,0.3117,0,0.9880,1.056241,0.0605,0.0616,3.0,0
MOT17,V017,731,switch,S_r,913,34,913,0.7371,0.7214,0.0157,0,-0.0265,1.587492,0.0287,0.0598,2.0,1
MOT17,V017,734,switch,S_h,915,34,913,0.4678,0.0062,0.4616,0,,,,0.0684,,0
MOT17,V017,738,switch,S_c,919,43,917,0.0843,0.0000,0.0843,0,,,,0.1414,,0
MOT17,V017,771,switch,S_r,915,33,913,0.9099,0.5325,0.3774,0,,,0.0005,0.0525,2.0,0
MOT17,V017,774,switch,S_h,913,34,915,0.4582,0.1706,0.2876,0,,,,0.0709,,0
MOT17,V017,844,switch,S_c,927,67,926,0.1019,0.0000,0.1019,0,,,,0.1414,,0
MOT17,V017,877,switch,S_r,930,70,929,0.9720,0.0000,0.9720,0,0.9494,1.090271,0.0357,0.0575,0.0,0
MOT17,V017,878,switch,S_h,929,71,930,0.3379,0.0000,0.3379,0,,,,0.0849,,0
MOT17,V017,891,switch,S_r,929,72,935,0.2284,0.0306,0.1978,0,-0.7402,2.023523,0.0705,0.0572,0.0,0
MOT17,V017,892,switch,S_c,937,71,929,0.0000,0.0000,0.0000,0,,,,0.1414,,0
MOT17,V018,512,switch,S_r,952,32,948,0.8976,0.2387,0.6589,0,0.9358,1.272401,0.0399,0.0591,2.0,0
MOT17,V018,564,switch,S_r,953,39,946,0.9738,0.4203,0.5535,0,0.9308,1.032075,0.0186,0.0571,2.0,0
MOT17,V018,564,switch,S_r,946,41,953,0.9626,0.4005,0.5621,0,0.9842,1.084353,0.0456,0.0567,1.0,0
MOT17,V018,575,switch,S_c,955,42,954,0.5132,0.0726,0.4406,0,,,,0.1414,,0
MOT17,V018,726,switch,S_r,959,34,961,0.8756,0.3910,0.4845,0,0.6825,1.002395,0.0355,0.0548,3.0,0
MOT17,V018,730,switch,S_r,961,34,959,0.9261,0.6144,0.3117,0,0.9880,1.056241,0.0605,0.0616,3.0,0
MOT17,V018,731,switch,S_r,959,34,959,0.7371,0.7214,0.0157,0,-0.0265,1.587492,0.0287,0.0598,2.0,1
MOT17,V018,734,switch,S_h,961,34,959,0.4678,0.0062,0.4616,0,,,,0.0684,,0
MOT17,V018,738,switch,S_c,965,43,963,0.0843,0.0000,0.0843,0,,,,0.1414,,0
MOT17,V018,771,switch,S_r,961,33,959,0.9099,0.5325,0.3774,0,,,0.0005,0.0525,2.0,0
MOT17,V018,774,switch,S_h,959,34,961,0.4582,0.1706,0.2876,0,,,,0.0709,,0
MOT17,V018,844,switch,S_c,973,67,972,0.1019,0.0000,0.1019,0,,,,0.1414,,0
MOT17,V018,877,switch,S_r,976,70,975,0.9720,0.0000,0.9720,0,0.9494,1.090271,0.0357,0.0575,0.0,0
MOT17,V018,878,switch,S_h,975,71,976,0.3379,0.0000,0.3379,0,,,,0.0849,,0
MOT17,V018,891,switch,S_r,975,72,981,0.2284,0.0306,0.1978,0,-0.7402,2.023523,0.0705,0.0572,0.0,0
MOT17,V018,892,switch,S_c,983,71,975,0.0000,0.0000,0.0000,0,,,,0.1414,,0
MOT17,V019,412,switch,S_h,997,153,995,0.8252,0.0000,0.8252,0,,,,0.0645,,0
MOT17,V019,416,switch,S_r,1007,155,992,0.9615,0.2985,0.6629,0,0.9657,1.021811,0.0443,0.0573,2.0,0
MOT17,V019,416,switch,S_r,992,161,1007,0.9544,0.3066,0.6479,0,0.9991,1.100726,0.0657,0.0576,1.0,0
MOT17,V019,424,switch,S_h,995,70,996,0.8434,0.4736,0.3698,0,,,,0.0704,,0
MOT17,V019,430,switch,S_h,996,142,991,0.8426,0.4952,0.3474,0,,,,0.0667,,0
MOT17,V019,434,switch,S_c,1029,163,997,0.2083,0.1005,0.1078,0,,,,0.1414,,0
MOT17,V019,437,switch,S_h,991,65,993,0.9116,0.1065,0.8051,0,,,,0.0651,,0
MOT17,V020,412,switch,S_h,1139,153,1137,0.8252,0.0000,0.8252,0,,,,0.0645,,0
MOT17,V020,416,switch,S_r,1149,155,1134,0.9615,0.2985,0.6629,0,0.9657,1.021811,0.0443,0.0573,2.0,0
MOT17,V020,416,switch,S_r,1134,161,1149,0.9544,0.3066,0.6479,0,0.9991,1.100726,0.0657,0.0576,1.0,0
MOT17,V020,424,switch,S_h,1137,70,1138,0.8434,0.4736,0.3698,0,,,,0.0704,,0
MOT17,V020,430,switch,S_h,1138,142,1133,0.8426,0.4952,0.3474,0,,,,0.0667,,0
MOT17,V020,434,switch,S_c,1171,163,1139,0.2083,0.1005,0.1078,0,,,,0.1414,,0
MOT17,V020,437,switch,S_h,1133,65,1135,0.9116,0.1065,0.8051,0,,,,0.0651,,0
MOT17,V021,412,switch,S_h,1281,153,1279,0.8252,0.0000,0.8252,0,,,,0.0645,,0
MOT17,V021,416,switch,S_r,1291,155,1276,0.9615,0.2985,0.6629,0,0.9657,1.021811,0.0443,0.0573,2.0,0
MOT17,V021,416,switch,S_r,1276,161,1291,0.9544,0.3066,0.6479,0,0.9991,1.100726,0.0657,0.0576,1.0,0
MOT17,V021,424,switch,S_h,1279,70,1280,0.8434,0.4736,0.3698,0,,,,0.0704,,0
MOT17,V021,430,switch,S_h,1280,142,1275,0.8426,0.4952,0.3474,0,,,,0.0667,,0
MOT17,V021,434,switch,S_c,1313,163,1281,0.2083,0.1005,0.1078,0,,,,0.1414,,0
MOT17,V021,437,switch,S_h,1275,65,1277,0.9116,0.1065,0.8051,0,,,,0.0651,,0
MOT20,V001,104,switch,S_c,47,36,18,0.0544,0.0495,0.0049,0,,,,0.1414,,0
MOT20,V001,124,switch,S_r,20,8,27,0.9001,0.3996,0.5005,0,0.4369,1.034623,0.0170,0.0574,5.0,0
MOT20,V001,127,switch,S_h,19,9,40,0.4781,0.2386,0.2396,0,,,,0.0545,,0
MOT20,V001,128,switch,S_r,12,7,20,0.9754,0.5511,0.4242,0,0.9811,1.352241,0.0142,0.0580,6.0,0
MOT20,V001,140,switch,S_r,17,12,12,0.4509,0.3945,0.0565,0,,,0.1925,0.0582,6.0,1
MOT20,V001,144,switch,S_c,54,35,19,0.2709,0.0541,0.2168,0,,,,0.1414,,0
MOT20,V001,151,switch,S_r,40,29,17,0.9250,0.0727,0.8523,0,-0.9711,1.902593,0.0167,0.0567,4.0,0
MOT20,V001,169,switch,S_c,66,47,13,0.3213,0.2926,0.0287,0,,,,0.1414,,1
MOT20,V001,171,switch,S_r,40,30,29,0.9399,0.1317,0.8082,0,0.9274,1.496142,0.0141,0.0587,5.0,0
MOT20,V001,185,switch,S_r,67,77,24,0.9790,0.6324,0.3466,0,0.9667,1.256108,0.0132,0.0572,3.0,0
MOT20,V001,188,switch,S_c,76,29,40,0.3681,0.2369,0.1311,0,,,,0.1414,,1
MOT20,V001,201,switch,S_r,24,77,67,0.8835,0.5878,0.2957,0,-0.4280,1.318562,0.0189,0.0591,3.0,0
MOT20,V001,224,switch,S_c,83,74,59,0.6605,0.2322,0.4283,0,,,,0.1414,,0
MOT20,V001,229,switch,S_r,71,77,24,0.8580,0.3385,0.5195,0,-0.9958,4.040792,0.0253,0.0569,1.0,0
MOT20,V001,238,switch,S_r,24,78,26,0.9517,0.6524,0.2992,0,,,0.0106,0.0583,2.0,0
MOT20,V001,239,switch,S_h,26,78,26,0.8071,0.4931,0.3140,0,,,,0.0630,,0
MOT20,V001,242,switch,S_h,24,78,26,0.8344,0.4556,0.3788,0,,,,0.0680,,0
MOT20,V001,247,switch,S_r,86,49,11,0.9853,0.6558,0.3295,0,0.9989,1.009960,0.0420,0.0580,3.0,0
MOT20,V001,247,switch,S_r,38,53,86,0.8244,0.8110,0.0134,0,,,0.0395,0.0562,3.0,1
MOT20,V001,249,switch,S_r,38,31,34,0.8980,0.3243,0.5737,0,0.9990,1.697393,0.0277,0.0557,2.0,0
MOT20,V001,249,switch,S_h,11,32,38,0.5268,0.0928,0.4339,0,,,,0.0682,,0
MOT20,V001,249,switch,S_r,34,53,38,0.9483,0.5533,0.3951,0,0.9231,1.636364,0.0214,0.0584,2.0,0
MOT20,V001,254,switch,S_c,93,63,90,0.5783,0.4120,0.1663,0,,,,0.1414,,1
MOT20,V001,266,switch,S_c,95,46,65,0.5857,0.1137,0.4719,0,,,,0.1414,,0
MOT20,V001,282,switch,S_r,10,26,5,0.9530,0.4453,0.5077,0,0.9898,1.498147,0.0182,0.0573,1.0,0
MOT20,V001,284,switch,S_r,103,58,74,0.9569,0.3444,0.6124,0,,,0.0054,0.0642,4.0,0
MOT20,V001,291,switch,S_r,103,23,25,0.9497,0.4386,0.5110,0,-0.3511,1.287453,0.0049,0.0587,4.0,0
MOT20,V001,296,switch,S_r,106,23,103,0.8665,0.5845,0.2820,0,,,0.0238,0.0580,5.0,0
MOT20,V001,296,switch,S_c,115,25,40,0.1211,0.0613,0.0598,0,,,,0.1414,,0
MOT20,V001,296,switch,S_h,25,58,103,0.8303,0.3158,0.5145,0,,,,0.0655,,0
MOT20,V001,297,switch,S_r,40,29,76,0.9744,0.3906,0.5838,0,0.9942,1.119155,0.0295,0.0579,2.0,0
MOT20,V001,298,switch,S_r,25,20,35,0.8431,0.5263,0.3168,0,0.0298,2.597687,0.0119,0.0605,5.0,0
MOT20,V001,298,switch,S_r,35,58,25,0.9390,0.5224,0.4166,0,0.8766,1.074640,0.0280,0.0556,5.0,0
MOT20,V001,299,switch,S_r,103,20,35,0.9750,0.4722,0.5029,0,0.6644,2.408319,0.0026,0.0580,5.0,0
MOT20,V001,301,switch,S_r,74,23,106,0.9731,0.7417,0.2314,0,0.9770,2.740017,0.0089,0.0578,4.0,0
MOT20,V001,301,switch,S_r,66,46,95,0.9878,0.5250,0.4628,0,0.9931,1.773740,0.0027,0.0576,5.0,0
MOT20,V001,303,switch,S_c,119,25,115,0.4485,0.1840,0.2646,0,,,,0.1414,,0
MOT20,V001,303,switch,S_c,118,30,40,0.6248,0.4472,0.1776,0,,,,0.1414,,1
MOT20,V001,309,switch,S_r,116,23,74,0.9149,0.2772,0.6377,0,0.9805,1.746969,0.0200,0.0577,7.0,0
MOT20,V001,310,switch,S_r,119,9,19,0.8477,0.4081,0.4396,0,,,0.0300,0.0594,4.0,0
MOT20,V001,312,switch,S_r,35,47,66,0.6768,0.4738,0.2030,0,0.4516,1.251862,0.1915,0.0576,4.0,0
MOT20,V001,314,switch,S_r,119,58,35,0.8961,0.4679,0.4283,0,0.7927,1.401834,0.0297,0.0552,4.0,0
MOT20,V001,314,switch,S_r,121,77,71,0.9653,0.4626,0.5027,0,-0.1537,5.357787,0.0129,0.0587,2.0,0
MOT20,V001,317,switch,S_r,74,20,103,0.8197,0.6861,0.1336,0,0.1612,4.695380,0.0318,0.0589,6.0,1
MOT20,V001,317,switch,S_h,25,25,119,0.5590,0.2440,0.3151,0,,,,0.0574,,0
MOT20,V001,322,switch,S_r,106,20,74,0.9482,0.5993,0.3489,0,0.9755,2.061442,0.0068,0.0568,4.0,0
MOT20,V001,322,switch,S_r,25,22,21,0.9568,0.5533,0.4034,0,0.9067,1.018026,0.0219,0.0572,2.0,0
MOT20,V001,322,switch,S_r,21,25,25,0.9249,0.5703,0.3547,0,-0.9786,1.077242,0.0107,0.0575,4.0,0
MOT20,V001,323,switch,S_r,62,10,22,0.9853,0.0395,0.9458,0,0.9899,1.178511,0.0027,0.0571,3.0,0
MOT20,V001,326,switch,S_r,71,77,121,0.9060,0.7533,0.1526,0,0.3374,1.077306,0.0214,0.0596,2.0,1
MOT20,V001,344,switch,S_r,74,22,25,0.7812,0.0257,0.7555,0,-0.7902,5.637097,0.0386,0.0573,2.0,0
MOT20,V001,348,switch,S_r,28,30,118,0.9510,0.7080,0.2430,0,0.9922,1.851080,0.0086,0.0570,1.0,0
MOT20,V001,358,switch,S_r,74,21,30,0.9594,0.0152,0.9441,0,0.8276,2.993224,0.0038,0.0571,1.0,0
MOT20,V001,362,switch,S_r,134,78,24,0.8511,0.6560,0.1951,0,0.7792,5.562498,0.0082,0.0612,1.0,1
MOT20,V001,366,switch,S_c,136,22,74,0.3297,0.1824,0.1472,0,,,,0.1414,,0
MOT20,V001,368,switch,S_h,24,77,71,0.7391,0.0000,0.7391,0,,,,0.0722,,0
MOT20,V001,387,switch,S_c,143,21,74,0.5004,0.4559,0.0446,0,,,,0.1414,,1
MOT20,V001,397,switch,S_r,140,78,134,0.9023,0.6001,0.3022,0,0.9748,1.702939,0.0253,0.0554,2.0,0
MOT20,V001,409,switch,S_h,147,21,143,0.7441,0.6219,0.1221,0,,,,0.1414,,1
MOT20,V001,409,switch,S_r,134,77,24,0.9607,0.4888,0.4720,0,0.8729,1.899936,0.0036,0.0586,2.0,0
MOT20,V001,412,switch,S_r,24,78,140,0.8464,0.7309,0.1155,0,,,0.0344,0.0564,2.0,1
MOT20,V001,413,switch,S_h,147,51,122,0.8336,0.3819,0.4517,0,,,,0.1414,,0
MOT20,V001,415,switch,S_r,147,22,136,0.8402,0.4025,0.4378,0,-0.7448,3.403606,0.0256,0.0620,7.0,0
MOT20,V001,416,switch,S_r,33,7,12,0.8790,0.4205,0.4585,0,0.7243,1.038519,0.0263,0.0559,6.0,0
MOT20,V001,416,switch,S_h,136,21,143,0.6051,0.4537,0.1514,0,,,,0.0647,,1
MOT20,V001,416,switch,S_r,140,78,24,0.8909,0.7096,0.1813,0,-0.7285,1.493747,0.0118,0.0570,3.0,1
MOT20,V001,419,switch,S_c,151,51,147,0.5965,0.4942,0.1023,0,,,,0.1414,,1
MOT20,V001,420,switch,S_h,12,18,33,0.7343,0.6313,0.1031,0,,,,0.0618,,1
MOT20,V001,424,switch,S_r,12,12,17,0.9275,0.5857,0.3419,0,-0.4398,2.543119,0.0079,0.0585,5.0,0
MOT20,V001,424,switch,S_r,17,18,12,0.9690,0.4324,0.5366,0,0.9963,1.119676,0.0285,0.0568,3.0,0
MOT20,V001,424,switch,S_r,151,50,5,0.9652,0.4533,0.5119,0,0.9413,1.102951,0.0308,0.0612,7.0,0
MOT20,V001,424,switch,S_r,5,51,151,0.9344,0.4126,0.5218,0,0.5145,5.830952,0.0021,0.0576,6.0,0
MOT20,V001,427,switch,S_c,153,68,131,0.4495,0.2607,0.1888,0,,,,0.1414,,1
MOT20,V002,24,switch,S_r,185,231,182,0.9766,0.4995,0.4772,0,0.8675,1.875929,0.0058,0.0573,7.0,0
MOT20,V002,26,switch,S_h,188,228,185,0.4517,0.2299,0.2218,0,,,,0.0617,,0
MOT20,V002,49,switch,S_r,193,224,174,0.8132,0.6157,0.1975,0,,,0.0393,0.0606,8.0,1
MOT20,V002,53,switch,S_r,174,224,193,0.9473,0.7421,0.2051,0,0.9773,1.444308,0.0311,0.0555,7.0,0
MOT20,V002,53,switch,S_r,193,229,182,0.4928,0.4697,0.0231,0,-0.3649,3.317999,0.1018,0.0638,8.0,1
MOT20,V002,58,switch,S_r,187,218,171,0.9592,0.3831,0.5761,0,0.9739,1.978386,0.0176,0.0566,5.0,0
MOT20,V002,58,switch,S_r,171,219,187,0.9741,0.3831,0.5910,0,0.9904,1.151634,0.0098,0.0577,3.0,0
MOT20,V002,66,switch,S_r,189,224,174,0.8260,0.5069,0.3191,0,,,0.0311,0.0606,6.0,0
MOT20,V002,70,switch,S_r,174,230,189,0.6967,0.2683,0.4284,0,,,0.0544,0.0648,6.0,0
MOT20,V002,79,switch,S_r,203,217,180,0.8984,0.0000,0.8984,0,-0.9425,3.715357,0.0073,0.0638,0.0,0
MOT20,V002,131,switch,S_r,206,236,210,0.8608,0.4514,0.4093,0,0.0098,4.742694,0.0304,0.0576,5.0,0
MOT20,V002,131,switch,S_r,210,243,206,0.8792,0.5097,0.3696,0,-0.3812,2.731582,0.0208,0.0569,4.0,0
MOT20,V002,145,switch,S_c,214,224,189,0.0000,0.0000,0.0000,0,,,,0.1414,,0
MOT20,V002,167,switch,S_r,218,247,200,0.7415,0.4886,0.2529,0,-0.9458,2.823819,0.0718,0.0606,8.0,0
MOT20,V002,168,switch,S_h,217,177,211,0.6441,0.3887,0.2554,0,,,,0.1414,,0
MOT20,V002,174,switch,S_h,211,177,217,0.8200,0.6380,0.1820,0,,,,0.0666,,1
MOT20,V002,176,switch,S_r,187,221,191,0.9672,0.6213,0.3459,0,0.9414,1.202436,0.0231,0.0572,6.0,0
MOT20,V002,181,switch,S_h,216,247,218,0.6496,0.5907,0.0589,0,,,,0.0634,,1
MOT20,V002,182,switch,S_r,195,177,211,0.9387,0.3935,0.5452,0,0.9878,4.808846,0.0134,0.0575,6.0,0
MOT20,V002,182,switch,S_r,211,222,195,0.9068,0.4428,0.4641,0,,,0.0251,0.0573,5.0,0
MOT20,V002,183,switch,S_r,217,221,187,0.9345,0.6613,0.2732,0,0.8474,1.613514,0.0199,0.0570,5.0,0
MOT20,V002,187,switch,S_r,218,247,218,0.8509,0.4386,0.4123,0,0.9999,1.092510,0.0552,0.0536,5.0,0
MOT20,V002,203,switch,S_r,200,247,218,0.9756,0.4827,0.4929,0,1.0000,1.098633,0.0155,0.0580,5.0,0
MOT20,V002,212,switch,S_h,218,247,200,0.5240,0.2676,0.2564,0,,,,0.0695,,0
MOT20,V002,215,switch,S_h,200,247,218,0.5307,0.1687,0.3620,0,,,,0.0636,,0
MOT20,V002,217,switch,S_c,223,230,174,0.4483,0.1243,0.3240,0,,,,0.1414,,0
MOT20,V002,221,switch,S_r,218,254,200,0.6998,0.5231,0.1767,0,-0.0623,3.160895,0.0636,0.0542,5.0,1
MOT20,V002,229,switch,S_h,218,247,200,0.5574,0.5288,0.0286,0,,,,0.0569,,1
MOT20,V002,233,switch,S_r,225,265,216,0.8328,0.2407,0.5922,0,0.5859,2.129792,0.0446,0.0670,5.0,0
MOT20,V002,275,switch,S_c,235,265,225,0.4054,0.2980,0.1074,0,,,,0.1414,,1
MOT20,V002,281,switch,S_c,236,254,200,0.5000,0.1405,0.3595,0,,,,0.1414,,0
MOT20,V002,327,switch,S_c,241,257,231,0.3741,0.2040,0.1702,0,,,,0.1414,,1
MOT20,V002,332,switch,S_r,231,245,196,0.9246,0.7375,0.1871,0,0.8081,2.390667,0.0353,0.0564,4.0,1
MOT20,V002,345,switch,S_h,196,245,231,0.6171,0.4560,0.1611,0,,,,0.0554,,1
MOT20,V002,349,switch,S_r,231,243,210,0.8376,0.6423,0.1953,0,0.5696,1.471484,0.0267,0.0536,8.0,1
MOT20,V002,351,switch,S_r,210,245,196,0.6727,0.4864,0.1863,0,,,0.0510,0.0684,7.0,1
MOT20,V002,352,switch,S_c,244,255,220,0.5885,0.2595,0.3290,0,,,,0.1414,,0
MOT20,V002,363,switch,S_r,241,245,210,0.8214,0.5929,0.2286,0,,,0.0686,0.0579,7.0,0
MOT20,V002,396,switch,S_c,251,257,241,0.4305,0.1736,0.2569,0,,,,0.1414,,0
MOT20,V002,398,switch,S_c,252,247,218,0.3104,0.1498,0.1606,0,,,,0.1414,,0
MOT20,V002,405,switch,S_r,218,245,241,0.6575,0.5233,0.1342,0,-0.9825,4.143241,0.2933,0.0611,4.0,1
MOT20,V002,412,switch,S_r,210,245,218,0.9341,0.6451,0.2890,0,,,0.0194,0.0598,6.0,0
MOT20,V002,422,switch,S_c,258,177,195,0.4638,0.2747,0.1891,0,,,,0.1414,,1
MOT20,V002,436,switch,S_r,255,15,259,0.9469,0.3983,0.5486,0,0.9681,1.799673,0.0100,0.0582,4.0,0
MOT20,V002,452,switch,S_c,262,265,235,0.4748,0.3170,0.1578,0,,,,0.1414,,1
MOT20,V002,459,switch,S_c,265,183,255,0.6062,0.1264,0.4798,0,,,,0.1414,,0
MOT20,V002,474,switch,S_c,267,247,252,0.4751,0.2453,0.2298,0,,,,0.1414,,0
MOT20,V002,483,switch,S_h,252,247,267,0.6646,0.3152,0.3494,0,,,,0.0674,,0
MOT20,V002,484,switch,S_h,267,247,267,0.6538,0.2076,0.4463,0,,,,0.0638,,0
MOT20,V002,514,switch,S_c,272,183,265,0.6588,0.3669,0.2919,0,,,,0.1414,,0
MOT20,V002,525,switch,S_c,275,235,208,0.0000,0.0000,0.0000,0,,,,0.1414,,0
MOT20,V002,530,switch,S_c,278,271,260,0.6616,0.2553,0.4063,0,,,,0.1414,,0
MOT20,V002,535,switch,S_c,281,183,272,0.6124,0.5393,0.0731,0,,,,0.1414,,1
MOT20,V002,539,switch,S_c,283,236,206,0.2489,0.0000,0.2489,0,,,,0.1414,,0
MOT20,V002,557,switch,S_r,278,272,260,0.9467,0.3326,0.6142,0,0.9180,1.848379,0.0124,0.0572,4.0,0
MOT20,V002,563,switch,S_r,215,177,258,0.9243,0.4497,0.4746,0,-0.7789,2.099159,0.0117,0.0586,3.0,0
MOT20,V002,564,switch,S_h,258,175,213,0.6389,0.2527,0.3862,0,,,,0.0796,,0
MOT20,V002,571,switch,S_r,258,265,262,0.8335,0.4293,0.4042,0,0.9900,2.510291,0.0560,0.0569,3.0,0
MOT20,V002,574,switch,S_c,287,277,285,0.6071,0.5023,0.1048,0,,,,0.1414,,1
MOT20,V002,577,switch,S_r,281,55,259,0.9884,0.4406,0.5478,0,0.9950,2.512469,0.0033,0.0576,6.0,0
MOT20,V002,577,switch,S_r,259,183,281,0.9734,0.4791,0.4943,0,0.8488,1.054260,0.0056,0.0580,8.0,0
MOT20,V002,580,switch,S_c,288,271,278,0.5821,0.3203,0.2617,0,,,,0.1414,,0
MOT20,V002,599,switch,S_c,291,268,215,0.0000,0.0000,0.0000,0,,,,0.1414,,0
MOT20,V002,613,switch,S_r,288,272,278,0.9257,0.6880,0.2377,0,0.9439,2.192030,0.0107,0.0577,4.0,0
MOT20,V002,615,switch,S_r,278,272,288,0.9444,0.6524,0.2920,0,,,0.0110,0.0587,4.0,0
MOT20,V002,623,switch,S_c,296,265,258,0.2719,0.0628,0.2091,0,,,,0.1414,,0
MOT20,V002,633,switch,S_r,259,55,281,0.9855,0.5355,0.4501,0,0.9545,1.108848,0.0097,0.0579,8.0,0
MOT20,V002,635,switch,S_h,299,183,259,0.6910,0.4817,0.2093,0,,,,0.0661,,0
MOT20,V002,685,switch,S_r,307,272,278,0.8552,0.6154,0.2399,0,,,0.0268,0.0629,6.0,0
MOT20,V002,718,switch,S_r,238,7,240,0.9473,0.5065,0.4408,0,0.9721,1.676004,0.0127,0.0567,5.0,0
MOT20,V002,718,switch,S_r,240,270,238,0.9443,0.4983,0.4461,0,0.8981,1.466455,0.0187,0.0583,3.0,0
MOT20,V002,798,switch,S_h,317,1,311,0.7348,0.2618,0.4730,0,,,,0.1414,,0
MOT20,V002,826,switch,S_c,327,286,300,0.3245,0.0000,0.3245,0,,,,0.1414,,0
MOT20,V002,837,switch,S_c,330,272,307,0.0264,0.0000,0.0264,0,,,,0.1414,,0
MOT20,V002,859,switch,S_r,256,272,330,0.9507,0.4270,0.5237,0,1.0000,1.170532,0.0264,0.0570,1.0,0
MOT20,V002,859,switch,S_r,330,273,256,0.9513,0.4276,0.5237,0,0.1742,4.552377,0.0085,0.0576,1.0,0
MOT20,V002,865,switch,S_c,335,271,288,0.3246,0.0000,0.3246,0,,,,0.1414,,0
MOT20,V002,876,switch,S_c,338,290,334,0.6551,0.5014,0.1536,0,,,,0.1414,,1
MOT20,V002,882,switch,S_r,339,275,272,0.9803,0.0000,0.9803,0,-0.9986,1.463561,0.0051,0.0619,0.0,0
MOT20,V002,885,switch,S_r,334,290,338,0.8558,0.5838,0.2721,0,,,0.0267,0.0588,3.0,0
MOT20,V002,885,switch,S_r,338,293,334,0.8292,0.5386,0.2906,0,0.4088,1.708343,0.0606,0.0604,3.0,0
MOT20,V002,891,switch,S_c,345,250,293,0.6063,0.3603,0.2460,0,,,,0.1414,,0
MOT20,V002,915,switch,S_r,336,290,334,0.9627,0.3796,0.5831,0,0.9640,1.811779,0.0143,0.0577,5.0,0
MOT20,V002,915,switch,S_r,334,291,336,0.9746,0.3618,0.6127,0,0.9926,1.124906,0.0238,0.0572,4.0,0
MOT20,V002,937,switch,S_r,319,285,320,0.7833,0.5025,0.2808,0,,,0.0400,0.0556,4.0,0
MOT20,V002,941,switch,S_h,350,280,302,0.1124,0.0139,0.0985,0,,,,0.0763,,0
MOT20,V002,942,switch,S_h,320,4,319,0.6669,0.1960,0.4709,0,,,,0.0861,,0
MOT20,V002,947,switch,S_h,320,55,259,0.6397,0.4400,0.1997,0,,,,0.0569,,1
MOT20,V002,954,switch,S_c,355,55,320,0.6704,0.2865,0.3839,0,,,,0.1414,,0
MOT20,V002,967,switch,S_r,236,257,251,0.9297,0.5454,0.3842,0,-0.7966,1.523195,0.0049,0.0584,2.0,0
MOT20,V002,974,switch,S_c,364,254,236,0.5611,0.3520,0.2091,0,,,,0.1414,,0
MOT20,V002,985,switch,S_c,367,3,324,0.1083,0.0020,0.1063,0,,,,0.1414,,0
MOT20,V002,1000,switch,S_c,370,55,355,0.6546,0.2616,0.3930,0,,,,0.1414,,0
MOT20,V002,1001,switch,S_r,324,15,255,0.8752,0.2102,0.6650,0,-0.7583,1.641199,0.0158,0.0570,2.0,0
MOT20,V002,1005,switch,S_r,247,273,330,0.8813,0.0286,0.8528,0,0.3941,1.209801,0.0284,0.0556,0.0,0
MOT20,V002,1014,switch,S_r,370,175,258,0.9546,0.5726,0.3820,0,0.9454,1.289259,0.0195,0.0574,5.0,0
MOT20,V002,1015,switch,S_r,368,15,324,0.8533,0.2780,0.5753,0,0.9641,3.072843,0.0428,0.0591,1.0,0
MOT20,V002,1025,switch,S_r,299,55,370,0.9518,0.6432,0.3086,0,0.9687,1.452840,0.0214,0.0574,4.0,0
MOT20,V002,1040,switch,S_r,371,13,361,0.9075,0.5179,0.3896,0,,,0.0310,0.0642,5.0,0
MOT20,V002,1041,switch,S_h,370,177,215,0.9021,0.5206,0.3815,0,,,,0.0648,,0
MOT20,V002,1051,switch,S_h,324,183,299,0.0749,0.0000,0.0749,0,,,,0.0723,,0
MOT20,V002,1053,switch,S_r,370,285,319,0.7034,0.7026,0.0008,0,0.2480,3.321276,0.0205,0.0565,3.0,1
MOT20,V002,1057,switch,S_h,319,285,370,0.6511,0.5767,0.0744,0,,,,0.0682,,1
MOT20,V002,1058,switch,S_r,324,55,299,0.9031,0.0006,0.9024,0,-0.5751,1.082219,0.0109,0.0573,1.0,0
MOT20,V002,1058,switch,S_h,215,177,370,0.6885,0.4404,0.2480,0,,,,0.0699,,0
MOT20,V002,1068,switch,S_h,375,55,324,0.2314,0.0000,0.2314,0,,,,0.1414,,0
MOT20,V002,1068,switch,S_r,285,277,287,0.9748,0.0000,0.9748,0,0.9973,1.052613,0.0176,0.0572,0.0,0
MOT20,V002,1072,switch,S_r,350,277,285,0.7711,0.6338,0.1373,0,-0.9896,1.723366,0.0393,0.0584,1.0,1
MOT20,V002,1080,switch,S_r,358,6,340,0.9071,0.4825,0.4246,0,-0.1515,2.717650,0.0219,0.0577,3.0,0
MOT20,V002,1080,switch,S_r,340,294,358,0.9698,0.4867,0.4831,0,0.8906,1.331852,0.0154,0.0576,2.0,0
MOT20,V002,1095,switch,S_c,381,285,319,0.6212,0.0607,0.5606,0,,,,0.1414,,0
MOT20,V002,1147,switch,S_r,215,281,310,0.9426,0.4917,0.4509,0,0.9277,2.719728,0.0057,0.0577,3.0,0
MOT20,V002,1173,switch,S_c,388,283,318,0.0071,0.0000,0.0071,0,,,,0.1414,,0
MOT20,V002,1189,switch,S_c,391,281,215,0.2742,0.0006,0.2736,0,,,,0.1414,,0
MOT20,V002,1225,switch,S_r,340,4,320,0.8998,0.4521,0.4478,0,0.9882,3.501530,0.0078,0.0549,6.0,0
MOT20,V002,1225,switch,S_r,320,294,340,0.9497,0.5055,0.4441,0,0.9998,1.379475,0.0240,0.0583,6.0,0
MOT20,V002,1240,switch,S_c,397,55,375,0.6813,0.3666,0.3148,0,,,,0.1414,,0
MOT20,V002,1241,switch,S_c,398,32,394,0.6220,0.2225,0.3995,0,,,,0.1414,,0
MOT20,V002,1299,switch,S_r,170,12,357,0.9760,0.2672,0.7088,0,0.8503,1.646545,0.0037,0.0570,2.0,0
MOT20,V002,1300,switch,S_c,406,32,398,0.5351,0.4914,0.0437,0,,,,0.1414,,1
MOT20,V002,1303,switch,S_c,408,11,313,0.3975,0.0000,0.3975,0,,,,0.1414,,0
MOT20,V002,1305,switch,S_r,170,13,371,0.9649,0.2771,0.6878,0,-0.2537,1.950416,0.0079,0.0574,1.0,0
MOT20,V002,1306,switch,S_r,396,32,398,0.9044,0.3615,0.5429,0,-0.3376,2.525282,0.0108,0.0598,4.0,0
MOT20,V002,1306,switch,S_r,406,33,396,0.9620,0.4846,0.4774,0,1.0000,1.666667,0.0039,0.0602,4.0,0
MOT20,V002,1317,switch,S_r,250,21,412,0.9585,0.1596,0.7989,0,0.9115,1.073602,0.0119,0.0564,2.0,0
MOT20,V002,1323,switch,S_c,417,13,371,0.1497,0.0223,0.1274,0,,,,0.1414,,0
MOT20,V002,1324,switch,S_r,170,14,365,0.9361,0.2566,0.6795,0,-0.9569,2.160001,0.0048,0.0575,2.0,0
MOT20,V002,1324,switch,S_r,365,178,170,0.9402,0.5602,0.3800,0,1.0000,2.309263,0.0131,0.0590,3.0,0
MOT20,V002,1326,switch,S_r,409,47,415,0.8573,0.7990,0.0583,0,,,0.0449,0.0576,5.0,1
MOT20,V002,1327,switch,S_h,415,47,415,0.6046,0.3052,0.2993,0,,,,0.0653,,0
MOT20,V002,1329,switch,S_r,418,32,396,0.9686,0.5874,0.3812,0,,,0.0055,0.0629,4.0,0
MOT20,V002,1335,switch,S_c,420,12,170,0.0824,0.0000,0.0824,0,,,,0.1414,,0
MOT20,V002,1337,switch,S_h,396,32,418,0.7106,0.3088,0.4018,0,,,,0.0719,,0
MOT20,V002,1352,switch,S_r,419,35,423,0.9030,0.4418,0.4612,0,0.9986,1.928927,0.0199,0.0575,6.0,0
MOT20,V002,1352,switch,S_r,423,61,419,0.9513,0.3918,0.5595,0,0.0294,1.962387,0.0051,0.0610,5.0,0
MOT20,V002,1366,switch,S_c,427,14,170,0.0000,0.0000,0.0000,0,,,,0.1414,,0
MOT20,V002,1429,switch,S_r,428,9,441,0.9532,0.3553,0.5980,0,0.9592,1.594517,0.0181,0.0580,1.0,0
MOT20,V002,1429,switch,S_r,441,10,428,0.9184,0.3540,0.5644,0,,,0.0069,0.0629,1.0,0
MOT20,V002,1431,switch,S_r,406,32,396,0.9272,0.4805,0.4467,0,-0.0374,1.612452,0.0078,0.0577,6.0,0
MOT20,V002,1431,switch,S_r,396,33,406,0.8690,0.3062,0.5628,0,0.2359,2.386688,0.0269,0.0547,6.0,0
MOT20,V002,1437,switch,S_r,417,12,420,0.9665,0.4092,0.5572,0,0.7345,1.142676,0.0179,0.0581,2.0,0
MOT20,V002,1437,switch,S_r,420,13,417,0.9305,0.4379,0.4926,0,0.2909,5.024938,0.0135,0.0581,4.0,0
MOT20,V002,1442,switch,S_r,430,43,438,0.7469,0.5128,0.2341,0,0.9620,2.446396,0.0793,0.0546,6.0,0
MOT20,V002,1461,switch,S_r,324,55,397,0.9541,0.4544,0.4997,0,0.9896,2.906705,0.0053,0.0574,3.0,0
MOT20,V002,1461,switch,S_r,397,183,324,0.9888,0.4297,0.5591,0,0.8321,1.664101,0.0019,0.0575,2.0,0
MOT20,V002,1463,switch,S_r,440,177,215,0.9841,0.2590,0.7250,0,0.6219,1.669869,0.0021,0.0575,2.0,0
MOT20,V002,1472,switch,S_r,458,64,444,0.9326,0.5026,0.4300,0,0.9969,1.992789,0.0122,0.0588,11.0,0
MOT20,V002,1472,switch,S_r,444,65,458,0.8972,0.4354,0.4618,0,0.8186,1.629349,0.0369,0.0570,9.0,0
MOT20,V002,1474,switch,S_h,416,40,430,0.3407,0.3294,0.0113,0,,,,0.0715,,1
MOT20,V002,1484,switch,S_h,461,38,416,0.6666,0.4193,0.2472,0,,,,0.1414,,0
MOT20,V002,1495,switch,S_r,421,38,416,0.4495,0.3308,0.1186,0,-0.9677,4.513344,0.1178,0.0571,8.0,1
MOT20,V002,1508,switch,S_c,474,37,421,0.6512,0.5811,0.0701,0,,,,0.1414,,1
MOT20,V002,1521,switch,S_r,395,48,442,0.7880,0.4166,0.3714,0,0.9400,3.706148,0.0177,0.0584,11.0,0
MOT20,V002,1522,switch,S_h,442,36,395,0.7685,0.3261,0.4423,0,,,,0.0611,,0
MOT20,V002,1527,switch,S_r,478,48,395,0.8566,0.6986,0.1580,0,0.5230,1.888670,0.0173,0.0609,12.0,1
MOT20,V002,1529,switch,S_r,458,39,431,0.9502,0.6030,0.3472,0,-0.1298,4.546662,0.0128,0.0570,8.0,0
MOT20,V002,1529,switch,S_r,431,64,458,0.9363,0.4357,0.5006,0,0.9762,1.481163,0.0227,0.0559,8.0,0
MOT20,V002,1531,switch,S_h,395,43,430,0.7475,0.3891,0.3584,0,,,,0.0610,,0
MOT20,V002,1533,switch,S_h,430,40,416,0.5154,0.4687,0.0467,0,,,,0.0714,,1
MOT20,V002,1535,switch,S_r,442,38,421,0.8576,0.6803,0.1774,0,-0.6218,3.541161,0.0271,0.0558,9.0,1
MOT20,V002,1542,switch,S_h,432,36,442,0.7434,0.2522,0.4912,0,,,,0.0625,,0
MOT20,V002,1561,switch,S_r,395,62,432,0.8834,0.4273,0.4561,0,-0.7026,3.134626,0.0179,0.0575,8.0,0
MOT20,V002,1562,switch,S_c,486,73,481,0.5375,0.5110,0.0265,0,,,,0.1414,,1
MOT20,V002,1569,switch,S_r,489,43,395,0.6355,0.4243,0.2112,0,,,0.2526,0.0622,9.0,0
MOT20,V002,1571,switch,S_r,481,73,486,0.5657,0.5249,0.0408,0,0.9993,2.704849,0.0687,0.0551,7.0,1
MOT20,V002,1598,switch,S_r,489,36,432,0.9912,0.4475,0.5437,0,0.9954,1.064014,0.0114,0.0578,14.0,0
MOT20,V002,1598,switch,S_r,432,43,489,0.9492,0.4937,0.4555,0,0.7675,1.572746,0.0163,0.0576,13.0,0
MOT20,V002,1613,switch,S_r,452,62,395,0.9391,0.5333,0.4057,0,-0.8523,3.441576,0.0063,0.0579,9.0,0
MOT20,V002,1614,switch,S_r,395,33,396,0.6324,0.5523,0.0800,0,0.9933,2.782241,0.0445,0.0580,11.0,1
MOT20,V002,1614,switch,S_r,396,43,432,0.9144,0.6988,0.2156,0,0.0378,1.270030,0.0198,0.0587,12.0,0
MOT20,V002,1617,switch,S_c,505,46,452,0.5617,0.3222,0.2395,0,,,,0.1414,,0
MOT20,V002,1617,switch,S_c,504,76,481,0.6495,0.1601,0.4893,0,,,,0.1414,,0
MOT20,V002,1629,switch,S_r,486,76,504,0.9748,0.4472,0.5276,0,0.9898,1.340761,0.0151,0.0573,11.0,0
MOT20,V002,1629,switch,S_r,504,88,486,0.9483,0.4188,0.5295,0,0.9936,1.338669,0.0230,0.0582,10.0,0
MOT20,V002,1630,switch,S_h,478,61,423,0.5146,0.4737,0.0410,0,,,,0.0579,,1
MOT20,V002,1636,switch,S_c,515,180,498,0.6469,0.5293,0.1176,0,,,,0.1414,,1
MOT20,V002,1648,switch,S_r,515,75,506,0.6751,0.4803,0.1949,0,,,0.1490,0.0624,8.0,1
MOT20,V002,1651,switch,S_r,385,59,379,0.9197,0.5143,0.4054,0,-0.0749,1.939203,0.0201,0.0584,7.0,0
MOT20,V002,1651,switch,S_r,379,70,385,0.9737,0.5003,0.4734,0,-0.8928,1.084652,0.0044,0.0583,4.0,0
MOT20,V002,1653,switch,S_r,437,61,478,0.9052,0.4915,0.4137,0,0.9525,2.103025,0.0114,0.0599,12.0,0
MOT20,V002,1656,switch,S_r,511,61,478,0.9509,0.4716,0.4793,0,,,0.0009,0.0575,12.0,0
MOT20,V002,1661,switch,S_r,513,31,403,0.9452,0.7229,0.2224,0,0.9999,1.074251,0.0295,0.0566,11.0,0
MOT20,V002,1661,switch,S_r,498,180,515,0.9270,0.3795,0.5475,0,-0.2732,2.105053,0.0132,0.0561,10.0,0
MOT20,V002,1666,switch,S_r,403,34,404,0.8905,0.7411,0.1494,0,,,0.0195,0.0582,10.0,1
MOT20,V002,1670,switch,S_h,506,180,498,0.5786,0.3306,0.2480,0,,,,0.1414,,0
MOT20,V002,1671,switch,S_r,511,42,437,0.9668,0.5604,0.4063,0,0.9221,1.340706,0.0136,0.0580,12.0,0
MOT20,V002,1671,switch,S_r,437,61,511,0.8858,0.5579,0.3279,0,-0.9513,1.057452,0.0245,0.0576,13.0,0
MOT20,V002,1677,switch,S_r,498,180,498,0.9690,0.4118,0.5572,0,0.0469,2.386629,0.0041,0.0572,10.0,0
MOT20,V002,1678,switch,S_h,520,88,504,0.7534,0.0995,0.6539,0,,,,0.0589,,0
MOT20,V002,1696,switch,S_r,494,88,520,0.9655,0.4490,0.5164,0,0.7176,1.055266,0.0074,0.0581,8.0,0
MOT20,V002,1696,switch,S_r,520,111,494,0.9114,0.4281,0.4832,0,0.2528,6.045426,0.0206,0.0571,10.0,0
MOT20,V002,1706,switch,S_h,439,48,478,0.6022,0.2561,0.3462,0,,,,0.0598,,0
MOT20,V002,1713,switch,S_c,540,9,428,0.6281,0.1568,0.4713,0,,,,0.1414,,0
MOT20,V002,1732,switch,S_r,431,39,458,0.9754,0.5154,0.4601,0,0.9997,2.167379,0.0040,0.0571,13.0,0
MOT20,V002,1735,switch,S_h,458,64,431,0.5725,0.5412,0.0313,0,,,,0.0726,,1
MOT20,V002,1746,switch,S_r,550,48,439,0.5934,0.4126,0.1808,0,-0.5714,12.646973,0.1731,0.0603,11.0,1
MOT20,V002,1749,switch,S_c,554,75,515,0.6736,0.4300,0.2436,0,,,,0.1414,,0
MOT20,V002,1752,switch,S_r,550,45,447,0.9105,0.5522,0.3583,0,0.8594,1.105094,0.0328,0.0574,13.0,0
MOT20,V002,1757,switch,S_c,557,78,527,0.7184,0.3395,0.3789,0,,,,0.1414,,0
MOT20,V002,1759,switch,S_h,447,48,550,0.6387,0.4629,0.1758,0,,,,0.0755,,1
MOT20,V002,1776,switch,S_r,431,42,511,0.8786,0.6220,0.2566,0,0.9642,1.378271,0.0534,0.0567,11.0,0
MOT20,V002,1777,switch,S_c,565,39,431,0.5654,0.4713,0.0940,0,,,,0.1414,,1
MOT20,V002,1783,switch,S_c,568,80,543,0.5578,0.3550,0.2028,0,,,,0.1414,,0
MOT20,V002,1799,switch,S_r,546,81,549,0.9784,0.5279,0.4505,0,0.8184,1.184087,0.0100,0.0574,6.0,0
MOT20,V002,1799,switch,S_r,549,96,546,0.9677,0.5017,0.4660,0,0.8717,1.031906,0.0107,0.0571,9.0,0
MOT20,V002,1802,switch,S_c,573,33,395,0.5578,0.5548,0.0031,0,,,,0.1414,,1
MOT20,V002,1803,switch,S_h,556,66,386,0.7158,0.3467,0.3692,0,,,,0.0692,,0
MOT20,V002,1803,switch,S_r,492,75,554,0.9539,0.4582,0.4957,0,0.2119,1.295616,0.0123,0.0567,7.0,0
MOT20,V002,1803,switch,S_r,554,86,492,0.9851,0.4329,0.5522,0,0.9939,1.711689,0.0095,0.0572,10.0,0
MOT20,V002,1809,switch,S_r,480,180,498,0.8733,0.3770,0.4963,0,0.8528,3.045046,0.0380,0.0600,11.0,0
MOT20,V002,1811,switch,S_c,579,70,379,0.6646,0.3169,0.3477,0,,,,0.1414,,0
MOT20,V002,1814,switch,S_c,581,35,419,0.4918,0.4791,0.0127,0,,,,0.1414,,1
MOT20,V002,1814,switch,S_r,510,173,527,0.7466,0.5388,0.2077,0,0.9769,1.277187,0.2897,0.0623,7.0,0
MOT20,V002,1821,switch,S_h,480,179,498,0.6129,0.5196,0.0933,0,,,,0.0609,,1
MOT20,V002,1822,switch,S_r,531,53,530,0.9627,0.4877,0.4750,0,0.5866,1.143544,0.0096,0.0582,10.0,0
MOT20,V002,1822,switch,S_r,530,74,531,0.9634,0.5152,0.4482,0,-0.4908,1.405040,0.0032,0.0575,11.0,0
MOT20,V002,1825,switch,S_c,586,180,480,0.5234,0.2012,0.3222,0,,,,0.1414,,0
MOT20,V002,1826,switch,S_c,587,33,573,0.4516,0.2434,0.2083,0,,,,0.1414,,0
MOT20,V002,1826,switch,S_r,486,49,510,0.8776,0.4274,0.4502,0,0.9483,2.344336,0.0385,0.0549,8.0,0
MOT20,V002,1826,switch,S_r,480,76,486,0.9631,0.5813,0.3817,0,-0.2124,2.353720,0.0024,0.0577,10.0,0
MOT20,V002,1828,switch,S_h,424,42,431,0.6810,0.4232,0.2579,0,,,,0.0707,,0
MOT20,V002,1830,switch,S_r,586,72,480,0.8804,0.4031,0.4773,0,0.5250,1.153376,0.0203,0.0592,12.0,0
MOT20,V002,1831,switch,S_r,556,56,424,0.8715,0.4531,0.4184,0,0.9998,1.860268,0.0433,0.0563,9.0,0
MOT20,V002,1832,switch,S_r,586,50,516,0.9581,0.3460,0.6121,0,0.9645,1.298190,0.0272,0.0579,12.0,0
MOT20,V002,1832,switch,S_r,516,72,586,0.9461,0.3707,0.5754,0,0.9552,2.186187,0.0115,0.0563,10.0,0
MOT20,V002,1832,switch,S_c,592,180,586,0.5436,0.4314,0.1123,0,,,,0.1414,,1
MOT20,V002,1834,switch,S_c,593,66,556,0.5103,0.4058,0.1046,0,,,,0.1414,,1
MOT20,V002,1835,switch,S_r,568,81,546,0.9534,0.5248,0.4286,0,,,0.0068,0.0587,10.0,0
MOT20,V002,1841,switch,S_h,589,97,576,0.7139,0.4074,0.3064,0,,,,0.0723,,0
MOT20,V002,1842,switch,S_r,546,80,568,0.8776,0.5980,0.2796,0,,,0.0226,0.0596,11.0,0
MOT20,V002,1843,switch,S_h,571,118,541,0.7748,0.6007,0.1742,0,,,,0.0690,,1
MOT20,V002,1844,switch,S_r,510,113,563,0.9760,0.6590,0.3169,0,0.9612,1.115087,0.0226,0.0574,6.0,0
MOT20,V002,1845,switch,S_r,419,42,424,0.8885,0.6363,0.2522,0,0.5521,1.076922,0.0213,0.0571,6.0,0
MOT20,V002,1845,switch,S_r,595,56,556,0.5664,0.5392,0.0272,0,,,0.1007,0.0599,7.0,1
MOT20,V002,1845,switch,S_r,424,70,579,0.8442,0.4575,0.3867,0,0.0904,3.694581,0.0093,0.0562,7.0,0
MOT20,V002,1845,switch,S_h,563,173,510,0.5705,0.2985,0.2721,0,,,,0.0642,,0
MOT20,V002,1847,switch,S_h,395,80,546,0.7182,0.6680,0.0502,0,,,,0.0787,,1
MOT20,V002,1848,switch,S_c,597,48,447,0.3891,0.3343,0.0548,0,,,,0.1414,,1
MOT20,V002,1852,switch,S_c,598,176,179,0.5244,0.5186,0.0057,0,,,,0.1414,,1
MOT20,V002,1853,switch,S_r,179,118,571,0.9108,0.6842,0.2266,0,-0.9510,1.450327,0.0097,0.0572,8.0,0
MOT20,V002,1856,switch,S_r,531,180,586,0.4928,0.3212,0.1716,0,0.9993,10.918378,0.3159,0.0508,8.0,1
MOT20,V002,1857,switch,S_h,592,53,531,0.6325,0.3400,0.2925,0,,,,0.0661,,0
MOT20,V002,1860,switch,S_h,584,81,568,0.6385,0.5894,0.0491,0,,,,0.0655,,1
MOT20,V002,1861,switch,S_r,405,97,589,0.9280,0.4162,0.5118,0,0.8911,1.286060,0.0251,0.0574,9.0,0
MOT20,V002,1862,switch,S_h,589,18,405,0.5112,0.4116,0.0996,0,,,,0.0661,,1
MOT20,V002,1865,switch,S_r,531,179,498,0.8213,0.4425,0.3788,0,,,0.0452,0.0573,8.0,0
MOT20,V002,1866,switch,S_r,520,75,492,0.9705,0.4808,0.4897,0,0.7890,1.968229,0.0086,0.0570,8.0,0
MOT20,V002,1866,switch,S_r,492,111,520,0.9714,0.6200,0.3513,0,0.8218,2.228518,0.0032,0.0568,8.0,0
MOT20,V002,1879,switch,S_r,598,120,324,0.9288,0.3805,0.5483,0,0.9309,2.049720,0.0111,0.0567,4.0,0
MOT20,V002,1879,switch,S_r,365,176,598,0.7371,0.5062,0.2310,0,-0.9673,1.363247,0.0238,0.0581,3.0,0
MOT20,V002,1881,switch,S_h,545,180,586,0.5429,0.3495,0.1934,0,,,,0.0669,,1
MOT20,V002,1883,switch,S_c,609,176,598,0.6383,0.3642,0.2741,0,,,,0.1414,,0
MOT20,V002,1886,switch,S_r,531,52,545,0.6203,0.3842,0.2361,0,-0.2704,58.460302,0.2346,0.0569,8.0,0
MOT20,V002,1890,switch,S_h,545,179,531,0.5148,0.3505,0.1643,0,,,,0.0694,,1
MOT20,V002,1891,switch,S_h,395,81,584,0.6019,0.4217,0.1801,0,,,,0.0629,,1
MOT20,V002,1902,switch,S_r,453,19,407,0.9775,0.7028,0.2748,0,0.9744,1.252746,0.0145,0.0578,7.0,0
MOT20,V002,1907,switch,S_c,621,18,589,0.5969,0.4488,0.1481,0,,,,0.1414,,1
MOT20,V002,1907,switch,S_c,622,105,453,0.6791,0.3623,0.3168,0,,,,0.1414,,0
MOT20,V002,1912,switch,S_h,608,175,370,0.4910,0.1722,0.3188,0,,,,0.0725,,0
MOT20,V002,1918,switch,S_c,628,180,586,0.5033,0.3494,0.1539,0,,,,0.1414,,1
MOT20,V002,1921,switch,S_r,599,19,453,0.9106,0.4356,0.4750,0,0.7287,1.014891,0.0180,0.0583,7.0,0
MOT20,V002,1921,switch,S_r,453,174,599,0.9443,0.3972,0.5470,0,-0.0526,1.051177,0.0085,0.0574,8.0,0
MOT20,V002,1922,switch,S_c,631,80,395,0.8017,0.5794,0.2222,0,,,,0.1414,,0
MOT20,V002,1924,switch,S_r,632,189,407,0.7854,0.5160,0.2694,0,-0.9999,2.070451,0.0162,0.0607,8.0,0
MOT20,V002,1930,switch,S_r,568,116,610,0.9617,0.4633,0.4984,0,0.6502,1.112871,0.0074,0.0569,6.0,0
MOT20,V002,1930,switch,S_r,610,125,568,0.9549,0.4692,0.4857,0,0.9569,1.342437,0.0246,0.0578,4.0,0
MOT20,V002,1932,switch,S_r,545,76,480,0.8771,0.4885,0.3886,0,,,0.0220,0.0593,11.0,0
MOT20,V002,1932,switch,S_r,557,77,521,0.7448,0.5773,0.1675,0,0.9539,1.977427,0.0406,0.0606,10.0,1
MOT20,V002,1934,switch,S_h,480,76,480,0.8631,0.6762,0.1870,0,,,,0.0732,,1
MOT20,V002,1936,switch,S_h,521,77,557,0.5220,0.4778,0.0442,0,,,,0.0636,,1
MOT20,V002,1936,switch,S_r,407,158,623,0.8670,0.4683,0.3987,0,0.4854,1.701219,0.0314,0.0591,9.0,0
MOT20,V002,1937,switch,S_r,557,72,516,0.8753,0.6246,0.2508,0,-0.5624,1.982586,0.0206,0.0578,12.0,0
MOT20,V002,1938,switch,S_h,516,77,521,0.6494,0.5782,0.0713,0,,,,0.0648,,1
MOT20,V002,1938,switch,S_r,521,78,557,0.6068,0.4888,0.1180,0,0.8377,6.231309,0.0150,0.0599,7.0,1
MOT20,V002,1939,switch,S_c,638,83,407,0.5244,0.4107,0.1137,0,,,,0.1414,,1
MOT20,V002,1940,switch,S_r,597,56,595,0.9908,0.3556,0.6353,0,0.9952,1.044031,0.0190,0.0575,2.0,0
MOT20,V002,1940,switch,S_c,639,101,589,0.6121,0.3760,0.2361,0,,,,0.1414,,0
MOT20,V002,1940,switch,S_r,589,114,630,0.8584,0.5520,0.3065,0,0.9382,2.169454,0.0263,0.0574,11.0,0
MOT20,V002,1945,switch,S_h,516,78,521,0.5848,0.4669,0.1179,0,,,,0.0682,,1
MOT20,V002,1955,switch,S_c,648,89,634,0.5908,0.4849,0.1059,0,,,,0.1414,,1
MOT20,V002,1961,switch,S_h,645,85,584,0.6188,0.3676,0.2512,0,,,,0.0725,,0
MOT20,V002,1964,switch,S_h,647,77,516,0.6783,0.3475,0.3308,0,,,,0.1414,,0
MOT20,V002,1965,switch,S_r,647,98,564,0.7573,0.4335,0.3238,0,,,0.2821,0.0657,8.0,0
MOT20,V002,1965,switch,S_r,568,109,623,0.9588,0.4958,0.4630,0,0.9841,1.097060,0.0287,0.0572,9.0,0
MOT20,V002,1973,switch,S_r,536,78,516,0.6249,0.4994,0.1255,0,,,0.2460,0.0539,9.0,1
MOT20,V002,1975,switch,S_h,516,85,584,0.7101,0.5521,0.1580,0,,,,0.0707,,1
MOT20,V002,1975,switch,S_h,520,175,370,0.4805,0.4451,0.0354,0,,,,0.0598,,1
MOT20,V002,1981,switch,S_r,501,77,516,0.7833,0.6419,0.1415,0,0.9997,2.128656,0.0765,0.0588,6.0,1
MOT20,V002,1982,switch,S_r,520,100,513,0.8886,0.6086,0.2800,0,,,0.0232,0.0566,7.0,0
MOT20,V002,1982,switch,S_h,586,175,520,0.7511,0.5174,0.2336,0,,,,0.0681,,0
MOT20,V002,1987,switch,S_r,631,78,516,0.9481,0.5106,0.4375,0,0.8439,1.403223,0.0109,0.0578,11.0,0
MOT20,V002,1987,switch,S_r,536,79,501,0.8940,0.7012,0.1928,0,,,0.0218,0.0585,9.0,1
MOT20,V002,1988,switch,S_r,470,50,586,0.6738,0.4783,0.1955,0,0.9023,7.432927,0.1012,0.0582,7.0,1
MOT20,V002,1989,switch,S_h,628,94,536,0.5852,0.3145,0.2707,0,,,,0.0621,,0
MOT20,V002,1991,switch,S_h,462,187,470,0.6359,0.2864,0.3495,0,,,,0.0642,,0
MOT20,V002,1995,switch,S_r,592,107,462,0.9501,0.4773,0.4728,0,0.9985,1.486312,0.0180,0.0565,8.0,0
MOT20,V002,1996,switch,S_h,645,83,638,0.6578,0.3161,0.3417,0,,,,0.0724,,0
MOT20,V002,1996,switch,S_r,638,85,584,0.8987,0.3111,0.5875,0,0.5419,1.436373,0.0194,0.0576,7.0,0
MOT20,V002,1997,switch,S_c,661,53,592,0.4875,0.4682,0.0192,0,,,,0.1414,,1
MOT20,V002,1997,switch,S_r,641,173,563,0.7443,0.6495,0.0948,0,-0.9963,1.084285,0.0527,0.0556,6.0,1
MOT20,V002,1998,switch,S_h,657,80,631,0.5238,0.3362,0.1876,0,,,,0.1414,,1
MOT20,V002,1998,switch,S_c,662,116,568,0.5467,0.4063,0.1404,0,,,,0.1414,,1
MOT20,V002,2000,switch,S_r,520,74,530,0.9696,0.5699,0.3996,0,0.9984,1.029913,0.0223,0.0566,9.0,0
MOT20,V002,2000,switch,S_r,664,100,520,0.9325,0.7020,0.2304,0,,,0.0129,0.0622,9.0,0
MOT20,V002,2003,switch,S_r,630,116,568,0.6452,0.3578,0.2875,0,-0.4740,18.379902,0.1630,0.0602,6.0,0
MOT20,V002,2004,switch,S_r,592,187,462,0.5182,0.4843,0.0339,0,0.9771,3.762808,0.0471,0.0570,9.0,1
MOT20,V002,2006,switch,S_r,554,80,657,0.9569,0.3949,0.5620,0,0.8403,1.435669,0.0112,0.0593,8.0,0
MOT20,V002,2007,switch,S_r,669,94,628,0.8797,0.3641,0.5156,0,0.1453,2.393413,0.0206,0.0610,10.0,0
MOT20,V002,2007,switch,S_r,662,109,568,0.9341,0.4965,0.4376,0,0.8958,4.758082,0.0030,0.0576,4.0,0
MOT20,V002,2007,switch,S_r,568,116,568,0.9554,0.4564,0.4989,0,0.4445,1.523980,0.0085,0.0571,5.0,0
MOT20,V002,2010,switch,S_h,628,86,554,0.6979,0.5730,0.1249,0,,,,0.0634,,1
MOT20,V002,2012,switch,S_c,672,100,664,0.6710,0.4942,0.1769,0,,,,0.1414,,1
MOT20,V002,2012,switch,S_r,664,107,592,0.9751,0.4855,0.4896,0,0.2991,1.652093,0.0025,0.0585,7.0,0
MOT20,V002,2013,switch,S_h,638,189,632,0.8696,0.5398,0.3297,0,,,,0.0682,,0
MOT20,V002,2014,switch,S_h,646,121,630,0.6372,0.1667,0.4705,0,,,,0.0710,,0
MOT20,V002,2017,switch,S_r,610,121,630,0.9726,0.3753,0.5973,0,0.9984,1.185218,0.0261,0.0575,5.0,0
MOT20,V002,2017,switch,S_r,646,125,610,0.9034,0.4056,0.4978,0,0.4150,1.089562,0.0211,0.0570,5.0,0
MOT20,V002,2022,switch,S_c,673,75,520,0.2557,0.1059,0.1498,0,,,,0.1414,,0
MOT20,V002,2022,switch,S_r,563,179,531,0.7015,0.5759,0.1256,0,,,0.2227,0.0583,10.0,1
MOT20,V002,2027,switch,S_h,670,180,628,0.6084,0.5615,0.0469,0,,,,0.1414,,1
MOT20,V002,2050,switch,S_r,546,121,610,0.9098,0.5463,0.3635,0,0.9997,1.711735,0.0392,0.0580,5.0,0
MOT20,V002,2050,switch,S_r,610,122,546,0.9170,0.5541,0.3629,0,-0.5307,1.419082,0.0108,0.0571,5.0,0
MOT20,V002,2053,switch,S_r,675,170,646,0.7797,0.2681,0.5116,0,-0.8230,4.027011,0.0360,0.0556,5.0,0
MOT20,V002,2054,switch,S_r,686,85,638,0.9671,0.3999,0.5671,0,0.7764,1.094448,0.0118,0.0599,7.0,0
MOT20,V002,2063,switch,S_r,641,79,536,0.6393,0.5439,0.0954,0,-0.9018,13.274292,0.1265,0.0544,10.0,1
MOT20,V002,2063,switch,S_r,440,119,616,0.9861,0.5760,0.4101,0,0.9895,1.071994,0.0060,0.0569,4.0,0
MOT20,V002,2068,switch,S_c,693,172,668,0.2825,0.2733,0.0092,0,,,,0.1414,,1
MOT20,V002,2070,switch,S_c,695,180,628,0.8183,0.5819,0.2365,0,,,,0.1414,,0
MOT20,V002,2073,switch,S_r,664,79,641,0.8462,0.5135,0.3326,0,0.9508,2.279031,0.0545,0.0555,12.0,0
MOT20,V002,2073,switch,S_r,453,97,405,0.9882,0.5272,0.4610,0,,,0.0025,0.0592,8.0,0
MOT20,V002,2073,switch,S_r,641,107,664,0.9339,0.6829,0.2510,0,0.9558,2.040221,0.0071,0.0559,11.0,0
MOT20,V002,2073,switch,S_r,405,174,453,0.9707,0.5080,0.4627,0,0.9969,1.241320,0.0236,0.0569,7.0,0
MOT20,V002,2073,switch,S_r,365,177,440,0.8610,0.4917,0.3693,0,0.8326,7.290601,0.0287,0.0567,5.0,0
MOT20,V002,2073,switch,S_r,440,178,365,0.9799,0.5181,0.4618,0,-0.0133,2.586437,0.0034,0.0578,5.0,0
MOT20,V002,2080,switch,S_r,609,119,440,0.9841,0.2572,0.7269,0,0.9860,1.040057,0.0135,0.0568,7.0,0
MOT20,V002,2082,switch,S_c,701,176,609,0.6075,0.4473,0.1602,0,,,,0.1414,,1
MOT20,V002,2084,switch,S_c,704,159,685,0.7055,0.2772,0.4283,0,,,,0.1414,,0
MOT20,V002,2084,switch,S_r,702,160,700,0.8913,0.4436,0.4476,0,0.1350,4.100417,0.0364,0.0600,6.0,0
MOT20,V002,2085,switch,S_c,705,83,645,0.5032,0.3452,0.1580,0,,,,0.1414,,1
MOT20,V002,2086,switch,S_h,700,18,621,0.8508,0.3498,0.5010,0,,,,0.0657,,0
MOT20,V002,2086,switch,S_r,592,79,664,0.9452,0.4422,0.5030,0,0.7810,1.214533,0.0246,0.0581,9.0,0
MOT20,V002,2087,switch,S_h,621,18,621,0.9075,0.4134,0.4941,0,,,,0.0645,,0
MOT20,V002,2087,switch,S_c,707,180,628,0.6147,0.1833,0.4314,0,,,,0.1414,,0
MOT20,V002,2090,switch,S_c,709,179,563,0.3697,0.2833,0.0864,0,,,,0.1414,,1
MOT20,V002,2092,switch,S_h,664,187,592,0.6612,0.3768,0.2844,0,,,,0.0730,,0
MOT20,V002,2098,switch,S_r,365,176,701,0.9552,0.5468,0.4084,0,-0.3972,1.684773,0.0037,0.0574,7.0,0
MOT20,V002,2098,switch,S_r,701,177,365,0.9077,0.3397,0.5680,0,0.0147,2.974614,0.0060,0.0575,10.0,0
MOT20,V002,2099,switch,S_c,715,127,711,0.5170,0.2887,0.2283,0,,,,0.1414,,0
MOT20,V002,2100,switch,S_h,582,169,641,0.4380,0.3440,0.0939,0,,,,0.0616,,1
MOT20,V002,2100,switch,S_h,536,175,520,0.6206,0.2894,0.3312,0,,,,0.0720,,0
MOT20,V002,2101,switch,S_r,711,18,621,0.9195,0.8853,0.0342,0,0.9951,1.114744,0.0241,0.0592,7.0,1
MOT20,V002,2102,switch,S_c,716,161,683,0.6794,0.4447,0.2347,0,,,,0.1414,,0
MOT20,V002,2105,switch,S_h,621,18,711,0.5420,0.4193,0.1227,0,,,,0.0670,,1
MOT20,V002,2111,switch,S_r,699,101,639,0.8049,0.6212,0.1837,0,,,0.0407,0.0574,11.0,1
MOT20,V002,2114,switch,S_h,639,101,699,0.2534,0.1648,0.0885,0,,,,0.0661,,0
MOT20,V002,2116,switch,S_h,707,179,709,0.4328,0.3566,0.0762,0,,,,0.0662,,1
MOT20,V002,2117,switch,S_h,699,100,672,0.8469,0.2619,0.5849,0,,,,0.0645,,0
MOT20,V002,2118,switch,S_r,699,101,639,0.9259,0.5271,0.3989,0,,,0.0185,0.0576,11.0,0
MOT20,V002,2119,switch,S_h,639,100,672,0.4527,0.4390,0.0137,0,,,,0.0598,,1
MOT20,V002,2125,switch,S_r,527,175,520,0.6357,0.3515,0.2842,0,-0.7714,1.756862,0.1665,0.0568,11.0,0
MOT20,V002,2132,switch,S_r,664,177,701,0.8750,0.7498,0.1252,0,0.4953,4.971763,0.0371,0.0582,9.0,1
MOT20,V002,2133,switch,S_h,701,177,701,0.8797,0.3548,0.5249,0,,,,0.0635,,0
MOT20,V002,2136,switch,S_c,728,169,582,0.5662,0.4758,0.0903,0,,,,0.1414,,1
MOT20,V002,2137,switch,S_h,726,176,365,0.7686,0.5178,0.2508,0,,,,0.0648,,0
MOT20,V002,2139,switch,S_r,621,106,455,0.8806,0.6280,0.2525,0,0.9545,1.231550,0.0458,0.0556,6.0,0
MOT20,V002,2139,switch,S_h,709,180,707,0.7041,0.6023,0.1018,0,,,,0.0675,,1
MOT20,V002,2140,switch,S_r,727,97,453,0.9643,0.6174,0.3469,0,0.9621,1.075903,0.0186,0.0618,8.0,0
MOT20,V002,2140,switch,S_r,621,105,622,0.5628,0.4516,0.1112,0,-0.9389,2.098792,0.0918,0.0584,6.0,1
MOT20,V002,2140,switch,S_h,455,106,455,0.8344,0.6687,0.1657,0,,,,0.0624,,1
MOT20,V002,2140,switch,S_r,527,177,701,0.8976,0.4021,0.4955,0,0.9553,2.165552,0.0364,0.0586,10.0,0
MOT20,V002,2140,switch,S_r,701,187,664,0.4278,0.4239,0.0039,0,0.9704,2.922619,0.1493,0.0535,12.0,1
MOT20,V002,2142,switch,S_h,365,176,726,0.8031,0.5243,0.2789,0,,,,0.0625,,0
MOT20,V002,2143,switch,S_h,622,105,621,0.8707,0.7218,0.1490,0,,,,0.0652,,1
MOT20,V002,2144,switch,S_r,621,105,621,0.6055,0.5575,0.0480,0,-0.8328,3.179404,0.0213,0.0573,5.0,1
MOT20,V002,2144,switch,S_r,726,113,510,0.8884,0.5824,0.3060,0,-0.9439,1.150430,0.0194,0.0576,9.0,0
MOT20,V002,2144,switch,S_r,510,185,527,0.8882,0.6822,0.2060,0,0.6438,1.036874,0.0264,0.0581,10.0,0
MOT20,V002,2150,switch,S_r,405,97,727,0.9521,0.4188,0.5332,0,0.9998,1.469082,0.0130,0.0578,8.0,0
MOT20,V002,2150,switch,S_r,727,174,405,0.9271,0.4745,0.4526,0,0.9998,1.619115,0.0198,0.0567,8.0,0
MOT20,V002,2151,switch,S_r,726,176,365,0.9093,0.6618,0.2475,0,0.9054,1.287168,0.0413,0.0564,7.0,0
MOT20,V002,2155,switch,S_r,365,112,567,0.9679,0.5313,0.4366,0,0.9785,2.240364,0.0075,0.0568,4.0,0
MOT20,V002,2155,switch,S_h,510,176,726,0.4989,0.3399,0.1589,0,,,,0.0683,,1
MOT20,V002,2156,switch,S_r,365,185,510,0.8158,0.4272,0.3885,0,0.2808,6.467129,0.0476,0.0587,5.0,0
MOT20,V002,2164,switch,S_c,735,189,638,0.4523,0.2173,0.2350,0,,,,0.1414,,0
MOT20,V002,2184,switch,S_c,739,112,567,0.6257,0.0879,0.5378,0,,,,0.1414,,0
MOT20,V002,2185,switch,S_r,738,128,734,0.8876,0.5582,0.3294,0,,,0.0175,0.0615,5.0,0
MOT20,V002,2185,switch,S_r,726,173,641,0.5156,0.3971,0.1185,0,0.4225,11.789332,0.1597,0.0666,4.0,1
MOT20,V002,2188,switch,S_c,740,113,726,0.6001,0.1961,0.4040,0,,,,0.1414,,0
MOT20,V002,2191,switch,S_h,734,141,738,0.5945,0.4672,0.1272,0,,,,0.0712,,1
MOT20,V002,2192,switch,S_r,707,79,592,0.8528,0.5729,0.2799,0,,,0.0304,0.0570,2.0,0
MOT20,V002,2194,switch,S_r,742,120,598,0.8739,0.6442,0.2296,0,,,0.0234,0.0623,6.0,0
MOT20,V002,2194,switch,S_r,510,169,728,0.8984,0.5019,0.3965,0,-0.6412,3.139914,0.0057,0.0571,5.0,0
MOT20,V002,2194,switch,S_r,527,176,510,0.9536,0.4079,0.5457,0,0.8348,2.173642,0.0057,0.0574,5.0,0
MOT20,V002,2194,switch,S_h,570,177,527,0.5889,0.4740,0.1149,0,,,,0.0574,,1
MOT20,V002,2195,switch,S_c,743,85,686,0.3082,0.2363,0.0719,0,,,,0.1414,,1
MOT20,V002,2195,switch,S_h,598,120,598,0.7056,0.6551,0.0505,0,,,,0.0618,,1
MOT20,V002,2202,switch,S_h,719,177,570,0.4621,0.2398,0.2224,0,,,,0.0739,,0
MOT20,V002,2203,switch,S_c,745,185,365,0.1534,0.1049,0.0485,0,,,,0.1414,,0
MOT20,V002,2204,switch,S_r,715,128,738,0.6202,0.5713,0.0488,0,-0.6848,1.957152,0.0591,0.0550,7.0,1
MOT20,V002,2205,switch,S_h,738,128,738,0.8679,0.5601,0.3078,0,,,,0.0619,,0
MOT20,V002,2228,switch,S_r,727,115,570,0.4535,0.1166,0.3369,0,-0.3706,13.756847,0.1600,0.0560,2.0,0
MOT20,V002,2241,switch,S_c,752,174,727,0.6623,0.6393,0.0230,0,,,,0.1414,,1
MOT20,V002,2244,switch,S_r,641,187,701,0.9477,0.5368,0.4110,0,0.9702,1.314448,0.0260,0.0575,2.0,0
MOT20,V002,2246,switch,S_r,702,99,539,0.8869,0.3588,0.5280,0,0.6368,9.996341,0.0215,0.0571,8.0,0
MOT20,V002,2246,switch,S_r,539,160,702,0.6374,0.6254,0.0120,0,0.9990,2.299699,0.0582,0.0589,8.0,1
MOT20,V002,2247,switch,S_r,701,187,641,0.7417,0.5876,0.1542,0,,,0.0554,0.0579,1.0,1
MOT20,V002,2249,switch,S_h,641,187,701,0.5277,0.0000,0.5277,0,,,,0.0670,,0
MOT20,V002,2252,switch,S_c,754,168,582,0.0091,0.0000,0.0091,0,,,,0.1414,,0
MOT20,V002,2278,switch,S_c,765,174,752,0.7363,0.0893,0.6471,0,,,,0.1414,,0
MOT20,V002,2281,switch,S_c,768,122,610,0.5353,0.2178,0.3175,0,,,,0.1414,,0
MOT20,V002,2286,switch,S_r,740,112,739,0.9532,0.4707,0.4826,0,0.9999,2.781339,0.0048,0.0576,3.0,0
MOT20,V002,2286,switch,S_r,739,113,740,0.9694,0.5031,0.4663,0,0.9362,1.031864,0.0268,0.0578,4.0,0
MOT20,V002,2311,switch,S_r,769,120,598,0.9773,0.5468,0.4306,0,0.6877,2.617250,0.0033,0.0577,4.0,0
MOT20,V002,2315,switch,S_h,778,175,527,0.6150,0.4633,0.1518,0,,,,0.0601,,1
MOT20,V002,2327,switch,S_c,781,119,609,0.3150,0.1045,0.2105,0,,,,0.1414,,0
MOT20,V002,2338,switch,S_c,782,120,769,0.5018,0.1517,0.3501,0,,,,0.1414,,0
MOT20,V002,2360,switch,S_r,671,177,719,0.9540,0.4156,0.5384,0,1.0000,1.167710,0.0354,0.0558,6.0,0
MOT20,V002,2381,switch,S_c,790,177,719,0.3764,0.3244,0.0520,0,,,,0.1414,,1
MOT20,V002,2386,switch,S_r,781,120,782,0.9330,0.2137,0.7193,0,0.9620,1.090952,0.0215,0.0588,1.0,0
MOT20,V002,2460,switch,S_r,656,175,778,0.7739,0.7546,0.0193,0,-0.9996,1.857548,0.0490,0.0583,5.0,1
MOT20,V002,2462,switch,S_h,801,92,688,0.8280,0.4047,0.4233,0,,,,0.1414,,0
MOT20,V002,2502,switch,S_r,407,116,568,0.9266,0.5454,0.3812,0,0.8744,1.301268,0.0247,0.0575,2.0,0
MOT20,V002,2503,switch,S_r,671,159,704,0.4105,0.0790,0.3315,0,0.9335,17.840341,0.1585,0.0554,2.0,0
MOT20,V002,2505,switch,S_c,807,172,693,0.3197,0.1628,0.1569,0,,,,0.1414,,0
MOT20,V002,2506,switch,S_r,734,170,675,0.9665,0.5520,0.4146,0,-0.5547,1.525426,0.0023,0.0577,8.0,0
MOT20,V002,2508,switch,S_r,734,125,646,0.9727,0.4965,0.4762,0,-0.9628,1.123743,0.0054,0.0573,8.0,0
MOT20,V002,2508,switch,S_r,646,141,734,0.9848,0.4805,0.5043,0,0.8857,1.098885,0.0124,0.0575,7.0,0
MOT20,V002,2531,switch,S_c,816,117,671,0.3334,0.0933,0.2402,0,,,,0.1414,,0
MOT20,V002,2535,switch,S_r,691,92,801,0.9886,0.5294,0.4593,0,0.4164,2.353720,0.0019,0.0575,1.0,0
MOT20,V002,2538,switch,S_c,818,131,656,0.6798,0.3994,0.2804,0,,,,0.1414,,0
MOT20,V002,2547,switch,S_r,807,131,818,0.8833,0.5400,0.3434,0,-0.4454,2.220264,0.0163,0.0550,6.0,0
MOT20,V002,2547,switch,S_r,818,172,807,0.9694,0.4266,0.5428,0,1.0000,1.119894,0.0189,0.0582,4.0,0
MOT20,V002,2564,switch,S_r,646,128,738,0.7836,0.4419,0.3418,0,0.9641,6.565043,0.0263,0.0582,4.0,0
MOT20,V002,2589,switch,S_c,830,195,808,0.2135,0.0980,0.1155,0,,,,0.1414,,0
MOT20,V002,2590,switch,S_r,829,141,646,0.9598,0.0446,0.9153,0,0.7082,1.621997,0.0230,0.0594,2.0,0
MOT20,V002,2596,switch,S_c,831,172,818,0.5919,0.3045,0.2873,0,,,,0.1414,,0
MOT20,V002,2597,switch,S_r,828,177,790,0.3821,0.0729,0.3092,0,-0.2784,14.090751,0.1503,0.0589,2.0,0
MOT20,V002,2602,switch,S_c,833,128,646,0.2135,0.1294,0.0841,0,,,,0.1414,,0
MOT20,V002,2604,switch,S_r,790,177,828,0.8011,0.0107,0.7904,0,0.8206,1.903824,0.0548,0.0554,1.0,0
MOT20,V002,2617,switch,S_h,646,122,768,0.5025,0.4734,0.0291,0,,,,0.0695,,1
MOT20,V002,2618,switch,S_r,835,138,699,0.8606,0.8153,0.0453,0,,,0.0337,0.0595,4.0,1
MOT20,V002,2626,switch,S_c,836,177,790,0.1832,0.0964,0.0868,0,,,,0.1414,,0
MOT20,V002,2632,switch,S_r,646,125,734,0.9830,0.5848,0.3982,0,0.8314,2.181986,0.0074,0.0578,2.0,0
MOT20,V002,2633,switch,S_r,790,177,836,0.9218,0.1093,0.8125,0,-0.5000,1.723146,0.0106,0.0578,3.0,0
MOT20,V002,2667,switch,S_r,691,186,729,0.9305,0.6456,0.2850,0,0.4521,1.227817,0.0094,0.0555,2.0,0
MOT20,V002,2669,switch,S_c,844,125,646,0.1625,0.0190,0.1434,0,,,,0.1414,,0
MOT20,V002,2685,switch,S_h,698,127,715,0.6467,0.5640,0.0828,0,,,,0.0694,,1
MOT20,V002,2700,switch,S_r,539,123,698,0.9108,0.4958,0.4150,0,0.9988,1.552313,0.0251,0.0594,5.0,0
MOT20,V002,2724,switch,S_r,698,181,829,0.9426,0.2427,0.6999,0,0.8285,1.851144,0.0092,0.0585,3.0,0
MOT20,V002,2751,switch,S_r,715,128,833,0.9724,0.4688,0.5036,0,0.9988,1.077744,0.0294,0.0572,2.0,0
MOT20,V002,2757,switch,S_r,829,128,715,0.9078,0.6164,0.2914,0,0.9556,1.333443,0.0197,0.0546,1.0,0
MOT20,V002,2762,switch,S_r,859,145,796,0.8889,0.5425,0.3464,0,0.9412,1.512273,0.0280,0.0589,2.0,0
MOT20,V003,69,switch,S_h,941,535,928,0.4440,0.2771,0.1670,0,,,,0.0612,,1
MOT20,V003,82,switch,S_r,935,531,923,0.9314,0.5221,0.4093,0,0.9987,1.295767,0.0442,0.0593,3.0,0
MOT20,V003,83,switch,S_h,923,531,923,0.6801,0.0236,0.6565,0,,,,0.0595,,0
MOT20,V003,87,switch,S_r,935,531,923,0.8638,0.0708,0.7930,0,0.5300,2.358495,0.0363,0.0612,2.0,0
MOT20,V003,141,switch,S_r,974,517,890,0.8732,0.6673,0.2058,0,-0.5597,2.873627,0.0114,0.0558,3.0,0
MOT20,V003,145,switch,S_h,890,517,974,0.2415,0.0000,0.2415,0,,,,0.0812,,0
MOT20,V003,151,switch,S_r,981,522,939,0.8421,0.4390,0.4030,0,0.9335,1.802776,0.0282,0.0656,2.0,0
MOT20,V003,172,switch,S_r,921,169,937,0.9515,0.0000,0.9515,0,,,0.0017,0.0557,0.0,0
MOT20,V003,235,switch,S_r,1003,499,889,0.8906,0.6113,0.2793,0,,,0.0360,0.0634,1.0,0
MOT20,V003,242,switch,S_h,902,30,879,0.0039,0.0000,0.0039,0,,,,0.0680,,0
MOT20,V003,271,switch,S_r,927,112,934,0.9518,0.2223,0.7294,0,0.9749,1.591796,0.0333,0.0565,3.0,0
MOT20,V003,291,switch,S_h,943,30,902,0.0000,0.0000,0.0000,0,,,,0.0656,,0
MOT20,V003,309,switch,S_c,1029,110,927,0.4522,0.1832,0.2690,0,,,,0.1414,,0
MOT20,V003,324,switch,S_h,1020,168,1000,0.5588,0.0950,0.4638,0,,,,0.0692,,0
MOT20,V003,374,switch,S_r,888,29,875,0.8210,0.6546,0.1665,0,0.1813,7.461913,0.0578,0.0559,3.0,1
MOT20,V003,385,switch,S_r,1045,468,870,0.9358,0.2435,0.6922,0,,,0.0194,0.0587,4.0,0
MOT20,V003,432,switch,S_c,1066,110,1029,0.3761,0.3347,0.0414,0,,,,0.1414,,1
MOT20,V003,433,switch,S_r,1045,471,878,0.8849,0.7626,0.1224,0,-0.9144,1.570511,0.0332,0.0579,1.0,1
MOT20,V003,437,switch,S_h,878,471,1045,0.8394,0.0000,0.8394,0,,,,0.0660,,0
MOT20,V003,443,switch,S_c,1069,9,1020,0.2916,0.0000,0.2916,0,,,,0.1414,,0
MOT20,V003,459,switch,S_r,893,492,914,0.9217,0.0209,0.9009,0,0.7295,1.687055,0.0141,0.0592,1.0,0
MOT20,V003,632,switch,S_r,869,110,1066,0.9427,0.2233,0.7194,0,0.9487,3.162278,0.0131,0.0585,3.0,0
MOT20,V003,636,switch,S_r,1112,83,980,0.9026,0.7062,0.1965,0,,,0.0228,0.0551,4.0,1
MOT20,V003,638,switch,S_r,896,67,908,0.9493,0.6960,0.2533,0,0.3333,2.421171,0.0226,0.0573,1.0,0
MOT20,V003,641,switch,S_c,1131,186,868,0.6428,0.0301,0.6127,0,,,,0.1414,,0
MOT20,V003,707,switch,S_h,959,81,915,0.7225,0.6552,0.0673,0,,,,0.0605,,1
MOT20,V003,708,switch,S_h,915,81,915,0.7449,0.5488,0.1962,0,,,,0.0632,,1
MOT20,V003,726,switch,S_r,1148,46,1128,0.9077,0.4840,0.4236,0,0.3820,2.357476,0.0281,0.0648,2.0,0
MOT20,V003,726,switch,S_r,1128,709,1079,0.8152,0.4066,0.4086,0,-0.9955,5.928358,0.0604,0.0572,2.0,0
MOT20,V003,734,switch,S_c,1151,8,1056,0.0000,0.0000,0.0000,0,,,,0.1414,,0
MOT20,V003,750,switch,S_r,1033,305,1016,0.2600,0.0885,0.1715,0,0.8554,21.946562,0.2817,0.0573,1.0,0
MOT20,V003,782,switch,S_r,866,186,1131,0.9273,0.2045,0.7228,0,0.9772,1.147120,0.0204,0.0598,1.0,0
MOT20,V003,784,switch,S_r,1154,305,1033,0.8808,0.0054,0.8753,0,-0.9655,1.727103,0.0088,0.0575,1.0,0
MOT20,V003,790,switch,S_h,1131,186,866,0.4955,0.3267,0.1688,0,,,,0.0601,,1
MOT20,V003,792,switch,S_r,866,186,1131,0.9616,0.5419,0.4197,0,0.9487,1.581139,0.0129,0.0582,2.0,0
MOT20,V003,796,switch,S_h,1131,186,866,0.4955,0.3886,0.1068,0,,,,0.0703,,1
MOT20,V003,812,switch,S_r,866,186,1131,0.9455,0.4932,0.4523,0,0.6075,2.675117,0.0150,0.0570,1.0,0
MOT20,V003,841,switch,S_c,1176,6,1096,0.1776,0.0223,0.1553,0,,,,0.1414,,0
MOT20,V003,854,switch,S_c,1180,5,1133,0.6192,0.0896,0.5296,0,,,,0.1414,,0
MOT20,V003,878,switch,S_r,1177,290,1185,0.9856,0.3693,0.6163,0,1.0000,1.070047,0.0329,0.0574,2.0,0
MOT20,V003,878,switch,S_r,1185,421,1177,0.7918,0.3722,0.4196,0,,,0.0490,0.0612,1.0,0
MOT20,V003,904,switch,S_r,1189,277,1022,0.9322,0.4732,0.4589,0,,,0.0205,0.0589,4.0,0
MOT20,V003,918,switch,S_h,1022,49,1006,0.8142,0.5977,0.2165,0,,,,0.0626,,0
MOT20,V003,920,switch,S_h,1006,49,1022,0.7139,0.4395,0.2744,0,,,,0.0665,,0
MOT20,V003,1052,switch,S_r,1264,277,1189,0.9298,0.0000,0.9298,0,0.4518,1.158569,0.0171,0.0624,0.0,0
MOT20,V003,1055,switch,S_c,1266,3,1123,0.3690,0.0000,0.3690,0,,,,0.1414,,0
MOT20,V003,1078,switch,S_h,1114,10,1076,0.5860,0.4303,0.1558,0,,,,0.0542,,1
MOT20,V003,1079,switch,S_h,999,328,994,0.5141,0.4543,0.0599,0,,,,0.0389,,1
MOT20,V003,1113,switch,S_r,1284,274,1280,0.7664,0.5134,0.2530,0,,,0.0436,0.0662,1.0,0
MOT20,V003,1114,switch,S_c,1285,326,1081,0.0000,0.0000,0.0000,0,,,,0.1414,,0
MOT20,V003,1115,switch,S_h,999,48,1020,0.8632,0.3349,0.5284,0,,,,0.0790,,0
MOT20,V003,1124,switch,S_c,1288,323,979,0.4260,0.3598,0.0662,0,,,,0.1414,,1
MOT20,V003,1142,switch,S_r,1295,318,1280,0.9046,0.1970,0.7076,0,0.9722,8.862193,0.0027,0.0623,1.0,0
MOT20,V003,1143,switch,S_r,1266,45,1115,0.9848,0.0000,0.9848,0,0.9948,1.351882,0.0040,0.0579,0.0,0
MOT20,V003,1145,switch,S_r,1298,326,1285,0.9297,0.6196,0.3101,0,0.5665,1.339068,0.0182,0.0619,2.0,0
MOT20,V003,1145,switch,S_r,1055,428,1030,0.7943,0.5007,0.2936,0,0.9137,4.276951,0.0183,0.0507,7.0,0
MOT20,V003,1146,switch,S_c,1302,324,1074,0.4362,0.1308,0.3054,0,,,,0.1414,,0
MOT20,V003,1146,switch,S_h,1083,328,999,0.8082,0.2069,0.6013,0,,,,0.0669,,0
MOT20,V003,1146,switch,S_r,1030,428,1030,0.9223,0.4833,0.4390,0,-0.9835,2.930569,0.0058,0.0566,5.0,0
MOT20,V003,1152,switch,S_c,1309,277,1264,0.2405,0.0000,0.2405,0,,,,0.1414,,0
MOT20,V003,1155,switch,S_h,1055,428,1030,0.5295,0.3188,0.2108,0,,,,0.0731,,0
MOT20,V003,1157,switch,S_r,1030,12,1055,0.5269,0.2676,0.2593,0,0.9982,3.217291,0.0806,0.0629,5.0,0
MOT20,V003,1157,switch,S_r,1269,325,1094,0.9609,0.4151,0.5458,0,0.9088,1.899603,0.0088,0.0569,7.0,0
MOT20,V003,1157,switch,S_r,1094,428,1055,0.7054,0.5616,0.1438,0,-0.4755,1.764503,0.0520,0.0613,8.0,1
MOT20,V003,1160,switch,S_h,1232,322,970,0.5796,0.3854,0.1942,0,,,,0.1414,,1
MOT20,V003,1164,switch,S_r,999,322,970,0.9002,0.5709,0.3292,0,-0.8631,1.877728,0.0133,0.0566,4.0,0
MOT20,V003,1165,switch,S_h,1091,313,993,0.6053,0.2913,0.3140,0,,,,0.0582,,0
MOT20,V003,1166,switch,S_r,1295,277,1309,0.6699,0.5331,0.1368,0,-0.9978,4.241351,0.0755,0.0582,2.0,1
MOT20,V003,1166,switch,S_r,1309,318,1295,0.9106,0.7199,0.1907,0,,,0.0216,0.0571,3.0,1
MOT20,V003,1167,switch,S_r,1091,9,1069,0.9572,0.6076,0.3496,0,0.9206,3.584690,0.0054,0.0570,5.0,0
MOT20,V003,1177,switch,S_r,1055,325,1269,0.8261,0.5409,0.2853,0,,,0.0478,0.0577,5.0,0
MOT20,V003,1182,switch,S_h,1151,314,1034,0.5743,0.4248,0.1496,0,,,,0.1414,,1
MOT20,V003,1183,switch,S_r,1055,314,1034,0.8518,0.4986,0.3532,0,0.6270,3.508719,0.0490,0.0573,7.0,0
MOT20,V003,1183,switch,S_r,1034,325,1055,0.9541,0.3627,0.5914,0,0.9668,1.108383,0.0389,0.0577,9.0,0
MOT20,V003,1187,switch,S_c,1324,274,1284,0.5981,0.0000,0.5981,0,,,,0.1414,,0
MOT20,V003,1209,switch,S_r,1103,428,1094,0.6928,0.1255,0.5673,0,0.1453,1.340745,0.0606,0.0630,4.0,0
MOT20,V003,1212,switch,S_r,1254,319,1227,0.9143,0.4264,0.4879,0,0.8552,1.753980,0.0231,0.0582,2.0,0
MOT20,V003,1213,switch,S_h,1232,310,1103,0.4572,0.2259,0.2312,0,,,,0.1414,,0
MOT20,V003,1217,switch,S_r,1154,325,1034,0.7172,0.2677,0.4495,0,0.8614,1.466369,0.0652,0.0496,2.0,0
MOT20,V003,1220,switch,S_r,1343,319,1254,0.7756,0.4587,0.3168,0,,,0.0673,0.0671,3.0,0
MOT20,V003,1220,switch,S_c,1314,428,1103,0.2360,0.0644,0.1716,0,,,,0.1414,,0
MOT20,V003,1222,switch,S_h,1103,310,1232,0.6070,0.1965,0.4105,0,,,,0.0473,,0
MOT20,V003,1235,switch,S_r,1351,320,1254,0.7231,0.5484,0.1747,0,,,0.0615,0.0720,4.0,1
MOT20,V003,1239,switch,S_h,1351,319,1343,0.4525,0.3231,0.1294,0,,,,0.0798,,1
MOT20,V003,1239,switch,S_h,1254,320,1254,0.3788,0.3074,0.0713,0,,,,0.0706,,1
MOT20,V003,1241,switch,S_r,1343,319,1351,0.8811,0.3369,0.5442,0,0.8930,1.739779,0.0267,0.0641,3.0,0
MOT20,V003,1253,switch,S_h,1142,296,1158,0.7991,0.1057,0.6934,0,,,,0.0691,,0
MOT20,V003,1264,switch,S_h,1158,321,1250,0.6316,0.0000,0.6316,0,,,,0.1248,,0
MOT20,V003,1268,switch,S_h,1254,293,1242,0.5893,0.2618,0.3275,0,,,,0.0481,,0
MOT20,V003,1316,switch,S_r,1254,289,1275,0.8906,0.2932,0.5974,0,-0.7234,2.465985,0.0202,0.0562,3.0,0
MOT20,V003,1334,switch,S_r,1386,292,1104,0.9561,0.6073,0.3489,0,,,0.0131,0.0635,4.0,0
MOT20,V003,1368,switch,S_r,1104,292,1386,0.9554,0.3935,0.5618,0,0.9719,1.347254,0.0210,0.0563,2.0,0
MOT20,V003,1386,switch,S_c,1416,349,1188,0.0350,0.0000,0.0350,0,,,,0.1414,,0
MOT20,V003,1393,switch,S_h,1414,270,1279,0.2509,0.2256,0.0253,0,,,,0.0613,,1
MOT20,V003,1393,switch,S_h,1289,433,1346,0.0444,0.0210,0.0234,0,,,,0.0657,,0
MOT20,V003,1403,switch,S_r,1279,457,1304,0.8143,0.7805,0.0338,0,,,0.0454,0.0575,7.0,1
MOT20,V003,1406,switch,S_r,1245,237,1320,0.7892,0.4449,0.3443,0,0.9916,2.246551,0.0690,0.0573,3.0,0
MOT20,V003,1411,switch,S_r,1244,260,1245,0.8441,0.2375,0.6066,0,0.5551,1.207155,0.0271,0.0608,3.0,0
MOT20,V003,1423,switch,S_r,1205,460,1234,0.9667,0.3767,0.5901,0,0.9984,1.328203,0.0185,0.0586,3.0,0
MOT20,V003,1438,switch,S_c,1445,348,1205,0.5573,0.4655,0.0918,0,,,,0.1414,,1
MOT20,V003,1475,switch,S_r,1454,266,1233,0.9068,0.3874,0.5194,0,0.9779,2.037572,0.0183,0.0623,1.0,0
MOT20,V003,1492,switch,S_r,1464,426,1136,0.8045,0.7448,0.0597,0,-0.9996,7.402702,0.0327,0.0612,2.0,1
MOT20,V003,1496,switch,S_h,1136,426,1464,0.0674,0.0091,0.0583,0,,,,0.0668,,0
MOT20,V003,1501,switch,S_r,1461,270,1414,0.6490,0.0000,0.6490,0,0.9998,13.420646,0.1580,0.0549,0.0,0
MOT20,V003,1523,switch,S_c,1479,431,1369,0.0000,0.0000,0.0000,0,,,,0.1414,,0
MOT20,V003,1528,switch,S_h,1369,431,1369,0.0000,0.0000,0.0000,0,,,,0.0568,,0
MOT20,V003,1562,switch,S_c,1512,392,1375,0.5426,0.2925,0.2501,0,,,,0.1414,,0
MOT20,V003,1564,switch,S_c,1514,426,1136,0.6856,0.0866,0.5990,0,,,,0.1414,,0
MOT20,V003,1569,switch,S_h,1507,426,1514,0.3757,0.0000,0.3757,0,,,,0.1019,,0
MOT20,V003,1571,switch,S_r,1516,426,1507,0.8603,0.6722,0.1881,0,0.9976,8.620905,0.0634,0.0580,3.0,1
MOT20,V003,1599,switch,S_r,1205,461,1240,0.9035,0.5566,0.3469,0,0.3334,2.931809,0.0205,0.0571,2.0,0
MOT20,V003,1623,switch,S_c,1557,208,1235,0.3888,0.0000,0.3888,0,,,,0.1414,,0
MOT20,V003,1650,switch,S_h,1407,626,1478,0.6956,0.3911,0.3045,0,,,,0.0683,,0
MOT20,V003,1657,switch,S_h,1478,626,1407,0.7600,0.2047,0.5553,0,,,,0.0702,,0
MOT20,V003,1671,switch,S_r,1584,349,1416,0.9250,0.5890,0.3360,0,-0.3457,1.012423,0.0129,0.0633,2.0,0
MOT20,V003,1678,switch,S_r,1279,465,1299,0.8642,0.6919,0.1723,0,,,0.0346,0.0579,3.0,1
MOT20,V003,1695,switch,S_r,1478,381,1490,0.8514,0.3098,0.5415,0,0.8173,1.693774,0.0637,0.0561,4.0,0
MOT20,V003,1698,switch,S_h,1593,601,1498,0.5699,0.2881,0.2818,0,,,,0.0864,,0
MOT20,V003,1698,switch,S_r,1498,626,1478,0.5855,0.1547,0.4308,0,0.7186,7.877069,0.1315,0.0700,6.0,0
MOT20,V003,1702,switch,S_r,1490,381,1478,0.8960,0.5555,0.3406,0,0.9915,1.700968,0.0461,0.0592,4.0,0
MOT20,V003,1716,switch,S_c,1609,625,1474,0.0000,0.0000,0.0000,0,,,,0.1414,,0
MOT20,V003,1718,switch,S_h,1246,410,1243,0.5745,0.0630,0.5115,0,,,,0.0724,,0
MOT20,V003,1723,switch,S_r,1246,408,1342,0.8755,0.1978,0.6777,0,0.9567,11.313708,0.0270,0.0587,2.0,0
MOT20,V003,1739,switch,S_r,1437,592,1444,0.9624,0.4763,0.4861,0,0.8479,2.236068,0.0098,0.0581,2.0,0
MOT20,V003,1740,switch,S_c,1621,684,1345,0.6171,0.1166,0.5005,0,,,,0.1414,,0
MOT20,V003,1760,switch,S_c,1628,589,1283,0.5828,0.3621,0.2207,0,,,,0.1414,,0
MOT20,V003,1762,switch,S_r,1444,592,1437,0.8873,0.5943,0.2930,0,-0.4155,2.283347,0.0242,0.0565,2.0,0
MOT20,V003,1770,switch,S_r,1631,340,1401,0.8179,0.8145,0.0035,0,0.7614,2.422235,0.0377,0.0603,10.0,1
MOT20,V003,1770,switch,S_r,1408,353,1424,0.9700,0.2270,0.7429,0,0.9985,1.458601,0.0208,0.0578,2.0,0
MOT20,V003,1788,switch,S_r,1647,731,1634,0.8837,0.6264,0.2572,0,0.1851,3.672496,0.0104,0.0615,3.0,0
MOT20,V003,1790,switch,S_r,1584,589,1628,0.7267,0.5647,0.1620,0,-0.5812,1.290349,0.0336,0.0535,2.0,1
MOT20,V003,1795,switch,S_c,1653,654,1437,0.3898,0.3494,0.0405,0,,,,0.1414,,1
MOT20,V003,1801,switch,S_c,1659,386,1582,0.3545,0.0586,0.2960,0,,,,0.1414,,0
MOT20,V003,1814,switch,S_r,1657,353,1408,0.8322,0.2336,0.5987,0,-0.9477,2.599249,0.0441,0.0578,3.0,0
MOT20,V003,1814,switch,S_r,1408,654,1653,0.7185,0.3314,0.3871,0,0.9892,2.306270,0.0604,0.0690,2.0,0
MOT20,V003,1822,switch,S_r,1377,354,1396,0.7880,0.4647,0.3233,0,0.9985,2.511813,0.0629,0.0577,5.0,0
MOT20,V003,1822,switch,S_r,1667,388,1377,0.9506,0.3594,0.5911,0,0.6581,6.746851,0.0023,0.0597,7.0,0
MOT20,V003,1822,switch,S_r,1365,392,1512,0.9430,0.5981,0.3449,0,0.9893,1.357694,0.0282,0.0581,7.0,0
MOT20,V003,1827,switch,S_r,1413,385,1365,0.9573,0.3880,0.5694,0,0.9798,1.650094,0.0134,0.0578,8.0,0
MOT20,V003,1827,switch,S_r,1365,678,1413,0.9780,0.3930,0.5850,0,0.9772,1.221912,0.0140,0.0582,8.0,0
MOT20,V003,1828,switch,S_h,1401,392,1512,0.4306,0.4042,0.0264,0,,,,0.0677,,1
MOT20,V003,1833,switch,S_r,1396,354,1377,0.9841,0.3478,0.6362,0,,,0.0007,0.0588,2.0,0
MOT20,V003,1841,switch,S_c,1674,366,1414,0.2885,0.0156,0.2728,0,,,,0.1414,,0
MOT20,V003,1844,switch,S_h,1377,354,1396,0.7750,0.0000,0.7750,0,,,,0.0795,,0
MOT20,V003,1858,switch,S_r,1614,548,1617,0.9241,0.2732,0.6510,0,0.9897,1.406940,0.0492,0.0565,1.0,0
MOT20,V003,1858,switch,S_r,1617,549,1614,0.8819,0.2757,0.6062,0,,,0.0072,0.0599,1.0,0
MOT20,V003,1862,switch,S_r,1393,367,1378,0.9504,0.4805,0.4699,0,0.9313,1.471239,0.0261,0.0569,3.0,0
MOT20,V003,1871,switch,S_c,1687,334,971,0.1790,0.1369,0.0421,0,,,,0.1414,,0
MOT20,V003,1878,switch,S_h,1676,354,1377,0.3020,0.0000,0.3020,0,,,,0.0722,,0
MOT20,V003,1888,switch,S_c,1696,670,1363,0.5100,0.4138,0.0962,0,,,,0.1414,,1
MOT20,V003,1890,switch,S_r,1695,591,1341,0.7050,0.6534,0.0516,0,-0.5164,1.148920,0.0557,0.0715,5.0,1
MOT20,V003,1903,switch,S_c,1704,571,1467,0.1267,0.0000,0.1267,0,,,,0.1414,,0
MOT20,V003,1913,switch,S_r,1710,584,1443,0.8936,0.5644,0.3293,0,,,0.0223,0.0631,9.0,0
MOT20,V003,1913,switch,S_r,1443,670,1696,0.9730,0.3774,0.5956,0,0.7181,1.098163,0.0090,0.0575,11.0,0
MOT20,V003,1917,switch,S_r,1265,338,1256,0.6289,0.2770,0.3520,0,-0.6669,2.643510,0.0983,0.0652,2.0,0
MOT20,V003,1917,switch,S_r,1256,595,1265,0.8326,0.3916,0.4410,0,-0.0868,1.120449,0.0332,0.0541,3.0,0
MOT20,V003,1935,switch,S_r,1719,625,1609,0.9530,0.2746,0.6784,0,0.9799,1.359253,0.0207,0.0617,2.0,0
MOT20,V003,1935,switch,S_r,1609,629,1661,0.9746,0.2551,0.7195,0,0.9769,1.184951,0.0151,0.0580,4.0,0
MOT20,V003,1937,switch,S_c,1722,392,1401,0.6305,0.0997,0.5308,0,,,,0.1414,,0
MOT20,V003,1947,switch,S_r,1371,388,1667,0.9425,0.3280,0.6146,0,-0.8000,1.333333,0.0095,0.0575,5.0,0
MOT20,V003,1949,switch,S_r,1319,380,1270,0.8977,0.1328,0.7649,0,0.4167,1.609802,0.0197,0.0604,3.0,0
MOT20,V003,1960,switch,S_c,1732,366,1674,0.3203,0.2642,0.0561,0,,,,0.1414,,1
MOT20,V003,1970,switch,S_r,1338,380,1319,0.9119,0.4891,0.4228,0,0.9622,1.002526,0.0223,0.0547,5.0,0
MOT20,V003,1979,switch,S_r,1341,394,1272,0.9474,0.4997,0.4476,0,0.9224,1.503724,0.0169,0.0579,5.0,0
MOT20,V003,1979,switch,S_h,1448,581,1459,0.4552,0.4333,0.0219,0,,,,0.0673,,1
MOT20,V003,1995,switch,S_h,1387,378,1420,0.8049,0.3938,0.4111,0,,,,0.0629,,0
MOT20,V003,1998,switch,S_h,1420,378,1387,0.6872,0.3629,0.3242,0,,,,0.0672,,0
MOT20,V003,2002,switch,S_r,1417,585,1387,0.9026,0.2995,0.6032,0,0.9806,1.653369,0.0396,0.0579,4.0,0
MOT20,V003,2010,switch,S_r,1530,386,1659,0.9598,0.2186,0.7412,0,0.6753,1.173903,0.0060,0.0585,2.0,0
MOT20,V003,2011,switch,S_r,1318,380,1338,0.9242,0.1483,0.7758,0,-0.7157,1.159741,0.0095,0.0570,6.0,0
MOT20,V003,2020,switch,S_r,1710,585,1417,0.9198,0.4876,0.4322,0,0.9572,3.455550,0.0065,0.0573,4.0,0
MOT20,V003,2025,switch,S_r,1267,673,1331,0.9683,0.4096,0.5588,0,0.7071,1.414214,0.0154,0.0571,6.0,0
MOT20,V003,2025,switch,S_r,1331,706,1267,0.9494,0.3841,0.5653,0,0.5597,2.087954,0.0059,0.0578,5.0,0
MOT20,V003,2037,switch,S_r,1722,385,1413,0.9642,0.4539,0.5102,0,0.8391,1.197283,0.0115,0.0572,6.0,0
MOT20,V003,2038,switch,S_r,1420,571,1704,0.8615,0.7561,0.1053,0,,,0.0491,0.0593,2.0,1
MOT20,V003,2072,switch,S_c,1779,679,1347,0.7767,0.4228,0.3539,0,,,,0.1414,,0
MOT20,V003,2075,switch,S_r,1621,679,1347,0.9474,0.3525,0.5950,0,0.9616,1.005505,0.0142,0.0582,3.0,0
MOT20,V003,2076,switch,S_c,1780,684,1621,0.5351,0.2960,0.2391,0,,,,0.1414,,0
MOT20,V003,2090,switch,S_r,1782,679,1621,0.8043,0.6828,0.1215,0,0.8819,4.110296,0.0130,0.0568,3.0,1
MOT20,V003,2111,switch,S_c,1802,157,1767,0.6068,0.0233,0.5836,0,,,,0.1414,,0
MOT20,V003,2119,switch,S_r,1722,697,1406,0.9608,0.3780,0.5829,0,,,0.0126,0.0578,4.0,0
MOT20,V003,2126,switch,S_h,1406,622,1488,0.3256,0.2542,0.0714,0,,,,0.0653,,1
MOT20,V003,2127,switch,S_r,1438,648,1450,0.9667,0.4122,0.5545,0,0.9728,1.241030,0.0205,0.0573,4.0,0
MOT20,V003,2127,switch,S_r,1450,665,1438,0.6819,0.5060,0.1759,0,0.9988,2.111612,0.1180,0.0570,5.0,1
MOT20,V003,2128,switch,S_c,1817,650,1457,0.6687,0.5650,0.1036,0,,,,0.1414,,1
MOT20,V003,2129,switch,S_r,1347,678,1365,0.9580,0.0000,0.9580,0,1.0000,2.000000,0.0122,0.0578,0.0,0
MOT20,V003,2131,switch,S_r,1788,664,1357,0.8954,0.4516,0.4438,0,0.7282,1.373249,0.0281,0.0567,7.0,0
MOT20,V003,2134,switch,S_c,1824,679,1782,0.4186,0.1542,0.2644,0,,,,0.1414,,0
MOT20,V003,2142,switch,S_r,1267,706,1331,0.9202,0.0412,0.8790,0,0.9991,1.421267,0.0220,0.0595,3.0,0
MOT20,V003,2153,switch,S_r,1782,681,1621,0.9544,0.5609,0.3935,0,0.6459,1.056996,0.0140,0.0577,2.0,0
MOT20,V003,2156,switch,S_h,1365,684,1780,0.1571,0.1220,0.0351,0,,,,0.1851,,0
MOT20,V003,2157,switch,S_c,1849,244,1627,0.6406,0.3017,0.3389,0,,,,0.1414,,0
MOT20,V003,2160,switch,S_h,1621,681,1782,0.6716,0.0000,0.6716,0,,,,0.0892,,0
MOT20,V003,2161,switch,S_h,1782,681,1782,0.9081,0.0000,0.9081,0,,,,0.0699,,0
MOT20,V003,2163,switch,S_h,1621,681,1782,0.0000,0.0000,0.0000,0,,,,0.0671,,0
MOT20,V003,2165,switch,S_r,1730,636,1713,0.9200,0.4551,0.4650,0,,,0.0193,0.0643,5.0,0
MOT20,V003,2172,switch,S_r,1405,641,1361,0.8876,0.5930,0.2947,0,0.9703,2.415406,0.0391,0.0600,7.0,0
MOT20,V003,2177,switch,S_r,1361,641,1405,0.8470,0.4042,0.4428,0,-0.9603,1.031220,0.0201,0.0567,3.0,0
MOT20,V003,2180,switch,S_h,1722,685,1859,0.2764,0.1970,0.0794,0,,,,0.0738,,0
MOT20,V003,2190,switch,S_h,1705,652,1694,0.5302,0.5203,0.0098,0,,,,0.0727,,1
MOT20,V003,2192,switch,S_r,1465,701,1410,0.4694,0.4446,0.0249,0,0.9310,9.317490,0.3074,0.0644,9.0,1
MOT20,V003,2196,switch,S_r,1410,660,1405,0.9099,0.6412,0.2687,0,-0.9606,1.582403,0.0133,0.0579,8.0,0
MOT20,V003,2196,switch,S_r,1405,701,1465,0.9454,0.4258,0.5196,0,0.8434,1.206430,0.0183,0.0584,11.0,0
MOT20,V003,2198,switch,S_h,1694,656,1688,0.7707,0.6692,0.1016,0,,,,0.0427,,1
MOT20,V003,2200,switch,S_r,1870,656,1694,0.6540,0.4266,0.2273,0,-0.9907,3.185530,0.3202,0.0416,7.0,0
MOT20,V003,2201,switch,S_r,1694,665,1450,0.8611,0.4744,0.3866,0,0.9918,1.636096,0.0403,0.0503,10.0,0
MOT20,V003,2204,switch,S_c,1887,637,1465,0.5064,0.4936,0.0127,0,,,,0.1414,,1
MOT20,V003,2204,switch,S_h,1465,641,1361,0.2719,0.1432,0.1287,0,,,,0.0736,,0
MOT20,V003,2207,switch,S_h,1888,640,1700,0.3537,0.2584,0.0952,0,,,,0.0928,,1
MOT20,V003,2215,switch,S_r,1859,680,1425,0.9636,0.5928,0.3707,0,,,0.0062,0.0572,2.0,0
MOT20,V003,2217,switch,S_r,1881,664,1788,0.9491,0.3257,0.6234,0,0.8721,1.567021,0.0096,0.0590,4.0,0
MOT20,V003,2221,switch,S_r,1361,634,1554,0.8736,0.4836,0.3900,0,0.9791,1.890617,0.0377,0.0539,6.0,0
MOT20,V003,2222,switch,S_r,1895,558,1775,0.9542,0.4225,0.5317,0,0.7194,1.007782,0.0143,0.0583,5.0,0
MOT20,V003,2224,switch,S_r,1846,685,1722,0.4958,0.0000,0.4958,0,-0.2713,9.654198,0.1478,0.0458,0.0,0
MOT20,V003,2226,switch,S_r,1904,686,1891,0.7703,0.6532,0.1172,0,0.7516,3.834825,0.0770,0.0560,3.0,1
MOT20,V003,2227,switch,S_h,1775,558,1895,0.5389,0.3615,0.1774,0,,,,0.0614,,1
MOT20,V003,2227,switch,S_r,1450,656,1870,0.8579,0.4911,0.3668,0,,,0.0560,0.0537,7.0,0
MOT20,V003,2227,switch,S_r,1907,664,1881,0.6127,0.3417,0.2710,0,-0.7120,10.436177,0.0852,0.0730,6.0,0
MOT20,V003,2229,switch,S_c,1912,137,1899,0.4506,0.0446,0.4061,0,,,,0.1414,,0
MOT20,V003,2229,switch,S_r,1882,662,1362,0.6948,0.5669,0.1278,0,0.2680,1.735444,0.0476,0.0675,10.0,1
MOT20,V003,2230,switch,S_r,1554,647,1506,0.9362,0.5429,0.3933,0,0.9857,1.538711,0.0228,0.0587,14.0,0
MOT20,V003,2234,switch,S_r,1491,660,1410,0.9026,0.5513,0.3513,0,0.9357,1.073751,0.0389,0.0606,8.0,0
MOT20,V003,2236,switch,S_r,1410,660,1491,0.7827,0.2662,0.5165,0,,,0.0500,0.0552,9.0,0
MOT20,V003,2236,switch,S_r,1881,704,1404,0.7005,0.5471,0.1534,0,0.9423,4.959482,0.0443,0.0511,8.0,1
MOT20,V003,2237,switch,S_r,1897,214,1917,0.5995,0.5563,0.0432,0,0.2497,21.477323,0.2236,0.0586,2.0,1
MOT20,V003,2239,switch,S_r,1491,660,1410,0.8099,0.2967,0.5132,0,0.9767,1.732668,0.0493,0.0621,7.0,0
MOT20,V003,2241,switch,S_r,1788,704,1881,0.8335,0.4524,0.3811,0,-0.0014,1.038406,0.0300,0.0543,8.0,0
MOT20,V003,2243,switch,S_r,1733,624,1897,0.9461,0.2936,0.6524,0,1.0000,1.514216,0.0231,0.0584,2.0,0
MOT20,V003,2243,switch,S_h,1410,635,1491,0.5298,0.3786,0.1511,0,,,,0.0496,,1
MOT20,V003,2243,switch,S_r,1361,657,1678,0.8281,0.2743,0.5538,0,-0.1146,3.489667,0.0318,0.0616,6.0,0
MOT20,V003,2244,switch,S_r,1922,255,1499,0.8577,0.7129,0.1448,0,0.0270,12.337837,0.0303,0.0620,8.0,1
MOT20,V003,2244,switch,S_r,1588,610,1753,0.7309,0.7267,0.0042,0,-0.5830,2.463846,0.0205,0.0548,6.0,1
MOT20,V003,2244,switch,S_c,1926,623,1733,0.5113,0.3812,0.1301,0,,,,0.1414,,1
MOT20,V003,2245,switch,S_r,1918,236,1455,0.9322,0.6395,0.2927,0,,,0.0198,0.0639,5.0,0
MOT20,V003,2246,switch,S_h,1499,255,1922,0.6698,0.4554,0.2144,0,,,,0.0651,,0
MOT20,V003,2246,switch,S_h,1753,610,1588,0.7005,0.1859,0.5146,0,,,,0.0674,,0
MOT20,V003,2249,switch,S_r,1694,656,1450,0.9301,0.4181,0.5120,0,-0.1789,1.397542,0.0099,0.0567,7.0,0
MOT20,V003,2250,switch,S_h,1730,700,1536,0.5615,0.4400,0.1215,0,,,,0.0615,,1
MOT20,V003,2250,switch,S_r,1404,704,1788,0.6730,0.4554,0.2176,0,-0.9371,1.028953,0.0684,0.0544,7.0,0
MOT20,V003,2251,switch,S_r,1722,680,1859,0.6357,0.3555,0.2802,0,-0.3710,1.717716,0.0945,0.0513,3.0,0
MOT20,V003,2252,switch,S_r,1450,652,1705,0.9530,0.5061,0.4468,0,,,0.0068,0.0594,7.0,0
MOT20,V003,2257,switch,S_h,1455,236,1918,0.7243,0.4292,0.2951,0,,,,0.0748,,0
MOT20,V003,2258,switch,S_r,1406,680,1722,0.9255,0.2433,0.6822,0,0.3387,8.856887,0.0019,0.0578,2.0,0
MOT20,V003,2260,switch,S_r,1678,646,1489,0.6439,0.5022,0.1417,0,0.8114,4.378271,0.0353,0.0473,8.0,1
MOT20,V003,2264,switch,S_r,1705,644,1605,0.9537,0.4485,0.5052,0,,,0.0126,0.0558,9.0,0
MOT20,V003,2264,switch,S_r,1722,680,1406,0.9295,0.7381,0.1913,0,,,0.0151,0.0598,4.0,1
MOT20,V003,2266,switch,S_r,1891,686,1904,0.9146,0.0829,0.8316,0,0.9901,1.330281,0.0662,0.0585,1.0,0
MOT20,V003,2267,switch,S_r,1536,700,1730,0.6080,0.5001,0.1079,0,0.9945,2.409608,0.1087,0.0546,5.0,1
MOT20,V003,2268,switch,S_r,1489,646,1678,0.5273,0.4724,0.0548,0,,,0.1444,0.0642,6.0,1
MOT20,V003,2268,switch,S_h,1410,647,1554,0.5477,0.3159,0.2318,0,,,,0.0699,,0
MOT20,V003,2270,switch,S_r,1678,648,1438,0.8275,0.4963,0.3312,0,0.2631,1.140175,0.0321,0.0628,9.0,0
MOT20,V003,2272,switch,S_r,1881,646,1489,0.8625,0.8071,0.0555,0,0.7367,1.430660,0.0572,0.0566,10.0,1
MOT20,V003,2274,switch,S_r,1489,646,1881,0.9668,0.6074,0.3594,0,,,0.0062,0.0604,8.0,0
MOT20,V003,2275,switch,S_h,1918,229,1460,0.7770,0.4435,0.3335,0,,,,0.0639,,0
MOT20,V003,2276,switch,S_r,1881,652,1450,0.8558,0.7481,0.1077,0,0.9938,2.500000,0.0271,0.0576,7.0,1
MOT20,V003,2277,switch,S_r,1460,229,1918,0.9615,0.5700,0.3915,0,,,0.0072,0.0586,7.0,0
MOT20,V003,2277,switch,S_r,1609,628,1390,0.6407,0.5744,0.0662,0,-0.3072,1.218839,0.0796,0.0622,4.0,1
MOT20,V003,2278,switch,S_h,1450,652,1881,0.8015,0.3848,0.4167,0,,,,0.0566,,0
MOT20,V003,2281,switch,S_r,1678,635,1410,0.7196,0.3934,0.3263,0,0.9810,1.407691,0.1261,0.0477,6.0,0
MOT20,V003,2282,switch,S_c,1954,647,1410,0.5878,0.3653,0.2225,0,,,,0.1414,,0
MOT20,V003,2283,switch,S_r,1361,646,1489,0.8848,0.5594,0.3254,0,0.9348,3.239642,0.0166,0.0567,8.0,0
MOT20,V003,2285,switch,S_r,1647,628,1609,0.7222,0.2969,0.4253,0,0.8615,4.000000,0.0528,0.0645,3.0,0
MOT20,V003,2285,switch,S_r,1410,647,1954,0.7035,0.6875,0.0160,0,-0.9886,1.075543,0.0635,0.0540,8.0,1
MOT20,V003,2286,switch,S_r,1609,628,1609,0.6603,0.2835,0.3768,0,-0.8208,5.048396,0.1116,0.0604,3.0,0
MOT20,V003,2288,switch,S_r,1410,635,1678,0.8917,0.3926,0.4991,0,-0.1041,6.400474,0.0444,0.0653,6.0,0
MOT20,V003,2288,switch,S_r,1888,644,1705,0.9335,0.6310,0.3024,0,0.9447,1.162052,0.0437,0.0561,8.0,0
MOT20,V003,2289,switch,S_r,1404,638,1430,0.8902,0.5459,0.3444,0,,,0.0299,0.0550,5.0,0
MOT20,V003,2289,switch,S_h,1678,647,1410,0.5173,0.4234,0.0939,0,,,,0.0551,,1
MOT20,V003,2292,switch,S_r,1954,635,1410,0.6182,0.5900,0.0282,0,0.9986,2.493108,0.1219,0.0556,6.0,1
MOT20,V003,2298,switch,S_h,1489,646,1361,0.6111,0.3307,0.2805,0,,,,0.0955,,0
MOT20,V003,2298,switch,S_r,1361,652,1450,0.8923,0.4794,0.4129,0,0.9114,1.308258,0.0174,0.0609,4.0,0
MOT20,V003,2300,switch,S_r,1954,648,1678,0.9079,0.3294,0.5784,0,0.0102,2.306002,0.0116,0.0547,5.0,0
MOT20,V003,2301,switch,S_r,1489,652,1450,0.8636,0.1473,0.7163,0,0.7071,2.514157,0.0555,0.0566,3.0,0
MOT20,V003,2303,switch,S_h,1361,646,1361,0.3644,0.3468,0.0176,0,,,,0.0474,,1
MOT20,V003,2307,switch,S_r,1817,646,1361,0.7609,0.3554,0.4055,0,-0.8192,3.661967,0.0553,0.0607,4.0,0
MOT20,V003,2309,switch,S_r,1410,648,1954,0.9211,0.3489,0.5722,0,0.9297,3.420526,0.0081,0.0572,6.0,0
MOT20,V003,2312,switch,S_h,1907,638,1404,0.4619,0.4253,0.0366,0,,,,0.0711,,1
MOT20,V003,2313,switch,S_r,1567,642,1654,0.9119,0.7264,0.1855,0,,,0.0182,0.0536,6.0,1
MOT20,V003,2315,switch,S_h,1430,638,1907,0.5763,0.3659,0.2103,0,,,,0.0784,,0
MOT20,V003,2320,switch,S_r,1404,705,1447,0.9220,0.6075,0.3145,0,0.7237,1.980460,0.0211,0.0589,6.0,0
MOT20,V003,2328,switch,S_r,1598,612,1601,0.7905,0.4816,0.3089,0,-0.9677,2.127751,0.0143,0.0566,8.0,0
MOT20,V003,2331,switch,S_r,1775,505,1769,0.9101,0.2475,0.6626,0,0.2343,1.287617,0.0131,0.0566,3.0,0
MOT20,V003,2331,switch,S_h,1447,705,1404,0.1737,0.0169,0.1568,0,,,,0.0744,,0
MOT20,V003,2332,switch,S_r,1634,629,1609,0.8725,0.0076,0.8649,0,0.9998,1.250309,0.0413,0.0621,1.0,0
MOT20,V003,2332,switch,S_r,1654,633,1671,0.7796,0.5507,0.2289,0,0.1159,6.768706,0.0128,0.0609,3.0,0
MOT20,V003,2345,switch,S_h,1492,613,1718,0.3120,0.2624,0.0496,0,,,,0.0622,,1
MOT20,V003,2350,switch,S_r,1598,613,1492,0.8160,0.5292,0.2868,0,0.3587,2.077471,0.0629,0.0574,5.0,0
MOT20,V003,2351,switch,S_h,1492,613,1492,0.6863,0.3928,0.2935,0,,,,0.0641,,0
MOT20,V003,2352,switch,S_h,1567,236,1455,0.3857,0.1848,0.2010,0,,,,0.0570,,0
MOT20,V003,2354,switch,S_r,1450,236,1567,0.7411,0.4849,0.2562,0,,,0.0449,0.0716,3.0,0
MOT20,V003,2354,switch,S_r,1598,613,1492,0.8432,0.5559,0.2873,0,-0.5369,4.460507,0.0601,0.0567,5.0,0
MOT20,V003,2355,switch,S_h,1567,236,1567,0.6437,0.4306,0.2132,0,,,,0.0582,,0
MOT20,V003,2358,switch,S_r,1432,253,1472,0.6764,0.5977,0.0787,0,-0.8731,1.676948,0.0408,0.0544,5.0,1
MOT20,V003,2358,switch,S_r,2003,689,1997,0.6513,0.0000,0.6513,0,0.9916,4.295453,0.2001,0.0567,0.0,0
MOT20,V003,2361,switch,S_h,1472,253,1432,0.4955,0.2558,0.2397,0,,,,0.0823,,0
MOT20,V003,2361,switch,S_c,2008,558,1775,0.3303,0.3183,0.0120,0,,,,0.1414,,1
MOT20,V003,2363,switch,S_h,1432,253,1472,0.4801,0.4143,0.0658,0,,,,0.0620,,1
MOT20,V003,2374,switch,S_h,1472,253,1432,0.8086,0.2873,0.5213,0,,,,0.0624,,0
MOT20,V003,2377,switch,S_r,1598,610,1753,0.8653,0.2857,0.5797,0,0.7443,4.107236,0.0079,0.0579,2.0,0
MOT20,V003,2381,switch,S_h,1555,230,1665,0.1974,0.0738,0.1236,0,,,,0.0637,,0
MOT20,V003,2381,switch,S_r,1907,254,1468,0.9758,0.4557,0.5201,0,0.9976,1.801996,0.0077,0.0567,5.0,0
MOT20,V003,2381,switch,S_c,2023,576,1819,0.4949,0.3343,0.1607,0,,,,0.1414,,1
MOT20,V003,2382,switch,S_r,1404,253,1472,0.8484,0.6674,0.1810,0,-0.1498,3.708515,0.0437,0.0561,8.0,1
MOT20,V003,2383,switch,S_h,1472,253,1472,0.7570,0.2654,0.4915,0,,,,0.0738,,0
MOT20,V003,2384,switch,S_r,1982,716,1988,0.9666,0.4083,0.5583,0,0.9970,1.200206,0.0342,0.0582,2.0,0
MOT20,V003,2384,switch,S_r,1988,723,1982,0.9752,0.3923,0.5829,0,0.9934,1.219341,0.0243,0.0577,2.0,0
MOT20,V003,2391,switch,S_r,1880,139,1787,0.9584,0.2513,0.7071,0,0.9728,1.371399,0.0181,0.0576,5.0,0
MOT20,V003,2391,switch,S_h,1787,140,1880,0.6111,0.4114,0.1997,0,,,,0.0655,,1
MOT20,V003,2393,switch,S_h,1468,254,1907,0.7121,0.2236,0.4884,0,,,,0.0668,,0
MOT20,V003,2394,switch,S_h,1449,226,1590,0.5425,0.4072,0.1353,0,,,,0.0629,,1
MOT20,V003,2401,switch,S_r,1796,140,1787,0.8623,0.5506,0.3118,0,0.9676,1.994824,0.0572,0.0565,9.0,0
MOT20,V003,2401,switch,S_r,1787,142,1796,0.8988,0.5733,0.3255,0,0.5401,3.374012,0.0080,0.0569,8.0,0
MOT20,V003,2401,switch,S_h,1495,221,1597,0.2293,0.1564,0.0728,0,,,,0.0608,,0
MOT20,V004,7,switch,S_c,2278,349,2254,0.4166,0.3874,0.0292,0,,,,0.1414,,1
MOT20,V004,8,switch,S_r,2254,573,2252,0.9283,0.4179,0.5104,0,0.9280,1.148518,0.0298,0.0585,11.0,0
MOT20,V004,10,switch,S_r,2253,374,2266,0.8986,0.4221,0.4766,0,0.9018,1.016861,0.0324,0.0598,7.0,0
MOT20,V004,11,switch,S_r,2248,373,2259,0.8660,0.4372,0.4288,0,0.8195,2.188271,0.0252,0.0589,2.0,0
MOT20,V004,46,switch,S_r,2324,1167,2321,0.8923,0.5502,0.3420,0,0.9968,4.453536,0.0411,0.0644,3.0,0
MOT20,V004,48,switch,S_c,2330,224,2276,0.4326,0.3900,0.0426,0,,,,0.1414,,1
MOT20,V004,65,switch,S_r,2337,297,2191,0.4657,0.4162,0.0496,0,0.9983,2.307376,0.1691,0.0603,5.0,1
MOT20,V004,87,switch,S_h,2201,376,2243,0.4079,0.0578,0.3501,0,,,,0.0697,,0
MOT20,V004,89,switch,S_h,2216,269,2226,0.5030,0.0000,0.5030,0,,,,0.0660,,0
MOT20,V004,95,switch,S_r,2366,169,2185,0.9033,0.8036,0.0997,0,,,0.0175,0.0651,9.0,1
MOT20,V004,97,switch,S_c,2370,135,2086,0.5553,0.1543,0.4011,0,,,,0.1414,,0
MOT20,V004,110,switch,S_h,2185,169,2366,0.4736,0.3908,0.0828,0,,,,0.0589,,1
MOT20,V004,117,switch,S_r,2201,381,2214,0.7338,0.4510,0.2828,0,,,0.0759,0.0580,5.0,0
MOT20,V004,118,switch,S_r,2383,145,2375,0.4042,0.2748,0.1294,0,-0.8547,10.957535,0.1737,0.0834,5.0,1
MOT20,V004,118,switch,S_r,2385,215,2380,0.9272,0.5455,0.3817,0,,,0.0206,0.0637,7.0,0
MOT20,V004,119,switch,S_h,2183,283,2256,0.5684,0.2908,0.2776,0,,,,0.0671,,0
MOT20,V004,119,switch,S_r,2388,427,2163,0.8534,0.6838,0.1697,0,,,0.0272,0.0622,4.0,1
MOT20,V004,121,switch,S_h,2163,427,2163,0.6544,0.0533,0.6012,0,,,,0.0646,,0
MOT20,V004,122,switch,S_r,2214,381,2201,0.9408,0.6652,0.2756,0,0.9683,1.485983,0.0229,0.0582,3.0,0
MOT20,V004,123,switch,S_r,2386,220,2351,0.9227,0.4720,0.4506,0,,,0.0210,0.0591,7.0,0
MOT20,V004,130,switch,S_r,2386,215,2385,0.9705,0.3951,0.5753,0,0.9989,1.140882,0.0455,0.0566,5.0,0
MOT20,V004,131,switch,S_h,2351,220,2386,0.3662,0.3399,0.0264,0,,,,0.0692,,1
MOT20,V004,134,switch,S_r,2221,378,2229,0.9373,0.3606,0.5767,0,0.1533,1.805973,0.0194,0.0593,2.0,0
MOT20,V004,142,switch,S_h,2402,174,2387,0.8273,0.5628,0.2645,0,,,,0.0618,,0
MOT20,V004,158,switch,S_c,2416,243,2081,0.6368,0.3167,0.3201,0,,,,0.1414,,0
MOT20,V004,166,switch,S_r,2421,224,2330,0.9316,0.4133,0.5183,0,0.9807,1.350611,0.0735,0.0633,6.0,0
MOT20,V004,168,switch,S_r,2423,170,2179,0.9369,0.6451,0.2918,0,-0.4335,1.511451,0.0085,0.0620,6.0,0
MOT20,V004,170,switch,S_r,2386,220,2351,0.9315,0.2654,0.6661,0,0.9804,1.524140,0.0098,0.0566,6.0,0
MOT20,V004,182,switch,S_r,2419,26,2404,0.9499,0.6801,0.2697,0,,,0.0140,0.0550,7.0,0
MOT20,V004,184,switch,S_r,2427,169,2185,0.7825,0.5072,0.2753,0,-0.2766,1.635600,0.0232,0.0626,8.0,0
MOT20,V004,206,switch,S_h,2185,169,2427,0.6411,0.3472,0.2939,0,,,,0.0801,,0
MOT20,V004,213,switch,S_r,2404,81,2333,0.9315,0.6699,0.2616,0,0.9261,7.288690,0.0038,0.0558,10.0,0
MOT20,V004,215,switch,S_r,2445,205,2428,0.9029,0.4988,0.4041,0,0.5926,3.577831,0.0268,0.0613,3.0,0
MOT20,V004,216,switch,S_r,2333,81,2404,0.9098,0.6683,0.2414,0,0.9193,2.178914,0.0522,0.0571,8.0,0
MOT20,V004,218,switch,S_r,2382,215,2386,0.8783,0.5225,0.3558,0,0.4198,5.318099,0.0396,0.0550,6.0,0
MOT20,V004,222,switch,S_h,2330,215,2382,0.5759,0.3920,0.1839,0,,,,0.0648,,1
MOT20,V004,238,switch,S_r,2098,380,2143,0.9485,0.2202,0.7282,0,-0.1745,2.044100,0.0111,0.0577,3.0,0
MOT20,V004,239,switch,S_r,2143,380,2143,0.8028,0.2501,0.5527,0,-0.8771,1.044162,0.0284,0.0577,1.0,0
MOT20,V004,240,switch,S_h,2404,81,2333,0.6642,0.4223,0.2419,0,,,,0.0773,,0
MOT20,V004,245,switch,S_h,2333,81,2404,0.8080,0.3665,0.4414,0,,,,0.0618,,0
MOT20,V004,296,switch,S_r,2455,169,2185,0.9426,0.6383,0.3043,0,0.7621,2.585035,0.0054,0.0582,7.0,0
MOT20,V004,297,switch,S_h,2451,170,2423,0.4187,0.1715,0.2473,0,,,,0.0731,,0
MOT20,V004,307,switch,S_r,2494,81,2333,0.7985,0.5785,0.2199,0,,,0.0594,0.0642,8.0,0
MOT20,V004,316,switch,S_c,2499,261,2277,0.5086,0.1492,0.3593,0,,,,0.1414,,0
MOT20,V004,332,switch,S_h,2185,170,2451,0.8094,0.4202,0.3892,0,,,,0.0603,,0
MOT20,V004,333,switch,S_h,2451,170,2451,0.9239,0.3981,0.5258,0,,,,0.0621,,0
MOT20,V004,335,switch,S_r,2481,424,2178,0.9577,0.6483,0.3094,0,0.9644,1.032630,0.0136,0.0566,8.0,0
MOT20,V004,338,switch,S_r,2513,224,2421,0.9520,0.7167,0.2353,0,0.4557,1.575824,0.0149,0.0621,6.0,0
MOT20,V004,340,switch,S_h,2421,224,2513,0.8250,0.3217,0.5033,0,,,,0.0661,,0
MOT20,V004,342,switch,S_r,2516,170,2451,0.8831,0.7319,0.1513,0,0.4008,3.053858,0.0265,0.0629,6.0,1
MOT20,V004,351,switch,S_c,2527,1167,2324,0.6689,0.4319,0.2370,0,,,,0.1414,,0
MOT20,V004,365,switch,S_r,2537,208,2512,0.8253,0.5587,0.2666,0,0.4340,2.270189,0.0333,0.0628,3.0,0
MOT20,V004,366,switch,S_h,2100,247,2097,0.4286,0.0827,0.3458,0,,,,0.0483,,0
MOT20,V004,372,switch,S_r,2352,26,2419,0.8752,0.5271,0.3481,0,0.0272,2.243728,0.0304,0.0555,7.0,0
MOT20,V004,376,switch,S_r,2419,81,2494,0.8865,0.6645,0.2220,0,,,0.0222,0.0582,7.0,0
MOT20,V004,394,switch,S_r,2455,170,2516,0.8750,0.5460,0.3290,0,0.4787,2.729167,0.0113,0.0580,6.0,0
MOT20,V004,395,switch,S_r,2516,169,2455,0.7529,0.4767,0.2762,0,0.9610,1.696510,0.0675,0.0557,9.0,0
MOT20,V004,396,switch,S_c,2549,81,2494,0.5856,0.4226,0.1630,0,,,,0.1414,,1
MOT20,V004,408,switch,S_r,2419,26,2352,0.9518,0.5382,0.4136,0,0.9366,1.291134,0.0151,0.0585,9.0,0
MOT20,V004,413,switch,S_r,2198,262,2398,0.9454,0.6510,0.2943,0,-0.4371,1.170721,0.0051,0.0573,7.0,0
MOT20,V004,414,switch,S_h,2544,169,2516,0.6113,0.3515,0.2599,0,,,,0.0649,,0
MOT20,V004,416,switch,S_c,2562,110,2062,0.5113,0.1831,0.3282,0,,,,0.1414,,0
MOT20,V004,422,switch,S_h,2115,1117,2097,0.7304,0.3012,0.4292,0,,,,0.0561,,0
MOT20,V004,423,switch,S_r,2059,223,2228,0.9628,0.5227,0.4402,0,1.0000,2.178353,0.0122,0.0568,3.0,0
MOT20,V004,423,switch,S_h,2097,1117,2097,0.6907,0.4132,0.2775,0,,,,0.0616,,0
MOT20,V004,426,switch,S_h,2398,262,2198,0.8729,0.3985,0.4743,0,,,,0.0757,,0
MOT20,V004,429,switch,S_h,2198,262,2398,0.4053,0.0637,0.3416,0,,,,0.0671,,0
MOT20,V004,431,switch,S_r,2455,169,2544,0.9629,0.5025,0.4604,0,-0.1531,2.477485,0.0068,0.0571,8.0,0
MOT20,V004,431,switch,S_r,2544,170,2455,0.9463,0.4967,0.4496,0,0.9482,1.993107,0.0094,0.0574,4.0,0
MOT20,V004,432,switch,S_h,2079,195,2192,0.5713,0.2226,0.3487,0,,,,0.0829,,0
MOT20,V004,440,switch,S_r,2276,224,2421,0.9877,0.6624,0.3253,0,0.9988,1.055743,0.0211,0.0569,4.0,0
MOT20,V004,444,switch,S_r,2059,222,2276,0.9234,0.2667,0.6567,0,0.9393,4.437371,0.0053,0.0565,3.0,0
MOT20,V004,446,switch,S_h,2134,193,2095,0.7856,0.3679,0.4177,0,,,,0.0613,,0
MOT20,V004,449,switch,S_r,2059,224,2421,0.8885,0.3035,0.5851,0,0.9913,1.800853,0.0337,0.0605,3.0,0
MOT20,V004,450,switch,S_r,2065,193,2134,0.6058,0.5069,0.0989,0,-0.9994,11.286223,0.1211,0.0554,7.0,1
MOT20,V004,450,switch,S_r,2315,194,2065,0.9188,0.3594,0.5594,0,-0.6352,1.229323,0.0159,0.0568,6.0,0
MOT20,V004,455,switch,S_r,2079,192,2315,0.7707,0.4799,0.2908,0,0.7835,3.172587,0.0287,0.0566,6.0,0
MOT20,V004,459,switch,S_r,2276,224,2059,0.9470,0.3129,0.6341,0,0.9874,1.895886,0.0120,0.0569,3.0,0
MOT20,V004,478,switch,S_r,2352,26,2419,0.9311,0.6763,0.2547,0,0.9019,1.420411,0.0395,0.0551,6.0,0
MOT20,V004,479,switch,S_h,2419,88,2352,0.6115,0.4090,0.2025,0,,,,0.0672,,0
MOT20,V004,485,switch,S_h,2077,230,2073,0.3389,0.0653,0.2737,0,,,,0.0852,,0
MOT20,V004,485,switch,S_r,2097,234,2207,0.9363,0.4459,0.4904,0,0.6216,9.034123,0.0013,0.0569,7.0,0
MOT20,V004,485,switch,S_r,2207,1117,2097,0.8195,0.4848,0.3346,0,0.8818,2.829265,0.0214,0.0579,7.0,0
MOT20,V004,489,switch,S_h,2568,228,2064,0.6195,0.1908,0.4287,0,,,,0.0698,,0
MOT20,V004,506,switch,S_h,2499,128,2155,0.7619,0.4618,0.3001,0,,,,0.0626,,0
MOT20,V004,506,switch,S_r,2073,233,2116,0.8743,0.2955,0.5788,0,0.9749,1.839800,0.0315,0.0613,6.0,0
MOT20,V004,508,switch,S_r,2155,128,2155,0.8033,0.5236,0.2797,0,0.3953,5.536461,0.0425,0.0581,10.0,0
MOT20,V004,511,switch,S_h,2116,132,2073,0.4566,0.4343,0.0223,0,,,,0.0560,,1
MOT20,V004,519,switch,S_h,2604,164,2172,0.5970,0.3209,0.2761,0,,,,0.0631,,0
MOT20,V004,529,switch,S_h,2623,72,2405,0.8241,0.6425,0.1817,0,,,,0.1414,,1
MOT20,V004,542,switch,S_r,2073,132,2116,0.8443,0.2709,0.5734,0,0.8674,5.006625,0.0095,0.0567,5.0,0
MOT20,V004,555,switch,S_r,2056,226,2281,0.8931,0.6014,0.2917,0,0.9617,1.483144,0.0264,0.0536,5.0,0
MOT20,V004,563,switch,S_h,2405,72,2623,0.8139,0.3499,0.4640,0,,,,0.0684,,0
MOT20,V004,564,switch,S_h,2623,72,2623,0.7471,0.4739,0.2731,0,,,,0.0624,,0
MOT20,V004,565,switch,S_h,2405,72,2623,0.8273,0.3836,0.4437,0,,,,0.0636,,0
MOT20,V004,574,switch,S_h,2172,170,2544,0.5041,0.3577,0.1464,0,,,,0.0674,,1
MOT20,V004,578,switch,S_h,2432,167,2363,0.3686,0.2789,0.0897,0,,,,0.0977,,1
MOT20,V004,597,switch,S_r,2663,91,2470,0.8863,0.7074,0.1789,0,,,0.0193,0.0649,7.0,1
MOT20,V004,599,switch,S_h,2470,91,2663,0.8481,0.3403,0.5078,0,,,,0.0650,,0
MOT20,V004,601,switch,S_h,2332,167,2432,0.2599,0.0000,0.2599,0,,,,0.0654,,0
MOT20,V004,601,switch,S_r,2544,169,2455,0.8356,0.5519,0.2837,0,-0.7584,1.938886,0.0232,0.0584,7.0,0
MOT20,V004,611,switch,S_h,2522,168,2332,0.3987,0.0006,0.3981,0,,,,0.0868,,0
MOT20,V004,627,switch,S_r,2651,159,2472,0.8840,0.6353,0.2487,0,,,0.0246,0.0579,9.0,0
MOT20,V004,630,switch,S_r,2472,159,2651,0.9208,0.5619,0.3589,0,,,0.0263,0.0585,9.0,0
MOT20,V004,633,switch,S_r,2455,170,2172,0.9349,0.6307,0.3041,0,0.9997,2.828427,0.0182,0.0587,5.0,0
MOT20,V004,642,switch,S_r,2697,1182,2681,0.7718,0.6851,0.0867,0,0.5178,4.754173,0.0733,0.0521,3.0,1
MOT20,V004,646,switch,S_h,2172,170,2455,0.5110,0.0340,0.4771,0,,,,0.0702,,0
MOT20,V004,648,switch,S_c,2705,1182,2697,0.3135,0.1932,0.1203,0,,,,0.1414,,0
MOT20,V004,651,switch,S_h,2455,170,2172,0.5862,0.1685,0.4177,0,,,,0.0752,,0
MOT20,V004,656,switch,S_r,2470,65,2531,0.9388,0.6879,0.2509,0,0.7243,4.774426,0.0258,0.0568,7.0,0
MOT20,V004,658,switch,S_r,2710,69,2615,0.8132,0.8042,0.0090,0,-0.2033,2.007056,0.0141,0.0562,8.0,1
MOT20,V004,658,switch,S_r,2313,77,2356,0.8405,0.4195,0.4210,0,-0.5221,2.237814,0.0297,0.0589,8.0,0
MOT20,V004,659,switch,S_h,2713,89,2313,0.4777,0.4428,0.0349,0,,,,0.0647,,1
MOT20,V004,660,switch,S_h,2651,1117,2207,0.4544,0.3859,0.0685,0,,,,0.0611,,1
MOT20,V004,661,switch,S_r,2615,69,2710,0.9392,0.6679,0.2713,0,0.9705,1.919863,0.0244,0.0585,8.0,0
MOT20,V004,664,switch,S_h,2531,65,2470,0.8105,0.2745,0.5359,0,,,,0.0645,,0
MOT20,V004,665,switch,S_r,2722,153,2510,0.6177,0.5888,0.0289,0,-0.1790,2.221874,0.0341,0.0622,5.0,1
MOT20,V004,667,switch,S_r,2356,77,2313,0.9585,0.4149,0.5435,0,0.9882,2.643306,0.0122,0.0573,5.0,0
MOT20,V004,670,switch,S_h,2470,65,2531,0.3021,0.1656,0.1364,0,,,,0.0681,,0
MOT20,V004,670,switch,S_r,2677,143,2496,0.8354,0.5136,0.3218,0,0.9800,5.591392,0.0164,0.0572,7.0,0
MOT20,V004,671,switch,S_r,2402,146,2391,0.6867,0.4046,0.2822,0,-0.5177,3.423282,0.0540,0.0591,7.0,0
MOT20,V004,671,switch,S_h,2716,174,2402,0.6771,0.3665,0.3106,0,,,,0.0671,,0
MOT20,V004,672,switch,S_c,2727,125,2317,0.7062,0.2324,0.4738,0,,,,0.1414,,0
MOT20,V004,673,switch,S_h,2510,153,2722,0.6918,0.1441,0.5477,0,,,,0.0704,,0
MOT20,V004,690,switch,S_h,2496,143,2677,0.3991,0.3536,0.0455,0,,,,0.0706,,1
MOT20,V004,693,switch,S_r,2710,69,2615,0.7429,0.7368,0.0062,0,,,0.0523,0.0579,7.0,1
MOT20,V004,694,switch,S_h,2615,69,2615,0.7952,0.5261,0.2690,0,,,,0.0626,,0
MOT20,V004,694,switch,S_h,2677,146,2402,0.6200,0.1879,0.4322,0,,,,0.0661,,0
MOT20,V004,696,switch,S_r,2409,126,2314,0.9591,0.3905,0.5685,0,0.9928,1.378221,0.0162,0.0589,1.0,0
MOT20,V004,697,switch,S_h,2314,126,2314,0.4320,0.1618,0.2701,0,,,,0.0739,,0
MOT20,V004,697,switch,S_r,2375,146,2677,0.9921,0.4074,0.5846,0,0.9985,1.053070,0.0187,0.0573,7.0,0
MOT20,V004,698,switch,S_h,2479,172,2232,0.7865,0.4574,0.3292,0,,,,0.0619,,0
MOT20,V004,698,switch,S_h,2677,173,2375,0.4119,0.1505,0.2614,0,,,,0.0661,,0
MOT20,V004,698,switch,S_h,2402,1118,2558,0.0442,0.0365,0.0078,0,,,,0.0628,,0
MOT20,V004,699,switch,S_r,2639,175,2670,0.7102,0.5838,0.1264,0,-0.9476,1.058917,0.0518,0.0582,2.0,1
MOT20,V004,700,switch,S_r,2479,171,2189,0.7750,0.6097,0.1652,0,0.9171,2.696265,0.0284,0.0560,8.0,1
MOT20,V004,701,switch,S_h,2232,172,2232,0.4327,0.4294,0.0034,0,,,,0.0680,,1
MOT20,V004,702,switch,S_r,2739,78,2634,0.8620,0.4937,0.3683,0,-0.3002,2.991495,0.0122,0.0607,7.0,0
MOT20,V004,703,switch,S_h,2670,175,2639,0.5879,0.0012,0.5868,0,,,,0.0850,,0
MOT20,V004,709,switch,S_r,2232,171,2479,0.6708,0.5236,0.1473,0,0.9843,2.678606,0.0840,0.0518,9.0,1
MOT20,V004,710,switch,S_r,2746,69,2615,0.9489,0.5528,0.3962,0,-0.3412,1.242578,0.0046,0.0592,9.0,0
MOT20,V004,710,switch,S_r,2722,153,2510,0.8230,0.7515,0.0715,0,-0.9708,1.111812,0.0374,0.0568,2.0,1
MOT20,V004,711,switch,S_r,2207,176,2525,0.9709,0.2940,0.6768,0,0.9899,1.229751,0.0161,0.0570,11.0,0
MOT20,V004,712,switch,S_r,2738,1060,2680,0.8411,0.6474,0.1937,0,0.9938,1.208767,0.0669,0.0559,3.0,1
MOT20,V004,714,switch,S_r,2752,143,2496,0.8455,0.4022,0.4433,0,-0.8348,2.678631,0.0265,0.0611,7.0,0
MOT20,V004,718,switch,S_h,2207,147,2319,0.8555,0.2354,0.6200,0,,,,0.0651,,0
MOT20,V004,719,switch,S_h,2319,147,2319,0.7727,0.2892,0.4835,0,,,,0.0631,,0
MOT20,V004,719,switch,S_r,2752,174,2716,0.7660,0.7496,0.0164,0,,,0.0999,0.0579,8.0,1
MOT20,V004,720,switch,S_h,2207,147,2319,0.8337,0.2613,0.5724,0,,,,0.0632,,0
MOT20,V004,720,switch,S_h,2716,174,2716,0.6524,0.1449,0.5075,0,,,,0.0612,,0
MOT20,V004,721,switch,S_c,2760,143,2752,0.3390,0.2680,0.0709,0,,,,0.1414,,1
MOT20,V004,734,switch,S_r,2727,112,2605,0.8829,0.5466,0.3363,0,,,0.0262,0.0562,3.0,0
MOT20,V004,741,switch,S_c,2777,98,2765,0.2255,0.1660,0.0595,0,,,,0.1414,,0
MOT20,V004,741,switch,S_r,2604,170,2455,0.9633,0.0659,0.8974,0,0.7687,1.461732,0.0110,0.0584,2.0,0
MOT20,V004,754,switch,S_h,2756,88,2419,0.5901,0.2500,0.3402,0,,,,0.0752,,0
MOT20,V004,766,switch,S_h,2739,1174,2643,0.4441,0.3695,0.0747,0,,,,0.0635,,1
MOT20,V004,767,switch,S_r,2786,89,2713,0.9562,0.5435,0.4127,0,0.9939,1.866110,0.0114,0.0593,9.0,0
MOT20,V004,768,switch,S_h,2643,78,2739,0.5689,0.2056,0.3633,0,,,,0.0748,,0
MOT20,V004,775,switch,S_r,2795,1182,2705,0.9264,0.7517,0.1747,0,0.6153,1.666822,0.0107,0.0591,4.0,1
MOT20,V004,776,switch,S_r,2797,176,2525,0.9045,0.6075,0.2969,0,0.9772,1.281783,0.0426,0.0578,4.0,0
MOT20,V004,779,switch,S_h,2083,44,2084,0.8393,0.3584,0.4810,0,,,,0.0621,,0
MOT20,V004,779,switch,S_r,2473,160,2601,0.7014,0.6218,0.0796,0,0.9993,1.140036,0.0967,0.0670,6.0,1
MOT20,V004,781,switch,S_h,2601,156,2473,0.5427,0.3459,0.1968,0,,,,0.0459,,1
MOT20,V004,786,switch,S_c,2812,1066,2642,0.4381,0.4379,0.0002,0,,,,0.1414,,1
MOT20,V004,789,switch,S_h,2810,98,2777,0.4202,0.0000,0.4202,0,,,,0.0627,,0
MOT20,V004,792,switch,S_r,2084,44,2083,0.8962,0.6473,0.2489,0,,,0.0339,0.0599,7.0,0
MOT20,V004,794,switch,S_r,2536,75,2467,0.9449,0.5283,0.4166,0,0.9983,1.305256,0.0182,0.0590,8.0,0
MOT20,V004,794,switch,S_r,2467,76,2536,0.8666,0.3910,0.4757,0,0.8670,1.350274,0.0462,0.0565,7.0,0
MOT20,V004,796,switch,S_r,2690,155,2652,0.8467,0.5683,0.2784,0,0.8229,1.268564,0.0356,0.0611,5.0,0
MOT20,V004,797,switch,S_c,2827,78,2643,0.6965,0.2251,0.4714,0,,,,0.1414,,0
MOT20,V004,803,switch,S_r,2470,51,2325,0.9573,0.5269,0.4305,0,0.9698,1.911673,0.0066,0.0571,8.0,0
MOT20,V004,803,switch,S_r,2325,65,2470,0.9367,0.4790,0.4577,0,-0.1280,3.473000,0.0102,0.0577,8.0,0
MOT20,V004,805,switch,S_r,2672,103,2673,0.8342,0.3700,0.4642,0,0.6430,2.540901,0.0559,0.0538,4.0,0
MOT20,V004,806,switch,S_r,2601,159,2472,0.8877,0.4821,0.4056,0,-0.1207,4.969686,0.0067,0.0589,5.0,0
MOT20,V004,809,switch,S_h,2784,83,2622,0.5573,0.3843,0.1730,0,,,,0.0718,,1
MOT20,V004,815,switch,S_r,2784,39,2622,0.5887,0.3748,0.2139,0,0.9462,3.014944,0.0466,0.0589,7.0,0
MOT20,V004,816,switch,S_h,2622,83,2784,0.5289,0.3301,0.1988,0,,,,0.0646,,1
MOT20,V004,821,switch,S_h,2536,87,2438,0.7180,0.3291,0.3889,0,,,,0.0606,,0
MOT20,V004,821,switch,S_r,2438,91,2470,0.7231,0.4426,0.2805,0,0.9872,2.983190,0.0586,0.0581,8.0,0
MOT20,V004,823,switch,S_c,2847,88,2756,0.6163,0.1428,0.4735,0,,,,0.1414,,0
MOT20,V004,827,switch,S_r,2438,75,2536,0.9800,0.4382,0.5419,0,0.9844,1.034945,0.0212,0.0573,9.0,0
MOT20,V004,829,switch,S_r,2643,51,2470,0.8852,0.8408,0.0444,0,0.8637,1.436721,0.0371,0.0592,7.0,1
MOT20,V004,830,switch,S_h,2470,51,2470,0.8789,0.3797,0.4993,0,,,,0.0620,,0
MOT20,V004,835,switch,S_r,2375,173,2677,0.9356,0.6653,0.2704,0,0.8236,3.324031,0.0059,0.0563,7.0,0
MOT20,V004,847,switch,S_r,2651,83,2622,0.9471,0.5403,0.4068,0,0.9072,1.292403,0.0102,0.0565,7.0,0
MOT20,V004,847,switch,S_c,2866,91,2438,0.4332,0.1902,0.2430,0,,,,0.1414,,0
MOT20,V004,854,switch,S_h,2643,89,2786,0.1876,0.1788,0.0088,0,,,,0.0637,,0
MOT20,V004,856,switch,S_h,2383,143,2760,0.8130,0.3234,0.4896,0,,,,0.0673,,0
MOT20,V004,856,switch,S_r,2864,1001,2831,0.9614,0.4744,0.4871,0,0.9980,2.450399,0.0072,0.0589,7.0,0
MOT20,V004,857,switch,S_r,2872,674,2131,0.9390,0.6742,0.2648,0,,,0.0158,0.0617,4.0,0
MOT20,V004,858,switch,S_r,2536,65,2325,0.9248,0.6137,0.3112,0,0.7497,1.219410,0.0173,0.0584,8.0,0
MOT20,V004,858,switch,S_r,2325,87,2536,0.9440,0.6276,0.3163,0,0.8718,1.170888,0.0147,0.0583,8.0,0
MOT20,V004,858,switch,S_r,2760,143,2383,0.9930,0.7106,0.2824,0,,,0.0014,0.0584,8.0,0
MOT20,V004,861,switch,S_h,2383,143,2383,0.6629,0.1958,0.4671,0,,,,0.0575,,0
MOT20,V004,868,switch,S_r,2622,83,2651,0.9715,0.5167,0.4548,0,0.7852,1.227513,0.0072,0.0579,7.0,0
MOT20,V004,869,switch,S_c,2882,8,2876,0.3415,0.2537,0.0878,0,,,,0.1414,,1
MOT20,V004,870,switch,S_r,2878,143,2383,0.9676,0.3143,0.6533,0,0.9927,2.045633,0.0139,0.0597,6.0,0
MOT20,V004,872,switch,S_h,2131,674,2872,0.3244,0.2435,0.0809,0,,,,0.0673,,1
MOT20,V004,880,switch,S_c,2894,1117,2651,0.3223,0.1039,0.2184,0,,,,0.1414,,0
MOT20,V004,882,switch,S_r,2890,997,2889,0.9317,0.4854,0.4463,0,0.9996,1.903583,0.0458,0.0592,6.0,0
MOT20,V004,899,switch,S_r,2643,54,2468,0.9611,0.2495,0.7115,0,0.9055,1.680883,0.0131,0.0576,6.0,0
MOT20,V004,899,switch,S_r,2468,71,2561,0.4088,0.3927,0.0161,0,-0.1361,19.045853,0.3524,0.0566,9.0,1
MOT20,V004,899,switch,S_c,2909,89,2643,0.5674,0.1752,0.3922,0,,,,0.1414,,0
MOT20,V004,901,switch,S_r,2866,75,2438,0.8051,0.5796,0.2255,0,-0.9569,1.770401,0.0262,0.0568,5.0,0
MOT20,V004,903,switch,S_r,2335,48,2353,0.9530,0.7016,0.2514,0,,,0.0092,0.0569,8.0,0
MOT20,V004,916,switch,S_r,2438,75,2866,0.8515,0.4524,0.3991,0,0.8860,1.792859,0.0533,0.0594,5.0,0
MOT20,V004,919,switch,S_h,2917,1184,2807,0.5752,0.0451,0.5301,0,,,,0.0389,,0
MOT20,V004,922,switch,S_r,2927,83,2622,0.8924,0.6697,0.2227,0,0.7692,1.141952,0.0181,0.0610,4.0,0
MOT20,V004,922,switch,S_r,2467,925,2438,0.9389,0.3870,0.5519,0,0.9153,1.322464,0.0235,0.0574,5.0,0
MOT20,V004,927,switch,S_h,2622,83,2927,0.6624,0.1647,0.4977,0,,,,0.0668,,0
MOT20,V004,933,switch,S_r,2866,76,2467,0.9547,0.6340,0.3207,0,0.9986,6.597682,0.0090,0.0572,7.0,0
MOT20,V004,934,switch,S_h,2549,88,2847,0.5636,0.3873,0.1763,0,,,,0.0512,,1
MOT20,V004,941,switch,S_r,2467,91,2866,0.9116,0.5033,0.4082,0,0.8384,1.035753,0.0385,0.0597,5.0,0
MOT20,V004,945,switch,S_r,2353,48,2335,0.9820,0.4928,0.4892,0,0.8838,1.282359,0.0051,0.0576,7.0,0
MOT20,V004,957,switch,S_r,2600,87,2325,0.7434,0.6341,0.1093,0,0.5498,3.736384,0.0651,0.0568,10.0,1
MOT20,V004,959,switch,S_r,2325,87,2600,0.8030,0.5973,0.2057,0,,,0.0559,0.0581,10.0,0
MOT20,V004,965,switch,S_h,2942,921,2825,0.6237,0.4128,0.2108,0,,,,0.0796,,0
MOT20,V004,966,switch,S_h,2323,91,2467,0.6515,0.4241,0.2274,0,,,,0.0614,,0
MOT20,V004,969,switch,S_r,2468,87,2325,0.9025,0.3309,0.5716,0,0.5922,1.024453,0.0203,0.0573,9.0,0
MOT20,V004,969,switch,S_r,2744,1117,2894,0.9374,0.4126,0.5248,0,0.7487,1.012397,0.0231,0.0589,12.0,0
MOT20,V004,969,switch,S_r,2962,1165,2744,0.9191,0.4737,0.4454,0,,,0.0160,0.0632,12.0,0
MOT20,V004,972,switch,S_r,2967,1175,2607,0.7724,0.7055,0.0669,0,0.9264,12.238507,0.0575,0.0585,12.0,1
MOT20,V004,979,switch,S_h,2774,12,2829,0.2052,0.0000,0.2052,0,,,,0.0670,,0
MOT20,V004,983,switch,S_h,2504,76,2866,0.5607,0.1661,0.3946,0,,,,0.0604,,0
MOT20,V004,992,switch,S_r,2607,1175,2967,0.8099,0.5793,0.2306,0,,,0.0856,0.0578,9.0,0
MOT20,V004,996,switch,S_r,2643,87,2468,0.5771,0.3120,0.2651,0,-0.6478,51.188492,0.4872,0.0523,7.0,0
MOT20,V004,1003,switch,S_c,2991,922,2830,0.8082,0.4744,0.3338,0,,,,0.1414,,0
MOT20,V004,1004,switch,S_r,2504,65,2536,0.9103,0.4136,0.4967,0,1.0000,1.111887,0.0395,0.0600,1.0,0
MOT20,V004,1004,switch,S_r,2536,76,2504,0.9340,0.3778,0.5562,0,0.8618,2.042534,0.0120,0.0582,1.0,0
MOT20,V004,1009,switch,S_r,2349,88,2549,0.8545,0.4427,0.4118,0,0.4686,4.928695,0.0442,0.0563,4.0,0
MOT20,V004,1011,switch,S_c,2994,87,2643,0.5369,0.4316,0.1053,0,,,,0.1414,,1
MOT20,V004,1015,switch,S_r,2942,814,2823,0.9133,0.4850,0.4283,0,-0.6312,1.159507,0.0155,0.0564,4.0,0
MOT20,V004,1015,switch,S_r,2823,921,2942,0.9459,0.5305,0.4154,0,-0.9974,1.841491,0.0068,0.0572,4.0,0
MOT20,V004,1017,switch,S_r,2549,88,2349,0.9266,0.3030,0.6235,0,0.0025,2.704706,0.0185,0.0565,3.0,0
MOT20,V004,1018,switch,S_c,2998,86,2565,0.5370,0.0060,0.5311,0,,,,0.1414,,0
MOT20,V004,1022,switch,S_c,3002,838,2382,0.1365,0.1130,0.0236,0,,,,0.1414,,0
MOT20,V004,1026,switch,S_r,2415,90,2467,0.9595,0.4390,0.5205,0,-0.7749,1.008696,0.0071,0.0576,2.0,0
MOT20,V004,1037,switch,S_c,3012,1171,3003,0.2365,0.1229,0.1136,0,,,,0.1414,,0
MOT20,V004,1038,switch,S_r,3003,1,3009,0.6189,0.3982,0.2207,0,0.9992,3.638034,0.2381,0.0602,4.0,0
MOT20,V004,1042,switch,S_c,3014,63,2627,0.5504,0.2033,0.3471,0,,,,0.1414,,0
MOT20,V004,1045,switch,S_h,2467,91,2323,0.6385,0.3852,0.2533,0,,,,0.0787,,0
MOT20,V004,1049,switch,S_h,2755,1196,2754,0.5580,0.3409,0.2171,0,,,,0.0704,,0
MOT20,V004,1053,switch,S_r,2668,1155,2703,0.9421,0.7505,0.1916,0,0.8953,1.560295,0.0204,0.0575,10.0,1
MOT20,V004,1054,switch,S_h,2703,1155,2703,0.6024,0.3698,0.2326,0,,,,0.0607,,0
MOT20,V004,1059,switch,S_r,3020,16,2737,0.9017,0.6504,0.2513,0,0.8400,1.661432,0.0274,0.0620,5.0,0
MOT20,V004,1061,switch,S_r,3020,86,2998,0.8964,0.3664,0.5300,0,0.5130,2.035015,0.0277,0.0636,2.0,0
MOT20,V004,1062,switch,S_r,3018,1176,2714,0.9626,0.5232,0.4394,0,0.9854,2.868140,0.0059,0.0575,12.0,0
MOT20,V004,1065,switch,S_h,2737,16,3020,0.4595,0.3520,0.1076,0,,,,0.0848,,1
MOT20,V004,1065,switch,S_h,2998,86,3020,0.7891,0.2582,0.5310,0,,,,0.0698,,0
MOT20,V004,1065,switch,S_c,3026,1211,3017,0.3947,0.2899,0.1048,0,,,,0.1414,,1
MOT20,V004,1067,switch,S_r,3002,1090,2879,0.8733,0.2587,0.6147,0,0.4142,3.547864,0.0274,0.0565,6.0,0
MOT20,V004,1072,switch,S_r,2590,70,2588,0.9578,0.4796,0.4782,0,0.9990,3.193605,0.0162,0.0581,6.0,0
MOT20,V004,1072,switch,S_c,3031,1211,3026,0.5698,0.2769,0.2929,0,,,,0.1414,,0
MOT20,V004,1077,switch,S_h,2983,1182,2795,0.6200,0.2937,0.3263,0,,,,0.0746,,0
MOT20,V004,1079,switch,S_c,3041,1107,3016,0.3067,0.1005,0.2062,0,,,,0.1414,,0
MOT20,V004,1079,switch,S_r,2674,1175,2607,0.7630,0.5814,0.1816,0,0.9677,2.859046,0.0588,0.0590,12.0,1
MOT20,V004,1080,switch,S_h,2607,1175,2607,0.6888,0.6570,0.0318,0,,,,0.0608,,1
MOT20,V004,1092,switch,S_h,2703,1159,2674,0.6790,0.3681,0.3109,0,,,,0.0748,,0
MOT20,V004,1100,switch,S_c,3053,921,2823,0.5975,0.1878,0.4098,0,,,,0.1414,,0
MOT20,V004,1101,switch,S_h,2588,1159,2674,0.6644,0.4167,0.2477,0,,,,0.0714,,0
MOT20,V004,1106,switch,S_h,2714,63,3014,0.3557,0.2954,0.0603,0,,,,0.0686,,1
MOT20,V004,1107,switch,S_r,2588,1177,2668,0.4853,0.4672,0.0181,0,,,0.2669,0.0569,12.0,1
MOT20,V004,1108,switch,S_r,3014,63,2714,0.8796,0.2883,0.5913,0,,,0.0221,0.0581,9.0,0
MOT20,V004,1115,switch,S_r,3057,1041,2339,0.8906,0.6950,0.1956,0,-0.9999,1.849080,0.0112,0.0621,6.0,1
MOT20,V004,1116,switch,S_h,3034,22,2570,0.7098,0.1870,0.5228,0,,,,0.0681,,0
MOT20,V004,1121,switch,S_r,3064,85,2646,0.7683,0.3550,0.4133,0,0.8404,1.577950,0.0528,0.0679,7.0,0
MOT20,V004,1133,switch,S_r,2714,63,3014,0.7900,0.6949,0.0950,0,0.8848,1.921972,0.0364,0.0574,8.0,1
MOT20,V004,1138,switch,S_c,3074,1173,3067,0.2590,0.0862,0.1728,0,,,,0.1414,,0
MOT20,V004,1140,switch,S_c,3076,1036,2161,0.6767,0.2612,0.4155,0,,,,0.1414,,0
MOT20,V004,1157,switch,S_r,3014,63,2714,0.8688,0.7130,0.1558,0,,,0.0270,0.0592,9.0,1
MOT20,V004,1169,switch,S_r,3090,1154,2656,0.8175,0.5940,0.2235,0,0.4889,3.858041,0.0507,0.0543,6.0,0
MOT20,V004,1175,switch,S_c,3103,921,3053,0.5421,0.2882,0.2539,0,,,,0.1414,,0
MOT20,V004,1175,switch,S_h,2572,996,2939,0.1248,0.0969,0.0280,0,,,,0.0641,,0
MOT20,V004,1182,switch,S_h,3051,1001,2864,0.6282,0.3442,0.2840,0,,,,0.1414,,0
MOT20,V004,1184,switch,S_h,3023,1001,2864,0.7012,0.3274,0.3739,0,,,,0.0683,,0
MOT20,V004,1185,switch,S_c,3111,1142,3105,0.1428,0.1312,0.0116,0,,,,0.1414,,0
MOT20,V004,1194,switch,S_h,3018,1159,2588,0.7272,0.5492,0.1780,0,,,,0.0684,,1
MOT20,V004,1196,switch,S_r,2983,1176,3018,0.8277,0.5410,0.2867,0,0.8249,4.327017,0.0480,0.0582,10.0,0
MOT20,V004,1197,switch,S_r,3118,1147,3055,0.6173,0.5613,0.0561,0,-0.9943,1.138561,0.1009,0.0559,6.0,1
MOT20,V004,1201,switch,S_h,3075,1182,2983,0.8375,0.5607,0.2768,0,,,,0.0669,,0
MOT20,V004,1208,switch,S_r,3130,1160,2282,0.6170,0.2762,0.3408,0,-0.9972,3.495953,0.0909,0.0658,5.0,0
MOT20,V004,1211,switch,S_r,2729,24,2751,0.9131,0.5398,0.3732,0,-0.7514,1.385118,0.0148,0.0572,4.0,0
MOT20,V004,1211,switch,S_r,3078,1147,3118,0.9280,0.3275,0.6006,0,0.3993,1.414434,0.0179,0.0578,6.0,0
MOT20,V004,1218,switch,S_r,2671,1172,3033,0.8831,0.5771,0.3060,0,0.1848,2.846291,0.0110,0.0554,4.0,0
MOT20,V004,1220,switch,S_r,3033,1170,3067,0.7586,0.3447,0.4138,0,-0.8136,2.567183,0.0200,0.0556,3.0,0
MOT20,V004,1220,switch,S_r,3067,1173,3074,0.8619,0.5256,0.3363,0,0.9824,3.907784,0.0116,0.0582,2.0,0
MOT20,V004,1222,switch,S_r,2901,1091,2849,0.9565,0.1564,0.8001,0,0.9456,1.198240,0.0177,0.0568,7.0,0
MOT20,V004,1223,switch,S_r,2792,1041,3057,0.8434,0.4496,0.3939,0,0.8820,1.903478,0.0489,0.0586,5.0,0
MOT20,V004,1223,switch,S_r,3057,1093,2792,0.8684,0.6431,0.2253,0,-0.7071,1.060660,0.0133,0.0580,6.0,0
MOT20,V004,1226,switch,S_r,2854,979,2851,0.9345,0.6099,0.3246,0,-0.9005,1.404626,0.0074,0.0574,10.0,0
MOT20,V004,1227,switch,S_r,3127,1125,2867,0.9271,0.6862,0.2409,0,0.9119,1.687055,0.0152,0.0556,3.0,0
MOT20,V004,1231,switch,S_r,3033,1172,3033,0.9264,0.3546,0.5718,0,0.7418,1.725155,0.0132,0.0553,3.0,0
MOT20,V004,1233,switch,S_r,2899,1198,2995,0.7053,0.3779,0.3274,0,0.5442,12.142605,0.2642,0.0586,3.0,0
MOT20,V004,1235,switch,S_r,2729,1170,3033,0.8291,0.3744,0.4547,0,0.6914,3.901899,0.0148,0.0587,3.0,0
MOT20,V004,1236,switch,S_r,2497,1077,2782,0.8906,0.3205,0.5701,0,-0.9165,6.373958,0.0376,0.0579,5.0,0
MOT20,V004,1237,switch,S_c,3151,1168,3016,0.2244,0.0000,0.2244,0,,,,0.1414,,0
MOT20,V004,1239,switch,S_h,2851,979,2854,0.8101,0.4611,0.3490,0,,,,0.0667,,0
MOT20,V004,1240,switch,S_h,2854,979,2854,0.8434,0.5742,0.2692,0,,,,0.0633,,0
MOT20,V004,1240,switch,S_c,3156,1162,2497,0.6048,0.2434,0.3614,0,,,,0.1414,,0
MOT20,V004,1242,switch,S_c,3159,937,3139,0.2607,0.2402,0.0205,0,,,,0.1414,,1
MOT20,V004,1244,switch,S_r,2751,1170,2729,0.9040,0.3144,0.5896,0,0.9966,1.434545,0.0384,0.0532,4.0,0
MOT20,V004,1245,switch,S_c,3161,1045,2899,0.6787,0.4877,0.1910,0,,,,0.1414,,1
MOT20,V004,1245,switch,S_c,3162,1164,3155,0.4905,0.3028,0.1877,0,,,,0.1414,,1
MOT20,V004,1250,switch,S_c,3166,791,3028,0.4149,0.2616,0.1533,0,,,,0.1414,,1
MOT20,V004,1250,switch,S_h,3129,1153,2622,0.8394,0.4035,0.4359,0,,,,0.0621,,0
MOT20,V004,1252,switch,S_c,3172,1151,2981,0.4545,0.4326,0.0219,0,,,,0.1414,,1
MOT20,V004,1253,switch,S_r,2844,997,2890,0.9642,0.4199,0.5443,0,0.3481,1.947292,0.0073,0.0580,9.0,0
MOT20,V004,1253,switch,S_r,2890,1081,2844,0.9793,0.4468,0.5325,0,0.9271,1.689839,0.0052,0.0577,7.0,0
MOT20,V004,1262,switch,S_r,2527,1074,3156,0.9094,0.2409,0.6685,0,0.9151,1.801193,0.0155,0.0576,4.0,0
MOT20,V004,1263,switch,S_r,3156,1167,2527,0.7186,0.4357,0.2829,0,,,0.1316,0.0591,4.0,0
MOT20,V004,1265,switch,S_r,2851,983,2854,0.9486,0.5400,0.4086,0,0.9393,2.652713,0.0117,0.0588,5.0,0
MOT20,V004,1276,switch,S_r,3046,1116,3021,0.5434,0.5204,0.0229,0,0.9999,3.781003,0.4150,0.0572,1.0,1
MOT20,V004,1276,switch,S_h,2739,1179,3118,0.4377,0.0681,0.3696,0,,,,0.0455,,0
MOT20,V004,1279,switch,S_r,2792,1040,2093,0.9593,0.3704,0.5889,0,0.0908,1.490875,0.0061,0.0576,9.0,0
MOT20,V004,1279,switch,S_r,2093,1041,2792,0.7662,0.3099,0.4563,0,0.4338,2.035596,0.0589,0.0584,9.0,0
MOT20,V004,1280,switch,S_r,3190,1039,2348,0.8847,0.6474,0.2373,0,-0.8812,2.072080,0.0260,0.0603,10.0,0
MOT20,V004,1282,switch,S_h,2348,902,3169,0.5418,0.4155,0.1263,0,,,,0.0641,,1
MOT20,V004,1282,switch,S_h,2918,1151,3172,0.5760,0.2019,0.3740,0,,,,0.0714,,0
MOT20,V004,1289,switch,S_h,3156,1041,2093,0.3965,0.2285,0.1679,0,,,,0.0790,,1
MOT20,V004,1304,switch,S_r,3174,1166,3186,0.9402,0.5528,0.3874,0,0.2834,1.800630,0.0090,0.0575,4.0,0
MOT20,V004,1304,switch,S_r,3186,1181,3174,0.9648,0.5768,0.3880,0,0.5910,1.461570,0.0055,0.0576,3.0,0
MOT20,V004,1306,switch,S_r,2751,1145,3042,0.7932,0.5930,0.2003,0,,,0.0427,0.0631,4.0,0
MOT20,V004,1308,switch,S_h,3046,1161,2498,0.7064,0.1521,0.5542,0,,,,0.0653,,0
MOT20,V004,1320,switch,S_h,2093,979,2854,0.5341,0.4043,0.1298,0,,,,0.0695,,1
MOT20,V004,1323,switch,S_r,2832,427,2163,0.9635,0.4498,0.5137,0,0.9289,1.126086,0.0234,0.0573,7.0,0
MOT20,V004,1323,switch,S_r,2163,1095,2832,0.9735,0.4709,0.5026,0,0.5291,1.784846,0.0059,0.0571,7.0,0
MOT20,V004,1328,switch,S_c,3215,1003,2745,0.4883,0.4390,0.0493,0,,,,0.1414,,1
MOT20,V004,1335,switch,S_r,3012,1133,2946,0.4978,0.3329,0.1650,0,0.9324,3.316535,0.0809,0.0572,3.0,1
MOT20,V004,1339,switch,S_r,2962,1176,2983,0.9211,0.4536,0.4675,0,-0.4242,9.806121,0.0026,0.0566,6.0,0
MOT20,V004,1343,switch,S_r,2917,1042,2061,0.9499,0.4870,0.4629,0,0.0904,2.339562,0.0145,0.0572,8.0,0
MOT20,V004,1343,switch,S_r,2061,1085,2917,0.9291,0.4960,0.4332,0,0.7341,2.284827,0.0182,0.0578,8.0,0
MOT20,V004,1359,switch,S_h,2751,1133,3012,0.4318,0.4211,0.0106,0,,,,0.0640,,1
MOT20,V004,1377,switch,S_h,3232,542,3101,0.7426,0.5258,0.2168,0,,,,0.0625,,0
MOT20,V004,1395,switch,S_c,3250,1097,2914,0.2455,0.2438,0.0018,0,,,,0.1414,,1
MOT20,V004,1418,switch,S_r,3272,1000,3268,0.8580,0.6222,0.2358,0,,,0.0413,0.0649,3.0,0
MOT20,V004,1428,switch,S_c,3278,542,3232,0.3114,0.2375,0.0739,0,,,,0.1414,,1
MOT20,V004,1429,switch,S_c,3279,962,2948,0.6955,0.0000,0.6955,0,,,,0.1414,,0
MOT20,V004,1430,switch,S_c,3281,1097,3250,0.4416,0.3132,0.1284,0,,,,0.1414,,1
MOT20,V004,1434,switch,S_r,2741,913,2775,0.9297,0.5791,0.3506,0,0.9966,2.189544,0.0242,0.0569,3.0,0
MOT20,V004,1434,switch,S_r,2775,1113,2741,0.8896,0.3715,0.5181,0,0.5281,2.064843,0.0241,0.0572,3.0,0
MOT20,V004,1441,switch,S_h,2871,1045,3161,0.6383,0.2034,0.4349,0,,,,0.0636,,0
MOT20,V004,1462,switch,S_r,3300,936,3066,0.8116,0.7644,0.0472,0,0.0563,4.232047,0.0535,0.0575,8.0,1
MOT20,V004,1464,switch,S_r,3161,1072,2871,0.9493,0.6008,0.3485,0,0.9368,1.262501,0.0101,0.0579,2.0,0
MOT20,V004,1468,switch,S_h,3299,983,2851,0.7473,0.2837,0.4636,0,,,,0.1414,,0
MOT20,V004,1468,switch,S_r,3111,1078,2931,0.9501,0.3373,0.6129,0,0.7482,2.929846,0.0153,0.0566,4.0,0
MOT20,V004,1470,switch,S_r,2992,1079,2955,0.7141,0.3783,0.3358,0,0.1369,3.435019,0.0842,0.0549,5.0,0
MOT20,V004,1470,switch,S_r,3302,1101,3046,0.8781,0.7593,0.1187,0,,,0.0212,0.0623,7.0,1
MOT20,V004,1477,switch,S_r,3086,1141,3055,0.9228,0.7043,0.2186,0,0.8786,1.029999,0.0369,0.0547,4.0,0
MOT20,V004,1478,switch,S_h,2851,983,3299,0.2273,0.1741,0.0532,0,,,,0.0700,,0
MOT20,V004,1479,switch,S_r,2931,1079,2992,0.9029,0.2674,0.6355,0,0.9336,6.832983,0.0245,0.0552,6.0,0
MOT20,V004,1484,switch,S_r,2118,922,2991,0.9414,0.3958,0.5455,0,-0.9676,7.923243,0.0015,0.0577,5.0,0
MOT20,V004,1484,switch,S_r,2991,977,2118,0.9915,0.4055,0.5860,0,0.9754,1.053193,0.0148,0.0574,5.0,0
MOT20,V004,1487,switch,S_c,3310,921,3103,0.4724,0.1116,0.3608,0,,,,0.1414,,0
MOT20,V004,1506,switch,S_r,3321,1086,2754,0.5348,0.4763,0.0585,0,,,0.2533,0.0550,9.0,1
MOT20,V004,1515,switch,S_r,3329,1078,3111,0.8908,0.3621,0.5288,0,,,0.0291,0.0561,5.0,0
MOT20,V004,1523,switch,S_r,3328,999,3326,0.6495,0.4744,0.1751,0,0.9585,2.865164,0.0408,0.0572,4.0,1
MOT20,V004,1523,switch,S_r,3055,1083,2902,0.9777,0.6645,0.3132,0,0.9575,1.479419,0.0091,0.0576,10.0,0
MOT20,V004,1531,switch,S_h,3339,949,3338,0.7149,0.1694,0.5455,0,,,,0.0626,,0
MOT20,V004,1534,switch,S_r,3326,1096,3328,0.8463,0.4239,0.4224,0,0.9449,2.528570,0.0119,0.0575,4.0,0
MOT20,V004,1535,switch,S_r,3359,989,3307,0.9714,0.6493,0.3221,0,,,0.0056,0.0626,3.0,0
MOT20,V004,1548,switch,S_r,3046,1101,3302,0.8120,0.5208,0.2912,0,,,0.0361,0.0581,8.0,0
MOT20,V004,1550,switch,S_r,3077,838,3002,0.8820,0.3762,0.5057,0,,,0.0205,0.0576,7.0,0
MOT20,V004,1561,switch,S_h,2754,1097,3281,0.6858,0.6658,0.0200,0,,,,0.0716,,1
MOT20,V004,1570,switch,S_r,3363,968,3245,0.9507,0.6745,0.2762,0,,,0.0155,0.0644,7.0,0
MOT20,V004,1572,switch,S_h,3245,968,3363,0.8260,0.2683,0.5577,0,,,,0.0609,,0
MOT20,V004,1573,switch,S_r,3351,1101,3046,0.9165,0.6325,0.2840,0,,,0.0185,0.0595,7.0,0
MOT20,V004,1578,switch,S_r,2726,1084,2731,0.9473,0.5362,0.4111,0,0.9592,1.055389,0.0278,0.0560,5.0,0
MOT20,V004,1584,switch,S_r,2731,1102,3210,0.7429,0.5109,0.2320,0,0.7346,2.019851,0.0545,0.0552,5.0,0
MOT20,V004,1585,switch,S_r,2754,1095,2163,0.9278,0.5018,0.4259,0,0.9191,7.615773,0.0147,0.0576,6.0,0
MOT20,V004,1585,switch,S_r,2163,1097,2754,0.9431,0.4575,0.4856,0,0.8858,2.542728,0.0171,0.0580,8.0,0
MOT20,V004,1587,switch,S_h,3046,1101,3351,0.6061,0.3263,0.2798,0,,,,0.0682,,0
MOT20,V004,1588,switch,S_r,2781,1066,2812,0.8413,0.5622,0.2791,0,0.9900,2.149029,0.0393,0.0563,2.0,0
MOT20,V004,1589,switch,S_r,2726,1075,3204,0.9888,0.3469,0.6419,0,0.9031,1.068259,0.0040,0.0578,6.0,0
MOT20,V004,1590,switch,S_r,2731,1098,2726,0.7902,0.4245,0.3657,0,0.9961,2.999100,0.0690,0.0627,4.0,0
MOT20,V004,1591,switch,S_r,2731,1084,2726,0.5119,0.4956,0.0162,0,0.5090,2.821080,0.2174,0.0518,4.0,1
MOT20,V004,1604,switch,S_c,3402,1102,2731,0.4718,0.2696,0.2022,0,,,,0.1414,,0
MOT20,V004,1610,switch,S_r,2820,1095,2754,0.5779,0.3077,0.2701,0,0.9974,28.407020,0.2121,0.0593,6.0,0
MOT20,V004,1612,switch,S_c,3408,1094,2820,0.5570,0.5507,0.0063,0,,,,0.1414,,1
MOT20,V004,1614,switch,S_r,2820,1091,2901,0.9719,0.3855,0.5864,0,0.9763,1.112553,0.0213,0.0570,9.0,0
MOT20,V004,1614,switch,S_r,2901,1095,2820,0.9787,0.3756,0.6031,0,0.9940,1.311428,0.0162,0.0584,9.0,0
MOT20,V004,1619,switch,S_c,3417,1094,3408,0.5745,0.3136,0.2609,0,,,,0.1414,,0
MOT20,V004,1627,switch,S_c,3424,1088,2905,0.4333,0.4292,0.0041,0,,,,0.1414,,1
MOT20,V004,1629,switch,S_r,2754,1091,2820,0.8238,0.7105,0.1133,0,,,0.0393,0.0580,8.0,1
MOT20,V004,1635,switch,S_h,3403,1092,2839,0.9080,0.5747,0.3334,0,,,,0.0623,,0
MOT20,V004,1636,switch,S_r,3397,1090,3002,0.9168,0.3005,0.6163,0,-0.3726,1.612161,0.0138,0.0573,8.0,0
MOT20,V004,1636,switch,S_r,2820,1092,2839,0.7922,0.5381,0.2542,0,-0.4144,1.729043,0.0293,0.0582,8.0,0
MOT20,V004,1637,switch,S_h,2839,1092,2839,0.4607,0.4334,0.0273,0,,,,0.0636,,1
MOT20,V004,1642,switch,S_r,3333,884,2589,0.9105,0.4680,0.4424,0,0.9982,1.534034,0.0302,0.0591,4.0,0
MOT20,V004,1643,switch,S_h,3002,1090,3002,0.2986,0.2541,0.0445,0,,,,0.0648,,1
MOT20,V004,1646,switch,S_r,3209,1102,3402,0.5179,0.2271,0.2908,0,-0.9994,7.388983,0.1701,0.0540,4.0,0
MOT20,V004,1648,switch,S_c,3445,1015,3439,0.4674,0.3083,0.1591,0,,,,0.1414,,1
MOT20,V004,1658,switch,S_r,3449,1080,3130,0.8793,0.4172,0.4621,0,0.9989,1.651134,0.0400,0.0632,7.0,0
MOT20,V004,1660,switch,S_c,3457,508,3333,0.6052,0.3855,0.2197,0,,,,0.1414,,0
MOT20,V004,1661,switch,S_r,3454,950,3426,0.8849,0.7303,0.1546,0,0.9997,2.086482,0.0557,0.0588,10.0,1
MOT20,V004,1662,switch,S_c,3461,1047,3268,0.5322,0.0191,0.5131,0,,,,0.1414,,0
MOT20,V004,1667,switch,S_c,3467,1065,2906,0.4070,0.4064,0.0006,0,,,,0.1414,,1
MOT20,V004,1677,switch,S_r,2916,1094,3417,0.9841,0.2589,0.7253,0,0.9811,1.212066,0.0100,0.0573,6.0,0
MOT20,V004,1678,switch,S_r,2698,477,3227,0.9769,0.4071,0.5697,0,0.9182,1.154292,0.0177,0.0579,7.0,0
MOT20,V004,1678,switch,S_r,3227,642,2698,0.9731,0.4146,0.5585,0,0.4614,2.348167,0.0097,0.0566,7.0,0
MOT20,V004,1678,switch,S_h,3424,1087,2916,0.6040,0.3296,0.2745,0,,,,0.0574,,0
MOT20,V004,1679,switch,S_h,3268,1046,3347,0.2637,0.1886,0.0751,0,,,,0.0688,,0
MOT20,V004,1687,switch,S_r,3461,999,3328,0.9456,0.4247,0.5209,0,0.8645,1.288088,0.0144,0.0591,3.0,0
MOT20,V004,1687,switch,S_r,3328,1047,3461,0.8761,0.4581,0.4180,0,-0.5676,6.643281,0.0073,0.0564,5.0,0
MOT20,V004,1688,switch,S_h,3473,1097,2163,0.6115,0.5722,0.0394,0,,,,0.0648,,1
MOT20,V004,1690,switch,S_r,2163,1090,3002,0.8669,0.6795,0.1875,0,,,0.0375,0.0549,4.0,1
MOT20,V004,1706,switch,S_c,3496,1020,3493,0.4032,0.2694,0.1338,0,,,,0.1414,,1
MOT20,V004,1711,switch,S_c,3499,921,3310,0.4690,0.1734,0.2956,0,,,,0.1414,,0
MOT20,V004,1712,switch,S_r,3310,990,3332,0.8314,0.2381,0.5933,0,0.7219,1.066272,0.0726,0.0552,2.0,0
MOT20,V004,1715,switch,S_c,3502,991,3498,0.5097,0.0605,0.4492,0,,,,0.1414,,0
MOT20,V004,1722,switch,S_r,3030,791,3166,0.9370,0.4799,0.4570,0,0.3795,3.137521,0.0204,0.0586,10.0,0
MOT20,V004,1729,switch,S_c,3508,542,3278,0.4388,0.2664,0.1723,0,,,,0.1414,,1
MOT20,V004,1737,switch,S_r,3166,792,3030,0.7126,0.4986,0.2140,0,0.1006,3.082522,0.0664,0.0567,12.0,0
MOT20,V004,1741,switch,S_r,3359,921,3499,0.8537,0.5437,0.3100,0,,,0.0285,0.0592,4.0,0
MOT20,V004,1742,switch,S_h,3499,989,3359,0.4136,0.1095,0.3041,0,,,,0.0600,,0
MOT20,V004,1746,switch,S_c,3513,902,2348,0.4993,0.1065,0.3928,0,,,,0.1414,,0
MOT20,V004,1747,switch,S_r,3202,1051,2498,0.9576,0.4382,0.5194,0,-0.1568,2.489705,0.0137,0.0584,4.0,0
MOT20,V004,1755,switch,S_r,3202,1101,3046,0.9675,0.5325,0.4350,0,0.9567,2.671292,0.0109,0.0571,3.0,0
MOT20,V004,1761,switch,S_r,3029,962,3279,0.8982,0.5673,0.3309,0,0.8706,4.015861,0.0074,0.0557,6.0,0
MOT20,V004,1762,switch,S_c,3521,403,3345,0.7159,0.3063,0.4095,0,,,,0.1414,,0
MOT20,V004,1763,switch,S_c,3523,552,3516,0.4683,0.3127,0.1556,0,,,,0.1414,,1
MOT20,V004,1764,switch,S_h,3383,1099,3407,0.3829,0.0000,0.3829,0,,,,0.0485,,0
MOT20,V004,1765,switch,S_h,2061,958,3098,0.8431,0.3850,0.4580,0,,,,0.0700,,0
MOT20,V004,1769,switch,S_r,3166,791,3030,0.9636,0.4900,0.4735,0,0.9773,1.105695,0.0345,0.0572,6.0,0
MOT20,V004,1769,switch,S_r,3030,792,3030,0.9062,0.4399,0.4663,0,0.9895,1.273953,0.0526,0.0592,6.0,0
MOT20,V004,1780,switch,S_r,3513,990,3310,0.9466,0.6745,0.2721,0,0.9592,1.778019,0.0136,0.0579,8.0,0
MOT20,V004,1782,switch,S_h,3098,958,2061,0.5484,0.1270,0.4215,0,,,,0.0854,,0
MOT20,V004,1782,switch,S_h,3310,990,3513,0.9207,0.1753,0.7453,0,,,,0.0657,,0
MOT20,V004,1783,switch,S_r,3035,961,3027,0.8666,0.6954,0.1713,0,0.9260,1.459930,0.0320,0.0600,7.0,1
MOT20,V004,1784,switch,S_r,3070,960,3145,0.8620,0.7933,0.0687,0,0.1603,2.638130,0.0291,0.0557,7.0,1
MOT20,V004,1785,switch,S_r,2865,979,2093,0.9576,0.4150,0.5426,0,,,0.0004,0.0568,8.0,0
MOT20,V004,1785,switch,S_r,2093,981,2865,0.6668,0.3697,0.2971,0,-0.8919,2.578095,0.0256,0.0577,5.0,0
MOT20,V004,1787,switch,S_r,3145,960,3070,0.9396,0.6155,0.3241,0,,,0.0172,0.0599,9.0,0
MOT20,V004,1808,switch,S_h,3027,960,3145,0.8012,0.4148,0.3864,0,,,,0.0702,,0
MOT20,V004,1811,switch,S_h,3145,1055,3070,0.5396,0.3626,0.1771,0,,,,0.0798,,1
MOT20,V004,1812,switch,S_h,3540,552,3523,0.7086,0.3545,0.3541,0,,,,0.0606,,0
MOT20,V004,1816,switch,S_r,3557,527,3553,0.8646,0.5396,0.3250,0,,,0.0468,0.0626,2.0,0
MOT20,V004,1817,switch,S_h,3547,956,3093,0.5975,0.3776,0.2199,0,,,,0.0567,,0
MOT20,V004,1821,switch,S_r,3523,552,3540,0.8436,0.4779,0.3656,0,0.6043,1.753033,0.0617,0.0560,2.0,0
MOT20,V004,1824,switch,S_r,3279,959,3110,0.9671,0.6415,0.3257,0,0.9615,2.060408,0.0088,0.0565,6.0,0
MOT20,V004,1826,switch,S_r,3540,552,3523,0.8859,0.6655,0.2203,0,0.7703,1.162618,0.0441,0.0559,3.0,0
MOT20,V004,1826,switch,S_r,3110,959,3279,0.6530,0.6314,0.0215,0,0.8358,1.932937,0.0978,0.0643,6.0,1
MOT20,V004,1833,switch,S_r,3145,962,3029,0.8051,0.6188,0.1863,0,0.9563,1.993318,0.0529,0.0528,9.0,1
MOT20,V004,1838,switch,S_r,3523,552,3540,0.9664,0.6867,0.2797,0,0.9100,1.165601,0.0243,0.0573,3.0,0
MOT20,V004,1843,switch,S_r,3540,552,3523,0.8703,0.6346,0.2357,0,0.2978,1.812620,0.0451,0.0565,3.0,0
MOT20,V004,1843,switch,S_r,3029,959,3110,0.9151,0.5397,0.3754,0,,,0.0187,0.0656,4.0,0
MOT20,V004,1844,switch,S_r,3110,959,3110,0.6179,0.4599,0.1580,0,-0.9831,3.966465,0.0258,0.0579,3.0,1
MOT20,V004,1845,switch,S_h,3029,959,3110,0.6213,0.2104,0.4109,0,,,,0.0648,,0
MOT20,V004,1850,switch,S_r,3279,962,3145,0.9275,0.5598,0.3677,0,0.9947,1.259509,0.0449,0.0535,8.0,0
MOT20,V004,1850,switch,S_r,2844,996,2572,0.9480,0.4203,0.5278,0,0.9893,1.512417,0.0197,0.0591,6.0,0
MOT20,V004,1850,switch,S_r,3583,997,2844,0.9696,0.4443,0.5252,0,-0.7474,2.076137,0.0060,0.0628,5.0,0
MOT20,V004,1851,switch,S_r,3110,959,3029,0.8775,0.4704,0.4071,0,0.2545,9.823441,0.0035,0.0534,6.0,0
MOT20,V004,1854,switch,S_r,3279,959,3110,0.7135,0.4681,0.2454,0,0.4586,11.628509,0.0183,0.0716,5.0,0
MOT20,V004,1855,switch,S_h,3110,959,3110,0.7039,0.2747,0.4292,0,,,,0.0623,,0
MOT20,V004,1856,switch,S_r,3523,552,3540,0.8292,0.7164,0.1128,0,0.3079,2.663377,0.0741,0.0577,6.0,1
MOT20,V004,1862,switch,S_c,3595,443,3555,0.2214,0.0000,0.2214,0,,,,0.1414,,0
MOT20,V004,1865,switch,S_r,3231,993,2871,0.7712,0.7461,0.0251,0,0.7963,4.841472,0.0898,0.0514,5.0,1
MOT20,V004,1867,switch,S_h,3540,552,3523,0.8514,0.6626,0.1888,0,,,,0.0670,,1
MOT20,V004,1874,switch,S_h,3523,552,3540,0.8059,0.4268,0.3791,0,,,,0.0694,,0
MOT20,V004,1875,switch,S_c,3609,571,3335,0.5268,0.5147,0.0121,0,,,,0.1414,,1
MOT20,V004,1881,switch,S_c,3617,443,3595,0.6489,0.2369,0.4120,0,,,,0.1414,,0
MOT20,V004,1885,switch,S_r,3619,443,3595,0.8764,0.2980,0.5784,0,0.8612,2.328201,0.0112,0.0622,1.0,0
MOT20,V004,1889,switch,S_r,2871,993,3231,0.8186,0.2883,0.5303,0,0.9991,2.857971,0.0301,0.0570,4.0,0
MOT20,V004,1893,switch,S_r,3231,993,2871,0.8729,0.2227,0.6502,0,-0.3633,2.047926,0.0136,0.0569,4.0,0
MOT20,V004,1895,switch,S_h,3595,443,3619,0.5893,0.1562,0.4331,0,,,,0.0744,,0
MOT20,V004,1895,switch,S_r,3540,552,3523,0.9260,0.4999,0.4261,0,0.9999,1.625192,0.0286,0.0560,8.0,0
MOT20,V004,1897,switch,S_r,3523,552,3540,0.8675,0.7169,0.1506,0,,,0.0270,0.0574,9.0,1
MOT20,V004,1899,switch,S_r,3617,443,3595,0.8760,0.7602,0.1158,0,,,0.0227,0.0635,3.0,1
MOT20,V004,1903,switch,S_c,3628,539,3555,0.7004,0.3410,0.3594,0,,,,0.1414,,0
MOT20,V004,1906,switch,S_r,3184,968,3245,0.9534,0.5855,0.3679,0,-0.9676,1.188486,0.0060,0.0576,8.0,0
MOT20,V004,1908,switch,S_h,3595,443,3617,0.7888,0.5581,0.2307,0,,,,0.0661,,0
MOT20,V004,1908,switch,S_h,3268,993,3231,0.2598,0.0381,0.2217,0,,,,0.0653,,0
MOT20,V004,1911,switch,S_r,3540,427,2832,0.9125,0.5209,0.3916,0,,,0.0173,0.0583,10.0,0
MOT20,V004,1911,switch,S_r,3619,443,3595,0.9529,0.4918,0.4611,0,0.9866,1.464279,0.0106,0.0576,2.0,0
MOT20,V004,1913,switch,S_r,3102,967,3188,0.9572,0.3827,0.5744,0,0.9947,1.088077,0.0866,0.0573,8.0,0
MOT20,V004,1915,switch,S_h,3258,993,3268,0.5460,0.0935,0.4525,0,,,,0.0913,,0
MOT20,V004,1917,switch,S_r,3145,1021,3276,0.8681,0.6862,0.1819,0,-0.5726,1.475847,0.0221,0.0564,11.0,1
MOT20,V004,1918,switch,S_r,3261,1021,3276,0.7493,0.4970,0.2523,0,-0.0881,1.162873,0.0669,0.0547,9.0,0
MOT20,V004,1919,switch,S_r,3102,969,3197,0.8606,0.5442,0.3165,0,-0.1918,2.431268,0.0359,0.0561,6.0,0
MOT20,V004,1921,switch,S_r,3197,969,3102,0.5193,0.3740,0.1453,0,0.4768,13.327834,0.0183,0.0522,3.0,1
MOT20,V004,1923,switch,S_r,3102,969,3197,0.8238,0.6145,0.2094,0,,,0.0476,0.0519,3.0,0
MOT20,V004,1925,switch,S_r,3279,1021,3261,0.6146,0.5242,0.0904,0,-0.7299,5.476152,0.1062,0.0539,6.0,1
MOT20,V004,1926,switch,S_h,3258,997,3583,0.7461,0.3513,0.3948,0,,,,0.0558,,0
MOT20,V004,1929,switch,S_h,3583,997,3258,0.5713,0.3571,0.2141,0,,,,0.0753,,0
MOT20,V004,1931,switch,S_r,3261,1021,3279,0.9778,0.4405,0.5374,0,0.9566,1.006563,0.0303,0.0574,7.0,0
MOT20,V004,1936,switch,S_c,3641,947,3412,0.6335,0.4980,0.1355,0,,,,0.1414,,1
MOT20,V004,1940,switch,S_h,3145,965,3261,0.5174,0.3507,0.1667,0,,,,0.1184,,1
MOT20,V004,1946,switch,S_r,3261,985,3190,0.9211,0.4025,0.5186,0,,,0.0209,0.0610,7.0,0
MOT20,V004,1947,switch,S_r,3190,1021,3261,0.5661,0.3898,0.1763,0,-0.6562,2.088206,0.0947,0.0623,6.0,1
MOT20,V004,1955,switch,S_r,3656,1020,3496,0.9170,0.6353,0.2817,0,0.0473,4.114326,0.0069,0.0613,7.0,0
MOT20,V004,1960,switch,S_h,3628,541,3601,0.5921,0.3570,0.2351,0,,,,0.0668,,0
MOT20,V004,1961,switch,S_h,3601,539,3628,0.5829,0.5140,0.0688,0,,,,0.0670,,1
MOT20,V004,1963,switch,S_r,3511,941,3391,0.9443,0.1774,0.7669,0,-0.7045,1.331320,0.0061,0.0569,9.0,0
MOT20,V004,1985,switch,S_h,3531,466,3493,0.7877,0.5775,0.2102,0,,,,0.0670,,0
MOT20,V004,1990,switch,S_h,3493,466,3531,0.8372,0.3334,0.5037,0,,,,0.0714,,0
MOT20,V004,1998,switch,S_r,3506,939,3531,0.9229,0.4668,0.4560,0,0.1227,1.528987,0.0151,0.0584,5.0,0
MOT20,V004,1999,switch,S_r,3641,944,3384,0.8717,0.4633,0.4084,0,0.9921,7.564901,0.0339,0.0613,3.0,0
MOT20,V004,2002,switch,S_r,3628,539,3601,0.8489,0.7096,0.1393,0,-0.1376,1.569964,0.0511,0.0577,7.0,1
MOT20,V004,2004,switch,S_c,3684,541,3628,0.4006,0.3339,0.0667,0,,,,0.1414,,1
MOT20,V004,2007,switch,S_h,3681,903,2862,0.6656,0.3121,0.3534,0,,,,0.0660,,0
MOT20,V004,2007,switch,S_r,3339,947,3641,0.9683,0.4297,0.5386,0,0.9593,1.332581,0.0101,0.0588,3.0,0
MOT20,V004,2010,switch,S_h,3601,541,3684,0.6724,0.5162,0.1562,0,,,,0.0690,,1
MOT20,V004,2011,switch,S_r,3641,949,3339,0.8815,0.3090,0.5725,0,0.1869,1.161348,0.0192,0.0544,3.0,0
MOT20,V004,2013,switch,S_c,3687,939,3531,0.3785,0.2587,0.1198,0,,,,0.1414,,1
MOT20,V004,2015,switch,S_r,3511,1020,3656,0.7811,0.5610,0.2201,0,0.9937,3.346472,0.0272,0.0526,5.0,0
MOT20,V004,2021,switch,S_r,2099,1012,3185,0.8913,0.6015,0.2898,0,0.8000,1.062500,0.0254,0.0610,2.0,0
MOT20,V004,2024,switch,S_c,3697,509,3375,0.4139,0.2997,0.1142,0,,,,0.1414,,1
MOT20,V004,2027,switch,S_r,3185,976,2099,0.6087,0.4271,0.1816,0,,,0.1288,0.0556,2.0,1
MOT20,V004,2032,switch,S_h,3701,918,3700,0.5542,0.2747,0.2795,0,,,,0.1414,,0
MOT20,V004,2033,switch,S_c,3703,939,3687,0.4265,0.1627,0.2639,0,,,,0.1414,,0
MOT20,V004,2033,switch,S_r,3493,1015,3445,0.9081,0.3097,0.5984,0,0.8108,1.190446,0.0334,0.0601,6.0,0
MOT20,V004,2034,switch,S_h,3445,1015,3445,0.6878,0.3319,0.3559,0,,,,0.0801,,0
MOT20,V004,2036,switch,S_r,3506,939,3687,0.7404,0.2947,0.4457,0,-0.7484,2.209341,0.0088,0.0636,6.0,0
MOT20,V004,2038,switch,S_r,3589,539,3628,0.9651,0.5849,0.3802,0,0.9592,1.202668,0.0238,0.0572,6.0,0
MOT20,V004,2038,switch,S_r,3628,540,3589,0.9716,0.5579,0.4138,0,0.8231,1.010989,0.0122,0.0569,7.0,0
MOT20,V004,2041,switch,S_r,3474,466,3493,0.5359,0.3444,0.1915,0,-0.3017,2.464944,0.2876,0.0421,4.0,1
MOT20,V004,2041,switch,S_r,3445,467,3506,0.8190,0.4546,0.3644,0,0.6677,3.226821,0.0159,0.0571,5.0,0
MOT20,V004,2043,switch,S_r,3506,1015,3445,0.7437,0.2990,0.4447,0,0.9962,2.379601,0.0612,0.0659,4.0,0
MOT20,V004,2047,switch,S_r,2099,976,3185,0.9817,0.5999,0.3818,0,0.9899,1.178511,0.0197,0.0577,2.0,0
MOT20,V004,2049,switch,S_r,3445,939,3506,0.8067,0.3636,0.4431,0,0.5572,1.378024,0.0284,0.0619,6.0,0
MOT20,V004,2054,switch,S_c,3719,542,3508,0.3376,0.1015,0.2361,0,,,,0.1414,,0
MOT20,V004,2055,switch,S_h,3203,977,2991,0.3556,0.2693,0.0863,0,,,,0.0591,,1
MOT20,V004,2063,switch,S_c,3723,939,3445,0.3055,0.2587,0.0467,0,,,,0.1414,,1
MOT20,V004,2070,switch,S_c,3728,876,3726,0.6106,0.4031,0.2076,0,,,,0.1414,,0
MOT20,V004,2075,switch,S_r,3715,504,3400,0.8187,0.6343,0.1844,0,-0.9232,2.807769,0.0171,0.0577,9.0,1
MOT20,V004,2076,switch,S_r,3729,466,3474,0.5022,0.3920,0.1102,0,-0.4841,7.146615,0.2183,0.0409,3.0,1
MOT20,V004,2094,switch,S_r,3740,552,3523,0.8840,0.6745,0.2095,0,-0.9999,8.275091,0.0330,0.0588,9.0,0
MOT20,V004,2122,switch,S_r,3126,542,3719,0.8684,0.0000,0.8684,0,0.1705,1.110094,0.0090,0.0619,0.0,0
MOT20,V004,2127,switch,S_c,3762,1198,2995,0.3290,0.1331,0.1959,0,,,,0.1414,,0
MOT20,V004,2141,switch,S_r,3523,477,2698,0.9684,0.3040,0.6643,0,0.7795,1.126515,0.0087,0.0574,4.0,0
MOT20,V004,2141,switch,S_r,3757,593,3753,0.9024,0.7805,0.1219,0,,,0.0334,0.0562,4.0,1
MOT20,V004,2142,switch,S_h,3753,593,3753,0.7936,0.2569,0.5367,0,,,,0.0603,,0
MOT20,V004,2144,switch,S_h,3766,453,3465,0.7296,0.3456,0.3840,0,,,,0.0653,,0
MOT20,V004,2146,switch,S_r,2698,552,3740,0.8907,0.5712,0.3195,0,,,0.0264,0.0573,4.0,0
MOT20,V004,2148,switch,S_r,3589,394,3764,0.9580,0.6241,0.3339,0,0.9459,1.267804,0.0189,0.0566,4.0,0
MOT20,V004,2150,switch,S_r,2060,535,2141,0.8160,0.8036,0.0125,0,,,0.0483,0.0566,3.0,1
MOT20,V004,2155,switch,S_h,3465,453,3766,0.6296,0.3939,0.2357,0,,,,0.0639,,0
MOT20,V004,2155,switch,S_h,3768,885,3663,0.1185,0.0089,0.1096,0,,,,0.0732,,0
MOT20,V004,2156,switch,S_h,3766,453,3766,0.6866,0.3496,0.3370,0,,,,0.0627,,0
MOT20,V004,2160,switch,S_r,3768,532,3782,0.6445,0.3518,0.2927,0,-0.9486,2.221568,0.0617,0.0595,2.0,0
MOT20,V004,2163,switch,S_r,3675,540,3628,0.8561,0.2398,0.6163,0,,,0.0106,0.0585,3.0,0
MOT20,V004,2169,switch,S_c,3799,885,3768,0.3071,0.0000,0.3071,0,,,,0.1414,,0
MOT20,V004,2194,switch,S_h,3773,1198,3762,0.7928,0.2613,0.5315,0,,,,0.1414,,0
MOT20,V004,2196,switch,S_r,3773,433,2046,0.9517,0.4330,0.5187,0,0.7587,2.223873,0.0198,0.0620,5.0,0
MOT20,V004,2196,switch,S_r,2046,1198,3762,0.9332,0.4566,0.4767,0,0.2852,1.297219,0.0135,0.0571,6.0,0
MOT20,V004,2199,switch,S_r,3394,465,3538,0.7238,0.4730,0.2509,0,0.9129,2.448004,0.0556,0.0468,6.0,0
MOT20,V004,2204,switch,S_h,3556,488,3431,0.7700,0.3219,0.4481,0,,,,0.0627,,0
MOT20,V004,2208,switch,S_r,3431,488,3556,0.8909,0.6771,0.2138,0,0.3957,6.020797,0.0303,0.0573,6.0,0
MOT20,V004,2209,switch,S_r,2066,1198,2046,0.5599,0.4994,0.0605,0,0.9432,10.128744,0.1533,0.0558,7.0,1
MOT20,V004,2211,switch,S_h,2046,425,2066,0.5691,0.4367,0.1324,0,,,,0.0657,,1
MOT20,V004,2211,switch,S_r,3826,480,3286,0.8602,0.3941,0.4661,0,-0.6925,4.446603,0.0277,0.0651,3.0,0
MOT20,V004,2211,switch,S_r,3286,482,3620,0.9412,0.4431,0.4981,0,0.8555,1.883289,0.0222,0.0576,3.0,0
MOT20,V004,2216,switch,S_h,3392,503,3377,0.4148,0.2299,0.1849,0,,,,0.0947,,1
MOT20,V004,2219,switch,S_r,3529,469,3518,0.8515,0.2603,0.5912,0,0.5199,37.696154,0.0454,0.0583,4.0,0
MOT20,V004,2220,switch,S_r,3636,500,3731,0.8119,0.6614,0.1505,0,0.9037,3.242123,0.0647,0.0549,7.0,1
MOT20,V004,2223,switch,S_r,3392,469,3518,0.9145,0.4234,0.4911,0,0.4042,2.892962,0.0101,0.0558,4.0,0
MOT20,V004,2224,switch,S_r,3731,500,3636,0.9037,0.7231,0.1806,0,0.9991,2.665084,0.0531,0.0587,6.0,1
MOT20,V004,2224,switch,S_c,3832,547,3749,0.3614,0.2060,0.1554,0,,,,0.1414,,1
MOT20,V004,2233,switch,S_h,3636,500,3731,0.9107,0.3042,0.6065,0,,,,0.0686,,0
MOT20,V004,2238,switch,S_c,3842,425,2046,0.6345,0.4761,0.1584,0,,,,0.1414,,1
MOT20,V004,2240,switch,S_r,2046,1198,2066,0.5160,0.2272,0.2888,0,0.5448,22.368991,0.1836,0.0560,5.0,0
MOT20,V004,2251,switch,S_r,3832,410,3735,0.9084,0.4643,0.4441,0,0.9957,1.878583,0.0371,0.0568,5.0,0
MOT20,V004,2259,switch,S_r,2046,400,3543,0.9548,0.4396,0.5152,0,0.8524,1.885918,0.0164,0.0567,3.0,0
MOT20,V004,2260,switch,S_h,3735,547,3832,0.8321,0.4670,0.3651,0,,,,0.0526,,0
MOT20,V004,2262,switch,S_h,3743,818,2694,0.4925,0.3205,0.1720,0,,,,0.0693,,1
MOT20,V004,2266,switch,S_c,3857,505,3466,0.3846,0.0294,0.3553,0,,,,0.1414,,0
MOT20,V004,2270,switch,S_h,3845,547,3735,0.6085,0.2613,0.3472,0,,,,0.0747,,0
MOT20,V004,2270,switch,S_r,3735,548,3743,0.8787,0.3892,0.4895,0,0.8451,1.558549,0.0364,0.0588,6.0,0
MOT20,V004,2271,switch,S_r,3859,532,3768,0.8374,0.4907,0.3467,0,,,0.0375,0.0661,7.0,0
MOT20,V004,2272,switch,S_h,3631,500,3636,0.3680,0.2994,0.0687,0,,,,0.0436,,1
MOT20,V004,2275,switch,S_h,3743,529,3836,0.1325,0.0006,0.1319,0,,,,0.0649,,0
MOT20,V004,2279,switch,S_r,3845,408,3539,0.8817,0.4032,0.4786,0,0.5867,1.260445,0.0238,0.0576,5.0,0
MOT20,V004,2279,switch,S_r,3539,547,3845,0.8280,0.3655,0.4626,0,-0.8411,1.359976,0.0266,0.0589,6.0,0
MOT20,V004,2298,switch,S_r,3539,548,3735,0.7335,0.4224,0.3111,0,-0.4446,3.092932,0.0641,0.0537,7.0,0
MOT20,V004,2302,switch,S_r,3539,410,3832,0.9111,0.2667,0.6444,0,,,0.0133,0.0564,9.0,0
MOT20,V004,2302,switch,S_r,3832,547,3539,0.7120,0.3215,0.3905,0,0.9864,2.010259,0.0494,0.0626,6.0,0
MOT20,V004,2305,switch,S_r,3866,408,3845,0.9028,0.5540,0.3488,0,0.9595,2.908580,0.0504,0.0569,6.0,0
MOT20,V004,2320,switch,S_h,3768,530,3810,0.7420,0.4009,0.3411,0,,,,0.0576,,0
MOT20,V004,2323,switch,S_r,3810,530,3768,0.8310,0.5616,0.2694,0,-0.9880,2.223893,0.0149,0.0574,7.0,0
MOT20,V004,2324,switch,S_r,3881,876,3728,0.9756,0.6280,0.3476,0,0.9982,1.227705,0.0218,0.0587,2.0,0
MOT20,V004,2329,switch,S_h,3845,532,3859,0.3702,0.2040,0.1662,0,,,,0.1108,,1
MOT20,V004,2332,switch,S_h,3832,548,3735,0.7217,0.3272,0.3945,0,,,,0.0724,,0
MOT20,V004,2333,switch,S_c,3895,918,3701,0.3961,0.2751,0.1210,0,,,,0.1414,,1
MOT20,V004,2335,switch,S_r,3832,410,3539,0.7815,0.6134,0.1681,0,0.9540,8.341767,0.0785,0.0547,6.0,1
MOT20,V004,2335,switch,S_r,3539,548,3735,0.7458,0.4712,0.2747,0,0.3649,3.390281,0.0449,0.0596,6.0,0
MOT20,V004,2344,switch,S_h,3521,402,2042,0.4485,0.1196,0.3289,0,,,,0.0658,,0
MOT20,V004,2360,switch,S_r,3605,520,3618,0.9258,0.1280,0.7977,0,0.4061,1.116881,0.0162,0.0599,2.0,0
MOT20,V004,2364,switch,S_c,3915,547,3832,0.6437,0.3280,0.3157,0,,,,0.1414,,0
MOT20,V004,2365,switch,S_r,3903,1206,3908,0.9144,0.7300,0.1844,0,-0.9967,1.328599,0.0094,0.0579,1.0,1
MOT20,V004,2367,switch,S_h,3743,527,3557,0.4451,0.3194,0.1257,0,,,,0.0663,,1
MOT20,V004,2387,switch,S_r,3915,548,3539,0.4327,0.3573,0.0753,0,-0.7260,11.728743,0.1925,0.0503,5.0,1
MOT20,V004,2388,switch,S_h,3539,547,3915,0.2158,0.1766,0.0393,0,,,,0.0827,,0
MOT20,V004,2404,switch,S_r,3552,408,3866,0.9216,0.6470,0.2746,0,0.9684,2.099856,0.0167,0.0551,4.0,0
MOT20,V004,2406,switch,S_r,3927,603,3848,0.9613,0.4864,0.4749,0,0.9948,2.417167,0.0043,0.0595,6.0,0
MOT20,V004,2408,switch,S_c,3932,726,3924,0.4064,0.1879,0.2184,0,,,,0.1414,,0
MOT20,V004,2413,switch,S_r,3848,603,3927,0.9793,0.3081,0.6711,0,0.9814,1.073078,0.0117,0.0568,4.0,0
MOT20,V004,2414,switch,S_c,3936,580,3814,0.4275,0.3041,0.1234,0,,,,0.1414,,1
MOT20,V004,2419,switch,S_r,3607,1208,3188,0.3934,0.2722,0.1212,0,-0.8852,27.652335,0.7879,0.0254,2.0,1
MOT20,V004,2436,switch,S_c,3944,626,3904,0.5704,0.2180,0.3523,0,,,,0.1414,,0
MOT20,V004,2459,switch,S_r,3955,1206,3903,0.9095,0.6727,0.2368,0,0.9996,11.385078,0.0025,0.0620,4.0,0
MOT20,V004,2472,switch,S_r,3847,724,3856,0.6415,0.3866,0.2550,0,0.9952,2.826666,0.0783,0.0584,9.0,0
MOT20,V004,2479,switch,S_r,3646,449,3643,0.7740,0.3966,0.3774,0,0.9991,2.824528,0.0406,0.0654,5.0,0
MOT20,V004,2498,switch,S_c,3975,597,3937,0.3005,0.2661,0.0344,0,,,,0.1414,,1
MOT20,V004,2500,switch,S_r,3972,390,3734,0.8322,0.2975,0.5347,0,0.5197,3.565892,0.0099,0.0620,3.0,0
MOT20,V004,2501,switch,S_r,3977,1206,3955,0.9372,0.6666,0.2706,0,-0.9806,2.353394,0.0013,0.0628,3.0,0
MOT20,V004,2504,switch,S_c,3979,602,3847,0.3574,0.2760,0.0815,0,,,,0.1414,,1
MOT20,V004,2519,switch,S_r,3972,388,3807,0.7562,0.2537,0.5025,0,0.9997,2.452056,0.0687,0.0586,2.0,0
MOT20,V004,2519,switch,S_c,3988,900,3677,0.5036,0.3867,0.1169,0,,,,0.1414,,1
MOT20,V004,2535,switch,S_r,3651,448,3646,0.9632,0.4914,0.4718,0,1.0000,1.500000,0.0218,0.0575,3.0,0
MOT20,V004,2551,switch,S_r,3773,440,3711,0.7245,0.5988,0.1257,0,0.9997,4.101764,0.0264,0.0544,4.0,1
MOT20,V004,2553,switch,S_h,3711,440,3773,0.8210,0.4065,0.4145,0,,,,0.0648,,0
MOT20,V004,2553,switch,S_r,4008,571,3609,0.9409,0.6464,0.2945,0,,,0.0104,0.0628,8.0,0
MOT20,V004,2556,switch,S_c,4011,433,3773,0.3798,0.2911,0.0887,0,,,,0.1414,,1
MOT20,V004,2565,switch,S_r,4014,622,3865,0.7817,0.4351,0.3466,0,-0.6439,10.262106,0.0456,0.0572,8.0,0
MOT20,V004,2574,switch,S_h,3865,622,4014,0.4411,0.1442,0.2969,0,,,,0.0678,,0
MOT20,V004,2582,switch,S_h,3609,571,4008,0.4432,0.0559,0.3873,0,,,,0.0721,,0
MOT20,V004,2594,switch,S_r,3959,644,4005,0.9650,0.3923,0.5727,0,0.9507,1.912240,0.0065,0.0575,3.0,0
MOT20,V004,2594,switch,S_r,4005,830,3959,0.9210,0.4079,0.5131,0,0.9086,1.600365,0.0248,0.0581,6.0,0
MOT20,V004,2596,switch,S_r,3937,622,3865,0.9653,0.6166,0.3488,0,,,0.0095,0.0587,7.0,0
MOT20,V004,2611,switch,S_h,3757,573,2254,0.4697,0.4071,0.0626,0,,,,0.0664,,1
MOT20,V004,2611,switch,S_c,4041,1206,3977,0.1349,0.0216,0.1134,0,,,,0.1414,,0
MOT20,V004,2612,switch,S_h,2254,573,2254,0.6525,0.5656,0.0869,0,,,,0.0673,,1
MOT20,V004,2631,switch,S_h,3562,583,3787,0.3884,0.3533,0.0351,0,,,,0.0674,,1
MOT20,V004,2634,switch,S_c,4053,621,3937,0.3695,0.2677,0.1018,0,,,,0.1414,,1
MOT20,V004,2636,switch,S_r,4055,600,4046,0.9216,0.4047,0.5169,0,0.8875,1.691266,0.0255,0.0611,7.0,0
MOT20,V004,2640,switch,S_c,4060,910,3562,0.4755,0.0797,0.3958,0,,,,0.1414,,0
MOT20,V004,2648,switch,S_r,3562,1198,2046,0.9718,0.2660,0.7058,0,0.6651,2.275300,0.0073,0.0570,4.0,0
MOT20,V004,2649,switch,S_r,3619,442,3546,0.9656,0.4629,0.5027,0,0.9817,1.386050,0.0181,0.0573,4.0,0
MOT20,V004,2676,switch,S_r,4077,1206,4041,0.9155,0.7007,0.2148,0,-0.7510,2.286135,0.0060,0.0588,2.0,0
MOT20,V004,2679,switch,S_r,3946,398,3965,0.7410,0.4246,0.3164,0,-0.9933,46.308147,0.0947,0.0560,3.0,0
MOT20,V004,2679,switch,S_h,4041,1206,4077,0.7082,0.0789,0.6293,0,,,,0.0653,,0
MOT20,V004,2704,switch,S_r,4087,725,3989,0.8425,0.7662,0.0763,0,0.9128,1.218793,0.0600,0.0595,7.0,1
MOT20,V004,2705,switch,S_r,3834,611,3870,0.8803,0.7828,0.0975,0,-0.8472,1.093142,0.0255,0.0573,10.0,1
MOT20,V004,2714,switch,S_r,3619,436,3235,0.8754,0.3587,0.5167,0,-0.9930,2.054987,0.0197,0.0556,1.0,0
MOT20,V004,2714,switch,S_r,3235,594,3259,0.9528,0.3291,0.6236,0,0.2833,1.019562,0.0114,0.0580,4.0,0
MOT20,V004,2715,switch,S_r,3870,610,3986,0.8264,0.4605,0.3659,0,0.2370,1.858381,0.0212,0.0572,10.0,0
MOT20,V004,2717,switch,S_r,4053,622,3937,0.9291,0.3577,0.5714,0,0.9919,1.755187,0.0328,0.0599,2.0,0
MOT20,V004,2717,switch,S_c,4105,907,2899,0.4733,0.4495,0.0238,0,,,,0.1414,,1
MOT20,V004,2718,switch,S_h,3937,622,3937,0.5345,0.5152,0.0192,0,,,,0.0724,,1
MOT20,V004,2721,switch,S_r,4082,604,3834,0.9836,0.2927,0.6909,0,0.9064,1.681543,0.0064,0.0575,8.0,0
MOT20,V004,2731,switch,S_r,4107,906,2140,0.8834,0.5083,0.3751,0,0.3857,1.105270,0.0241,0.0575,8.0,0
MOT20,V004,2732,switch,S_r,3927,598,4040,0.7894,0.3074,0.4821,0,0.4763,1.299029,0.0487,0.0599,6.0,0
MOT20,V004,2732,switch,S_c,4120,619,3941,0.5032,0.1773,0.3258,0,,,,0.1414,,0
MOT20,V004,2738,switch,S_r,4121,792,3030,0.9285,0.6966,0.2318,0,0.3978,4.584180,0.0031,0.0598,7.0,0
MOT20,V004,2740,switch,S_c,4129,917,4067,0.4521,0.0000,0.4521,0,,,,0.1414,,0
MOT20,V004,2744,switch,S_r,3989,725,4087,0.8190,0.5872,0.2318,0,-0.9290,3.324878,0.0319,0.0575,9.0,0
MOT20,V004,2746,switch,S_r,4046,631,3927,0.9701,0.2652,0.7049,0,0.9992,1.009110,0.0132,0.0569,9.0,0
MOT20,V004,2750,switch,S_h,2140,787,3928,0.4117,0.3845,0.0271,0,,,,0.0746,,1
MOT20,V004,2761,switch,S_c,4140,601,4046,0.4129,0.1455,0.2674,0,,,,0.1414,,0
MOT20,V004,2803,switch,S_r,3780,578,3951,0.8998,0.1682,0.7315,0,-0.8531,2.831145,0.0183,0.0580,4.0,0
MOT20,V004,2804,switch,S_c,4178,840,4171,0.6014,0.0066,0.5948,0,,,,0.1414,,0
MOT20,V004,2810,switch,S_c,4180,678,4091,0.4951,0.4369,0.0582,0,,,,0.1414,,1
MOT20,V004,2812,switch,S_r,4180,625,3871,0.9499,0.4305,0.5194,0,0.9940,1.245392,0.0152,0.0605,9.0,0
MOT20,V004,2812,switch,S_r,3871,678,4091,0.9762,0.5842,0.3921,0,0.9850,1.702075,0.0041,0.0581,7.0,0
MOT20,V004,2820,switch,S_h,4053,619,4120,0.8335,0.6079,0.2256,0,,,,0.0675,,0
MOT20,V004,2821,switch,S_r,3937,621,4053,0.7769,0.6756,0.1013,0,1.0000,2.080587,0.0413,0.0576,4.0,1
MOT20,V004,2823,switch,S_r,3734,575,3974,0.9390,0.2488,0.6902,0,0.9526,1.626665,0.0141,0.0584,1.0,0
MOT20,V004,2828,switch,S_h,4183,597,3975,0.7675,0.3409,0.4266,0,,,,0.0693,,0
MOT20,V004,2832,switch,S_r,4158,604,4082,0.8944,0.7075,0.1869,0,,,0.0083,0.0567,8.0,1
MOT20,V004,2838,switch,S_r,3909,626,3944,0.9337,0.2449,0.6887,0,0.9991,2.746015,0.0204,0.0580,6.0,0
MOT20,V004,2845,switch,S_r,4091,597,4183,0.8491,0.3669,0.4822,0,,,0.0298,0.0585,7.0,0
MOT20,V004,2847,switch,S_r,2236,571,3609,0.9386,0.3739,0.5647,0,0.9324,3.371229,0.0054,0.0580,3.0,0
MOT20,V004,2847,switch,S_r,3806,580,3936,0.9668,0.5212,0.4456,0,-0.4388,2.392697,0.0051,0.0571,8.0,0
MOT20,V004,2850,switch,S_h,3609,572,2236,0.6789,0.4042,0.2747,0,,,,0.0884,,0
MOT20,V004,2851,switch,S_c,4200,661,4091,0.5034,0.3957,0.1078,0,,,,0.1414,,1
MOT20,V004,2852,switch,S_r,2118,806,2169,0.9647,0.4863,0.4784,0,0.9891,1.865554,0.0090,0.0568,7.0,0
MOT20,V004,2852,switch,S_r,2169,922,2118,0.8852,0.4946,0.3907,0,0.9992,2.877790,0.0116,0.0580,8.0,0
MOT20,V004,2861,switch,S_r,3609,571,2236,0.8321,0.5244,0.3077,0,-0.8666,3.466490,0.0154,0.0559,3.0,0
MOT20,V004,2867,switch,S_h,2704,677,4001,0.5104,0.2966,0.2138,0,,,,0.0721,,0
MOT20,V004,2874,switch,S_h,2236,571,3609,0.6936,0.3806,0.3130,0,,,,0.0968,,0
MOT20,V004,2876,switch,S_c,4208,620,3919,0.5113,0.2193,0.2920,0,,,,0.1414,,0
MOT20,V004,2881,switch,S_c,4213,925,2467,0.4774,0.1966,0.2808,0,,,,0.1414,,0
MOT20,V004,2886,switch,S_r,4023,605,4056,0.9558,0.4311,0.5247,0,0.0628,1.195389,0.0073,0.0568,6.0,0
MOT20,V004,2886,switch,S_r,4211,839,4171,0.8801,0.4175,0.4626,0,,,0.0229,0.0604,8.0,0
MOT20,V004,2888,switch,S_c,4217,643,2704,0.5526,0.4856,0.0670,0,,,,0.1414,,1
MOT20,V004,2888,switch,S_c,4218,725,3989,0.3456,0.1866,0.1591,0,,,,0.1414,,0
MOT20,V004,2892,switch,S_h,4171,699,4187,0.3826,0.3639,0.0187,0,,,,0.0921,,1
MOT20,V004,2893,switch,S_r,4091,622,3937,0.9211,0.2631,0.6580,0,0.8791,3.344865,0.0054,0.0562,7.0,0
MOT20,V004,2925,switch,S_r,4091,618,3593,0.8406,0.5057,0.3348,0,-0.7613,3.976856,0.0321,0.0601,4.0,0
MOT20,V004,2928,switch,S_r,3909,622,4091,0.6008,0.5066,0.0942,0,0.9786,2.568347,0.0845,0.0643,7.0,1
MOT20,V004,2929,switch,S_h,3593,621,4053,0.4525,0.2493,0.2032,0,,,,0.0670,,0
MOT20,V004,2929,switch,S_c,4237,722,4128,0.4524,0.3577,0.0947,0,,,,0.1414,,1
MOT20,V004,2939,switch,S_h,4222,642,3227,0.6739,0.4651,0.2088,0,,,,0.0697,,0
MOT20,V004,2940,switch,S_r,4243,665,4224,0.9502,0.3483,0.6019,0,-0.6805,1.910497,0.0112,0.0601,1.0,0
MOT20,V004,2940,switch,S_r,4224,667,4243,0.9147,0.3315,0.5832,0,0.9988,1.044726,0.0340,0.0586,1.0,0
MOT20,V004,2961,switch,S_r,3829,625,4180,0.9314,0.5375,0.3939,0,0.9978,2.825081,0.0084,0.0573,4.0,0
MOT20,V004,2964,switch,S_r,4041,666,4253,0.9491,0.3715,0.5777,0,0.9997,1.272282,0.0130,0.0575,2.0,0
MOT20,V004,2968,switch,S_r,4180,625,3829,0.9293,0.4454,0.4839,0,0.8551,2.123761,0.0231,0.0551,3.0,0
MOT20,V004,2971,switch,S_r,3829,626,3909,0.9434,0.6410,0.3024,0,,,0.0132,0.0571,6.0,0
MOT20,V004,2972,switch,S_c,4257,676,4030,0.4587,0.3060,0.1526,0,,,,0.1414,,1
MOT20,V004,2973,switch,S_r,3909,626,3829,0.7996,0.6260,0.1736,0,0.9989,2.112946,0.0459,0.0531,6.0,1
MOT20,V004,2974,switch,S_h,3829,631,4046,0.6055,0.5895,0.0160,0,,,,0.0571,,1
MOT20,V004,2976,switch,S_r,3829,626,3909,0.8790,0.4907,0.3883,0,0.9291,4.085558,0.0103,0.0590,8.0,0
MOT20,V004,2979,switch,S_r,3909,620,4208,0.8699,0.5159,0.3540,0,,,0.0318,0.0630,5.0,0
MOT20,V004,2981,switch,S_r,3829,620,3909,0.8967,0.4555,0.4412,0,0.8307,1.158179,0.0230,0.0603,5.0,0
MOT20,V004,2981,switch,S_h,4208,626,3829,0.6315,0.5146,0.1169,0,,,,0.0570,,1
MOT20,V004,2982,switch,S_r,3829,627,3894,0.8910,0.6140,0.2769,0,0.4214,1.022843,0.0246,0.0586,5.0,0
MOT20,V004,2983,switch,S_h,3909,620,3909,0.5983,0.3224,0.2759,0,,,,0.0657,,0
MOT20,V004,2986,switch,S_r,4208,620,3909,0.7319,0.4542,0.2777,0,-0.6491,1.141566,0.0480,0.0550,6.0,0
MOT20,V004,2986,switch,S_r,3909,626,4208,0.6623,0.4723,0.1900,0,0.9945,2.882233,0.0570,0.0567,4.0,1
MOT20,V004,2987,switch,S_r,3894,619,4053,0.6854,0.2966,0.3888,0,0.1122,5.313019,0.0840,0.0606,8.0,0
MOT20,V004,2987,switch,S_c,4265,725,4218,0.4515,0.2759,0.1755,0,,,,0.1414,,1
MOT20,V004,2991,switch,S_r,4268,1206,4041,0.7112,0.0625,0.6487,0,-0.7771,1.034273,0.0374,0.0608,2.0,0
MOT20,V004,2994,switch,S_r,4208,627,3829,0.4578,0.2393,0.2185,0,-0.9624,136.124943,0.2365,0.0425,3.0,0
MOT20,V004,2999,switch,S_h,3894,631,3829,0.4347,0.4151,0.0196,0,,,,0.0576,,1
MOT20,V004,3003,switch,S_r,4046,619,3894,0.6688,0.1528,0.5160,0,0.9701,17.007811,0.0889,0.0576,5.0,0
MOT20,V004,3005,switch,S_r,3873,631,3894,0.8091,0.5667,0.2425,0,-0.9827,4.992053,0.0072,0.0576,7.0,0
MOT20,V004,3006,switch,S_h,3894,570,3873,0.6399,0.4638,0.1761,0,,,,0.0661,,1
MOT20,V004,3007,switch,S_h,3978,570,3873,0.5937,0.4804,0.1132,0,,,,0.0352,,1
MOT20,V004,3008,switch,S_r,3873,621,3593,0.7041,0.3852,0.3189,0,0.8812,1.111058,0.0946,0.0676,7.0,0
MOT20,V004,3008,switch,S_r,3894,631,3873,0.8040,0.5218,0.2822,0,0.9896,3.359946,0.0189,0.0557,8.0,0
MOT20,V004,3009,switch,S_r,3593,570,3978,0.6274,0.4360,0.1914,0,-0.9966,2.598720,0.0967,0.0508,5.0,1
MOT20,V004,3010,switch,S_h,3978,570,3978,0.5436,0.4931,0.0506,0,,,,0.0586,,1
MOT20,V004,3013,switch,S_h,3686,625,4180,0.6675,0.0903,0.5772,0,,,,0.0641,,0
MOT20,V004,3014,switch,S_h,4180,625,4180,0.7951,0.0794,0.7157,0,,,,0.0663,,0
MOT20,V004,3016,switch,S_h,3686,625,4180,0.1010,0.0000,0.1010,0,,,,0.0699,,0
MOT20,V004,3018,switch,S_r,3870,602,3979,0.8998,0.2681,0.6316,0,,,0.0233,0.0584,4.0,0
MOT20,V004,3023,switch,S_h,4029,625,3686,0.5414,0.2037,0.3377,0,,,,0.0400,,0
MOT20,V004,3028,switch,S_c,4292,725,4265,0.3252,0.2623,0.0629,0,,,,0.1414,,1
MOT20,V004,3043,switch,S_h,3829,627,4208,0.4889,0.2802,0.2086,0,,,,0.0714,,0
MOT20,V004,3043,switch,S_h,3994,1198,3562,0.5494,0.1149,0.4345,0,,,,0.0598,,0
MOT20,V004,3045,switch,S_c,4301,725,4292,0.1902,0.0869,0.1033,0,,,,0.1414,,0
MOT20,V004,3046,switch,S_r,3994,826,3992,0.9667,0.6322,0.3345,0,-0.9991,1.534782,0.0047,0.0584,3.0,0
MOT20,V004,3051,switch,S_r,3894,628,3886,0.6700,0.4369,0.2331,0,0.9964,2.429196,0.0798,0.0700,7.0,0
MOT20,V004,3051,switch,S_r,4304,725,4301,0.8724,0.4208,0.4516,0,,,0.0262,0.0640,4.0,0
MOT20,V004,3051,switch,S_h,3992,825,3994,0.5333,0.1378,0.3955,0,,,,0.0696,,0
MOT20,V004,3054,switch,S_r,4258,715,4249,0.9678,0.5122,0.4556,0,0.9707,1.269132,0.0276,0.0582,2.0,0
MOT20,V004,3054,switch,S_r,4249,783,4258,0.9372,0.5272,0.4100,0,0.8835,1.596739,0.0216,0.0572,2.0,0
MOT20,V004,3055,switch,S_r,3886,631,3894,0.7875,0.3891,0.3984,0,-0.9647,2.503892,0.0216,0.0565,7.0,0
MOT20,V004,3060,switch,S_c,4309,905,3923,0.6328,0.1463,0.4865,0,,,,0.1414,,0
MOT20,V004,3063,switch,S_r,4301,631,3886,0.9242,0.7246,0.1996,0,,,0.0226,0.0589,9.0,1
MOT20,V004,3064,switch,S_r,4311,825,3992,0.9537,0.7776,0.1761,0,,,0.0127,0.0623,4.0,1
MOT20,V004,3065,switch,S_r,4133,841,4148,0.8838,0.3854,0.4984,0,-0.7726,3.268218,0.0172,0.0571,3.0,0
MOT20,V004,3067,switch,S_r,2109,766,2808,0.9312,0.3158,0.6154,0,0.1431,6.450999,0.0031,0.0581,9.0,0
MOT20,V004,3067,switch,S_h,4148,841,4133,0.8145,0.3384,0.4762,0,,,,0.0693,,0
MOT20,V004,3069,switch,S_c,4314,834,2109,0.4735,0.3613,0.1122,0,,,,0.1414,,1
MOT20,V004,3074,switch,S_h,3886,631,3886,0.6593,0.4494,0.2100,0,,,,0.0663,,0
MOT20,V004,3081,switch,S_r,3978,631,3886,0.7937,0.4807,0.3130,0,0.9998,1.262506,0.0574,0.0503,6.0,0
MOT20,V004,3083,switch,S_r,3886,865,3940,0.8313,0.6014,0.2298,0,0.4137,3.327765,0.0248,0.0573,8.0,0
MOT20,V004,3083,switch,S_r,4309,904,2149,0.9667,0.4023,0.5644,0,0.9563,2.425552,0.0074,0.0583,6.0,0
MOT20,V004,3083,switch,S_r,2149,905,4309,0.8837,0.4645,0.4192,0,0.0983,9.767292,0.0023,0.0576,8.0,0
MOT20,V004,3087,switch,S_r,3886,631,3978,0.9586,0.3845,0.5741,0,0.9981,1.303912,0.0353,0.0580,5.0,0
MOT20,V004,3096,switch,S_c,4326,865,3886,0.4176,0.3576,0.0600,0,,,,0.1414,,1
MOT20,V004,3106,switch,S_r,4332,631,3886,0.8646,0.7742,0.0904,0,0.9423,4.032679,0.0527,0.0591,8.0,1
MOT20,V004,3120,switch,S_c,4340,825,4311,0.4854,0.0132,0.4722,0,,,,0.1414,,0
MOT20,V004,3131,switch,S_r,4326,637,3987,0.4540,0.3964,0.0577,0,0.9780,9.650820,0.2627,0.0680,8.0,1
MOT20,V004,3133,switch,S_r,3940,865,4326,0.5729,0.2990,0.2739,0,-0.6240,3.346183,0.2271,0.0567,10.0,0
MOT20,V004,3137,switch,S_r,2149,904,4309,0.9632,0.5444,0.4187,0,0.7568,2.064063,0.0086,0.0571,6.0,0
MOT20,V004,3137,switch,S_r,4355,905,2149,0.7520,0.4319,0.3201,0,-0.6699,1.145025,0.0327,0.0607,5.0,0
MOT20,V004,3137,switch,S_r,4357,921,3359,0.9168,0.4847,0.4321,0,,,0.0167,0.0626,6.0,0
MOT20,V004,3142,switch,S_h,3359,806,2118,0.3171,0.2998,0.0172,0,,,,0.0597,,1
MOT20,V004,3143,switch,S_r,2118,921,4357,0.9056,0.5130,0.3926,0,0.2382,5.472095,0.0224,0.0584,7.0,0
MOT20,V004,3150,switch,S_r,3987,631,4332,0.8094,0.5849,0.2244,0,-0.5740,3.058178,0.0508,0.0541,7.0,0
MOT20,V004,3152,switch,S_r,4332,631,3987,0.9794,0.6208,0.3586,0,,,0.0037,0.0588,8.0,0
MOT20,V004,3152,switch,S_r,4368,866,4347,0.8687,0.4997,0.3689,0,,,0.0191,0.0636,4.0,0
MOT20,V004,3154,switch,S_r,4069,925,4213,0.9851,0.2969,0.6882,0,0.9355,1.237325,0.0089,0.0571,3.0,0
MOT20,V004,3158,switch,S_r,4024,643,4217,0.8770,0.7330,0.1440,0,,,0.0409,0.0631,5.0,1
MOT20,V004,3160,switch,S_h,4369,724,3847,0.7643,0.2541,0.5102,0,,,,0.0626,,0
MOT20,V004,3161,switch,S_h,3889,655,4024,0.6481,0.4623,0.1858,0,,,,0.0727,,1
MOT20,V004,3171,switch,S_r,4332,632,3976,0.9198,0.4098,0.5100,0,0.9433,4.083449,0.0235,0.0577,6.0,0
MOT20,V004,3191,switch,S_h,4392,925,4069,0.6543,0.2619,0.3924,0,,,,0.0715,,0
MOT20,V004,3193,switch,S_r,4069,655,3889,0.9280,0.5421,0.3860,0,0.8632,1.733608,0.0231,0.0581,7.0,0
MOT20,V004,3197,switch,S_h,3982,724,4369,0.4826,0.3394,0.1432,0,,,,0.0366,,1
MOT20,V004,3200,switch,S_r,4192,891,3924,0.6984,0.4683,0.2301,0,-0.7364,1.124612,0.0425,0.0560,6.0,0
MOT20,V004,3201,switch,S_h,3924,724,3982,0.6919,0.3233,0.3686,0,,,,0.0665,,0
MOT20,V004,3201,switch,S_r,4375,800,4396,0.9232,0.2254,0.6978,0,0.9938,1.014514,0.0355,0.0573,3.0,0
MOT20,V004,3202,switch,S_r,4021,650,4068,0.9548,0.2865,0.6683,0,-0.8222,4.216370,0.0027,0.0574,6.0,0
MOT20,V004,3203,switch,S_h,3889,655,4069,0.6764,0.4906,0.1858,0,,,,0.0766,,1
MOT20,V004,3204,switch,S_r,4340,826,3994,0.9765,0.2836,0.6929,0,0.9374,1.271859,0.0119,0.0576,6.0,0
MOT20,V004,3205,switch,S_r,4369,633,3982,0.8918,0.1999,0.6919,0,,,0.0116,0.0591,4.0,0
MOT20,V004,3206,switch,S_r,4332,639,3971,0.6387,0.2823,0.3565,0,-0.9322,5.617375,0.1999,0.0661,5.0,0
MOT20,V004,3207,switch,S_h,3994,825,4340,0.5810,0.5189,0.0621,0,,,,0.0635,,1
MOT20,V004,3208,switch,S_r,4396,756,4375,0.8382,0.2281,0.6101,0,0.9989,7.753575,0.0351,0.0550,4.0,0
MOT20,V004,3210,switch,S_r,3924,638,3855,0.9203,0.7189,0.2015,0,0.5992,2.616218,0.0201,0.0577,4.0,0
MOT20,V004,3211,switch,S_r,4369,631,4332,0.7474,0.4740,0.2735,0,0.5598,3.402371,0.0262,0.0547,4.0,0
MOT20,V004,3211,switch,S_h,4192,724,3924,0.2529,0.1190,0.1339,0,,,,0.0665,,0
MOT20,V004,3213,switch,S_r,4021,871,4206,0.6934,0.2588,0.4346,0,-0.7075,14.341655,0.4830,0.0508,5.0,0
MOT20,V004,3214,switch,S_r,3994,826,4340,0.9233,0.4981,0.4253,0,0.9999,3.715106,0.0055,0.0573,5.0,0
MOT20,V004,3215,switch,S_h,3855,638,3924,0.2710,0.2310,0.0400,0,,,,0.0628,,1
MOT20,V004,3216,switch,S_h,4069,655,3889,0.6442,0.4343,0.2099,0,,,,0.0877,,0
MOT20,V004,3220,switch,S_h,4340,826,3994,0.6849,0.2767,0.4082,0,,,,0.0729,,0
MOT20,V004,3238,switch,S_h,4069,641,3945,0.6925,0.6878,0.0047,0,,,,0.0618,,1
MOT20,V004,3263,switch,S_r,4108,680,4137,0.9882,0.3594,0.6288,0,0.9959,1.302573,0.0080,0.0573,4.0,0
MOT20,V004,3265,switch,S_r,3750,924,3993,0.9062,0.4789,0.4273,0,0.9126,1.210070,0.0244,0.0559,6.0,0
MOT20,V004,3266,switch,S_h,3993,673,3750,0.6240,0.4387,0.1853,0,,,,0.0640,,1
MOT20,V004,3270,switch,S_r,4192,638,3855,0.9795,0.2678,0.7117,0,0.9813,1.042334,0.0279,0.0584,1.0,0
MOT20,V004,3270,switch,S_r,4427,651,4101,0.8405,0.6259,0.2147,0,0.8900,3.883017,0.0580,0.0600,4.0,0
MOT20,V004,3270,switch,S_r,4219,891,4192,0.8712,0.2801,0.5912,0,0.5702,1.796688,0.0202,0.0600,2.0,0
MOT20,V004,3273,switch,S_r,4160,663,4108,0.5009,0.4800,0.0208,0,0.9984,2.588412,0.1179,0.0553,5.0,1
MOT20,V004,3276,switch,S_r,4108,681,4160,0.9136,0.3719,0.5417,0,0.7559,1.105526,0.0337,0.0556,5.0,0
MOT20,V004,3281,switch,S_h,3855,638,4192,0.3927,0.2578,0.1348,0,,,,0.0668,,1
MOT20,V004,3282,switch,S_r,4192,891,4219,0.9925,0.4274,0.5650,0,1.0000,1.028571,0.0171,0.0574,2.0,0
MOT20,V004,3283,switch,S_c,4436,905,4355,0.5200,0.4153,0.1047,0,,,,0.1414,,1
MOT20,V004,3284,switch,S_c,4438,848,4169,0.6070,0.3801,0.2268,0,,,,0.1414,,0
MOT20,V004,3288,switch,S_r,4069,659,4076,0.7318,0.4343,0.2976,0,,,0.0682,0.0603,9.0,0
MOT20,V004,3298,switch,S_c,4444,663,4160,0.5299,0.2023,0.3276,0,,,,0.1414,,0
MOT20,V004,3298,switch,S_r,4069,892,4256,0.9557,0.4711,0.4846,0,0.7638,2.379702,0.0058,0.0588,5.0,0
MOT20,V004,3301,switch,S_r,4431,867,4345,0.9044,0.4384,0.4660,0,0.4151,1.148241,0.0241,0.0574,5.0,0
MOT20,V004,3303,switch,S_h,4160,663,4444,0.7394,0.2924,0.4470,0,,,,0.0660,,0
MOT20,V004,3304,switch,S_h,4345,867,4431,0.2674,0.1813,0.0861,0,,,,0.0673,,0
MOT20,V004,3308,switch,S_r,4377,861,4441,0.4042,0.2502,0.1539,0,0.7711,95.780269,0.2480,0.0556,6.0,1
MOT20,V004,3310,switch,S_c,4446,875,4377,0.1852,0.1746,0.0106,0,,,,0.1414,,0
MOT20,V004,3314,switch,S_r,4269,894,4203,0.9180,0.6229,0.2952,0,,,0.0103,0.0550,4.0,0
MOT20,V004,3315,switch,S_h,4076,660,4075,0.1554,0.1481,0.0073,0,,,,0.0619,,0
SportsMOT,V001,227,switch,S_c,11,5,8,0.0000,0.0000,0.0000,0,,,,0.1414,,0
SportsMOT,V001,235,switch,S_c,12,6,9,0.0166,0.0000,0.0166,0,,,,0.1414,,0
SportsMOT,V001,686,switch,S_c,14,6,12,0.0000,0.0000,0.0000,0,,,,0.1414,,0
SportsMOT,V001,690,switch,S_c,15,6,12,0.0000,0.0000,0.0000,0,,,,0.1414,,0
SportsMOT,V001,694,switch,S_c,16,4,5,0.0500,0.0000,0.0500,0,,,,0.1414,,0
SportsMOT,V001,755,switch,S_r,15,1,3,0.7604,0.1637,0.5968,0,-0.8546,3.429143,0.0136,0.0547,2.0,0
SportsMOT,V001,756,switch,S_h,3,1,3,0.6928,0.3292,0.3636,0,,,,0.0574,,0
SportsMOT,V001,764,switch,S_r,6,0,1,0.9500,0.4147,0.5353,0,0.9695,1.175953,0.0340,0.0564,3.0,0
SportsMOT,V001,764,switch,S_r,1,3,6,0.9784,0.4052,0.5733,0,0.9985,1.011352,0.0469,0.0575,4.0,0
SportsMOT,V001,798,switch,S_r,6,2,4,0.9430,0.5481,0.3949,0,0.9926,1.345283,0.0295,0.0580,4.0,0
SportsMOT,V001,801,switch,S_r,1,2,4,0.9283,0.5147,0.4137,0,0.9724,1.821625,0.0187,0.0584,2.0,0
SportsMOT,V001,801,switch,S_h,6,3,1,0.7166,0.4152,0.3014,0,,,,0.0669,,0
SportsMOT,V001,803,switch,S_h,4,3,6,0.5766,0.2441,0.3325,0,,,,0.0737,,0
SportsMOT,V002,99,switch,S_r,19,3,24,0.9089,0.5964,0.3124,0,0.9882,1.998441,0.0216,0.0568,1.0,0
SportsMOT,V002,99,switch,S_r,24,9,19,0.8679,0.5873,0.2806,0,0.9431,1.936873,0.0548,0.0576,1.0,0
SportsMOT,V002,213,switch,S_r,26,0,18,0.9486,0.5512,0.3973,0,,,0.0150,0.0568,2.0,0
SportsMOT,V002,213,switch,S_r,18,4,26,0.9019,0.3703,0.5316,0,0.9445,1.644780,0.0479,0.0609,2.0,0
SportsMOT,V002,353,switch,S_c,27,8,22,0.0000,0.0000,0.0000,0,,,,0.1414,,0
SportsMOT,V002,363,switch,S_c,28,3,19,0.0000,0.0000,0.0000,0,,,,0.1414,,0
SportsMOT,V002,378,switch,S_c,29,9,24,0.0000,0.0000,0.0000,0,,,,0.1414,,0
SportsMOT,V002,392,switch,S_c,30,7,23,0.0000,0.0000,0.0000,0,,,,0.1414,,0
SportsMOT,V002,398,switch,S_c,31,4,18,0.0000,0.0000,0.0000,0,,,,0.1414,,0
SportsMOT,V003,205,switch,S_c,42,6,38,0.0880,0.0000,0.0880,0,,,,0.1414,,0
SportsMOT,V003,309,switch,S_c,43,4,36,0.0000,0.0000,0.0000,0,,,,0.1414,,0
SportsMOT,V003,377,switch,S_r,42,4,43,0.9354,0.5039,0.4315,0,0.9901,1.055562,0.1151,0.0580,1.0,0
SportsMOT,V003,377,switch,S_r,43,6,42,0.9192,0.4927,0.4265,0,0.9997,1.640863,0.0272,0.0547,1.0,0
SportsMOT,V003,390,switch,S_r,43,4,42,0.7753,0.5207,0.2546,0,-0.0667,4.237402,0.0139,0.0589,3.0,0
SportsMOT,V003,390,switch,S_r,42,6,43,0.7300,0.4891,0.2409,0,0.9642,2.285113,0.1156,0.0565,3.0,0
SportsMOT,V003,453,switch,S_r,43,7,33,0.9538,0.6927,0.2611,0,0.9355,1.485202,0.0096,0.0598,1.0,0
SportsMOT,V003,457,switch,S_c,44,7,33,0.5792,0.5066,0.0727,0,,,,0.1414,,1
SportsMOT,V003,461,switch,S_r,34,4,43,0.9479,0.4512,0.4967,0,0.9952,1.553161,0.0326,0.0582,3.0,0
SportsMOT,V003,461,switch,S_r,43,8,34,0.9565,0.5810,0.3755,0,0.9779,1.033568,0.0299,0.0573,3.0,0
SportsMOT,V003,466,switch,S_c,45,7,44,0.5704,0.3978,0.1726,0,,,,0.1414,,1
SportsMOT,V003,473,switch,S_r,43,7,45,0.9844,0.4390,0.5453,0,0.9916,1.016287,0.0477,0.0577,3.0,0
SportsMOT,V003,473,switch,S_r,45,8,43,0.9319,0.4595,0.4724,0,0.9870,1.273037,0.0265,0.0574,3.0,0
SportsMOT,V003,480,switch,S_c,46,9,40,0.0000,0.0000,0.0000,0,,,,0.1414,,0
SportsMOT,V004,235,switch,S_r,49,1,51,0.9247,0.3866,0.5380,0,0.6217,1.306712,0.0247,0.0580,5.0,0
SportsMOT,V004,235,switch,S_r,51,8,49,0.7994,0.4091,0.3903,0,0.9593,1.770939,0.0979,0.0540,4.0,0
SportsMOT,V004,386,switch,S_c,58,6,54,0.5509,0.2617,0.2892,0,,,,0.1414,,0
SportsMOT,V005,55,switch,S_c,67,3,63,0.6868,0.2224,0.4645,0,,,,0.1414,,0
SportsMOT,V005,79,switch,S_r,67,5,65,0.6857,0.6804,0.0053,0,0.6823,3.349708,0.1161,0.0547,2.0,1
SportsMOT,V005,80,switch,S_c,72,3,67,0.1986,0.1051,0.0934,0,,,,0.1414,,0
SportsMOT,V005,185,switch,S_c,73,9,69,0.0000,0.0000,0.0000,0,,,,0.1414,,0
SportsMOT,V005,249,switch,S_r,67,3,72,0.8846,0.3816,0.5030,0,0.8628,1.517477,0.0492,0.0600,2.0,0
SportsMOT,V005,249,switch,S_r,72,5,67,0.9330,0.4466,0.4864,0,0.7389,1.199408,0.0151,0.0597,1.0,0
SportsMOT,V005,261,switch,S_c,74,7,66,0.8357,0.1682,0.6675,0,,,,0.1414,,0
SportsMOT,V006,28,switch,S_c,98,11,86,0.0269,0.0000,0.0269,0,,,,0.1414,,0
SportsMOT,V006,51,switch,S_c,99,2,80,0.0000,0.0000,0.0000,0,,,,0.1414,,0
SportsMOT,V006,194,switch,S_r,101,7,77,0.7479,0.5007,0.2471,0,,,0.0451,0.0620,3.0,0
SportsMOT,V006,205,switch,S_c,102,6,75,0.5781,0.5626,0.0155,0,,,,0.1414,,1
SportsMOT,V007,102,switch,S_r,108,3,110,0.9142,0.3948,0.5193,0,0.4218,1.260378,0.0194,0.0569,2.0,0
SportsMOT,V007,102,switch,S_r,110,4,108,0.9269,0.3958,0.5310,0,0.6640,1.159226,0.0198,0.0563,2.0,0
SportsMOT,V007,532,switch,S_r,106,7,109,0.7768,0.5092,0.2676,0,0.4078,5.334238,0.0083,0.0593,2.0,0
SportsMOT,V007,532,switch,S_r,109,9,106,0.9176,0.3918,0.5257,0,0.9557,1.785195,0.0340,0.0569,2.0,0
SportsMOT,V008,134,switch,S_r,124,5,123,0.8507,0.0945,0.7562,0,0.9354,1.339427,0.0598,0.0545,1.0,0
SportsMOT,V008,136,switch,S_h,123,5,124,0.5129,0.0596,0.4533,0,,,,0.0691,,0
SportsMOT,V009,212,switch,S_c,148,0,135,0.0000,0.0000,0.0000,0,,,,0.1414,,0
SportsMOT,V009,215,switch,S_c,149,1,131,0.0000,0.0000,0.0000,0,,,,0.1414,,0
SportsMOT,V009,289,switch,S_c,150,9,144,0.0000,0.0000,0.0000,0,,,,0.1414,,0
SportsMOT,V009,305,switch,S_c,151,17,146,0.0000,0.0000,0.0000,0,,,,0.1414,,0
SportsMOT,V009,314,switch,S_c,152,8,147,0.0000,0.0000,0.0000,0,,,,0.1414,,0
SportsMOT,V009,318,switch,S_c,154,7,145,0.1642,0.0000,0.1642,0,,,,0.1414,,0
SportsMOT,V009,484,switch,S_r,158,7,154,0.7726,0.5850,0.1876,0,,,0.0604,0.0608,1.0,1
SportsMOT,V009,486,switch,S_r,158,15,141,0.8211,0.0000,0.8211,0,0.9985,1.260239,0.1526,0.0626,0.0,0
SportsMOT,V009,487,switch,S_c,160,3,138,0.0000,0.0000,0.0000,0,,,,0.1414,,0
SportsMOT,V009,491,switch,S_c,165,7,158,0.1530,0.0000,0.1530,0,,,,0.1414,,0
SportsMOT,V009,672,switch,S_c,167,7,165,0.0000,0.0000,0.0000,0,,,,0.1414,,0
SportsMOT,V009,712,switch,S_c,168,19,155,0.6957,0.0892,0.6065,0,,,,0.1414,,0
SportsMOT,V010,74,switch,S_r,181,4,171,0.6978,0.0000,0.6978,0,,,0.0583,0.0599,0.0,0
SportsMOT,V010,78,switch,S_c,182,3,169,0.0000,0.0000,0.0000,0,,,,0.1414,,0
SportsMOT,V010,89,switch,S_c,183,2,172,0.0000,0.0000,0.0000,0,,,,0.1414,,0
SportsMOT,V010,142,switch,S_c,184,11,180,0.0000,0.0000,0.0000,0,,,,0.1414,,0
SportsMOT,V010,196,switch,S_c,186,2,183,0.0000,0.0000,0.0000,0,,,,0.1414,,0
SportsMOT,V010,236,switch,S_c,272,16,252,0.0000,0.0000,0.0000,0,,,,0.1414,,0
SportsMOT,V010,237,switch,S_c,276,1,177,0.0000,0.0000,0.0000,0,,,,0.1414,,0
SportsMOT,V010,238,switch,S_c,279,19,252,0.1814,0.0076,0.1738,0,,,,0.1414,,0
SportsMOT,V010,242,switch,S_c,285,0,178,0.0000,0.0000,0.0000,0,,,,0.1414,,0
SportsMOT,V010,280,switch,S_c,286,18,270,0.4719,0.0000,0.4719,0,,,,0.1414,,0
SportsMOT,V010,287,switch,S_r,286,17,281,0.9275,0.0000,0.9275,0,0.9731,2.603417,0.0085,0.0595,0.0,0
SportsMOT,V010,287,switch,S_c,287,18,286,0.5058,0.0000,0.5058,0,,,,0.1414,,0
SportsMOT,V010,298,switch,S_c,288,3,182,0.0000,0.0000,0.0000,0,,,,0.1414,,0
SportsMOT,V010,320,switch,S_c,290,4,181,0.0000,0.0000,0.0000,0,,,,0.1414,,0
SportsMOT,V010,320,switch,S_c,289,9,174,0.0000,0.0000,0.0000,0,,,,0.1414,,0
SportsMOT,V010,326,switch,S_c,291,6,176,0.0000,0.0000,0.0000,0,,,,0.1414,,0
SportsMOT,V010,350,switch,S_c,292,7,170,0.0000,0.0000,0.0000,0,,,,0.1414,,0
SportsMOT,V010,350,switch,S_c,293,10,179,0.0000,0.0000,0.0000,0,,,,0.1414,,0
SportsMOT,V010,403,switch,S_c,294,15,238,0.0000,0.0000,0.0000,0,,,,0.1414,,0
SportsMOT,V010,424,switch,S_c,295,19,279,0.0000,0.0000,0.0000,0,,,,0.1414,,0
SportsMOT,V010,441,switch,S_c,296,20,275,0.0000,0.0000,0.0000,0,,,,0.1414,,0
SportsMOT,V010,531,switch,S_c,297,1,276,0.0000,0.0000,0.0000,0,,,,0.1414,,0
SportsMOT,V010,535,switch,S_c,298,6,291,0.0000,0.0000,0.0000,0,,,,0.1414,,0
SportsMOT,V011,79,switch,S_c,326,10,320,0.0000,0.0000,0.0000,0,,,,0.1414,,0
SportsMOT,V011,231,switch,S_c,327,14,317,0.0000,0.0000,0.0000,0,,,,0.1414,,0
SportsMOT,V011,235,switch,S_c,328,17,301,0.0000,0.0000,0.0000,0,,,,0.1414,,0
SportsMOT,V011,235,switch,S_c,329,18,310,0.0000,0.0000,0.0000,0,,,,0.1414,,0
SportsMOT,V011,253,switch,S_c,330,1,313,0.0000,0.0000,0.0000,0,,,,0.1414,,0
SportsMOT,V011,263,switch,S_c,331,3,312,0.0000,0.0000,0.0000,0,,,,0.1414,,0
SportsMOT,V011,267,switch,S_c,332,4,314,0.0000,0.0000,0.0000,0,,,,0.1414,,0
SportsMOT,V011,375,switch,S_c,334,11,306,0.0000,0.0000,0.0000,0,,,,0.1414,,0
SportsMOT,V011,405,switch,S_c,335,14,327,0.0000,0.0000,0.0000,0,,,,0.1414,,0
SportsMOT,V011,421,switch,S_c,336,4,332,0.0000,0.0000,0.0000,0,,,,0.1414,,0
SportsMOT,V011,423,switch,S_c,337,5,316,0.0000,0.0000,0.0000,0,,,,0.1414,,0
SportsMOT,V011,554,switch,S_c,338,14,335,0.0000,0.0000,0.0000,0,,,,0.1414,,0
SportsMOT,V011,555,switch,S_c,339,17,328,0.0000,0.0000,0.0000,0,,,,0.1414,,0
SportsMOT,V011,557,switch,S_c,340,20,305,0.0000,0.0000,0.0000,0,,,,0.1414,,0
SportsMOT,V011,559,switch,S_c,341,20,305,0.0000,0.0000,0.0000,0,,,,0.1414,,0
SportsMOT,V011,562,switch,S_c,347,16,302,0.0000,0.0000,0.0000,0,,,,0.1414,,0
SportsMOT,V011,566,switch,S_c,355,7,311,0.0000,0.0000,0.0000,0,,,,0.1414,,0
SportsMOT,V011,572,switch,S_c,366,5,337,0.0000,0.0000,0.0000,0,,,,0.1414,,0
SportsMOT,V011,578,switch,S_h,340,9,303,0.0000,0.0000,0.0000,0,,,,0.1414,,0
SportsMOT,V011,583,switch,S_c,378,4,336,0.0000,0.0000,0.0000,0,,,,0.1414,,0
SportsMOT,V011,585,switch,S_c,380,0,300,0.0000,0.0000,0.0000,0,,,,0.1414,,0
SportsMOT,V011,595,switch,S_c,396,4,336,0.0000,0.0000,0.0000,0,,,,0.1414,,0
SportsMOT,V011,605,switch,S_c,406,19,304,0.5927,0.0000,0.5927,0,,,,0.1414,,0
SportsMOT,V011,662,switch,S_r,408,3,331,0.6953,0.0000,0.6953,0,1.0000,1.277294,0.2264,0.0590,0.0,0
SportsMOT,V011,673,switch,S_r,409,18,329,0.8941,0.0000,0.8941,0,1.0000,1.107753,0.1926,0.0594,0.0,0
SportsMOT,V011,675,switch,S_c,410,6,307,0.0000,0.0000,0.0000,0,,,,0.1414,,0
SportsMOT,V011,678,switch,S_c,411,14,338,0.0000,0.0000,0.0000,0,,,,0.1414,,0
SportsMOT,V011,715,switch,S_c,412,21,407,0.0000,0.0000,0.0000,0,,,,0.1414,,0
SportsMOT,V011,942,switch,S_c,413,3,408,0.0000,0.0000,0.0000,0,,,,0.1414,,0
SportsMOT,V011,946,switch,S_c,414,4,396,0.0000,0.0000,0.0000,0,,,,0.1414,,0
SportsMOT,V011,967,switch,S_c,418,15,315,0.0000,0.0000,0.0000,0,,,,0.1414,,0
SportsMOT,V011,968,switch,S_c,420,8,319,0.1665,0.0000,0.1665,0,,,,0.1414,,0
SportsMOT,V011,981,switch,S_c,434,13,309,0.0000,0.0000,0.0000,0,,,,0.1414,,0
SportsMOT,V011,983,switch,S_r,428,18,409,0.8506,0.0000,0.8506,0,0.9982,1.182086,0.1199,0.0606,0.0,0
SportsMOT,V011,984,switch,S_c,439,13,309,0.0000,0.0000,0.0000,0,,,,0.1414,,0
SportsMOT,V011,998,switch,S_c,454,14,411,0.0000,0.0000,0.0000,0,,,,0.1414,,0
SportsMOT,V011,1013,switch,S_c,455,12,318,0.0000,0.0000,0.0000,0,,,,0.1414,,0
SportsMOT,V011,1037,switch,S_c,456,13,439,0.0000,0.0000,0.0000,0,,,,0.1414,,0
SportsMOT,V011,1038,switch,S_c,457,17,339,0.0000,0.0000,0.0000,0,,,,0.1414,,0
SportsMOT,V011,1053,switch,S_c,458,9,340,0.0000,0.0000,0.0000,0,,,,0.1414,,0
SportsMOT,V011,1094,switch,S_c,459,9,458,0.0000,0.0000,0.0000,0,,,,0.1414,,0
SportsMOT,V011,1124,switch,S_c,461,0,380,0.0000,0.0000,0.0000,0,,,,0.1414,,0
SportsMOT,V011,1133,switch,S_c,462,16,347,0.0000,0.0000,0.0000,0,,,,0.1414,,0
SportsMOT,V011,1163,switch,S_r,341,3,413,0.9366,0.3786,0.5581,0,0.9920,1.379182,0.0377,0.0564,1.0,0
SportsMOT,V011,1163,switch,S_r,413,20,341,0.9801,0.3476,0.6325,0,0.9971,1.955761,0.0048,0.0571,1.0,0
SportsMOT,V012,9,switch,S_c,478,7,470,0.0000,0.0000,0.0000,0,,,,0.1414,,0
SportsMOT,V012,15,switch,S_c,486,8,483,0.0000,0.0000,0.0000,0,,,,0.1414,,0
SportsMOT,V012,106,switch,S_c,500,1,466,0.0000,0.0000,0.0000,0,,,,0.1414,,0
SportsMOT,V012,116,switch,S_c,501,6,498,0.0000,0.0000,0.0000,0,,,,0.1414,,0
SportsMOT,V012,131,switch,S_c,502,0,467,0.0000,0.0000,0.0000,0,,,,0.1414,,0
SportsMOT,V012,256,switch,S_c,510,7,478,0.0000,0.0000,0.0000,0,,,,0.1414,,0
SportsMOT,V012,302,switch,S_c,511,12,504,0.0000,0.0000,0.0000,0,,,,0.1414,,0
SportsMOT,V012,306,switch,S_c,512,15,507,0.5527,0.0000,0.5527,0,,,,0.1414,,0
SportsMOT,V012,355,switch,S_c,513,17,509,0.0000,0.0000,0.0000,0,,,,0.1414,,0
SportsMOT,V012,365,switch,S_c,514,4,468,0.0000,0.0000,0.0000,0,,,,0.1414,,0
SportsMOT,V012,422,switch,S_c,516,9,493,0.0000,0.0000,0.0000,0,,,,0.1414,,0
SportsMOT,V012,451,switch,S_c,517,13,506,0.0000,0.0000,0.0000,0,,,,0.1414,,0
SportsMOT,V012,460,switch,S_c,518,16,508,0.0000,0.0000,0.0000,0,,,,0.1414,,0
SportsMOT,V012,463,switch,S_c,519,17,513,0.0000,0.0000,0.0000,0,,,,0.1414,,0
SportsMOT,V012,511,switch,S_c,520,9,516,0.0000,0.0000,0.0000,0,,,,0.1414,,0
SportsMOT,V013,94,switch,S_c,538,17,521,0.0000,0.0000,0.0000,0,,,,0.1414,,0
SportsMOT,V013,263,switch,S_c,543,7,529,0.0000,0.0000,0.0000,0,,,,0.1414,,0
SportsMOT,V013,279,switch,S_c,545,9,526,0.0000,0.0000,0.0000,0,,,,0.1414,,0
SportsMOT,V013,280,switch,S_r,544,10,533,0.8944,0.0000,0.8944,0,0.9876,1.120025,0.0870,0.0594,0.0,0
SportsMOT,V013,293,switch,S_c,546,19,542,0.0000,0.0000,0.0000,0,,,,0.1414,,0
SportsMOT,V013,360,switch,S_c,547,2,522,0.0000,0.0000,0.0000,0,,,,0.1414,,0
SportsMOT,V013,362,switch,S_c,548,9,545,0.0000,0.0000,0.0000,0,,,,0.1414,,0
SportsMOT,V013,367,switch,S_c,552,7,543,0.0000,0.0000,0.0000,0,,,,0.1414,,0
SportsMOT,V013,370,switch,S_h,548,8,531,0.0000,0.0000,0.0000,0,,,,0.1414,,0
SportsMOT,V013,375,switch,S_c,567,8,531,0.0000,0.0000,0.0000,0,,,,0.1414,,0
SportsMOT,V013,377,switch,S_c,571,6,536,0.0000,0.0000,0.0000,0,,,,0.1414,,0
SportsMOT,V013,381,switch,S_c,578,3,535,0.0000,0.0000,0.0000,0,,,,0.1414,,0
SportsMOT,V013,382,switch,S_h,560,4,527,0.0000,0.0000,0.0000,0,,,,0.1414,,0
SportsMOT,V013,385,switch,S_h,560,1,528,0.0000,0.0000,0.0000,0,,,,0.1414,,0
SportsMOT,V013,389,switch,S_c,599,0,523,0.0000,0.0000,0.0000,0,,,,0.1414,,0
SportsMOT,V013,392,switch,S_c,613,1,528,0.0000,0.0000,0.0000,0,,,,0.1414,,0
SportsMOT,V013,405,switch,S_c,654,5,534,0.0000,0.0000,0.0000,0,,,,0.1414,,0
SportsMOT,V013,405,switch,S_c,653,9,545,0.0000,0.0000,0.0000,0,,,,0.1414,,0
SportsMOT,V013,406,switch,S_c,655,4,527,0.0000,0.0000,0.0000,0,,,,0.1414,,0
SportsMOT,V013,410,switch,S_c,657,8,567,0.0000,0.0000,0.0000,0,,,,0.1414,,0
SportsMOT,V013,410,switch,S_c,656,11,524,0.0000,0.0000,0.0000,0,,,,0.1414,,0
SportsMOT,V013,411,switch,S_c,658,0,599,0.0000,0.0000,0.0000,0,,,,0.1414,,0
SportsMOT,V013,412,switch,S_c,661,1,613,0.0000,0.0000,0.0000,0,,,,0.1414,,0
SportsMOT,V013,412,switch,S_c,660,6,571,0.0000,0.0000,0.0000,0,,,,0.1414,,0
SportsMOT,V013,412,switch,S_c,659,7,552,0.0000,0.0000,0.0000,0,,,,0.1414,,0
SportsMOT,V013,412,switch,S_c,662,12,530,0.0000,0.0000,0.0000,0,,,,0.1414,,0
SportsMOT,V013,415,switch,S_c,664,15,539,0.0000,0.0000,0.0000,0,,,,0.1414,,0
SportsMOT,V013,418,switch,S_h,552,2,547,0.6942,0.0000,0.6942,0,,,,0.0674,,0
SportsMOT,V013,418,switch,S_h,613,4,655,0.6660,0.0000,0.6660,0,,,,0.0649,,0
SportsMOT,V013,420,switch,S_c,668,4,655,0.0000,0.0000,0.0000,0,,,,0.1414,,0
SportsMOT,V013,420,switch,S_h,613,6,660,0.7817,0.0000,0.7817,0,,,,0.0668,,0
SportsMOT,V013,421,switch,S_c,670,2,552,0.0000,0.0000,0.0000,0,,,,0.1414,,0
SportsMOT,V013,421,switch,S_h,599,4,655,0.3396,0.0000,0.3396,0,,,,0.0730,,0
SportsMOT,V013,421,switch,S_h,655,6,660,0.3248,0.0000,0.3248,0,,,,0.0750,,0
SportsMOT,V013,422,switch,S_h,668,6,660,0.1286,0.0923,0.0363,0,,,,0.1414,,0
SportsMOT,V013,422,switch,S_h,567,9,653,0.6878,0.0000,0.6878,0,,,,0.0657,,0
SportsMOT,V013,423,switch,S_c,673,4,655,0.0000,0.0000,0.0000,0,,,,0.1414,,0
SportsMOT,V013,423,switch,S_h,599,6,660,0.3285,0.0000,0.3285,0,,,,0.0707,,0
SportsMOT,V013,424,switch,S_r,673,6,660,0.3939,0.1053,0.2886,0,,,0.1668,0.0703,0.0,0
SportsMOT,V013,424,switch,S_c,676,13,525,0.0000,0.0000,0.0000,0,,,,0.1414,,0
SportsMOT,V013,425,switch,S_c,678,6,660,0.0000,0.0000,0.0000,0,,,,0.1414,,0
SportsMOT,V013,426,switch,S_c,682,4,655,0.0000,0.0000,0.0000,0,,,,0.1414,,0
SportsMOT,V013,427,switch,S_r,682,6,678,0.7853,0.7789,0.0064,0,,,0.0429,0.0700,1.0,1
SportsMOT,V013,429,switch,S_c,691,6,678,0.1062,0.0000,0.1062,0,,,,0.1414,,0
SportsMOT,V013,430,switch,S_c,694,4,655,0.0636,0.0000,0.0636,0,,,,0.1414,,0
SportsMOT,V013,430,switch,S_c,695,20,541,0.0000,0.0000,0.0000,0,,,,0.1414,,0
SportsMOT,V013,432,switch,S_h,530,16,540,0.0000,0.0000,0.0000,0,,,,0.0528,,0
SportsMOT,V013,432,switch,S_c,698,20,541,0.0000,0.0000,0.0000,0,,,,0.1414,,0
SportsMOT,V013,433,switch,S_c,705,6,678,0.4939,0.0000,0.4939,0,,,,0.1414,,0
SportsMOT,V013,433,switch,S_c,703,9,653,0.0000,0.0000,0.0000,0,,,,0.1414,,0
SportsMOT,V013,435,switch,S_c,707,16,530,0.0000,0.0000,0.0000,0,,,,0.1414,,0
SportsMOT,V013,443,switch,S_r,663,17,538,0.1286,0.0000,0.1286,0,,,0.2049,0.0581,0.0,0
SportsMOT,V013,443,switch,S_r,719,18,537,0.4442,0.0000,0.4442,0,0.9999,1.578144,0.3295,0.0619,0.0,0
SportsMOT,V013,446,switch,S_c,726,14,532,0.0000,0.0000,0.0000,0,,,,0.1414,,0
SportsMOT,V013,447,switch,S_c,728,17,538,0.0000,0.0000,0.0000,0,,,,0.1414,,0
SportsMOT,V013,448,switch,S_c,729,14,532,0.0000,0.0000,0.0000,0,,,,0.1414,,0
SportsMOT,V013,449,switch,S_r,662,10,544,0.4568,0.4532,0.0036,0,0.8757,2.222362,0.2962,0.0554,1.0,1
SportsMOT,V013,453,switch,S_c,730,12,662,0.1841,0.0000,0.1841,0,,,,0.1414,,0
SportsMOT,V013,454,switch,S_r,694,6,705,0.5161,0.4599,0.0561,0,0.9915,4.324600,0.1641,0.0577,2.0,1
SportsMOT,V013,455,switch,S_c,732,4,694,0.1105,0.0000,0.1105,0,,,,0.1414,,0
SportsMOT,V013,455,switch,S_c,733,10,662,0.4778,0.0000,0.4778,0,,,,0.1414,,0
SportsMOT,V013,458,switch,S_r,732,6,694,0.4629,0.0000,0.4629,0,-0.9729,2.222882,0.0338,0.0642,0.0,0
SportsMOT,V013,458,switch,S_c,734,7,659,0.0314,0.0000,0.0314,0,,,,0.1414,,0
SportsMOT,V013,458,switch,S_c,736,8,657,0.0000,0.0000,0.0000,0,,,,0.1414,,0
SportsMOT,V013,459,switch,S_c,737,11,656,0.0000,0.0000,0.0000,0,,,,0.1414,,0
SportsMOT,V013,459,switch,S_c,738,13,676,0.1686,0.0000,0.1686,0,,,,0.1414,,0
SportsMOT,V013,459,switch,S_r,719,17,728,0.4868,0.4180,0.0689,0,-0.9659,12.287463,0.2379,0.0558,1.0,1
SportsMOT,V013,460,switch,S_c,740,18,719,0.0816,0.0000,0.0816,0,,,,0.1414,,0
SportsMOT,V013,461,switch,S_c,742,9,703,0.0000,0.0000,0.0000,0,,,,0.1414,,0
SportsMOT,V013,461,switch,S_c,744,17,728,0.3709,0.0000,0.3709,0,,,,0.1414,,0
SportsMOT,V013,461,switch,S_c,743,20,698,0.0000,0.0000,0.0000,0,,,,0.1414,,0
SportsMOT,V013,463,switch,S_h,726,14,729,0.0000,0.0000,0.0000,0,,,,0.1414,,0
SportsMOT,V013,464,switch,S_c,751,3,578,0.0000,0.0000,0.0000,0,,,,0.1414,,0
SportsMOT,V013,468,switch,S_c,761,4,732,0.5277,0.1194,0.4083,0,,,,0.1414,,0
SportsMOT,V013,469,switch,S_h,694,1,661,0.0000,0.0000,0.0000,0,,,,0.0861,,0
SportsMOT,V013,472,switch,S_c,771,1,661,0.0000,0.0000,0.0000,0,,,,0.1414,,0
SportsMOT,V013,475,switch,S_h,659,0,658,0.0000,0.0000,0.0000,0,,,,0.0640,,0
SportsMOT,V013,475,switch,S_h,719,14,726,0.0000,0.0000,0.0000,0,,,,0.0703,,0
SportsMOT,V013,476,switch,S_c,780,5,654,0.1429,0.0000,0.1429,0,,,,0.1414,,0
SportsMOT,V013,477,switch,S_h,728,14,726,0.0000,0.0000,0.0000,0,,,,0.0692,,0
SportsMOT,V013,478,switch,S_c,782,0,659,0.0000,0.0000,0.0000,0,,,,0.1414,,0
SportsMOT,V013,479,switch,S_c,783,14,726,0.0000,0.0000,0.0000,0,,,,0.1414,,0
SportsMOT,V013,488,switch,S_c,795,14,726,0.0000,0.0000,0.0000,0,,,,0.1414,,0
SportsMOT,V013,493,switch,S_c,801,4,761,0.0000,0.0000,0.0000,0,,,,0.1414,,0
SportsMOT,V014,130,switch,S_c,818,15,817,0.0000,0.0000,0.0000,0,,,,0.1414,,0
SportsMOT,V014,139,switch,S_c,819,14,816,0.0000,0.0000,0.0000,0,,,,0.1414,,0
SportsMOT,V014,290,switch,S_c,822,0,802,0.0000,0.0000,0.0000,0,,,,0.1414,,0
SportsMOT,V014,375,switch,S_c,823,14,819,0.0000,0.0000,0.0000,0,,,,0.1414,,0
SportsMOT,V014,505,switch,S_c,824,14,823,0.0000,0.0000,0.0000,0,,,,0.1414,,0
SportsMOT,V014,535,switch,S_c,825,15,818,0.0000,0.0000,0.0000,0,,,,0.1414,,0
SportsMOT,V015,131,switch,S_r,834,8,833,0.8696,0.4851,0.3845,0,-0.1339,1.273131,0.0134,0.0619,4.0,0
SportsMOT,V015,132,switch,S_r,832,9,834,0.8735,0.3468,0.5267,0,0.3051,1.090528,0.0250,0.0616,3.0,0
SportsMOT,V015,133,switch,S_h,833,6,832,0.6971,0.2722,0.4248,0,,,,0.0556,,0
SportsMOT,V015,235,switch,S_c,836,2,829,0.4585,0.0000,0.4585,0,,,,0.1414,,0
SportsMOT,V015,245,switch,S_r,836,4,827,0.9109,0.5407,0.3703,0,0.9753,1.273859,0.0358,0.0563,2.0,0
SportsMOT,V015,247,switch,S_h,827,4,827,0.8413,0.3332,0.5081,0,,,,0.0608,,0
SportsMOT,V015,305,switch,S_c,837,6,833,0.0000,0.0000,0.0000,0,,,,0.1414,,0
SportsMOT,V015,309,switch,S_c,838,9,832,0.4975,0.0000,0.4975,0,,,,0.1414,,0
SportsMOT,V015,371,switch,S_r,834,5,826,0.9461,0.3381,0.6080,0,0.9999,1.181362,0.0513,0.0587,4.0,0
SportsMOT,V015,371,switch,S_h,826,8,834,0.6305,0.2730,0.3575,0,,,,0.0767,,0
SportsMOT,V015,651,switch,S_h,836,3,830,0.4014,0.2786,0.1228,0,,,,0.0783,,1
SportsMOT,V015,654,switch,S_r,830,2,836,0.8469,0.4755,0.3713,0,0.8038,1.270438,0.0603,0.0594,4.0,0
SportsMOT,V015,669,switch,S_r,837,5,834,0.6866,0.4403,0.2463,0,-0.4758,2.660004,0.0747,0.0571,2.0,0
SportsMOT,V015,669,switch,S_r,834,6,837,0.9268,0.6582,0.2687,0,0.9994,1.614241,0.0336,0.0578,3.0,0
SportsMOT,V015,692,switch,S_c,841,0,831,0.0000,0.0000,0.0000,0,,,,0.1414,,0
SportsMOT,V015,714,switch,S_c,842,4,827,0.0000,0.0000,0.0000,0,,,,0.1414,,0
SportsMOT,V015,715,switch,S_c,843,1,828,0.3782,0.0000,0.3782,0,,,,0.1414,,0
SportsMOT,V015,748,switch,S_r,836,8,826,0.7543,0.2836,0.4706,0,0.6903,1.355840,0.0751,0.0521,4.0,0
SportsMOT,V015,756,switch,S_c,844,3,836,0.3621,0.2229,0.1392,0,,,,0.1414,,1
SportsMOT,V015,798,switch,S_c,845,0,841,0.0000,0.0000,0.0000,0,,,,0.1414,,0
SportsMOT,V016,29,switch,S_c,855,8,854,0.1527,0.0000,0.1527,0,,,,0.1414,,0
SportsMOT,V016,305,switch,S_c,858,8,855,0.0000,0.0000,0.0000,0,,,,0.1414,,0
SportsMOT,V016,336,switch,S_c,859,3,849,0.0000,0.0000,0.0000,0,,,,0.1414,,0
SportsMOT,V016,346,switch,S_c,860,7,853,0.0000,0.0000,0.0000,0,,,,0.1414,,0
SportsMOT,V016,681,switch,S_c,863,6,852,0.3508,0.2677,0.0831,0,,,,0.1414,,1
SportsMOT,V016,710,switch,S_c,864,6,863,0.4675,0.3902,0.0773,0,,,,0.1414,,1
SportsMOT,V016,754,switch,S_r,848,4,846,0.7462,0.4361,0.3100,0,0.8227,1.872239,0.1113,0.0575,4.0,0
SportsMOT,V016,755,switch,S_h,846,1,848,0.5075,0.2289,0.2785,0,,,,0.0749,,0
SportsMOT,V016,763,switch,S_r,846,4,848,0.9493,0.5009,0.4483,0,,,0.0009,0.0557,1.0,0
SportsMOT,V016,766,switch,S_h,848,4,848,0.7101,0.5335,0.1766,0,,,,0.0649,,1
SportsMOT,V016,769,switch,S_r,858,1,846,0.8486,0.6570,0.1916,0,0.7942,2.216103,0.0221,0.0575,2.0,1
SportsMOT,V016,769,switch,S_r,846,8,858,0.8715,0.4792,0.3923,0,,,0.0330,0.0582,2.0,0
SportsMOT,V016,798,switch,S_c,867,5,851,0.0000,0.0000,0.0000,0,,,,0.1414,,0
SportsMOT,V016,834,switch,S_c,868,3,859,0.1845,0.0822,0.1023,0,,,,0.1414,,0
SportsMOT,V016,860,switch,S_c,869,5,867,0.3257,0.0631,0.2626,0,,,,0.1414,,0
SportsMOT,V016,864,switch,S_c,870,0,850,0.5266,0.0000,0.5266,0,,,,0.1414,,0
SportsMOT,V016,867,switch,S_r,869,0,870,0.8972,0.4508,0.4464,0,0.9258,1.734658,0.0264,0.0581,2.0,0
SportsMOT,V016,867,switch,S_r,870,5,869,0.9220,0.4727,0.4493,0,0.9993,1.217016,0.0552,0.0635,1.0,0
SportsMOT,V016,927,switch,S_c,872,9,854,0.0000,0.0000,0.0000,0,,,,0.1414,,0
SportsMOT,V016,937,switch,S_c,873,7,860,0.0000,0.0000,0.0000,0,,,,0.1414,,0
SportsMOT,V016,962,switch,S_c,874,5,870,0.0000,0.0000,0.0000,0,,,,0.1414,,0
SportsMOT,V016,995,switch,S_r,873,2,847,0.6725,0.3471,0.3254,0,0.2538,1.140260,0.0733,0.0592,2.0,0
SportsMOT,V016,995,switch,S_h,847,7,873,0.5524,0.2714,0.2810,0,,,,0.0631,,0
SportsMOT,V016,1005,switch,S_c,875,8,846,0.0000,0.0000,0.0000,0,,,,0.1414,,0
SportsMOT,V016,1020,switch,S_c,876,0,869,0.0000,0.0000,0.0000,0,,,,0.1414,,0
SportsMOT,V017,143,switch,S_r,887,1,885,0.9004,0.5214,0.3790,0,0.9998,1.871744,0.0205,0.0574,3.0,0
SportsMOT,V017,143,switch,S_r,885,7,887,0.8605,0.5311,0.3293,0,0.8991,1.699043,0.0670,0.0589,3.0,0
SportsMOT,V017,168,switch,S_c,890,1,887,0.5773,0.1342,0.4431,0,,,,0.1414,,0
SportsMOT,V017,170,switch,S_r,881,1,887,0.8315,0.5116,0.3199,0,0.2975,1.707786,0.0223,0.0597,4.0,0
SportsMOT,V017,170,switch,S_r,890,6,881,0.8151,0.4929,0.3223,0,0.3334,1.650644,0.0330,0.0624,4.0,0
SportsMOT,V017,250,switch,S_c,891,2,878,0.0578,0.0000,0.0578,0,,,,0.1414,,0
SportsMOT,V017,300,switch,S_c,892,1,881,0.0000,0.0000,0.0000,0,,,,0.1414,,0
SportsMOT,V017,320,switch,S_c,893,3,886,0.0000,0.0000,0.0000,0,,,,0.1414,,0
SportsMOT,V017,371,switch,S_c,894,2,891,0.0000,0.0000,0.0000,0,,,,0.1414,,0
SportsMOT,V017,387,switch,S_c,895,8,882,0.0000,0.0000,0.0000,0,,,,0.1414,,0
SportsMOT,V017,469,switch,S_c,897,9,883,0.0000,0.0000,0.0000,0,,,,0.1414,,0
SportsMOT,V017,581,switch,S_r,890,4,884,0.9455,0.3800,0.5655,0,0.9395,1.261600,0.0174,0.0581,3.0,0
SportsMOT,V017,581,switch,S_r,884,6,890,0.8827,0.3427,0.5400,0,0.9410,1.898613,0.0402,0.0579,3.0,0
SportsMOT,V017,737,switch,S_c,898,9,897,0.0000,0.0000,0.0000,0,,,,0.1414,,0
SportsMOT,V017,740,switch,S_c,899,6,884,0.1003,0.0000,0.1003,0,,,,0.1414,,0
SportsMOT,V017,748,switch,S_c,900,8,895,0.0000,0.0000,0.0000,0,,,,0.1414,,0
SportsMOT,V017,755,switch,S_r,901,3,893,0.9201,0.0818,0.8383,0,0.9986,1.045428,0.1315,0.0650,1.0,0
SportsMOT,V017,759,switch,S_c,902,5,880,0.0000,0.0000,0.0000,0,,,,0.1414,,0
SportsMOT,V017,775,switch,S_c,903,7,885,0.0000,0.0000,0.0000,0,,,,0.1414,,0
SportsMOT,V017,846,switch,S_c,904,1,892,0.0000,0.0000,0.0000,0,,,,0.1414,,0
SportsMOT,V017,908,switch,S_r,900,6,899,0.7678,0.4909,0.2769,0,0.9036,2.095309,0.0690,0.0617,2.0,0
SportsMOT,V017,908,switch,S_r,899,8,900,0.9397,0.4755,0.4643,0,0.3693,1.568313,0.0159,0.0579,2.0,0
SportsMOT,V017,978,switch,S_c,905,1,904,0.0000,0.0000,0.0000,0,,,,0.1414,,0
SportsMOT,V017,1022,switch,S_c,906,4,890,0.0000,0.0000,0.0000,0,,,,0.1414,,0
SportsMOT,V017,1022,switch,S_c,907,5,902,0.0000,0.0000,0.0000,0,,,,0.1414,,0
SportsMOT,V017,1032,switch,S_c,908,2,894,0.0000,0.0000,0.0000,0,,,,0.1414,,0
SportsMOT,V017,1032,switch,S_c,909,3,901,0.0000,0.0000,0.0000,0,,,,0.1414,,0
SportsMOT,V017,1035,switch,S_c,910,2,908,0.0648,0.0000,0.0648,0,,,,0.1414,,0
SportsMOT,V017,1040,switch,S_c,911,7,903,0.0000,0.0000,0.0000,0,,,,0.1414,,0
SportsMOT,V017,1043,switch,S_c,916,0,879,0.0000,0.0000,0.0000,0,,,,0.1414,,0
SportsMOT,V017,1044,switch,S_r,906,2,910,0.6289,0.0425,0.5864,0,0.6680,1.012091,0.1301,0.0581,1.0,0
SportsMOT,V017,1045,switch,S_c,919,0,879,0.0000,0.0000,0.0000,0,,,,0.1414,,0
SportsMOT,V017,1045,switch,S_c,918,4,906,0.2415,0.0910,0.1505,0,,,,0.1414,,0
SportsMOT,V018,232,switch,S_c,930,7,922,0.0000,0.0000,0.0000,0,,,,0.1414,,0
SportsMOT,V018,245,switch,S_c,931,6,926,0.0000,0.0000,0.0000,0,,,,0.1414,,0
SportsMOT,V018,248,switch,S_c,932,8,929,0.0671,0.0000,0.0671,0,,,,0.1414,,0
SportsMOT,V018,359,switch,S_r,930,1,925,0.8844,0.1768,0.7075,0,0.8936,1.593835,0.0234,0.0546,2.0,0
SportsMOT,V018,362,switch,S_r,925,7,930,0.8289,0.4342,0.3947,0,0.6538,1.027021,0.0539,0.0603,5.0,0
SportsMOT,V018,380,switch,S_r,927,2,924,0.9770,0.4611,0.5159,0,0.9844,1.105944,0.0144,0.0578,2.0,0
SportsMOT,V018,380,switch,S_r,924,5,927,0.9426,0.4848,0.4578,0,0.8921,2.228246,0.0127,0.0570,2.0,0
SportsMOT,V018,471,switch,S_c,935,9,928,0.0000,0.0000,0.0000,0,,,,0.1414,,0
SportsMOT,V018,503,switch,S_c,936,2,927,0.0000,0.0000,0.0000,0,,,,0.1414,,0
SportsMOT,V018,514,switch,S_c,937,8,932,0.0101,0.0000,0.0101,0,,,,0.1414,,0
SportsMOT,V018,523,switch,S_c,938,0,920,0.0000,0.0000,0.0000,0,,,,0.1414,,0
SportsMOT,V018,534,switch,S_c,939,6,931,0.0000,0.0000,0.0000,0,,,,0.1414,,0
SportsMOT,V018,537,switch,S_r,940,4,923,0.9703,0.3596,0.6108,0,0.9992,1.074403,0.0680,0.0627,1.0,0
SportsMOT,V019,278,switch,S_r,951,1,943,0.9334,0.2236,0.7098,0,0.8829,1.381913,0.0245,0.0555,2.0,0
SportsMOT,V019,281,switch,S_r,949,9,951,0.7289,0.4707,0.2582,0,-0.0345,4.536455,0.0188,0.0584,3.0,0
SportsMOT,V019,282,switch,S_c,952,7,949,0.4073,0.2286,0.1787,0,,,,0.1414,,1
SportsMOT,V019,296,switch,S_r,949,7,952,0.9391,0.5649,0.3742,0,0.9281,1.610228,0.0191,0.0573,5.0,0
SportsMOT,V019,296,switch,S_r,952,9,949,0.6939,0.5116,0.1823,0,0.5945,9.844570,0.0961,0.0548,4.0,1
SportsMOT,V019,328,switch,S_r,950,7,949,0.8970,0.6086,0.2884,0,0.6937,1.794437,0.0344,0.0581,3.0,0
SportsMOT,V019,341,switch,S_h,949,6,948,0.6901,0.5422,0.1479,0,,,,0.0532,,1
SportsMOT,V019,343,switch,S_h,948,8,950,0.7044,0.5128,0.1916,0,,,,0.0630,,1
SportsMOT,V019,388,switch,S_c,953,4,946,0.0000,0.0000,0.0000,0,,,,0.1414,,0
SportsMOT,V019,408,switch,S_c,954,2,945,0.0000,0.0000,0.0000,0,,,,0.1414,,0
SportsMOT,V019,447,switch,S_c,955,0,942,0.0000,0.0000,0.0000,0,,,,0.1414,,0
SportsMOT,V019,456,switch,S_r,956,1,951,0.9072,0.0000,0.9072,0,,,0.0170,0.0624,0.0,0
SportsMOT,V019,477,switch,S_r,953,0,955,0.9431,0.5642,0.3789,0,0.9999,1.189304,0.0624,0.0571,1.0,0
SportsMOT,V019,478,switch,S_h,955,0,955,0.5412,0.1672,0.3740,0,,,,0.0840,,0
SportsMOT,V019,600,switch,S_c,957,7,950,0.0000,0.0000,0.0000,0,,,,0.1414,,0
SportsMOT,V019,606,switch,S_c,958,6,949,0.0000,0.0000,0.0000,0,,,,0.1414,,0
SportsMOT,V019,616,switch,S_c,959,9,952,0.0000,0.0000,0.0000,0,,,,0.1414,,0
SportsMOT,V019,628,switch,S_c,960,3,944,0.0000,0.0000,0.0000,0,,,,0.1414,,0
SportsMOT,V019,639,switch,S_r,961,1,956,0.8770,0.0729,0.8041,0,0.9118,2.301627,0.0365,0.0608,1.0,0
SportsMOT,V019,666,switch,S_r,962,9,959,0.9396,0.0000,0.9396,0,,,0.0035,0.0616,0.0,0
SportsMOT,V019,682,switch,S_c,963,8,948,0.1058,0.0000,0.1058,0,,,,0.1414,,0
SportsMOT,V019,707,switch,S_r,960,0,955,0.6256,0.6144,0.0111,0,0.9243,3.366177,0.1949,0.0584,3.0,1
SportsMOT,V019,707,switch,S_r,955,3,960,0.9771,0.4563,0.5208,0,0.9995,1.338388,0.0151,0.0567,3.0,0
SportsMOT,V019,751,switch,S_r,958,3,955,0.8644,0.4172,0.4472,0,0.7704,1.244959,0.0526,0.0596,2.0,0
SportsMOT,V019,751,switch,S_r,955,6,958,0.9388,0.4529,0.4859,0,-0.3915,1.322704,0.0121,0.0584,3.0,0
SportsMOT,V019,765,switch,S_c,964,2,954,0.0000,0.0000,0.0000,0,,,,0.1414,,0
SportsMOT,V019,821,switch,S_c,965,6,955,0.6205,0.0000,0.6205,0,,,,0.1414,,0
SportsMOT,V019,824,switch,S_r,965,5,947,0.9428,0.4128,0.5301,0,0.9842,1.263661,0.0268,0.0635,1.0,0
SportsMOT,V019,824,switch,S_r,947,6,965,0.9846,0.4347,0.5499,0,0.9959,1.417691,0.0112,0.0574,1.0,0
SportsMOT,V019,940,switch,S_c,967,9,962,0.0000,0.0000,0.0000,0,,,,0.1414,,0
SportsMOT,V019,963,switch,S_c,968,2,964,0.0000,0.0000,0.0000,0,,,,0.1414,,0
SportsMOT,V019,983,switch,S_c,969,3,958,0.0000,0.0000,0.0000,0,,,,0.1414,,0
SportsMOT,V019,987,switch,S_c,970,0,960,0.2022,0.0000,0.2022,0,,,,0.1414,,0
SportsMOT,V019,1327,switch,S_c,972,3,969,0.0000,0.0000,0.0000,0,,,,0.1414,,0
SportsMOT,V019,1376,switch,S_r,972,0,970,0.9244,0.4261,0.4983,0,0.5051,1.039921,0.0136,0.0596,1.0,0
SportsMOT,V019,1376,switch,S_r,970,3,972,0.9409,0.4803,0.4606,0,0.9398,1.218423,0.0217,0.0558,1.0,0
SportsMOT,V019,1440,switch,S_c,975,3,970,0.0000,0.0000,0.0000,0,,,,0.1414,,0
SportsMOT,V019,1441,switch,S_r,957,0,972,0.9472,0.4135,0.5338,0,0.9535,1.062804,0.0395,0.0605,2.0,0
SportsMOT,V019,1441,switch,S_r,972,7,957,0.8673,0.3685,0.4988,0,0.3165,2.412320,0.0113,0.0568,2.0,0
SportsMOT,V019,1469,switch,S_c,976,1,961,0.0000,0.0000,0.0000,0,,,,0.1414,,0
SportsMOT,V019,1571,switch,S_r,947,4,953,0.6739,0.5053,0.1686,0,-0.9397,1.015322,0.0374,0.0592,3.0,1
SportsMOT,V019,1571,switch,S_r,953,6,947,0.9108,0.3003,0.6105,0,0.8261,1.211368,0.0163,0.0605,3.0,0
SportsMOT,V019,1619,switch,S_c,979,2,968,0.0000,0.0000,0.0000,0,,,,0.1414,,0
SportsMOT,V019,1656,switch,S_c,980,5,965,0.0000,0.0000,0.0000,0,,,,0.1414,,0
SportsMOT,V019,1659,switch,S_c,981,9,967,0.1385,0.0000,0.1385,0,,,,0.1414,,0
SportsMOT,V019,1739,switch,S_c,982,6,953,0.0000,0.0000,0.0000,0,,,,0.1414,,0
SportsMOT,V019,1745,switch,S_c,983,0,957,0.0000,0.0000,0.0000,0,,,,0.1414,,0
SportsMOT,V020,136,switch,S_c,994,1,987,0.3742,0.2468,0.1274,0,,,,0.1414,,1
SportsMOT,V020,204,switch,S_c,995,1,994,0.4630,0.3947,0.0683,0,,,,0.1414,,1
SportsMOT,V020,234,switch,S_c,996,1,995,0.4971,0.0000,0.4971,0,,,,0.1414,,0
SportsMOT,V020,285,switch,S_r,993,1,996,0.9532,0.4090,0.5441,0,0.9308,1.128121,0.0311,0.0557,1.0,0
SportsMOT,V020,285,switch,S_r,996,9,993,0.9372,0.4201,0.5172,0,0.7575,1.200040,0.0291,0.0598,1.0,0
SportsMOT,V020,407,switch,S_c,997,1,993,0.0000,0.0000,0.0000,0,,,,0.1414,,0
SportsMOT,V020,411,switch,S_c,998,2,986,0.0000,0.0000,0.0000,0,,,,0.1414,,0
SportsMOT,V020,447,switch,S_c,999,0,984,0.0000,0.0000,0.0000,0,,,,0.1414,,0
SportsMOT,V020,454,switch,S_c,1000,5,989,0.1219,0.0000,0.1219,0,,,,0.1414,,0
SportsMOT,V020,470,switch,S_c,1001,4,988,0.0000,0.0000,0.0000,0,,,,0.1414,,0
SportsMOT,V020,645,switch,S_c,1005,9,996,0.6348,0.0000,0.6348,0,,,,0.1414,,0
SportsMOT,V021,104,switch,S_c,1016,3,1014,0.6396,0.3990,0.2406,0,,,,0.1414,,0
SportsMOT,V021,118,switch,S_c,1017,9,1007,0.0000,0.0000,0.0000,0,,,,0.1414,,0
SportsMOT,V021,209,switch,S_c,1019,0,1013,0.0000,0.0000,0.0000,0,,,,0.1414,,0
SportsMOT,V021,210,switch,S_c,1020,1,1011,0.0000,0.0000,0.0000,0,,,,0.1414,,0
SportsMOT,V021,238,switch,S_r,1009,4,1008,0.7065,0.2666,0.4399,0,0.4977,1.642341,0.0895,0.0609,1.0,0
SportsMOT,V021,238,switch,S_r,1008,6,1009,0.9501,0.3516,0.5985,0,0.9999,1.193592,0.0313,0.0540,2.0,0
SportsMOT,V021,288,switch,S_c,1021,1,1020,0.0475,0.0000,0.0475,0,,,,0.1414,,0
SportsMOT,V021,305,switch,S_c,1022,8,1015,0.1374,0.0000,0.1374,0,,,,0.1414,,0
SportsMOT,V021,310,switch,S_c,1023,0,1019,0.0090,0.0000,0.0090,0,,,,0.1414,,0
SportsMOT,V021,313,switch,S_c,1024,2,1010,0.3329,0.0479,0.2850,0,,,,0.1414,,0
SportsMOT,V021,340,switch,S_c,1025,3,1016,0.0201,0.0000,0.0201,0,,,,0.1414,,0
SportsMOT,V021,346,switch,S_c,1026,6,1008,0.0000,0.0000,0.0000,0,,,,0.1414,,0
SportsMOT,V021,477,switch,S_r,1026,3,1025,0.9713,0.4334,0.5379,0,0.9843,1.060420,0.0344,0.0579,3.0,0
SportsMOT,V021,477,switch,S_r,1025,6,1026,0.9111,0.4475,0.4636,0,0.1308,1.424001,0.0127,0.0556,3.0,0
SportsMOT,V021,509,switch,S_r,1022,7,1006,0.9702,0.4907,0.4795,0,0.9941,1.052276,0.0168,0.0589,2.0,0
SportsMOT,V021,509,switch,S_r,1006,8,1022,0.8830,0.4335,0.4495,0,0.9927,4.058294,0.0473,0.0575,1.0,0
SportsMOT,V021,583,switch,S_r,1006,7,1022,0.9472,0.3132,0.6340,0,0.9989,1.181680,0.0634,0.0563,1.0,0
SportsMOT,V021,583,switch,S_r,1022,8,1006,0.8538,0.3523,0.5015,0,0.9743,1.010035,0.0200,0.0565,1.0,0
SportsMOT,V021,688,switch,S_c,1027,5,1012,0.0269,0.0000,0.0269,0,,,,0.1414,,0
SportsMOT,V021,728,switch,S_c,1028,9,1017,0.0000,0.0000,0.0000,0,,,,0.1414,,0
SportsMOT,V021,776,switch,S_c,1029,4,1009,0.0000,0.0000,0.0000,0,,,,0.1414,,0
SportsMOT,V021,813,switch,S_r,1023,6,1025,0.8156,0.6498,0.1658,0,0.4227,1.248402,0.0350,0.0535,4.0,1
SportsMOT,V021,821,switch,S_h,1025,6,1023,0.7567,0.5518,0.2049,0,,,,0.0634,,0
SportsMOT,V021,823,switch,S_h,1023,6,1025,0.6210,0.4360,0.1850,0,,,,0.0649,,1
SportsMOT,V021,828,switch,S_r,1027,0,1023,0.7527,0.1803,0.5724,0,0.5973,5.641499,0.0498,0.0647,3.0,0
SportsMOT,V021,829,switch,S_c,1030,5,1027,0.3090,0.2785,0.0305,0,,,,0.1414,,1
SportsMOT,V022,51,switch,S_c,1041,5,1040,0.0000,0.0000,0.0000,0,,,,0.1414,,0
SportsMOT,V022,334,switch,S_c,1043,6,1036,0.0000,0.0000,0.0000,0,,,,0.1414,,0
SportsMOT,V022,345,switch,S_c,1044,9,1033,0.0000,0.0000,0.0000,0,,,,0.1414,,0
SportsMOT,V022,512,switch,S_r,1034,4,1037,0.8668,0.4022,0.4647,0,0.8950,1.089982,0.0681,0.0582,4.0,0
SportsMOT,V022,512,switch,S_r,1037,7,1034,0.6906,0.4712,0.2194,0,0.0864,5.499046,0.0233,0.0594,4.0,0
SportsMOT,V022,561,switch,S_c,1046,3,1038,0.0000,0.0000,0.0000,0,,,,0.1414,,0
SportsMOT,V022,590,switch,S_c,1047,0,1031,0.0000,0.0000,0.0000,0,,,,0.1414,,0
SportsMOT,V022,590,switch,S_c,1048,3,1046,0.0000,0.0000,0.0000,0,,,,0.1414,,0
SportsMOT,V022,599,switch,S_c,1049,1,1035,0.0000,0.0000,0.0000,0,,,,0.1414,,0
SportsMOT,V022,637,switch,S_r,1044,1,1049,0.8073,0.5388,0.2685,0,0.1018,10.711115,0.0523,0.0566,4.0,0
SportsMOT,V022,637,switch,S_r,1049,9,1044,0.7268,0.5202,0.2066,0,-0.6973,2.658940,0.0634,0.0568,4.0,0
SportsMOT,V022,684,switch,S_r,1037,3,1048,0.9513,0.3532,0.5981,0,0.9268,1.108266,0.0316,0.0579,4.0,0
SportsMOT,V022,684,switch,S_r,1048,7,1037,0.8296,0.4538,0.3758,0,-0.8559,1.392623,0.0182,0.0582,3.0,0
SportsMOT,V023,214,switch,S_c,1062,0,1056,0.0000,0.0000,0.0000,0,,,,0.1414,,0
SportsMOT,V023,221,switch,S_c,1063,6,1053,0.0607,0.0000,0.0607,0,,,,0.1414,,0
SportsMOT,V023,228,switch,S_c,1064,5,1055,0.0000,0.0000,0.0000,0,,,,0.1414,,0
SportsMOT,V023,270,switch,S_r,1054,2,1057,0.8215,0.7220,0.0994,0,0.6299,1.682991,0.0534,0.0551,3.0,1
SportsMOT,V023,276,switch,S_r,1057,9,1054,0.6969,0.6454,0.0514,0,,,0.0793,0.0621,4.0,1
SportsMOT,V023,296,switch,S_r,1054,0,1062,0.8395,0.5863,0.2532,0,0.4440,1.279847,0.0419,0.0585,4.0,0
SportsMOT,V023,296,switch,S_r,1062,2,1054,0.7514,0.5872,0.1642,0,-0.6263,2.258518,0.0448,0.0577,4.0,1
SportsMOT,V023,299,switch,S_r,1057,2,1062,0.9610,0.5059,0.4551,0,0.9540,1.847315,0.0085,0.0573,4.0,0
SportsMOT,V023,299,switch,S_r,1062,9,1057,0.7480,0.5240,0.2240,0,-0.8147,1.242391,0.0359,0.0609,4.0,0
SportsMOT,V023,322,switch,S_c,1067,4,1060,0.0000,0.0000,0.0000,0,,,,0.1414,,0
SportsMOT,V023,357,switch,S_c,1069,3,1059,0.0000,0.0000,0.0000,0,,,,0.1414,,0
SportsMOT,V023,413,switch,S_r,1052,5,1064,0.7692,0.4964,0.2728,0,-0.9884,2.176543,0.0296,0.0659,3.0,0
SportsMOT,V023,413,switch,S_r,1064,7,1052,0.9032,0.5892,0.3140,0,,,0.0151,0.0541,3.0,0
SportsMOT,V023,491,switch,S_h,1062,7,1064,0.6843,0.3848,0.2995,0,,,,0.0496,,0
SportsMOT,V023,500,switch,S_r,1064,7,1062,0.6825,0.5310,0.1515,0,,,0.0600,0.0554,3.0,1
SportsMOT,V023,512,switch,S_r,1064,6,1063,0.9085,0.5826,0.3259,0,0.9997,1.907738,0.0409,0.0566,1.0,0
SportsMOT,V023,512,switch,S_r,1063,7,1064,0.8481,0.4859,0.3622,0,0.9900,1.510996,0.0753,0.0592,1.0,0
SportsMOT,V024,233,switch,S_r,1072,5,1070,0.8384,0.5268,0.3116,0,,,0.0557,0.0597,3.0,0
SportsMOT,V024,237,switch,S_r,1070,1,1072,0.7821,0.3856,0.3965,0,,,0.0570,0.0576,3.0,0
SportsMOT,V024,332,switch,S_c,1080,1,1070,0.0000,0.0000,0.0000,0,,,,0.1414,,0
SportsMOT,V024,334,switch,S_c,1081,4,1079,0.1084,0.0000,0.1084,0,,,,0.1414,,0
SportsMOT,V024,344,switch,S_c,1082,0,1074,0.0000,0.0000,0.0000,0,,,,0.1414,,0
SportsMOT,V024,368,switch,S_c,1083,2,1073,0.0000,0.0000,0.0000,0,,,,0.1414,,0
SportsMOT,V024,369,switch,S_c,1084,7,1071,0.1896,0.0000,0.1896,0,,,,0.1414,,0
SportsMOT,V024,371,switch,S_c,1085,6,1075,0.2942,0.0698,0.2244,0,,,,0.1414,,0
SportsMOT,V024,377,switch,S_r,1086,3,1077,0.9295,0.3539,0.5756,0,,,0.0114,0.0636,3.0,0
SportsMOT,V024,586,switch,S_r,1087,9,1076,0.7966,0.0000,0.7966,0,,,0.0384,0.0615,0.0,0
SportsMOT,V024,589,switch,S_r,1084,1,1080,0.8147,0.1819,0.6329,0,0.9962,3.633151,0.0510,0.0568,4.0,0
SportsMOT,V024,589,switch,S_c,1088,7,1084,0.4719,0.3400,0.1319,0,,,,0.1414,,1
SportsMOT,V024,638,switch,S_h,1082,9,1087,0.2851,0.0000,0.2851,0,,,,0.0611,,0
SportsMOT,V024,641,switch,S_r,1089,0,1082,0.6381,0.4263,0.2117,0,0.5522,2.707962,0.1173,0.0529,1.0,0
SportsMOT,V024,766,switch,S_c,1090,1,1084,0.0000,0.0000,0.0000,0,,,,0.1414,,0
SportsMOT,V024,767,switch,S_c,1091,9,1082,0.3732,0.0000,0.3732,0,,,,0.1414,,0
SportsMOT,V024,794,switch,S_c,1092,6,1085,0.0000,0.0000,0.0000,0,,,,0.1414,,0
SportsMOT,V024,806,switch,S_c,1093,5,1072,0.0000,0.0000,0.0000,0,,,,0.1414,,0
SportsMOT,V024,810,switch,S_c,1094,7,1088,0.0000,0.0000,0.0000,0,,,,0.1414,,0
SportsMOT,V024,867,switch,S_c,1095,8,1078,0.0000,0.0000,0.0000,0,,,,0.1414,,0
SportsMOT,V024,874,switch,S_c,1096,3,1086,0.0000,0.0000,0.0000,0,,,,0.1414,,0
SportsMOT,V025,102,switch,S_c,1107,1,1098,0.0000,0.0000,0.0000,0,,,,0.1414,,0
SportsMOT,V025,153,switch,S_c,1108,2,1097,0.0000,0.0000,0.0000,0,,,,0.1414,,0
SportsMOT,V025,419,switch,S_c,1111,5,1100,0.0000,0.0000,0.0000,0,,,,0.1414,,0
SportsMOT,V025,421,switch,S_c,1112,1,1107,0.0845,0.0000,0.0845,0,,,,0.1414,,0
SportsMOT,V025,429,switch,S_c,1113,6,1104,0.0000,0.0000,0.0000,0,,,,0.1414,,0
SportsMOT,V025,454,switch,S_c,1114,2,1108,0.0000,0.0000,0.0000,0,,,,0.1414,,0
SportsMOT,V025,463,switch,S_c,1115,0,1099,0.0000,0.0000,0.0000,0,,,,0.1414,,0
SportsMOT,V025,676,switch,S_r,1106,1,1112,0.8467,0.5905,0.2561,0,0.9206,1.743021,0.0458,0.0575,2.0,0
SportsMOT,V025,676,switch,S_r,1112,9,1106,0.7652,0.5120,0.2532,0,0.6627,3.216160,0.0863,0.0551,2.0,0
SportsMOT,V025,719,switch,S_r,1113,8,1105,0.9415,0.3148,0.6267,0,0.8827,3.036079,0.0133,0.0580,2.0,0
SportsMOT,V025,721,switch,S_c,1116,8,1105,0.4759,0.4362,0.0398,0,,,,0.1414,,1
SportsMOT,V026,93,switch,S_r,1121,3,1119,0.8125,0.2331,0.5794,0,-0.8310,42.961611,0.0592,0.0558,1.0,0
SportsMOT,V026,93,switch,S_r,1119,4,1124,0.4544,0.2768,0.1776,0,-0.9047,161.935944,0.1797,0.0631,2.0,1
SportsMOT,V026,94,switch,S_c,1127,2,1121,0.1699,0.0246,0.1453,0,,,,0.1414,,0
SportsMOT,V026,94,switch,S_c,1125,9,1122,0.0000,0.0000,0.0000,0,,,,0.1414,,0
SportsMOT,V026,118,switch,S_r,1118,5,1120,0.9460,0.3897,0.5563,0,0.9926,1.209538,0.0518,0.0583,1.0,0
SportsMOT,V026,118,switch,S_r,1120,6,1118,0.8489,0.2933,0.5556,0,0.9999,1.576943,0.1024,0.0580,1.0,0
SportsMOT,V026,176,switch,S_c,1140,9,1125,0.0000,0.0000,0.0000,0,,,,0.1414,,0
SportsMOT,V026,178,switch,S_r,1139,4,1119,0.6662,0.6167,0.0496,0,,,0.0540,0.0651,3.0,1
SportsMOT,V026,204,switch,S_r,1139,3,1121,0.9227,0.4034,0.5193,0,0.9893,1.023783,0.0882,0.0567,2.0,0
SportsMOT,V026,204,switch,S_r,1121,4,1139,0.8634,0.3401,0.5233,0,0.8594,1.271671,0.0427,0.0576,2.0,0
SportsMOT,V027,64,switch,S_c,1159,1,1149,0.0000,0.0000,0.0000,0,,,,0.1414,,0
SportsMOT,V027,231,switch,S_c,1161,6,1150,0.4147,0.0000,0.4147,0,,,,0.1414,,0
SportsMOT,V028,4,switch,S_h,1167,5,1169,0.6395,0.3944,0.2451,0,,,,0.0559,,0
SportsMOT,V028,10,switch,S_c,1182,11,1179,0.0000,0.0000,0.0000,0,,,,0.1414,,0
SportsMOT,V028,13,switch,S_c,1185,3,1167,0.0000,0.0000,0.0000,0,,,,0.1414,,0
SportsMOT,V028,21,switch,S_h,1169,7,1165,0.6544,0.0000,0.6544,0,,,,0.0680,,0
SportsMOT,V028,27,switch,S_r,1167,4,1163,0.9608,0.6641,0.2967,0,0.9737,2.038824,0.0103,0.0577,2.0,0
SportsMOT,V028,27,switch,S_h,1165,5,1167,0.6927,0.5212,0.1714,0,,,,0.0631,,1
SportsMOT,V028,37,switch,S_c,1186,0,1168,0.0000,0.0000,0.0000,0,,,,0.1414,,0
SportsMOT,V028,111,switch,S_r,1165,1,1162,0.8702,0.7930,0.0772,0,0.9599,1.953091,0.0359,0.0508,1.0,1
SportsMOT,V028,113,switch,S_r,1162,1,1165,0.8556,0.3932,0.4623,0,,,0.0452,0.0559,3.0,0
SportsMOT,V028,322,switch,S_r,1167,1,1162,0.9137,0.4092,0.5045,0,1.0000,1.522681,0.0201,0.0609,3.0,0
SportsMOT,V028,322,switch,S_r,1162,4,1167,0.8615,0.3348,0.5267,0,0.9718,1.416816,0.0677,0.0565,2.0,0
SportsMOT,V028,458,switch,S_c,1188,3,1185,0.5858,0.0000,0.5858,0,,,,0.1414,,0
SportsMOT,V028,471,switch,S_r,1162,3,1188,0.9204,0.5017,0.4187,0,0.9986,1.496459,0.0410,0.0575,2.0,0
SportsMOT,V028,471,switch,S_r,1188,4,1162,0.8854,0.4766,0.4087,0,0.8847,2.728834,0.0487,0.0603,2.0,0
SportsMOT,V028,498,switch,S_r,1166,6,1170,0.8171,0.0000,0.8171,0,-0.9655,1.706364,0.0144,0.0597,0.0,0
SportsMOT,V028,498,switch,S_h,1170,8,1166,0.7916,0.0000,0.7916,0,,,,0.0706,,0
SportsMOT,V029,147,switch,S_c,1216,0,1192,0.0000,0.0000,0.0000,0,,,,0.1414,,0
SportsMOT,V029,158,switch,S_r,1191,4,1195,0.6528,0.6323,0.0205,0,0.4981,3.206614,0.1195,0.0568,2.0,1
SportsMOT,V029,159,switch,S_c,1217,2,1191,0.2523,0.1787,0.0736,0,,,,0.1414,,0
SportsMOT,V029,176,switch,S_c,1218,0,1192,0.0000,0.0000,0.0000,0,,,,0.1414,,0
SportsMOT,V029,177,switch,S_c,1219,11,1194,0.3076,0.0000,0.3076,0,,,,0.1414,,0
SportsMOT,V029,205,switch,S_c,1220,4,1191,0.4579,0.0573,0.4006,0,,,,0.1414,,0
SportsMOT,V029,210,switch,S_r,1220,2,1217,0.8598,0.4788,0.3810,0,0.8773,1.076947,0.0552,0.0602,2.0,0
SportsMOT,V029,210,switch,S_r,1217,4,1220,0.7847,0.3548,0.4300,0,0.9070,1.536670,0.0471,0.0592,1.0,0
SportsMOT,V029,215,switch,S_c,1221,8,1199,0.2986,0.0000,0.2986,0,,,,0.1414,,0
SportsMOT,V030,28,switch,S_r,1232,3,1229,0.4590,0.4424,0.0166,0,0.8933,2.508615,0.0888,0.0548,1.0,1
SportsMOT,V030,29,switch,S_h,1229,4,1225,0.6254,0.2885,0.3370,0,,,,0.0553,,0
SportsMOT,V030,36,switch,S_c,1241,5,1232,0.0185,0.0000,0.0185,0,,,,0.1414,,0
SportsMOT,V030,57,switch,S_h,1225,3,1232,0.7947,0.4539,0.3408,0,,,,0.0751,,0
SportsMOT,V030,95,switch,S_c,1242,1,1226,0.0000,0.0000,0.0000,0,,,,0.1414,,0
SportsMOT,V030,109,switch,S_c,1243,2,1224,0.0000,0.0000,0.0000,0,,,,0.1414,,0
SportsMOT,V030,113,switch,S_c,1244,0,1222,0.0000,0.0000,0.0000,0,,,,0.1414,,0
SportsMOT,V030,149,switch,S_r,1241,4,1229,0.8424,0.5077,0.3348,0,0.9745,2.033622,0.0380,0.0580,1.0,0
SportsMOT,V030,154,switch,S_r,1225,5,1241,0.8582,0.4454,0.4128,0,0.8903,1.768287,0.0413,0.0581,1.0,0
SportsMOT,V030,165,switch,S_c,1245,3,1225,0.4890,0.2493,0.2398,0,,,,0.1414,,0
SportsMOT,V030,216,switch,S_c,1248,11,1230,0.6596,0.0555,0.6041,0,,,,0.1414,,0
SportsMOT,V030,315,switch,S_c,1249,0,1244,0.0000,0.0000,0.0000,0,,,,0.1414,,0
SportsMOT,V030,322,switch,S_c,1250,2,1243,0.0198,0.0000,0.0198,0,,,,0.1414,,0
SportsMOT,V030,333,switch,S_r,1225,4,1241,0.8969,0.5776,0.3193,0,0.8807,1.012367,0.0664,0.0572,2.0,0
SportsMOT,V030,333,switch,S_r,1241,5,1225,0.8274,0.5296,0.2978,0,0.9017,1.639851,0.0302,0.0590,2.0,0
SportsMOT,V031,28,switch,S_c,1264,11,1262,0.3047,0.0000,0.3047,0,,,,0.1414,,0
SportsMOT,V031,30,switch,S_c,1266,10,1262,0.1636,0.0000,0.1636,0,,,,0.1414,,0
SportsMOT,V031,32,switch,S_r,1256,4,1258,0.7066,0.2026,0.5039,0,0.7764,1.224494,0.1101,0.0542,2.0,0
SportsMOT,V031,32,switch,S_r,1266,11,1264,0.4744,0.2232,0.2512,0,0.4294,1.258570,0.2523,0.0516,2.0,0
SportsMOT,V031,33,switch,S_c,1273,2,1253,0.0000,0.0000,0.0000,0,,,,0.1414,,0
SportsMOT,V031,33,switch,S_c,1267,3,1256,0.1335,0.0000,0.1335,0,,,,0.1414,,0
SportsMOT,V031,33,switch,S_c,1271,5,1257,0.3602,0.0000,0.3602,0,,,,0.1414,,0
SportsMOT,V031,33,switch,S_c,1270,8,1260,0.0000,0.0000,0.0000,0,,,,0.1414,,0
SportsMOT,V031,35,switch,S_c,1277,9,1261,0.0000,0.0000,0.0000,0,,,,0.1414,,0
SportsMOT,V031,38,switch,S_c,1284,10,1266,0.0708,0.0000,0.0708,0,,,,0.1414,,0
SportsMOT,V031,42,switch,S_c,1289,1,1254,0.0000,0.0000,0.0000,0,,,,0.1414,,0
SportsMOT,V031,47,switch,S_h,1254,2,1273,0.7047,0.0000,0.7047,0,,,,0.0650,,0
SportsMOT,V031,51,switch,S_h,1273,1,1289,0.6787,0.0000,0.6787,0,,,,0.0683,,0
SportsMOT,V031,52,switch,S_h,1258,4,1256,0.6205,0.3484,0.2721,0,,,,0.0688,,0
SportsMOT,V031,53,switch,S_h,1257,5,1271,0.9117,0.2793,0.6325,0,,,,0.0729,,0
SportsMOT,V031,55,switch,S_c,1290,1,1273,0.0000,0.0000,0.0000,0,,,,0.1414,,0
SportsMOT,V031,55,switch,S_r,1258,5,1257,0.4443,0.3837,0.0605,0,0.5015,8.154499,0.2434,0.0648,2.0,1
SportsMOT,V031,56,switch,S_c,1291,4,1258,0.3195,0.0167,0.3028,0,,,,0.1414,,0
SportsMOT,V031,60,switch,S_h,1289,0,1255,0.0000,0.0000,0.0000,0,,,,0.0637,,0
SportsMOT,V031,60,switch,S_h,1256,2,1254,0.7152,0.0000,0.7152,0,,,,0.0756,,0
SportsMOT,V031,60,switch,S_h,1260,7,1259,0.7118,0.0000,0.7118,0,,,,0.0848,,0
SportsMOT,V031,61,switch,S_h,1271,2,1254,0.5743,0.0000,0.5743,0,,,,0.0616,,0
SportsMOT,V031,61,switch,S_h,1259,7,1259,0.7443,0.0000,0.7443,0,,,,0.0644,,0
SportsMOT,V031,62,switch,S_h,1253,0,1289,0.5062,0.0000,0.5062,0,,,,0.0630,,0
SportsMOT,V031,63,switch,S_h,1260,4,1291,0.7765,0.3401,0.4364,0,,,,0.0628,,0
SportsMOT,V031,64,switch,S_h,1291,4,1291,0.6731,0.3250,0.3481,0,,,,0.0622,,0
SportsMOT,V031,167,switch,S_c,1292,9,1277,0.6206,0.0000,0.6206,0,,,,0.1414,,0
SportsMOT,V031,169,switch,S_h,1277,5,1258,0.6947,0.0977,0.5970,0,,,,0.0729,,0
SportsMOT,V031,172,switch,S_h,1270,5,1277,0.6643,0.0706,0.5937,0,,,,0.0758,,0
SportsMOT,V031,172,switch,S_c,1293,8,1270,0.5735,0.0000,0.5735,0,,,,0.1414,,0
SportsMOT,V031,181,switch,S_r,1292,8,1293,0.9202,0.4631,0.4570,0,0.9976,1.028010,0.1027,0.0598,1.0,0
SportsMOT,V031,181,switch,S_r,1293,9,1292,0.9401,0.5020,0.4381,0,0.9967,1.082129,0.1014,0.0579,1.0,0
SportsMOT,V032,152,switch,S_r,1299,4,1296,0.9427,0.0005,0.9421,0,0.9298,1.181109,0.0598,0.0538,1.0,0
SportsMOT,V032,153,switch,S_h,1296,5,1299,0.7876,0.0000,0.7876,0,,,,0.0597,,0
SportsMOT,V032,166,switch,S_c,1306,4,1299,0.5516,0.0000,0.5516,0,,,,0.1414,,0
SportsMOT,V032,262,switch,S_c,1308,6,1294,0.4502,0.0786,0.3716,0,,,,0.1414,,0
SportsMOT,V032,270,switch,S_r,1310,7,1301,0.7727,0.5668,0.2059,0,,,0.0594,0.0588,2.0,0
SportsMOT,V032,278,switch,S_r,1310,6,1308,0.8980,0.4391,0.4588,0,0.9772,1.849676,0.0355,0.0580,2.0,0
SportsMOT,V032,278,switch,S_r,1308,7,1301,0.9482,0.3995,0.5487,0,0.4961,1.478081,0.0117,0.0577,2.0,0
SportsMOT,V032,446,switch,S_r,1308,6,1310,0.8989,0.5431,0.3558,0,0.9861,1.160788,0.0561,0.0562,2.0,0
SportsMOT,V032,446,switch,S_r,1310,7,1308,0.9479,0.5980,0.3499,0,0.9898,1.137374,0.0614,0.0555,2.0,0
SportsMOT,V033,138,switch,S_h,1314,5,1312,0.8157,0.0000,0.8157,0,,,,0.0580,,0
SportsMOT,V033,145,switch,S_h,1312,5,1312,0.6934,0.5182,0.1753,0,,,,0.0700,,1
SportsMOT,V033,147,switch,S_r,1316,5,1312,0.9449,0.5539,0.3909,0,1.0000,1.198462,0.0251,0.0584,2.0,0
SportsMOT,V033,150,switch,S_r,1312,3,1314,0.8190,0.5052,0.3138,0,0.9941,3.576293,0.0340,0.0611,2.0,0
SportsMOT,V033,150,switch,S_r,1314,4,1316,0.9287,0.4541,0.4746,0,0.4551,2.070123,0.0149,0.0589,2.0,0
SportsMOT,V033,158,switch,S_c,1323,8,1319,0.0000,0.0000,0.0000,0,,,,0.1414,,0
SportsMOT,V034,73,switch,S_r,1330,4,1329,0.5426,0.4534,0.0893,0,0.3125,6.677470,0.2002,0.0560,2.0,1
SportsMOT,V034,74,switch,S_c,1336,5,1330,0.0423,0.0000,0.0423,0,,,,0.1414,,0
SportsMOT,V034,147,switch,S_c,1337,3,1327,0.5477,0.1418,0.4059,0,,,,0.1414,,0
SportsMOT,V034,201,switch,S_r,1338,6,1324,0.6513,0.5819,0.0694,0,,,0.0841,0.0560,3.0,1
SportsMOT,V034,203,switch,S_h,1324,8,1334,0.8574,0.5715,0.2859,0,,,,0.0505,,0
SportsMOT,V034,229,switch,S_h,1334,3,1337,0.7667,0.0197,0.7470,0,,,,0.0797,,0
SportsMOT,V035,210,switch,S_r,1341,6,1346,0.9450,0.4821,0.4629,0,0.9952,2.015610,0.0112,0.0592,2.0,0
SportsMOT,V035,210,switch,S_r,1346,11,1341,0.9927,0.4835,0.5092,0,0.9626,1.070047,0.0039,0.0579,2.0,0
SportsMOT,V036,36,switch,S_c,1364,0,1356,0.0000,0.0000,0.0000,0,,,,0.1414,,0
SportsMOT,V037,129,switch,S_c,1379,2,1373,0.0000,0.0000,0.0000,0,,,,0.1414,,0
SportsMOT,V037,132,switch,S_c,1380,9,1366,0.0037,0.0000,0.0037,0,,,,0.1414,,0
SportsMOT,V037,137,switch,S_c,1381,5,1372,0.0000,0.0000,0.0000,0,,,,0.1414,,0
SportsMOT,V037,158,switch,S_c,1382,12,1377,0.0000,0.0000,0.0000,0,,,,0.1414,,0
SportsMOT,V037,309,switch,S_c,1384,7,1368,0.0000,0.0000,0.0000,0,,,,0.1414,,0
SportsMOT,V037,439,switch,S_c,1387,10,1375,0.0000,0.0000,0.0000,0,,,,0.1414,,0
SportsMOT,V037,454,switch,S_c,1388,11,1369,0.0000,0.0000,0.0000,0,,,,0.1414,,0
SportsMOT,V037,498,switch,S_c,1389,8,1371,0.0000,0.0000,0.0000,0,,,,0.1414,,0
SportsMOT,V037,523,switch,S_c,1393,10,1387,0.0000,0.0000,0.0000,0,,,,0.1414,,0
SportsMOT,V037,585,switch,S_c,1394,10,1393,0.0000,0.0000,0.0000,0,,,,0.1414,,0
SportsMOT,V038,213,switch,S_c,1413,11,1406,0.0000,0.0000,0.0000,0,,,,0.1414,,0
SportsMOT,V038,237,switch,S_c,1414,8,1412,0.0000,0.0000,0.0000,0,,,,0.1414,,0
SportsMOT,V038,243,switch,S_c,1415,12,1405,0.0000,0.0000,0.0000,0,,,,0.1414,,0
SportsMOT,V038,248,switch,S_c,1416,7,1402,0.0000,0.0000,0.0000,0,,,,0.1414,,0
SportsMOT,V038,304,switch,S_c,1418,13,1404,0.0000,0.0000,0.0000,0,,,,0.1414,,0
SportsMOT,V038,340,switch,S_c,1419,3,1399,0.0000,0.0000,0.0000,0,,,,0.1414,,0
SportsMOT,V038,410,switch,S_c,1420,3,1419,0.0000,0.0000,0.0000,0,,,,0.1414,,0
SportsMOT,V038,460,switch,S_c,1421,14,1417,0.0000,0.0000,0.0000,0,,,,0.1414,,0
SportsMOT,V038,479,switch,S_r,1422,5,1411,0.9569,0.0000,0.9569,0,1.0000,1.052981,0.0451,0.0579,0.0,0
SportsMOT,V038,485,switch,S_c,1423,10,1407,0.0000,0.0000,0.0000,0,,,,0.1414,,0
SportsMOT,V038,508,switch,S_c,1425,9,1400,0.1422,0.0000,0.1422,0,,,,0.1414,,0
SportsMOT,V038,534,switch,S_c,1431,11,1413,0.0000,0.0000,0.0000,0,,,,0.1414,,0
SportsMOT,V038,538,switch,S_c,1433,11,1413,0.0000,0.0000,0.0000,0,,,,0.1414,,0
SportsMOT,V038,543,switch,S_r,1434,12,1415,0.9582,0.0000,0.9582,0,,,0.0111,0.0631,0.0,0
SportsMOT,V038,550,switch,S_h,1431,11,1433,0.7933,0.0000,0.7933,0,,,,0.0675,,0
SportsMOT,V038,554,switch,S_c,1435,11,1431,0.0000,0.0000,0.0000,0,,,,0.1414,,0
SportsMOT,V038,555,switch,S_c,1436,6,1410,0.0000,0.0000,0.0000,0,,,,0.1414,,0
SportsMOT,V038,557,switch,S_c,1437,2,1408,0.0000,0.0000,0.0000,0,,,,0.1414,,0
SportsMOT,V038,562,switch,S_c,1439,11,1435,0.0000,0.0000,0.0000,0,,,,0.1414,,0
SportsMOT,V038,566,switch,S_c,1440,11,1435,0.0000,0.0000,0.0000,0,,,,0.1414,,0
SportsMOT,V038,575,switch,S_c,1441,4,1409,0.0000,0.0000,0.0000,0,,,,0.1414,,0
SportsMOT,V038,592,switch,S_c,1442,5,1422,0.0000,0.0000,0.0000,0,,,,0.1414,,0
SportsMOT,V038,598,switch,S_c,1443,1,1403,0.0000,0.0000,0.0000,0,,,,0.1414,,0
SportsMOT,V038,609,switch,S_c,1444,0,1401,0.0000,0.0000,0.0000,0,,,,0.1414,,0
SportsMOT,V038,729,switch,S_c,1445,12,1434,0.0000,0.0000,0.0000,0,,,,0.1414,,0
SportsMOT,V038,734,switch,S_c,1446,7,1416,0.0000,0.0000,0.0000,0,,,,0.1414,,0
SportsMOT,V038,744,switch,S_c,1447,13,1418,0.0000,0.0000,0.0000,0,,,,0.1414,,0
SportsMOT,V038,770,switch,S_c,1448,14,1421,0.0000,0.0000,0.0000,0,,,,0.1414,,0
SportsMOT,V038,891,switch,S_c,1449,16,1426,0.0000,0.0000,0.0000,0,,,,0.1414,,0
SportsMOT,V038,922,switch,S_r,1440,2,1437,0.9003,0.3328,0.5675,0,0.9845,1.067191,0.1476,0.0572,2.0,0
SportsMOT,V038,922,switch,S_r,1437,11,1440,0.7385,0.4331,0.3054,0,,,0.0813,0.0588,2.0,0
SportsMOT,V038,964,switch,S_c,1450,0,1444,0.0000,0.0000,0.0000,0,,,,0.1414,,0
SportsMOT,V038,1025,switch,S_c,1452,16,1449,0.0000,0.0000,0.0000,0,,,,0.1414,,0
SportsMOT,V038,1032,switch,S_c,1453,9,1425,0.0000,0.0000,0.0000,0,,,,0.1414,,0
SportsMOT,V038,1033,switch,S_r,1454,17,1430,0.5739,0.0000,0.5739,0,,,0.1868,0.0663,0.0,0
SportsMOT,V038,1035,switch,S_c,1457,17,1430,0.1497,0.0000,0.1497,0,,,,0.1414,,0
SportsMOT,V038,1039,switch,S_c,1470,3,1420,0.0000,0.0000,0.0000,0,,,,0.1414,,0
SportsMOT,V038,1044,switch,S_c,1483,18,1432,0.0000,0.0000,0.0000,0,,,,0.1414,,0
SportsMOT,V038,1046,switch,S_c,1489,5,1442,0.0000,0.0000,0.0000,0,,,,0.1414,,0
SportsMOT,V038,1049,switch,S_c,1505,12,1445,0.0000,0.0000,0.0000,0,,,,0.1414,,0
SportsMOT,V038,1050,switch,S_c,1508,12,1445,0.0174,0.0000,0.0174,0,,,,0.1414,,0
SportsMOT,V038,1051,switch,S_c,1511,12,1445,0.0883,0.0700,0.0182,0,,,,0.1414,,0
SportsMOT,V038,1067,switch,S_c,1552,15,1424,0.0096,0.0000,0.0096,0,,,,0.1414,,0
SportsMOT,V038,1069,switch,S_c,1556,10,1423,0.0000,0.0000,0.0000,0,,,,0.1414,,0
SportsMOT,V038,1069,switch,S_c,1555,15,1424,0.0406,0.0000,0.0406,0,,,,0.1414,,0
SportsMOT,V038,1071,switch,S_h,1552,17,1457,0.7394,0.0000,0.7394,0,,,,0.1414,,0
SportsMOT,V038,1077,switch,S_h,1457,15,1555,0.8005,0.2807,0.5197,0,,,,0.0662,,0
SportsMOT,V038,1078,switch,S_h,1555,15,1555,0.5717,0.2550,0.3167,0,,,,0.0627,,0
SportsMOT,V038,1106,switch,S_c,1557,13,1447,0.0000,0.0000,0.0000,0,,,,0.1414,,0
SportsMOT,V038,1135,switch,S_c,1558,14,1448,0.0000,0.0000,0.0000,0,,,,0.1414,,0
SportsMOT,V038,1142,switch,S_c,1559,12,1445,0.0000,0.0000,0.0000,0,,,,0.1414,,0
SportsMOT,V038,1162,switch,S_r,1560,7,1446,0.7672,0.0000,0.7672,0,0.9499,1.330247,0.0767,0.0592,0.0,0
SportsMOT,V038,1272,switch,S_c,1562,7,1560,0.0000,0.0000,0.0000,0,,,,0.1414,,0
SportsMOT,V038,1310,switch,S_r,1563,8,1414,0.9783,0.0000,0.9783,0,0.9999,1.018110,0.1463,0.0597,0.0,0
SportsMOT,V039,2,switch,S_r,1572,8,1575,0.4027,0.2072,0.1955,0,,,0.2168,0.0622,1.0,1
SportsMOT,V039,3,switch,S_h,1575,6,1571,0.0083,0.0000,0.0083,0,,,,0.1414,,0
SportsMOT,V039,9,switch,S_c,1593,8,1572,0.4980,0.0000,0.4980,0,,,,0.1414,,0
SportsMOT,V039,11,switch,S_c,1602,6,1571,0.0000,0.0000,0.0000,0,,,,0.1414,,0
SportsMOT,V039,13,switch,S_c,1607,9,1573,0.0000,0.0000,0.0000,0,,,,0.1414,,0
SportsMOT,V039,14,switch,S_c,1609,2,1574,0.0000,0.0000,0.0000,0,,,,0.1414,,0
SportsMOT,V039,180,switch,S_c,1611,6,1602,0.0000,0.0000,0.0000,0,,,,0.1414,,0
SportsMOT,V039,222,switch,S_c,1612,7,1572,0.0000,0.0000,0.0000,0,,,,0.1414,,0
SportsMOT,V039,318,switch,S_c,1615,8,1593,0.0000,0.0000,0.0000,0,,,,0.1414,,0
SportsMOT,V039,349,switch,S_r,1618,11,1569,0.9253,0.0689,0.8564,0,,,0.0136,0.0629,1.0,0
SportsMOT,V039,360,switch,S_c,1620,12,1610,0.0000,0.0000,0.0000,0,,,,0.1414,,0
SportsMOT,V039,476,switch,S_c,1623,12,1620,0.0000,0.0000,0.0000,0,,,,0.1414,,0
SportsMOT,V039,543,switch,S_r,1624,3,1565,0.7993,0.0000,0.7993,0,0.9863,1.371964,0.0372,0.0554,0.0,0
SportsMOT,V039,562,switch,S_c,1626,15,1616,0.0000,0.0000,0.0000,0,,,,0.1414,,0
SportsMOT,V039,582,switch,S_c,1627,19,1622,0.0000,0.0000,0.0000,0,,,,0.1414,,0
SportsMOT,V039,635,switch,S_c,1628,13,1613,0.0000,0.0000,0.0000,0,,,,0.1414,,0
SportsMOT,V039,703,switch,S_r,1629,5,1570,0.6645,0.0000,0.6645,0,,,0.0487,0.0634,0.0,0
SportsMOT,V039,706,switch,S_r,1623,6,1611,0.6293,0.5128,0.1165,0,0.2004,1.245588,0.1100,0.0566,2.0,1
SportsMOT,V039,706,switch,S_r,1614,12,1623,0.5723,0.4174,0.1549,0,0.0354,1.438740,0.1759,0.0603,2.0,1
SportsMOT,V039,707,switch,S_r,1621,11,1618,0.5346,0.3970,0.1377,0,-0.8287,3.896544,0.0383,0.0557,1.0,1
SportsMOT,V039,708,switch,S_c,1631,18,1621,0.0000,0.0000,0.0000,0,,,,0.1414,,0
SportsMOT,V039,709,switch,S_r,1631,11,1621,0.7906,0.4368,0.3538,0,,,0.0631,0.0596,1.0,0
SportsMOT,V039,709,switch,S_c,1633,12,1614,0.4288,0.1300,0.2988,0,,,,0.1414,,0
SportsMOT,V039,710,switch,S_c,1635,12,1614,0.1445,0.1336,0.0109,0,,,,0.1414,,0
SportsMOT,V039,710,switch,S_c,1634,18,1621,0.0000,0.0000,0.0000,0,,,,0.1414,,0
SportsMOT,V039,711,switch,S_r,1634,11,1631,0.7932,0.5124,0.2808,0,,,0.0677,0.0587,1.0,0
SportsMOT,V039,711,switch,S_c,1636,12,1614,0.1600,0.1378,0.0222,0,,,,0.1414,,0
SportsMOT,V039,712,switch,S_c,1638,12,1614,0.1539,0.0969,0.0570,0,,,,0.1414,,0
SportsMOT,V039,712,switch,S_c,1637,18,1621,0.0725,0.0000,0.0725,0,,,,0.1414,,0
SportsMOT,V039,713,switch,S_r,1637,11,1634,0.7551,0.5545,0.2006,0,,,0.0801,0.0587,1.0,0
SportsMOT,V039,713,switch,S_c,1639,12,1614,0.1597,0.1188,0.0408,0,,,,0.1414,,0
SportsMOT,V039,713,switch,S_h,1618,14,1614,0.0000,0.0000,0.0000,0,,,,0.0823,,0
SportsMOT,V039,714,switch,S_r,1618,12,1614,0.4749,0.1582,0.3166,0,,,0.3147,0.0606,1.0,0
SportsMOT,V039,714,switch,S_c,1640,18,1621,0.1045,0.0000,0.1045,0,,,,0.1414,,0
SportsMOT,V039,715,switch,S_r,1640,11,1637,0.6787,0.5902,0.0884,0,,,0.1174,0.0603,1.0,1
SportsMOT,V039,715,switch,S_h,1621,14,1614,0.0000,0.0000,0.0000,0,,,,0.0823,,0
SportsMOT,V039,716,switch,S_r,1621,12,1618,0.4334,0.2495,0.1840,0,,,0.3400,0.0607,0.0,1
SportsMOT,V039,716,switch,S_h,1631,14,1614,0.1869,0.0000,0.1869,0,,,,0.0859,,0
SportsMOT,V039,717,switch,S_c,1643,18,1621,0.3182,0.0000,0.3182,0,,,,0.1414,,0
SportsMOT,V039,718,switch,S_r,1631,12,1621,0.3265,0.2533,0.0732,0,0.1242,1.336100,0.2947,0.0576,1.0,1
SportsMOT,V039,719,switch,S_h,1634,14,1631,0.0000,0.0000,0.0000,0,,,,0.0831,,0
SportsMOT,V039,721,switch,S_c,1647,9,1607,0.0000,0.0000,0.0000,0,,,,0.1414,,0
SportsMOT,V039,725,switch,S_c,1648,3,1624,0.0000,0.0000,0.0000,0,,,,0.1414,,0
SportsMOT,V039,726,switch,S_h,1637,14,1634,0.7544,0.0753,0.6792,0,,,,0.0783,,0
SportsMOT,V039,727,switch,S_c,1649,3,1624,0.0000,0.0000,0.0000,0,,,,0.1414,,0
SportsMOT,V039,730,switch,S_c,1650,11,1640,0.5545,0.0317,0.5228,0,,,,0.1414,,0
SportsMOT,V039,738,switch,S_h,1638,4,1568,0.6447,0.0000,0.6447,0,,,,0.1414,,0
SportsMOT,V039,738,switch,S_c,1651,11,1650,0.3363,0.0174,0.3189,0,,,,0.1414,,0
SportsMOT,V039,738,switch,S_r,1650,18,1643,0.6125,0.0000,0.6125,0,-0.2523,1.159738,0.0484,0.0593,0.0,0
SportsMOT,V039,740,switch,S_c,1652,12,1631,0.0040,0.0000,0.0040,0,,,,0.1414,,0
SportsMOT,V039,740,switch,S_r,1617,14,1637,0.4933,0.3671,0.1262,0,-0.1920,4.836365,0.2324,0.0580,1.0,1
SportsMOT,V039,740,switch,S_r,1615,16,1617,0.3867,0.1988,0.1880,0,-0.9871,2.830349,0.2201,0.0576,0.0,0
SportsMOT,V039,741,switch,S_c,1653,8,1615,0.0000,0.0000,0.0000,0,,,,0.1414,,0
SportsMOT,V039,741,switch,S_c,1655,19,1627,0.0000,0.0000,0.0000,0,,,,0.1414,,0
SportsMOT,V039,742,switch,S_c,1658,9,1647,0.0000,0.0000,0.0000,0,,,,0.1414,,0
SportsMOT,V039,742,switch,S_r,1615,14,1617,0.5268,0.3484,0.1784,0,-0.8597,16.454458,0.2213,0.0577,1.0,1
SportsMOT,V039,742,switch,S_c,1656,17,1619,0.0000,0.0000,0.0000,0,,,,0.1414,,0
SportsMOT,V039,743,switch,S_h,1647,2,1609,0.0000,0.0000,0.0000,0,,,,0.0642,,0
SportsMOT,V039,743,switch,S_c,1659,14,1617,0.1788,0.0317,0.1471,0,,,,0.1414,,0
SportsMOT,V039,744,switch,S_c,1662,16,1615,0.0568,0.0000,0.0568,0,,,,0.1414,,0
SportsMOT,V039,745,switch,S_c,1664,5,1629,0.2874,0.0000,0.2874,0,,,,0.1414,,0
SportsMOT,V039,745,switch,S_h,1643,19,1627,0.6521,0.0000,0.6521,0,,,,0.0766,,0
SportsMOT,V039,746,switch,S_h,1648,3,1649,0.5793,0.0000,0.5793,0,,,,0.1414,,0
SportsMOT,V039,746,switch,S_h,1655,19,1627,0.2920,0.0000,0.2920,0,,,,0.0657,,0
SportsMOT,V039,747,switch,S_c,1669,17,1656,0.0000,0.0000,0.0000,0,,,,0.1414,,0
SportsMOT,V039,747,switch,S_h,1637,18,1650,0.8009,0.1577,0.6432,0,,,,0.0654,,0
SportsMOT,V039,748,switch,S_h,1615,18,1650,0.3569,0.1226,0.2343,0,,,,0.0675,,0
SportsMOT,V039,754,switch,S_c,1683,2,1609,0.0000,0.0000,0.0000,0,,,,0.1414,,0
SportsMOT,V039,755,switch,S_h,1647,6,1623,0.8178,0.0000,0.8178,0,,,,0.0724,,0
SportsMOT,V039,755,switch,S_c,1687,18,1650,0.0000,0.0000,0.0000,0,,,,0.1414,,0
SportsMOT,V039,756,switch,S_h,1623,6,1623,0.4324,0.0000,0.4324,0,,,,0.0612,,0
SportsMOT,V039,756,switch,S_c,1688,13,1628,0.0000,0.0000,0.0000,0,,,,0.1414,,0
SportsMOT,V039,811,switch,S_c,1690,4,1638,0.0000,0.0000,0.0000,0,,,,0.1414,,0
SportsMOT,V039,811,switch,S_c,1689,8,1653,0.3750,0.0627,0.3123,0,,,,0.1414,,0
SportsMOT,V039,812,switch,S_r,1689,16,1662,0.7789,0.7127,0.0661,0,,,0.0384,0.0591,2.0,1
SportsMOT,V039,813,switch,S_c,1691,8,1653,0.2141,0.1666,0.0475,0,,,,0.1414,,0
SportsMOT,V039,814,switch,S_r,1691,16,1689,0.8622,0.6045,0.2576,0,,,0.0257,0.0623,2.0,0
SportsMOT,V039,815,switch,S_c,1692,8,1653,0.2499,0.0748,0.1751,0,,,,0.1414,,0
SportsMOT,V039,816,switch,S_r,1692,16,1691,0.8332,0.6037,0.2295,0,,,0.0361,0.0632,2.0,0
SportsMOT,V039,817,switch,S_c,1693,8,1653,0.2573,0.0241,0.2332,0,,,,0.1414,,0
SportsMOT,V039,817,switch,S_h,1653,15,1626,0.7535,0.0000,0.7535,0,,,,0.0614,,0
SportsMOT,V039,818,switch,S_h,1662,15,1626,0.2601,0.0000,0.2601,0,,,,0.0669,,0
SportsMOT,V039,818,switch,S_r,1693,16,1692,0.6653,0.5180,0.1473,0,,,0.0802,0.0625,2.0,1
SportsMOT,V039,819,switch,S_c,1694,8,1653,0.2825,0.0000,0.2825,0,,,,0.1414,,0
SportsMOT,V039,819,switch,S_h,1689,15,1626,0.2227,0.0000,0.2227,0,,,,0.0684,,0
SportsMOT,V039,820,switch,S_h,1691,15,1626,0.2051,0.0000,0.2051,0,,,,0.0690,,0
SportsMOT,V039,820,switch,S_r,1694,16,1693,0.5991,0.4722,0.1269,0,,,0.0973,0.0617,2.0,1
SportsMOT,V039,821,switch,S_c,1696,8,1653,0.2849,0.0000,0.2849,0,,,,0.1414,,0
SportsMOT,V039,821,switch,S_h,1692,15,1626,0.2712,0.0652,0.2059,0,,,,0.0685,,0
SportsMOT,V039,822,switch,S_r,1696,16,1694,0.5708,0.4445,0.1262,0,,,0.1056,0.0626,2.0,1
SportsMOT,V039,823,switch,S_c,1699,8,1653,0.2387,0.0000,0.2387,0,,,,0.1414,,0
SportsMOT,V039,823,switch,S_c,1700,12,1652,0.0000,0.0000,0.0000,0,,,,0.1414,,0
SportsMOT,V039,826,switch,S_c,1701,5,1664,0.0000,0.0000,0.0000,0,,,,0.1414,,0
SportsMOT,V039,827,switch,S_c,1702,6,1623,0.0000,0.0000,0.0000,0,,,,0.1414,,0
SportsMOT,V039,829,switch,S_c,1704,5,1664,0.0000,0.0000,0.0000,0,,,,0.1414,,0
SportsMOT,V039,833,switch,S_c,1705,2,1683,0.0000,0.0000,0.0000,0,,,,0.1414,,0
SportsMOT,V039,836,switch,S_c,1706,9,1658,0.0000,0.0000,0.0000,0,,,,0.1414,,0
SportsMOT,V039,839,switch,S_c,1707,1,1566,0.0000,0.0000,0.0000,0,,,,0.1414,,0
SportsMOT,V039,843,switch,S_h,1701,3,1648,0.0000,0.0000,0.0000,0,,,,0.1414,,0
SportsMOT,V039,845,switch,S_h,1701,10,1594,0.0000,0.0000,0.0000,0,,,,0.1414,,0
SportsMOT,V039,850,switch,S_c,1719,3,1648,0.0000,0.0000,0.0000,0,,,,0.1414,,0
SportsMOT,V039,851,switch,S_c,1721,5,1704,0.0000,0.0000,0.0000,0,,,,0.1414,,0
SportsMOT,V039,867,switch,S_c,1722,3,1719,0.0000,0.0000,0.0000,0,,,,0.1414,,0
SportsMOT,V040,266,switch,S_c,1738,17,1731,0.0000,0.0000,0.0000,0,,,,0.1414,,0
SportsMOT,V040,455,switch,S_r,1726,17,1738,0.8955,0.3870,0.5086,0,,,0.0250,0.0571,1.0,0
SportsMOT,V040,455,switch,S_r,1738,18,1726,0.9211,0.4653,0.4558,0,0.9906,1.263499,0.0622,0.0573,2.0,0
SportsMOT,V040,462,switch,S_c,1742,7,1737,0.0000,0.0000,0.0000,0,,,,0.1414,,0
SportsMOT,V040,464,switch,S_r,1734,3,1732,0.5028,0.2501,0.2527,0,0.8493,4.742579,0.1706,0.0553,1.0,0
SportsMOT,V040,465,switch,S_c,1743,5,1734,0.4563,0.0000,0.4563,0,,,,0.1414,,0
SportsMOT,V040,486,switch,S_r,1743,3,1734,0.8737,0.4202,0.4534,0,0.9950,1.411880,0.0553,0.0602,1.0,0
SportsMOT,V040,486,switch,S_r,1734,5,1743,0.9402,0.4711,0.4691,0,1.0000,1.116655,0.0923,0.0579,1.0,0
SportsMOT,V040,537,switch,S_r,1725,0,1723,0.9543,0.4162,0.5380,0,-0.3382,2.720294,0.0083,0.0567,1.0,0
SportsMOT,V040,537,switch,S_r,1723,4,1725,0.9704,0.4344,0.5360,0,0.9628,1.041174,0.0227,0.0578,1.0,0
SportsMOT,V040,575,switch,S_c,1744,16,1730,0.0000,0.0000,0.0000,0,,,,0.1414,,0
SportsMOT,V040,579,switch,S_r,1745,20,1733,0.7740,0.7384,0.0357,0,,,0.0565,0.0673,3.0,1
SportsMOT,V040,689,switch,S_r,1725,9,1729,0.8236,0.4715,0.3521,0,-0.3096,2.089355,0.0293,0.0575,2.0,0
SportsMOT,V040,689,switch,S_r,1734,20,1745,0.7252,0.4218,0.3034,0,-0.6956,4.384632,0.0456,0.0607,2.0,0
SportsMOT,V040,690,switch,S_c,1747,0,1725,0.1501,0.1156,0.0345,0,,,,0.1414,,0
SportsMOT,V040,690,switch,S_c,1746,5,1734,0.1742,0.1330,0.0412,0,,,,0.1414,,0
SportsMOT,V040,691,switch,S_r,1747,9,1725,0.8250,0.5839,0.2411,0,,,0.0468,0.0621,2.0,0
SportsMOT,V040,692,switch,S_c,1748,0,1725,0.1210,0.1210,0.0000,0,,,,0.1414,,0
SportsMOT,V040,694,switch,S_r,1748,9,1747,0.7647,0.2860,0.4787,0,0.8313,3.805203,0.0569,0.0610,2.0,0
SportsMOT,V040,695,switch,S_c,1749,0,1748,0.1991,0.1438,0.0552,0,,,,0.1414,,0
SportsMOT,V040,695,switch,S_c,1750,16,1744,0.3992,0.0343,0.3648,0,,,,0.1414,,0
SportsMOT,V040,696,switch,S_r,1749,9,1748,0.9039,0.7835,0.1204,0,,,0.0275,0.0624,2.0,1
SportsMOT,V040,697,switch,S_c,1751,0,1748,0.1698,0.1249,0.0449,0,,,,0.1414,,0
SportsMOT,V040,699,switch,S_r,1743,2,1736,0.9699,0.1410,0.8289,0,0.9943,1.083087,0.0481,0.0575,1.0,0
SportsMOT,V040,699,switch,S_r,1751,9,1749,0.5378,0.2450,0.2928,0,0.9975,5.978341,0.1203,0.0610,2.0,0
SportsMOT,V040,699,switch,S_r,1746,20,1734,0.7765,0.1170,0.6595,0,0.5726,1.505893,0.0352,0.0623,1.0,0
SportsMOT,V040,700,switch,S_c,1754,0,1751,0.2791,0.0874,0.1917,0,,,,0.1414,,0
SportsMOT,V040,700,switch,S_c,1752,18,1738,0.0000,0.0000,0.0000,0,,,,0.1414,,0
SportsMOT,V040,701,switch,S_c,1757,3,1743,0.1487,0.0000,0.1487,0,,,,0.1414,,0
SportsMOT,V040,701,switch,S_r,1754,9,1751,0.8097,0.7813,0.0284,0,,,0.0351,0.0619,2.0,1
SportsMOT,V040,701,switch,S_h,1745,18,1738,0.1779,0.0000,0.1779,0,,,,0.0720,,0
SportsMOT,V040,702,switch,S_c,1761,0,1751,0.1640,0.0902,0.0738,0,,,,0.1414,,0
SportsMOT,V040,702,switch,S_r,1757,2,1743,0.8790,0.7048,0.1742,0,,,0.0286,0.0607,1.0,1
SportsMOT,V040,703,switch,S_c,1765,3,1743,0.3479,0.0000,0.3479,0,,,,0.1414,,0
SportsMOT,V040,703,switch,S_c,1766,5,1746,0.2449,0.0000,0.2449,0,,,,0.1414,,0
SportsMOT,V040,703,switch,S_c,1764,15,1728,0.0000,0.0000,0.0000,0,,,,0.1414,,0
SportsMOT,V040,703,switch,S_c,1767,16,1750,0.0877,0.0380,0.0497,0,,,,0.1414,,0
SportsMOT,V040,704,switch,S_r,1765,2,1757,0.4386,0.0993,0.3393,0,,,0.1671,0.0623,1.0,0
SportsMOT,V040,704,switch,S_r,1746,4,1723,0.3861,0.1887,0.1974,0,0.3258,5.016734,0.3488,0.0532,3.0,0
SportsMOT,V040,704,switch,S_h,1747,6,1724,0.0131,0.0000,0.0131,0,,,,0.0892,,0
SportsMOT,V040,704,switch,S_r,1761,9,1754,0.3924,0.1284,0.2640,0,1.0000,7.195031,0.1972,0.0607,2.0,0
SportsMOT,V040,704,switch,S_r,1723,19,1727,0.4741,0.0156,0.4585,0,-0.0108,3.092023,0.2162,0.0590,2.0,0
SportsMOT,V040,704,switch,S_r,1766,20,1746,0.5203,0.0000,0.5203,0,,,0.0931,0.0706,1.0,0
SportsMOT,V040,705,switch,S_c,1773,0,1761,0.4174,0.0424,0.3750,0,,,,0.1414,,0
SportsMOT,V040,705,switch,S_c,1769,17,1726,0.0000,0.0000,0.0000,0,,,,0.1414,,0
SportsMOT,V040,705,switch,S_c,1768,18,1745,0.0000,0.0000,0.0000,0,,,,0.1414,,0
SportsMOT,V040,706,switch,S_r,1773,9,1761,0.7570,0.5560,0.2010,0,,,0.1078,0.0616,2.0,0
SportsMOT,V040,706,switch,S_c,1775,15,1728,0.0000,0.0000,0.0000,0,,,,0.1414,,0
SportsMOT,V040,706,switch,S_r,1766,16,1750,0.2981,0.0167,0.2814,0,0.6040,1.118006,0.3248,0.0681,1.0,0
SportsMOT,V040,706,switch,S_c,1776,20,1766,0.6157,0.0106,0.6051,0,,,,0.1414,,0
SportsMOT,V040,707,switch,S_h,1736,5,1746,0.0000,0.0000,0.0000,0,,,,0.0693,,0
SportsMOT,V040,708,switch,S_c,1783,2,1765,0.2864,0.0000,0.2864,0,,,,0.1414,,0
SportsMOT,V040,708,switch,S_h,1761,9,1773,0.4347,0.0000,0.4347,0,,,,0.0674,,0
SportsMOT,V040,709,switch,S_r,1765,2,1765,0.5781,0.0000,0.5781,0,0.9592,1.425240,0.3100,0.0581,1.0,0
SportsMOT,V040,709,switch,S_r,1776,4,1746,0.3119,0.1794,0.1325,0,0.3650,6.380806,0.4062,0.0529,3.0,0
SportsMOT,V040,709,switch,S_h,1757,5,1736,0.0000,0.0000,0.0000,0,,,,0.0680,,0
SportsMOT,V040,709,switch,S_r,1773,9,1773,0.5957,0.0820,0.5137,0,0.9919,1.602026,0.2423,0.0621,2.0,0
SportsMOT,V040,709,switch,S_h,1729,17,1769,0.1226,0.0000,0.1226,0,,,,0.0797,,0
SportsMOT,V040,709,switch,S_r,1746,19,1723,0.4782,0.0430,0.4353,0,0.1142,2.536412,0.2236,0.0595,2.0,0
SportsMOT,V040,709,switch,S_r,1736,20,1776,0.6405,0.0000,0.6405,0,0.9366,3.632786,0.1012,0.0615,1.0,0
SportsMOT,V040,710,switch,S_h,1743,5,1736,0.2850,0.0000,0.2850,0,,,,0.0658,,0
SportsMOT,V040,710,switch,S_c,1784,6,1747,0.0000,0.0000,0.0000,0,,,,0.1414,,0
SportsMOT,V040,710,switch,S_h,1752,15,1775,0.0000,0.0000,0.0000,0,,,,0.1414,,0
SportsMOT,V040,710,switch,S_h,1734,18,1768,0.0000,0.0000,0.0000,0,,,,0.0706,,0
SportsMOT,V040,711,switch,S_c,1791,0,1773,0.5359,0.0314,0.5045,0,,,,0.1414,,0
SportsMOT,V040,711,switch,S_r,1736,16,1766,0.3502,0.0575,0.2927,0,0.4275,1.231306,0.2579,0.0617,1.0,0
SportsMOT,V040,711,switch,S_h,1725,17,1729,0.5810,0.0000,0.5810,0,,,,0.0800,,0
SportsMOT,V040,711,switch,S_h,1757,20,1736,0.6484,0.3053,0.3431,0,,,,0.0716,,0
SportsMOT,V040,712,switch,S_c,1793,10,1739,0.0000,0.0000,0.0000,0,,,,0.1414,,0
SportsMOT,V040,712,switch,S_h,1745,15,1752,0.5013,0.0000,0.5013,0,,,,0.0759,,0
SportsMOT,V040,713,switch,S_c,1795,2,1765,0.4427,0.0000,0.4427,0,,,,0.1414,,0
SportsMOT,V040,714,switch,S_r,1765,2,1765,0.8980,0.1550,0.7431,0,0.9867,1.039080,0.1990,0.0590,1.0,0
SportsMOT,V040,714,switch,S_h,1754,6,1784,0.1687,0.0000,0.1687,0,,,,0.0794,,0
SportsMOT,V040,714,switch,S_r,1793,11,1740,0.9480,0.0000,0.9480,0,0.9999,1.279470,0.0313,0.0612,0.0,0
SportsMOT,V040,714,switch,S_h,1738,15,1745,0.0076,0.0000,0.0076,0,,,,0.0792,,0
SportsMOT,V040,714,switch,S_r,1743,20,1757,0.5949,0.0000,0.5949,0,0.1168,2.063035,0.0381,0.0635,0.0,0
SportsMOT,V040,715,switch,S_c,1800,3,1765,0.3648,0.0000,0.3648,0,,,,0.1414,,0
SportsMOT,V040,715,switch,S_c,1798,10,1793,0.0000,0.0000,0.0000,0,,,,0.1414,,0
SportsMOT,V040,715,switch,S_c,1796,17,1725,0.0000,0.0000,0.0000,0,,,,0.1414,,0
SportsMOT,V040,716,switch,S_r,1798,11,1793,0.7767,0.6019,0.1748,0,,,0.0627,0.0627,1.0,1
SportsMOT,V040,717,switch,S_h,1795,5,1743,0.0000,0.0000,0.0000,0,,,,0.1414,,0
SportsMOT,V040,717,switch,S_c,1806,10,1793,0.0983,0.0000,0.0983,0,,,,0.1414,,0
SportsMOT,V040,717,switch,S_h,1749,17,1725,0.0000,0.0000,0.0000,0,,,,0.0808,,0
SportsMOT,V040,717,switch,S_c,1805,18,1734,0.0000,0.0000,0.0000,0,,,,0.1414,,0
SportsMOT,V040,718,switch,S_c,1810,16,1736,0.0179,0.0000,0.0179,0,,,,0.1414,,0
SportsMOT,V040,719,switch,S_r,1800,2,1765,0.6858,0.3011,0.3847,0,0.9735,2.342252,0.1524,0.0587,1.0,0
SportsMOT,V040,719,switch,S_r,1806,11,1798,0.8558,0.3351,0.5208,0,0.3911,1.745931,0.0463,0.0629,1.0,0
SportsMOT,V040,719,switch,S_r,1743,16,1736,0.5852,0.1843,0.4009,0,0.8413,2.275410,0.2226,0.0529,3.0,0
SportsMOT,V040,719,switch,S_h,1748,17,1749,0.0000,0.0000,0.0000,0,,,,0.0819,,0
SportsMOT,V040,719,switch,S_r,1795,20,1743,0.6964,0.1517,0.5447,0,0.9664,2.885599,0.0767,0.0708,1.0,0
SportsMOT,V040,720,switch,S_c,1815,3,1800,0.2560,0.0000,0.2560,0,,,,0.1414,,0
SportsMOT,V040,720,switch,S_c,1812,5,1795,0.0094,0.0000,0.0094,0,,,,0.1414,,0
SportsMOT,V040,720,switch,S_c,1814,10,1806,0.1802,0.0000,0.1802,0,,,,0.1414,,0
SportsMOT,V040,720,switch,S_c,1813,12,1741,0.0000,0.0000,0.0000,0,,,,0.1414,,0
SportsMOT,V040,720,switch,S_c,1811,18,1805,0.0000,0.0000,0.0000,0,,,,0.1414,,0
SportsMOT,V040,721,switch,S_r,1815,2,1800,0.8733,0.7707,0.1026,0,,,0.0341,0.0619,1.0,1
SportsMOT,V040,722,switch,S_h,1800,2,1800,0.5212,0.0000,0.5212,0,,,,0.0641,,0
SportsMOT,V040,722,switch,S_c,1816,3,1800,0.0763,0.0000,0.0763,0,,,,0.1414,,0
SportsMOT,V040,723,switch,S_h,1765,2,1800,0.8026,0.3269,0.4758,0,,,,0.0688,,0
SportsMOT,V040,724,switch,S_h,1800,2,1800,0.8181,0.2679,0.5501,0,,,,0.0639,,0
SportsMOT,V040,724,switch,S_r,1795,16,1743,0.6232,0.3470,0.2762,0,0.6944,2.527505,0.1843,0.0542,2.0,0
SportsMOT,V040,724,switch,S_h,1783,18,1811,0.1124,0.0000,0.1124,0,,,,0.1414,,0
SportsMOT,V040,725,switch,S_c,1818,3,1816,0.0759,0.0000,0.0759,0,,,,0.1414,,0
SportsMOT,V040,725,switch,S_c,1817,20,1795,0.1936,0.1492,0.0443,0,,,,0.1414,,0
SportsMOT,V040,728,switch,S_h,1815,5,1812,0.4680,0.0532,0.4148,0,,,,0.0683,,0
SportsMOT,V040,729,switch,S_h,1765,2,1800,0.7116,0.4662,0.2454,0,,,,0.0658,,0
SportsMOT,V040,729,switch,S_h,1812,5,1812,0.1638,0.0000,0.1638,0,,,,0.0625,,0
SportsMOT,V040,733,switch,S_h,1800,2,1765,0.4861,0.0183,0.4679,0,,,,0.0686,,0
SportsMOT,V040,733,switch,S_r,1765,3,1818,0.5789,0.3814,0.1975,0,0.9893,1.740551,0.2522,0.0590,1.0,1
SportsMOT,V040,733,switch,S_h,1815,20,1817,0.5279,0.4223,0.1056,0,,,,0.0780,,1
SportsMOT,V040,734,switch,S_h,1818,3,1818,0.8052,0.0000,0.8052,0,,,,0.0640,,0
SportsMOT,V040,734,switch,S_h,1764,13,1760,0.0307,0.0000,0.0307,0,,,,0.1414,,0
SportsMOT,V040,734,switch,S_r,1815,16,1795,0.6683,0.3830,0.2853,0,,,0.1426,0.0613,2.0,0
SportsMOT,V040,734,switch,S_h,1817,20,1817,0.2499,0.1696,0.0803,0,,,,0.0629,,0
SportsMOT,V040,735,switch,S_h,1765,3,1818,0.6404,0.3887,0.2518,0,,,,0.0641,,0
SportsMOT,V040,736,switch,S_h,1795,16,1815,0.7583,0.1640,0.5943,0,,,,0.0660,,0
SportsMOT,V040,738,switch,S_r,1800,3,1765,0.6784,0.4162,0.2622,0,0.9735,1.678622,0.1846,0.0588,1.0,0
SportsMOT,V040,745,switch,S_c,1821,14,1760,0.0000,0.0000,0.0000,0,,,,0.1414,,0
SportsMOT,V041,12,switch,S_c,1839,11,1835,0.2692,0.2099,0.0592,0,,,,0.1414,,1
SportsMOT,V041,20,switch,S_r,1835,13,1836,0.6066,0.5310,0.0756,0,,,0.0787,0.0589,2.0,1
SportsMOT,V041,90,switch,S_c,1844,4,1829,0.0000,0.0000,0.0000,0,,,,0.1414,,0
SportsMOT,V041,95,switch,S_c,1845,2,1826,0.0319,0.0000,0.0319,0,,,,0.1414,,0
SportsMOT,V041,150,switch,S_r,1843,14,1838,0.8975,0.0000,0.8975,0,0.8738,1.411058,0.0362,0.0573,0.0,0
SportsMOT,V041,150,switch,S_c,1846,19,1843,0.3981,0.0000,0.3981,0,,,,0.1414,,0
SportsMOT,V041,213,switch,S_c,1847,2,1845,0.0000,0.0000,0.0000,0,,,,0.1414,,0
SportsMOT,V041,214,switch,S_r,1848,8,1832,0.3920,0.1414,0.2507,0,,,0.1403,0.0567,1.0,0
SportsMOT,V041,225,switch,S_c,1849,0,1825,0.0000,0.0000,0.0000,0,,,,0.1414,,0
SportsMOT,V041,260,switch,S_c,1850,1,1830,0.0000,0.0000,0.0000,0,,,,0.1414,,0
SportsMOT,V041,271,switch,S_c,1851,3,1833,0.0000,0.0000,0.0000,0,,,,0.1414,,0
SportsMOT,V041,445,switch,S_c,1853,6,1828,0.0000,0.0000,0.0000,0,,,,0.1414,,0
SportsMOT,V041,461,switch,S_c,1855,8,1848,0.0000,0.0000,0.0000,0,,,,0.1414,,0
SportsMOT,V041,461,switch,S_c,1854,9,1827,0.0000,0.0000,0.0000,0,,,,0.1414,,0
SportsMOT,V041,464,switch,S_r,1855,9,1854,0.5438,0.2733,0.2706,0,0.1308,7.850607,0.2386,0.0619,1.0,0
SportsMOT,V041,465,switch,S_c,1856,8,1855,0.0000,0.0000,0.0000,0,,,,0.1414,,0
SportsMOT,V041,466,switch,S_c,1857,7,1824,0.0000,0.0000,0.0000,0,,,,0.1414,,0
SportsMOT,V041,505,switch,S_c,1858,5,1831,0.0000,0.0000,0.0000,0,,,,0.1414,,0
SportsMOT,V041,505,switch,S_c,1859,13,1835,0.0000,0.0000,0.0000,0,,,,0.1414,,0
SportsMOT,V041,508,switch,S_c,1866,4,1844,0.0000,0.0000,0.0000,0,,,,0.1414,,0
SportsMOT,V041,508,switch,S_c,1867,8,1856,0.0000,0.0000,0.0000,0,,,,0.1414,,0
SportsMOT,V041,510,switch,S_c,1873,5,1858,0.1521,0.0000,0.1521,0,,,,0.1414,,0
SportsMOT,V041,510,switch,S_c,1871,19,1846,0.0000,0.0000,0.0000,0,,,,0.1414,,0
SportsMOT,V041,513,switch,S_c,1889,0,1849,0.0000,0.0000,0.0000,0,,,,0.1414,,0
SportsMOT,V041,513,switch,S_c,1890,2,1847,0.0000,0.0000,0.0000,0,,,,0.1414,,0
SportsMOT,V041,513,switch,S_c,1892,4,1844,0.0000,0.0000,0.0000,0,,,,0.1414,,0
SportsMOT,V041,513,switch,S_c,1887,6,1853,0.0000,0.0000,0.0000,0,,,,0.1414,,0
SportsMOT,V041,513,switch,S_c,1891,8,1856,0.0000,0.0000,0.0000,0,,,,0.1414,,0
SportsMOT,V041,513,switch,S_c,1888,14,1843,0.0000,0.0000,0.0000,0,,,,0.1414,,0
SportsMOT,V041,515,switch,S_c,1894,6,1853,0.0000,0.0000,0.0000,0,,,,0.1414,,0
SportsMOT,V041,515,switch,S_c,1898,11,1839,0.0000,0.0000,0.0000,0,,,,0.1414,,0
SportsMOT,V041,515,switch,S_c,1893,14,1843,0.0000,0.0000,0.0000,0,,,,0.1414,,0
SportsMOT,V041,518,switch,S_c,1909,0,1849,0.0000,0.0000,0.0000,0,,,,0.1414,,0
SportsMOT,V041,518,switch,S_c,1908,2,1847,0.0000,0.0000,0.0000,0,,,,0.1414,,0
SportsMOT,V041,518,switch,S_c,1911,4,1844,0.0000,0.0000,0.0000,0,,,,0.1414,,0
SportsMOT,V041,518,switch,S_c,1910,8,1856,0.0000,0.0000,0.0000,0,,,,0.1414,,0
SportsMOT,V041,519,switch,S_h,1888,12,1837,0.0000,0.0000,0.0000,0,,,,0.1414,,0
SportsMOT,V041,520,switch,S_c,1912,17,1841,0.0000,0.0000,0.0000,0,,,,0.1414,,0
SportsMOT,V041,523,switch,S_c,1926,0,1849,0.0000,0.0000,0.0000,0,,,,0.1414,,0
SportsMOT,V041,523,switch,S_c,1925,2,1847,0.0000,0.0000,0.0000,0,,,,0.1414,,0
SportsMOT,V041,523,switch,S_c,1928,4,1844,0.0000,0.0000,0.0000,0,,,,0.1414,,0
SportsMOT,V041,523,switch,S_c,1927,8,1856,0.0000,0.0000,0.0000,0,,,,0.1414,,0
SportsMOT,V041,524,switch,S_h,1858,14,1893,0.2592,0.0000,0.2592,0,,,,0.0654,,0
SportsMOT,V041,525,switch,S_c,1930,0,1849,0.0000,0.0000,0.0000,0,,,,0.1414,,0
SportsMOT,V041,525,switch,S_h,1866,8,1856,0.0000,0.0000,0.0000,0,,,,0.1414,,0
SportsMOT,V041,525,switch,S_c,1929,12,1888,0.0000,0.0000,0.0000,0,,,,0.1414,,0
SportsMOT,V041,527,switch,S_c,1934,10,1834,0.0000,0.0000,0.0000,0,,,,0.1414,,0
SportsMOT,V041,528,switch,S_c,1937,4,1844,0.0000,0.0000,0.0000,0,,,,0.1414,,0
SportsMOT,V041,528,switch,S_c,1936,8,1866,0.0000,0.0000,0.0000,0,,,,0.1414,,0
SportsMOT,V041,528,switch,S_h,1893,14,1858,0.5035,0.1019,0.4016,0,,,,0.0741,,0
SportsMOT,V041,529,switch,S_h,1858,14,1858,0.1324,0.0000,0.1324,0,,,,0.0641,,0
SportsMOT,V041,529,switch,S_r,1934,16,1840,0.7966,0.0000,0.7966,0,-0.2793,4.321381,0.0393,0.0613,0.0,0
SportsMOT,V041,530,switch,S_c,1938,10,1934,0.0000,0.0000,0.0000,0,,,,0.1414,,0
SportsMOT,V041,531,switch,S_h,1892,8,1866,0.0000,0.0000,0.0000,0,,,,0.1414,,0
SportsMOT,V041,533,switch,S_c,1944,4,1844,0.0000,0.0000,0.0000,0,,,,0.1414,,0
SportsMOT,V041,533,switch,S_h,1893,14,1858,0.4929,0.0485,0.4444,0,,,,0.0679,,0
SportsMOT,V041,533,switch,S_r,1868,18,1842,0.6267,0.0000,0.6267,0,0.9995,2.714338,0.0709,0.0617,0.0,0
SportsMOT,V041,534,switch,S_h,1858,14,1858,0.2487,0.0000,0.2487,0,,,,0.0616,,0
SportsMOT,V041,537,switch,S_c,1947,8,1892,0.0000,0.0000,0.0000,0,,,,0.1414,,0
SportsMOT,V041,539,switch,S_h,1911,8,1947,0.1107,0.0000,0.1107,0,,,,0.1414,,0
SportsMOT,V041,543,switch,S_h,1892,9,1855,0.3369,0.0000,0.3369,0,,,,0.0690,,0
SportsMOT,V041,544,switch,S_h,1855,9,1855,0.1168,0.0000,0.1168,0,,,,0.0620,,0
SportsMOT,V041,545,switch,S_c,1948,8,1911,0.0000,0.0000,0.0000,0,,,,0.1414,,0
SportsMOT,V041,548,switch,S_h,1947,9,1855,0.4832,0.0000,0.4832,0,,,,0.0712,,0
SportsMOT,V041,549,switch,S_h,1855,9,1855,0.2265,0.0000,0.2265,0,,,,0.0647,,0
SportsMOT,V041,563,switch,S_h,1893,5,1873,0.8064,0.4086,0.3978,0,,,,0.0779,,0
SportsMOT,V041,571,switch,S_h,1911,8,1948,0.6796,0.0000,0.6796,0,,,,0.0672,,0
SportsMOT,V041,574,switch,S_h,1892,9,1855,0.2747,0.0000,0.2747,0,,,,0.0706,,0
SportsMOT,V041,575,switch,S_c,1949,8,1911,0.0044,0.0000,0.0044,0,,,,0.1414,,0
SportsMOT,V041,575,switch,S_h,1947,9,1855,0.4078,0.0000,0.4078,0,,,,0.0689,,0
SportsMOT,V041,589,switch,S_h,1892,8,1949,0.4142,0.0007,0.4135,0,,,,0.0608,,0
SportsMOT,V041,591,switch,S_c,1950,0,1930,0.0000,0.0000,0.0000,0,,,,0.1414,,0
SportsMOT,V041,591,switch,S_h,1949,8,1892,0.6989,0.0000,0.6989,0,,,,0.0632,,0
SportsMOT,V041,687,switch,S_c,1951,10,1938,0.6430,0.0000,0.6430,0,,,,0.1414,,0
SportsMOT,V041,765,switch,S_r,1868,17,1912,0.7986,0.3103,0.4883,0,0.9964,1.670432,0.0781,0.0581,1.0,0
SportsMOT,V041,765,switch,S_r,1912,18,1868,0.9293,0.2365,0.6929,0,0.9888,1.407162,0.0357,0.0576,1.0,0
SportsMOT,V041,776,switch,S_c,1952,8,1949,0.0000,0.0000,0.0000,0,,,,0.1414,,0
SportsMOT,V041,796,switch,S_r,1953,5,1893,0.8369,0.0000,0.8369,0,0.9998,1.434567,0.1012,0.0607,0.0,0
SportsMOT,V041,838,switch,S_r,1954,19,1871,0.9238,0.0000,0.9238,0,,,0.0122,0.0624,0.0,0
SportsMOT,V041,884,switch,S_r,1955,0,1950,0.6068,0.0000,0.6068,0,,,0.0426,0.0636,0.0,0
SportsMOT,V041,896,switch,S_c,1956,4,1844,0.0000,0.0000,0.0000,0,,,,0.1414,,0
SportsMOT,V041,969,switch,S_r,1957,18,1912,0.9423,0.6555,0.2867,0,0.9130,8.579692,0.0171,0.0610,3.0,0
SportsMOT,V041,975,switch,S_h,1912,18,1957,0.6987,0.0472,0.6516,0,,,,0.0698,,0
SportsMOT,V042,4,switch,S_r,1969,2,1966,0.6589,0.2419,0.4170,0,0.1613,9.117669,0.1576,0.0618,1.0,0
SportsMOT,V042,5,switch,S_c,1971,5,1965,0.0000,0.0000,0.0000,0,,,,0.1414,,0
SportsMOT,V042,5,switch,S_c,1973,7,1969,0.1538,0.0000,0.1538,0,,,,0.1414,,0
SportsMOT,V042,5,switch,S_c,1972,8,1963,0.0000,0.0000,0.0000,0,,,,0.1414,,0
SportsMOT,V042,5,switch,S_r,1963,10,1970,0.3232,0.0000,0.3232,0,-0.9415,1.007803,0.1262,0.0632,0.0,0
SportsMOT,V042,24,switch,S_h,1965,6,1960,0.4750,0.1474,0.3276,0,,,,0.0699,,0
SportsMOT,V042,49,switch,S_r,1963,8,1972,0.9634,0.5355,0.4278,0,0.3058,1.424676,0.0081,0.0580,1.0,0
SportsMOT,V042,49,switch,S_r,1972,10,1963,0.8857,0.4847,0.4010,0,0.9990,3.368500,0.0470,0.0576,1.0,0
SportsMOT,V042,50,switch,S_c,1976,11,1975,0.0000,0.0000,0.0000,0,,,,0.1414,,0
SportsMOT,V042,94,switch,S_r,1963,10,1972,0.4586,0.0378,0.4209,0,-0.0287,4.193636,0.2478,0.0592,0.0,0
SportsMOT,V042,95,switch,S_c,1978,18,1959,0.0000,0.0000,0.0000,0,,,,0.1414,,0
SportsMOT,V042,96,switch,S_c,1985,20,1968,0.0000,0.0000,0.0000,0,,,,0.1414,,0
SportsMOT,V042,98,switch,S_c,1993,0,1962,0.0000,0.0000,0.0000,0,,,,0.1414,,0
SportsMOT,V042,98,switch,S_c,1990,8,1963,0.1005,0.0000,0.1005,0,,,,0.1414,,0
SportsMOT,V042,98,switch,S_c,1991,12,1977,0.0000,0.0000,0.0000,0,,,,0.1414,,0
SportsMOT,V042,98,switch,S_c,1992,19,1986,0.0630,0.0000,0.0630,0,,,,0.1414,,0
SportsMOT,V042,99,switch,S_h,1962,8,1963,0.0000,0.0000,0.0000,0,,,,0.0694,,0
SportsMOT,V042,99,switch,S_r,1990,10,1963,0.3997,0.0023,0.3975,0,,,0.2963,0.0659,0.0,0
SportsMOT,V042,100,switch,S_c,1997,19,1986,0.1601,0.0000,0.1601,0,,,,0.1414,,0
SportsMOT,V042,101,switch,S_c,1999,0,1962,0.0000,0.0000,0.0000,0,,,,0.1414,,0
SportsMOT,V042,101,switch,S_h,1993,8,1962,0.5371,0.0000,0.5371,0,,,,0.1414,,0
SportsMOT,V042,103,switch,S_c,2001,8,1962,0.0929,0.0000,0.0929,0,,,,0.1414,,0
SportsMOT,V042,103,switch,S_c,2002,12,1977,0.0000,0.0000,0.0000,0,,,,0.1414,,0
SportsMOT,V042,105,switch,S_r,2001,10,1990,0.1813,0.0000,0.1813,0,0.4526,1.306424,0.2475,0.0644,0.0,0
SportsMOT,V042,105,switch,S_c,2004,15,1992,0.0000,0.0000,0.0000,0,,,,0.1414,,0
SportsMOT,V042,105,switch,S_c,2007,19,1997,0.0400,0.0000,0.0400,0,,,,0.1414,,0
SportsMOT,V042,107,switch,S_h,1999,8,1962,0.0000,0.0000,0.0000,0,,,,0.0692,,0
SportsMOT,V042,108,switch,S_c,2013,12,1977,0.0000,0.0000,0.0000,0,,,,0.1414,,0
SportsMOT,V042,109,switch,S_h,2003,8,1999,0.1453,0.0000,0.1453,0,,,,0.1414,,0
SportsMOT,V042,109,switch,S_r,1999,10,2001,0.4760,0.0399,0.4361,0,0.9569,11.932351,0.2721,0.0614,1.0,0
SportsMOT,V042,110,switch,S_c,2015,12,1977,0.0000,0.0000,0.0000,0,,,,0.1414,,0
SportsMOT,V042,110,switch,S_c,2014,16,2012,0.0000,0.0000,0.0000,0,,,,0.1414,,0
SportsMOT,V042,132,switch,S_h,1997,19,2007,0.7730,0.0000,0.7730,0,,,,0.0763,,0
SportsMOT,V042,180,switch,S_c,2016,8,1999,0.0000,0.0000,0.0000,0,,,,0.1414,,0
SportsMOT,V042,195,switch,S_c,2017,10,1999,0.0000,0.0000,0.0000,0,,,,0.1414,,0
SportsMOT,V042,236,switch,S_c,2018,18,1959,0.0000,0.0000,0.0000,0,,,,0.1414,,0
SportsMOT,V042,263,switch,S_c,2019,0,1999,0.0000,0.0000,0.0000,0,,,,0.1414,,0
SportsMOT,V042,285,switch,S_c,2020,9,1958,0.0000,0.0000,0.0000,0,,,,0.1414,,0
SportsMOT,V042,296,switch,S_c,2021,17,1974,0.0000,0.0000,0.0000,0,,,,0.1414,,0
SportsMOT,V042,307,switch,S_c,2022,11,1976,0.0000,0.0000,0.0000,0,,,,0.1414,,0
SportsMOT,V042,337,switch,S_c,2023,19,1997,0.0000,0.0000,0.0000,0,,,,0.1414,,0
SportsMOT,V042,344,switch,S_r,2024,13,1995,0.4394,0.0000,0.4394,0,,,0.0754,0.0629,0.0,0
SportsMOT,V042,350,switch,S_c,2025,20,1985,0.0000,0.0000,0.0000,0,,,,0.1414,,0
SportsMOT,V042,361,switch,S_c,2026,1,1961,0.0000,0.0000,0.0000,0,,,,0.1414,,0
SportsMOT,V042,365,switch,S_c,2027,1,2026,0.0000,0.0000,0.0000,0,,,,0.1414,,0
SportsMOT,V042,369,switch,S_r,2028,15,2004,0.6541,0.0000,0.6541,0,,,0.0488,0.0647,0.0,0
SportsMOT,V042,370,switch,S_c,2029,16,2014,0.2005,0.0000,0.2005,0,,,,0.1414,,0
SportsMOT,V043,2,switch,S_r,2039,6,2045,0.7007,0.5280,0.1727,0,,,0.0927,0.0588,5.0,1
SportsMOT,V043,2,switch,S_r,2044,7,2039,0.5452,0.5374,0.0078,0,,,0.1284,0.0633,3.0,1
SportsMOT,V043,2,switch,S_r,2041,11,2044,0.6188,0.3680,0.2508,0,,,0.0928,0.0714,3.0,0
SportsMOT,V043,2,switch,S_r,2042,13,2041,0.6321,0.5916,0.0405,0,,,0.1617,0.0536,2.0,1
SportsMOT,V043,2,switch,S_r,2045,16,2043,0.6432,0.4929,0.1503,0,,,0.0824,0.0632,3.0,1
SportsMOT,V043,3,switch,S_h,2043,8,2037,0.6856,0.4551,0.2305,0,,,,0.1414,,0
SportsMOT,V043,4,switch,S_r,2044,6,2039,0.5183,0.4234,0.0949,0,-0.7826,1.416035,0.0889,0.0579,4.0,1
SportsMOT,V043,4,switch,S_r,2041,7,2044,0.5781,0.4339,0.1442,0,-0.2985,1.089167,0.0953,0.0637,2.0,1
SportsMOT,V043,4,switch,S_r,2039,16,2045,0.6520,0.5534,0.0986,0,-0.9267,1.394898,0.0405,0.0606,3.0,1
SportsMOT,V043,5,switch,S_c,2047,11,2041,0.2507,0.1675,0.0832,0,,,,0.1414,,0
SportsMOT,V043,6,switch,S_r,2032,3,2040,0.7591,0.3305,0.4286,0,0.3648,2.041174,0.0929,0.0617,2.0,0
SportsMOT,V043,6,switch,S_r,2047,7,2041,0.5037,0.4571,0.0466,0,,,0.1351,0.0652,2.0,1
SportsMOT,V043,6,switch,S_r,2039,8,2043,0.8960,0.3495,0.5465,0,0.7387,2.927041,0.0379,0.0622,3.0,0
SportsMOT,V043,6,switch,S_r,2042,11,2041,0.7288,0.2835,0.4453,0,0.6467,2.648934,0.1008,0.0654,3.0,0
SportsMOT,V043,6,switch,S_r,2044,16,2039,0.7342,0.5416,0.1927,0,-0.7294,1.620151,0.0401,0.0599,3.0,1
SportsMOT,V043,6,switch,S_r,2040,17,2046,0.8423,0.2752,0.5671,0,0.9816,1.660874,0.0621,0.0624,2.0,0
SportsMOT,V043,7,switch,S_c,2048,2,2032,0.0907,0.0000,0.0907,0,,,,0.1414,,0
SportsMOT,V043,7,switch,S_r,2042,7,2041,0.9118,0.5448,0.3670,0,0.9861,1.209709,0.0936,0.0632,2.0,0
SportsMOT,V043,7,switch,S_r,2044,8,2043,0.5282,0.3325,0.1957,0,-0.9735,2.032646,0.0814,0.0618,3.0,1
SportsMOT,V043,8,switch,S_c,2051,4,2046,0.4303,0.1567,0.2736,0,,,,0.1414,,0
SportsMOT,V043,8,switch,S_h,2047,6,2044,0.6093,0.1133,0.4960,0,,,,0.0600,,0
SportsMOT,V043,8,switch,S_r,2046,13,2042,0.7961,0.1831,0.6130,0,0.9074,1.100990,0.1268,0.0578,3.0,0
SportsMOT,V043,9,switch,S_r,2051,7,2042,0.7142,0.6468,0.0674,0,,,0.0725,0.0621,4.0,1
SportsMOT,V043,9,switch,S_r,2041,8,2044,0.5317,0.4203,0.1115,0,-0.5049,2.392721,0.0393,0.0605,3.0,1
SportsMOT,V043,9,switch,S_r,2047,16,2039,0.9062,0.5523,0.3540,0,,,0.0209,0.0609,3.0,0
SportsMOT,V043,10,switch,S_c,2052,4,2046,0.4355,0.0127,0.4228,0,,,,0.1414,,0
SportsMOT,V043,10,switch,S_c,2053,6,2044,0.3703,0.1678,0.2025,0,,,,0.1414,,0
SportsMOT,V043,11,switch,S_r,2040,4,2046,0.6511,0.4790,0.1720,0,0.8734,2.221497,0.1445,0.0560,3.0,1
SportsMOT,V043,11,switch,S_h,2042,5,2038,0.6309,0.3066,0.3243,0,,,,0.0596,,0
SportsMOT,V043,11,switch,S_r,2051,6,2044,0.6467,0.3927,0.2540,0,0.9601,4.722905,0.1140,0.0617,3.0,0
SportsMOT,V043,11,switch,S_r,2052,7,2051,0.7580,0.3602,0.3978,0,,,0.0508,0.0609,4.0,0
SportsMOT,V043,11,switch,S_r,2053,8,2041,0.6552,0.4606,0.1946,0,,,0.0910,0.0647,2.0,1
SportsMOT,V043,11,switch,S_h,2037,9,2035,0.2427,0.0132,0.2295,0,,,,0.0727,,0
SportsMOT,V043,11,switch,S_r,2038,16,2047,0.7264,0.3370,0.3894,0,0.3919,1.649858,0.1095,0.0590,3.0,0
SportsMOT,V043,11,switch,S_r,2032,17,2040,0.7419,0.2262,0.5156,0,0.9592,2.152817,0.1189,0.0606,3.0,0
SportsMOT,V043,12,switch,S_c,2054,3,2032,0.2454,0.0000,0.2454,0,,,,0.1414,,0
SportsMOT,V043,12,switch,S_h,2045,9,2035,0.4022,0.0860,0.3161,0,,,,0.0763,,0
SportsMOT,V043,12,switch,S_c,2055,13,2046,0.3173,0.1518,0.1655,0,,,,0.1414,,0
SportsMOT,V043,13,switch,S_r,2032,4,2040,0.6512,0.5102,0.1410,0,0.6180,2.684765,0.0720,0.0572,3.0,1
SportsMOT,V043,13,switch,S_h,2046,5,2042,0.6053,0.1656,0.4398,0,,,,0.0667,,0
SportsMOT,V043,13,switch,S_r,2042,6,2051,0.5492,0.1235,0.4257,0,0.4093,1.251839,0.1207,0.0585,3.0,0
SportsMOT,V043,13,switch,S_r,2051,8,2053,0.8119,0.6541,0.1577,0,-0.2122,1.154376,0.0572,0.0606,3.0,1
SportsMOT,V043,13,switch,S_h,2039,9,2035,0.3664,0.1468,0.2196,0,,,,0.0720,,0
SportsMOT,V043,13,switch,S_r,2040,13,2046,0.3999,0.3232,0.0767,0,0.2850,2.061587,0.0970,0.0514,3.0,1
SportsMOT,V043,13,switch,S_r,2054,17,2032,0.8014,0.7450,0.0564,0,,,0.0604,0.0674,1.0,1
SportsMOT,V043,14,switch,S_c,2057,3,2032,0.0340,0.0000,0.0340,0,,,,0.1414,,0
SportsMOT,V043,14,switch,S_h,2044,9,2035,0.3961,0.1730,0.2231,0,,,,0.0691,,0
SportsMOT,V043,15,switch,S_r,2054,4,2032,0.9271,0.4819,0.4452,0,0.9504,2.567994,0.0179,0.0614,4.0,0
SportsMOT,V043,15,switch,S_r,2032,17,2032,0.4303,0.3508,0.0795,0,0.9991,2.831361,0.1070,0.0579,4.0,1
SportsMOT,V043,16,switch,S_r,2057,4,2032,0.8641,0.3652,0.4989,0,0.6417,1.638219,0.0516,0.0648,2.0,0
SportsMOT,V043,16,switch,S_r,2052,5,2046,0.7804,0.4221,0.3584,0,0.7516,1.518754,0.1140,0.0581,3.0,0
SportsMOT,V043,16,switch,S_h,2055,6,2042,0.4203,0.2185,0.2017,0,,,,0.1414,,0
SportsMOT,V043,16,switch,S_r,2054,7,2052,0.5284,0.2876,0.2408,0,0.9350,8.898597,0.1563,0.0613,4.0,0
SportsMOT,V043,16,switch,S_r,2042,8,2051,0.8586,0.2520,0.6066,0,0.6627,1.301408,0.0709,0.0597,3.0,0
SportsMOT,V043,16,switch,S_h,2047,9,2044,0.1115,0.0846,0.0269,0,,,,0.0771,,0
SportsMOT,V043,16,switch,S_r,2032,11,2041,0.8332,0.4265,0.4067,0,0.8578,1.067808,0.1010,0.0563,3.0,0
SportsMOT,V043,17,switch,S_c,2060,4,2032,0.3110,0.1501,0.1609,0,,,,0.1414,,0
SportsMOT,V043,17,switch,S_h,2046,6,2042,0.3288,0.1652,0.1637,0,,,,0.0634,,0
SportsMOT,V043,17,switch,S_c,2061,17,2032,0.2710,0.2123,0.0586,0,,,,0.1414,,1
SportsMOT,V043,18,switch,S_c,2063,3,2057,0.0606,0.0000,0.0606,0,,,,0.1414,,0
SportsMOT,V043,18,switch,S_r,2042,18,2041,0.8722,0.6392,0.2330,0,0.9859,1.103992,0.1705,0.0578,2.0,0
SportsMOT,V043,19,switch,S_r,2063,4,2060,0.7585,0.3372,0.4212,0,,,0.0627,0.0625,2.0,0
SportsMOT,V043,19,switch,S_h,2054,6,2046,0.6454,0.2002,0.4452,0,,,,0.0639,,0
SportsMOT,V043,19,switch,S_r,2032,7,2052,0.9493,0.7843,0.1650,0,0.9997,1.067179,0.1611,0.0562,4.0,1
SportsMOT,V043,19,switch,S_r,2046,8,2042,0.6380,0.4921,0.1460,0,0.8624,1.921835,0.0811,0.0572,3.0,1
SportsMOT,V043,19,switch,S_r,2061,11,2032,0.8493,0.4238,0.4255,0,0.9756,1.017620,0.1374,0.0576,4.0,0
SportsMOT,V043,19,switch,S_c,2064,14,2058,0.0000,0.0000,0.0000,0,,,,0.1414,,0
SportsMOT,V043,20,switch,S_c,2066,3,2057,0.2094,0.1784,0.0310,0,,,,0.1414,,0
SportsMOT,V043,20,switch,S_h,2053,12,2033,0.3572,0.1186,0.2386,0,,,,0.0657,,0
SportsMOT,V043,21,switch,S_r,2032,5,2052,0.8249,0.4993,0.3256,0,0.6604,1.090861,0.0531,0.0553,5.0,0
SportsMOT,V043,21,switch,S_r,2052,6,2054,0.6503,0.0908,0.5595,0,0.0369,1.053998,0.0646,0.0627,4.0,0
SportsMOT,V043,21,switch,S_r,2063,7,2032,0.7995,0.4960,0.3035,0,0.0434,2.302173,0.0464,0.0612,5.0,0
SportsMOT,V043,21,switch,S_h,2051,9,2047,0.1913,0.1762,0.0151,0,,,,0.0724,,0
SportsMOT,V043,21,switch,S_r,2066,11,2061,0.8352,0.2615,0.5737,0,,,0.0543,0.0635,3.0,0
SportsMOT,V043,21,switch,S_h,2033,12,2033,0.0103,0.0088,0.0015,0,,,,0.0615,,0
SportsMOT,V043,21,switch,S_r,2061,13,2040,0.5225,0.4179,0.1046,0,1.0000,3.686597,0.1946,0.0620,5.0,1
SportsMOT,V043,21,switch,S_r,2054,18,2042,0.7619,0.5496,0.2123,0,-0.9764,1.820197,0.0365,0.0582,3.0,0
SportsMOT,V043,22,switch,S_r,2066,7,2032,0.7019,0.5216,0.1804,0,-0.9345,1.576723,0.0861,0.0602,4.0,1
SportsMOT,V043,22,switch,S_c,2068,11,2061,0.3411,0.3342,0.0068,0,,,,0.1414,,1
SportsMOT,V043,22,switch,S_c,2067,14,2064,0.0000,0.0000,0.0000,0,,,,0.1414,,0
SportsMOT,V043,22,switch,S_r,2046,18,2042,0.5953,0.5173,0.0780,0,0.9731,1.883219,0.1133,0.0579,3.0,1
SportsMOT,V043,23,switch,S_c,2070,3,2057,0.1413,0.0000,0.1413,0,,,,0.1414,,0
SportsMOT,V043,23,switch,S_r,2060,5,2032,0.7528,0.6495,0.1032,0,0.7481,1.210132,0.1333,0.0592,4.0,1
SportsMOT,V043,23,switch,S_h,2057,8,2046,0.5769,0.1024,0.4745,0,,,,0.0687,,0
SportsMOT,V043,24,switch,S_h,2063,8,2046,0.3124,0.1866,0.1259,0,,,,0.0673,,0
SportsMOT,V043,24,switch,S_r,2070,11,2068,0.7778,0.5533,0.2246,0,,,0.0559,0.0623,2.0,0
SportsMOT,V043,24,switch,S_r,2068,13,2061,0.7362,0.6490,0.0872,0,0.5775,1.571938,0.0562,0.0603,4.0,1
SportsMOT,V043,25,switch,S_c,2071,3,2057,0.2135,0.0866,0.1268,0,,,,0.1414,,0
SportsMOT,V043,25,switch,S_h,2043,10,2034,0.5078,0.0000,0.5078,0,,,,0.0669,,0
SportsMOT,V043,25,switch,S_h,2055,12,2033,0.3553,0.0657,0.2897,0,,,,0.1414,,0
SportsMOT,V043,25,switch,S_h,2054,16,2038,0.5507,0.1427,0.4080,0,,,,0.0726,,0
SportsMOT,V043,25,switch,S_h,2040,17,2061,0.4964,0.2533,0.2431,0,,,,0.0797,,0
SportsMOT,V043,26,switch,S_r,2063,6,2052,0.5562,0.3107,0.2455,0,-0.7945,8.190602,0.1193,0.0571,4.0,0
SportsMOT,V043,26,switch,S_r,2068,7,2066,0.7222,0.6621,0.0602,0,0.8458,4.748830,0.0911,0.0610,5.0,1
SportsMOT,V043,26,switch,S_h,2060,8,2063,0.3928,0.2073,0.1855,0,,,,0.0727,,1
SportsMOT,V043,26,switch,S_h,2034,10,2034,0.2932,0.0000,0.2932,0,,,,0.0617,,0
SportsMOT,V043,26,switch,S_h,2033,12,2033,0.2535,0.0218,0.2317,0,,,,0.0594,,0
SportsMOT,V043,26,switch,S_r,2071,13,2068,0.8961,0.2630,0.6331,0,,,0.0085,0.0604,2.0,0
SportsMOT,V043,26,switch,S_h,2038,16,2038,0.3660,0.0413,0.3247,0,,,,0.0614,,0
SportsMOT,V043,26,switch,S_r,2052,18,2046,0.7396,0.7287,0.0110,0,0.9213,2.281868,0.1081,0.0572,3.0,1
SportsMOT,V043,27,switch,S_c,2074,3,2057,0.1267,0.0000,0.1267,0,,,,0.1414,,0
SportsMOT,V043,27,switch,S_r,2070,7,2066,0.7209,0.6120,0.1089,0,0.7936,1.160285,0.1219,0.0595,4.0,1
SportsMOT,V043,27,switch,S_h,2054,9,2051,0.1357,0.0714,0.0643,0,,,,0.0637,,0
SportsMOT,V043,27,switch,S_r,2063,18,2046,0.7569,0.5618,0.1951,0,-0.7529,7.221133,0.0160,0.0565,2.0,1
SportsMOT,V043,28,switch,S_r,2060,6,2052,0.7642,0.6940,0.0702,0,0.6516,1.553557,0.1033,0.0573,2.0,1
SportsMOT,V043,28,switch,S_h,2032,8,2060,0.4815,0.2894,0.1921,0,,,,0.0718,,1
SportsMOT,V043,28,switch,S_c,2076,11,2070,0.5483,0.4741,0.0742,0,,,,0.1414,,1
SportsMOT,V043,28,switch,S_h,2052,18,2046,0.5313,0.4869,0.0444,0,,,,0.0596,,1
SportsMOT,V043,31,switch,S_r,2074,5,2032,0.8450,0.5020,0.3430,0,0.4074,2.581264,0.0143,0.0590,3.0,0
SportsMOT,V043,31,switch,S_r,2076,7,2070,0.9100,0.5249,0.3851,0,0.9576,1.400739,0.0585,0.0604,3.0,0
SportsMOT,V043,31,switch,S_r,2060,18,2052,0.8822,0.4478,0.4344,0,0.9659,1.527286,0.0341,0.0556,3.0,0
SportsMOT,V043,32,switch,S_r,2032,6,2060,0.8802,0.6537,0.2264,0,0.9802,1.274074,0.0933,0.0553,3.0,0
SportsMOT,V043,32,switch,S_r,2061,8,2032,0.5349,0.3847,0.1503,0,,,0.1280,0.0575,3.0,1
SportsMOT,V043,35,switch,S_c,2078,3,2074,0.6595,0.6060,0.0535,0,,,,0.1414,,1
SportsMOT,V043,35,switch,S_c,2079,11,2076,0.6954,0.1783,0.5171,0,,,,0.1414,,0
SportsMOT,V043,35,switch,S_h,2042,12,2033,0.5239,0.2648,0.2591,0,,,,0.0593,,0
SportsMOT,V043,36,switch,S_r,2071,5,2074,0.7729,0.4994,0.2736,0,0.9859,1.487628,0.1518,0.0603,4.0,0
SportsMOT,V043,36,switch,S_r,2079,7,2076,0.9032,0.6371,0.2661,0,,,0.0078,0.0607,4.0,0
SportsMOT,V043,36,switch,S_h,2063,9,2054,0.4525,0.4160,0.0365,0,,,,0.0758,,1
SportsMOT,V043,36,switch,S_r,2074,11,2076,0.9111,0.5251,0.3860,0,0.8942,1.177254,0.0496,0.0597,4.0,0
SportsMOT,V043,36,switch,S_h,2033,12,2033,0.2878,0.0000,0.2878,0,,,,0.0630,,0
SportsMOT,V043,37,switch,S_h,2076,7,2076,0.7176,0.3682,0.3493,0,,,,0.0632,,0
SportsMOT,V043,37,switch,S_c,2080,17,2040,0.5170,0.3626,0.1544,0,,,,0.1414,,1
SportsMOT,V043,39,switch,S_r,2071,2,2048,0.7382,0.4009,0.3373,0,0.9995,1.568996,0.1099,0.0557,2.0,0
SportsMOT,V043,39,switch,S_r,2048,13,2071,0.8372,0.5270,0.3102,0,0.9464,1.024274,0.1431,0.0642,2.0,0
SportsMOT,V043,40,switch,S_r,2060,6,2032,0.7594,0.5536,0.2058,0,0.9928,1.586846,0.1406,0.0575,2.0,0
SportsMOT,V043,40,switch,S_h,2042,12,2033,0.5720,0.3166,0.2554,0,,,,0.0687,,0
SportsMOT,V043,40,switch,S_h,2052,18,2060,0.6744,0.4351,0.2393,0,,,,0.0661,,0
SportsMOT,V043,44,switch,S_c,2082,2,2071,0.5324,0.4132,0.1193,0,,,,0.1414,,1
SportsMOT,V043,44,switch,S_c,2083,4,2063,0.3587,0.2285,0.1301,0,,,,0.1414,,1
SportsMOT,V043,45,switch,S_h,2046,6,2060,0.7833,0.4030,0.3803,0,,,,0.0592,,0
SportsMOT,V043,45,switch,S_h,2032,8,2061,0.7330,0.5002,0.2328,0,,,,0.0654,,0
SportsMOT,V043,46,switch,S_h,2054,9,2063,0.7244,0.1458,0.5786,0,,,,0.0575,,0
SportsMOT,V043,46,switch,S_h,2033,18,2052,0.8756,0.3384,0.5372,0,,,,0.0655,,0
SportsMOT,V043,48,switch,S_h,2061,11,2074,0.8813,0.2170,0.6643,0,,,,0.0603,,0
SportsMOT,V043,49,switch,S_h,2060,8,2032,0.7327,0.5527,0.1800,0,,,,0.0630,,1
SportsMOT,V043,50,switch,S_h,2052,8,2032,0.9631,0.5599,0.4031,0,,,,0.0638,,0
SportsMOT,V043,51,switch,S_h,2032,11,2061,0.7768,0.1637,0.6131,0,,,,0.0604,,0
SportsMOT,V043,53,switch,S_h,2063,12,2042,0.7600,0.4704,0.2896,0,,,,0.0592,,0
SportsMOT,V043,56,switch,S_h,2061,4,2083,0.7653,0.3636,0.4017,0,,,,0.0756,,0
SportsMOT,V043,64,switch,S_r,2078,2,2082,0.8824,0.4215,0.4609,0,-0.6247,4.216692,0.0164,0.0559,3.0,0
SportsMOT,V043,64,switch,S_r,2082,3,2078,0.9541,0.4335,0.5206,0,0.9225,2.226943,0.0167,0.0571,3.0,0
SportsMOT,V043,66,switch,S_r,2080,12,2063,0.8453,0.3560,0.4893,0,0.7471,7.867999,0.0395,0.0573,1.0,0
SportsMOT,V043,66,switch,S_r,2063,17,2080,0.8377,0.4808,0.3569,0,-0.7013,13.272296,0.0285,0.0588,2.0,0
SportsMOT,V043,88,switch,S_r,2085,0,2036,0.8116,0.0000,0.8116,0,,,0.0234,0.0617,0.0,0
SportsMOT,V043,142,switch,S_c,2086,16,2038,0.1472,0.0968,0.0504,0,,,,0.1414,,0
SportsMOT,V043,143,switch,S_c,2087,14,2067,0.0000,0.0000,0.0000,0,,,,0.1414,,0
SportsMOT,V043,145,switch,S_c,2088,15,2069,0.0000,0.0000,0.0000,0,,,,0.1414,,0
SportsMOT,V043,146,switch,S_h,2038,12,2080,0.3365,0.1974,0.1391,0,,,,0.0683,,0
SportsMOT,V043,147,switch,S_c,2089,16,2086,0.2762,0.0890,0.1873,0,,,,0.1414,,0
SportsMOT,V043,151,switch,S_h,2086,12,2038,0.1511,0.1257,0.0254,0,,,,0.0731,,0
SportsMOT,V043,160,switch,S_c,2092,20,2090,0.0000,0.0000,0.0000,0,,,,0.1414,,0
SportsMOT,V043,162,switch,S_c,2094,20,2090,0.0408,0.0000,0.0408,0,,,,0.1414,,0
SportsMOT,V043,176,switch,S_r,2063,9,2054,0.5406,0.5378,0.0028,0,-0.6336,15.859589,0.1336,0.0575,3.0,1
SportsMOT,V043,177,switch,S_h,2080,12,2086,0.7719,0.0193,0.7526,0,,,,0.1414,,0
SportsMOT,V043,177,switch,S_c,2095,17,2063,0.1261,0.0953,0.0308,0,,,,0.1414,,0
SportsMOT,V043,179,switch,S_h,2054,4,2061,0.7524,0.3762,0.3762,0,,,,0.0724,,0
SportsMOT,V043,182,switch,S_c,2096,4,2054,0.3795,0.0000,0.3795,0,,,,0.1414,,0
SportsMOT,V043,182,switch,S_c,2097,12,2080,0.1560,0.0465,0.1095,0,,,,0.1414,,0
SportsMOT,V043,186,switch,S_h,2061,6,2046,0.3946,0.2260,0.1686,0,,,,0.0626,,1
SportsMOT,V043,186,switch,S_h,2086,16,2089,0.3621,0.2000,0.1621,0,,,,0.0651,,0
SportsMOT,V043,188,switch,S_h,2054,8,2052,0.6868,0.0000,0.6868,0,,,,0.0622,,0
SportsMOT,V043,189,switch,S_h,2052,8,2052,0.7329,0.0000,0.7329,0,,,,0.0617,,0
SportsMOT,V043,191,switch,S_h,2046,8,2052,0.3603,0.0000,0.3603,0,,,,0.0685,,0
SportsMOT,V043,192,switch,S_c,2098,16,2086,0.0000,0.0000,0.0000,0,,,,0.1414,,0
SportsMOT,V043,204,switch,S_c,2099,13,2048,0.0000,0.0000,0.0000,0,,,,0.1414,,0
SportsMOT,V043,207,switch,S_c,2100,13,2099,0.0000,0.0000,0.0000,0,,,,0.1414,,0
SportsMOT,V043,271,switch,S_r,2033,9,2063,0.5951,0.1608,0.4343,0,-0.8867,1.650475,0.0500,0.0628,1.0,0
SportsMOT,V043,271,switch,S_r,2063,17,2095,0.5166,0.2411,0.2755,0,0.0809,9.321418,0.2881,0.0540,2.0,0
SportsMOT,V043,272,switch,S_c,2101,18,2033,0.0238,0.0000,0.0238,0,,,,0.1414,,0
SportsMOT,V043,276,switch,S_r,2101,9,2033,0.8114,0.2255,0.5859,0,1.0000,2.076479,0.0158,0.0662,2.0,0
SportsMOT,V043,277,switch,S_c,2103,2,2078,0.0000,0.0000,0.0000,0,,,,0.1414,,0
SportsMOT,V043,277,switch,S_c,2102,18,2101,0.1598,0.0117,0.1481,0,,,,0.1414,,0
SportsMOT,V043,278,switch,S_r,2102,9,2101,0.8176,0.6065,0.2111,0,,,0.0445,0.0685,1.0,0
SportsMOT,V043,279,switch,S_c,2104,18,2101,0.2108,0.0158,0.1949,0,,,,0.1414,,0
SportsMOT,V043,281,switch,S_r,2104,17,2063,0.3904,0.3597,0.0307,0,-0.0779,14.588383,0.2892,0.0628,2.0,1
SportsMOT,V043,282,switch,S_c,2105,18,2104,0.0000,0.0000,0.0000,0,,,,0.1414,,0
SportsMOT,V043,287,switch,S_c,2107,9,2102,0.7573,0.1583,0.5989,0,,,,0.1414,,0
SportsMOT,V043,302,switch,S_c,2108,11,2032,0.0000,0.0000,0.0000,0,,,,0.1414,,0
SportsMOT,V043,323,switch,S_c,2109,20,2094,0.0000,0.0000,0.0000,0,,,,0.1414,,0
SportsMOT,V043,328,switch,S_c,2110,15,2088,0.0000,0.0000,0.0000,0,,,,0.1414,,0
SportsMOT,V043,332,switch,S_c,2111,15,2110,0.0000,0.0000,0.0000,0,,,,0.1414,,0
SportsMOT,V043,337,switch,S_c,2112,14,2087,0.0000,0.0000,0.0000,0,,,,0.1414,,0
SportsMOT,V043,407,switch,S_c,2114,3,2082,0.0000,0.0000,0.0000,0,,,,0.1414,,0
SportsMOT,V043,431,switch,S_r,2098,6,2061,0.5546,0.2374,0.3171,0,0.9352,3.408005,0.1261,0.0581,1.0,0
SportsMOT,V043,431,switch,S_r,2076,17,2104,0.5870,0.2838,0.3031,0,0.3172,5.272193,0.2106,0.0542,1.0,0
SportsMOT,V043,431,switch,S_r,2046,18,2105,0.7044,0.1863,0.5181,0,0.9149,2.672350,0.0889,0.0575,2.0,0
SportsMOT,V043,432,switch,S_c,2115,4,2096,0.0000,0.0000,0.0000,0,,,,0.1414,,0
SportsMOT,V043,432,switch,S_c,2117,7,2076,0.1013,0.0000,0.1013,0,,,,0.1414,,0
SportsMOT,V043,432,switch,S_c,2120,14,2112,0.0000,0.0000,0.0000,0,,,,0.1414,,0
SportsMOT,V043,435,switch,S_c,2129,8,2046,0.3790,0.0000,0.3790,0,,,,0.1414,,0
SportsMOT,V043,435,switch,S_c,2128,9,2107,0.0000,0.0000,0.0000,0,,,,0.1414,,0
SportsMOT,V043,435,switch,S_c,2127,16,2098,0.6579,0.0027,0.6552,0,,,,0.1414,,0
SportsMOT,V043,436,switch,S_h,2105,4,2115,0.1421,0.0000,0.1421,0,,,,0.0768,,0
SportsMOT,V043,436,switch,S_r,2129,18,2046,0.5718,0.1679,0.4039,0,,,0.1033,0.0637,1.0,0
SportsMOT,V043,437,switch,S_c,2132,6,2098,0.0000,0.0000,0.0000,0,,,,0.1414,,0
SportsMOT,V043,437,switch,S_h,2061,8,2046,0.0000,0.0000,0.0000,0,,,,0.0655,,0
SportsMOT,V043,437,switch,S_c,2130,9,2107,0.0000,0.0000,0.0000,0,,,,0.1414,,0
SportsMOT,V043,440,switch,S_c,2134,16,2098,0.5138,0.1089,0.4049,0,,,,0.1414,,0
SportsMOT,V043,441,switch,S_h,2127,8,2061,0.2557,0.0000,0.2557,0,,,,0.1414,,0
SportsMOT,V043,441,switch,S_r,2061,18,2129,0.8165,0.2483,0.5682,0,0.4904,1.446994,0.0717,0.0577,1.0,0
SportsMOT,V043,449,switch,S_h,2107,12,2097,0.7851,0.0844,0.7006,0,,,,0.0716,,0
SportsMOT,V043,450,switch,S_h,2097,10,2034,0.6387,0.1621,0.4767,0,,,,0.0640,,0
SportsMOT,V043,451,switch,S_h,2128,12,2107,0.5073,0.4312,0.0762,0,,,,0.1414,,1
SportsMOT,V043,455,switch,S_h,2134,18,2061,0.7363,0.0158,0.7205,0,,,,0.1414,,0
SportsMOT,V043,457,switch,S_h,2115,4,2105,0.7201,0.0343,0.6858,0,,,,0.0711,,0
SportsMOT,V043,473,switch,S_h,2107,10,2097,0.7145,0.0000,0.7145,0,,,,0.0845,,0
SportsMOT,V043,499,switch,S_c,2136,8,2127,0.0000,0.0000,0.0000,0,,,,0.1414,,0
SportsMOT,V043,508,switch,S_c,2137,0,2085,0.0000,0.0000,0.0000,0,,,,0.1414,,0
SportsMOT,V043,513,switch,S_c,2138,16,2098,0.1629,0.0000,0.1629,0,,,,0.1414,,0
SportsMOT,V043,522,switch,S_c,2139,19,2084,0.0000,0.0000,0.0000,0,,,,0.1414,,0
SportsMOT,V043,546,switch,S_r,2140,6,2132,0.6453,0.0000,0.6453,0,,,0.0365,0.0632,0.0,0
SportsMOT,V043,565,switch,S_c,2141,11,2108,0.0000,0.0000,0.0000,0,,,,0.1414,,0
SportsMOT,V043,609,switch,S_c,2142,5,2071,0.0000,0.0000,0.0000,0,,,,0.1414,,0
SportsMOT,V043,612,switch,S_c,2143,5,2142,0.0000,0.0000,0.0000,0,,,,0.1414,,0
SportsMOT,V043,623,switch,S_r,2142,18,2134,0.6918,0.0000,0.6918,0,,,0.0330,0.0588,0.0,0
SportsMOT,V043,632,switch,S_c,2144,3,2114,0.0000,0.0000,0.0000,0,,,,0.1414,,0
SportsMOT,V043,648,switch,S_c,2145,19,2139,0.0000,0.0000,0.0000,0,,,,0.1414,,0
SportsMOT,V043,673,switch,S_c,2146,14,2120,0.0000,0.0000,0.0000,0,,,,0.1414,,0
SportsMOT,V043,687,switch,S_c,2147,2,2103,0.0000,0.0000,0.0000,0,,,,0.1414,,0
SportsMOT,V043,722,switch,S_c,2148,5,2143,0.0000,0.0000,0.0000,0,,,,0.1414,,0
SportsMOT,V043,751,switch,S_r,2138,8,2136,0.5595,0.1820,0.3776,0,0.9884,4.626265,0.1771,0.0589,1.0,0
SportsMOT,V043,751,switch,S_r,2136,16,2138,0.6742,0.5710,0.1032,0,0.8102,6.445402,0.1258,0.0576,1.0,1
SportsMOT,V043,752,switch,S_c,2150,18,2142,0.0000,0.0000,0.0000,0,,,,0.1414,,0
SportsMOT,V043,754,switch,S_c,2152,1,2031,0.0000,0.0000,0.0000,0,,,,0.1414,,0
SportsMOT,V043,756,switch,S_r,2150,3,2144,0.4226,0.0000,0.4226,0,-0.9378,2.750437,0.0832,0.0618,0.0,0
SportsMOT,V043,757,switch,S_c,2154,1,2152,0.0000,0.0000,0.0000,0,,,,0.1414,,0
SportsMOT,V043,757,switch,S_c,2153,18,2150,0.0000,0.0000,0.0000,0,,,,0.1414,,0
SportsMOT,V043,766,switch,S_r,2153,3,2150,0.8325,0.2980,0.5345,0,0.8142,1.258255,0.0548,0.0545,1.0,0
SportsMOT,V043,767,switch,S_c,2156,18,2153,0.2844,0.0000,0.2844,0,,,,0.1414,,0
SportsMOT,V043,767,switch,S_c,2155,19,2145,0.0000,0.0000,0.0000,0,,,,0.1414,,0
SportsMOT,V043,771,switch,S_r,2156,3,2153,0.7092,0.4944,0.2148,0,0.9999,2.813973,0.1316,0.0577,2.0,0
SportsMOT,V043,772,switch,S_c,2157,18,2156,0.4448,0.1259,0.3189,0,,,,0.1414,,0
SportsMOT,V043,773,switch,S_c,2158,13,2100,0.0000,0.0000,0.0000,0,,,,0.1414,,0
SportsMOT,V043,792,switch,S_c,2159,15,2111,0.0000,0.0000,0.0000,0,,,,0.1414,,0
SportsMOT,V043,802,switch,S_h,2153,3,2156,0.6558,0.0000,0.6558,0,,,,0.1414,,0
SportsMOT,V043,853,switch,S_c,2161,12,2128,0.3287,0.0000,0.3287,0,,,,0.1414,,0
SportsMOT,V043,859,switch,S_r,2115,12,2161,0.9469,0.3310,0.6159,0,0.9161,1.008373,0.0440,0.0583,1.0,0
SportsMOT,V043,861,switch,S_r,2161,12,2161,0.5886,0.4883,0.1003,0,0.9723,4.962144,0.1624,0.0565,1.0,1
SportsMOT,V043,867,switch,S_r,2140,16,2136,0.9130,0.8422,0.0708,0,0.8058,1.089062,0.0982,0.0563,2.0,1
SportsMOT,V043,870,switch,S_c,2162,6,2140,0.4352,0.1338,0.3015,0,,,,0.1414,,0
SportsMOT,V043,871,switch,S_r,2138,6,2140,0.7381,0.4744,0.2636,0,0.9575,3.720365,0.0819,0.0576,2.0,0
SportsMOT,V043,871,switch,S_r,2162,8,2138,0.6654,0.4512,0.2142,0,,,0.0636,0.0619,2.0,0
SportsMOT,V044,40,switch,S_c,2173,14,2172,0.0000,0.0000,0.0000,0,,,,0.1414,,0
SportsMOT,V044,44,switch,S_r,2166,0,2165,0.9591,0.4602,0.4989,0,0.9602,1.103179,0.0424,0.0557,1.0,0
SportsMOT,V044,45,switch,S_c,2175,3,2174,0.0000,0.0000,0.0000,0,,,,0.1414,,0
SportsMOT,V044,45,switch,S_c,2176,10,2166,0.2771,0.0000,0.2771,0,,,,0.1414,,0
SportsMOT,V044,49,switch,S_r,2176,0,2166,0.7993,0.3890,0.4103,0,0.1558,11.451812,0.0046,0.0620,1.0,0
SportsMOT,V044,50,switch,S_c,2177,10,2176,0.0198,0.0041,0.0157,0,,,,0.1414,,0
SportsMOT,V044,69,switch,S_h,2166,10,2177,0.6364,0.5675,0.0689,0,,,,0.0679,,1
SportsMOT,V044,113,switch,S_c,2183,14,2173,0.2354,0.0000,0.2354,0,,,,0.1414,,0
SportsMOT,V044,115,switch,S_c,2184,4,2182,0.0000,0.0000,0.0000,0,,,,0.1414,,0
SportsMOT,V044,115,switch,S_c,2185,14,2173,0.0360,0.0000,0.0360,0,,,,0.1414,,0
SportsMOT,V044,125,switch,S_c,2188,16,2186,0.0000,0.0000,0.0000,0,,,,0.1414,,0
SportsMOT,V044,160,switch,S_c,2191,6,2190,0.0000,0.0000,0.0000,0,,,,0.1414,,0
SportsMOT,V044,173,switch,S_c,2196,17,2192,0.0000,0.0000,0.0000,0,,,,0.1414,,0
SportsMOT,V044,178,switch,S_c,2201,17,2192,0.0000,0.0000,0.0000,0,,,,0.1414,,0
SportsMOT,V044,182,switch,S_c,2205,17,2192,0.1159,0.0000,0.1159,0,,,,0.1414,,0
SportsMOT,V044,185,switch,S_c,2208,17,2205,0.0575,0.0000,0.0575,0,,,,0.1414,,0
SportsMOT,V044,208,switch,S_c,2210,2,2167,0.0000,0.0000,0.0000,0,,,,0.1414,,0
SportsMOT,V044,368,switch,S_c,2211,9,2209,0.0000,0.0000,0.0000,0,,,,0.1414,,0
SportsMOT,V044,388,switch,S_c,2212,19,2207,0.0000,0.0000,0.0000,0,,,,0.1414,,0
SportsMOT,V044,447,switch,S_c,2213,15,2178,0.0000,0.0000,0.0000,0,,,,0.1414,,0
SportsMOT,V045,5,switch,S_c,2235,8,2232,0.0000,0.0000,0.0000,0,,,,0.1414,,0
SportsMOT,V045,5,switch,S_c,2236,10,2233,0.0939,0.0926,0.0014,0,,,,0.1414,,0
SportsMOT,V045,15,switch,S_r,2235,9,2231,0.8467,0.3017,0.5451,0,0.9050,1.235240,0.1121,0.0583,1.0,0
SportsMOT,V045,18,switch,S_h,2231,8,2235,0.3904,0.2635,0.1269,0,,,,0.0796,,1
SportsMOT,V045,30,switch,S_h,2232,9,2235,0.7949,0.3374,0.4575,0,,,,0.0870,,0
SportsMOT,V045,60,switch,S_r,2226,9,2232,0.6240,0.3270,0.2970,0,0.5884,2.627300,0.0389,0.0601,1.0,0
SportsMOT,V045,60,switch,S_r,2227,17,2229,0.3816,0.1701,0.2115,0,0.0366,2.742730,0.2748,0.0608,1.0,0
SportsMOT,V045,61,switch,S_c,2241,11,2226,0.0292,0.0000,0.0292,0,,,,0.1414,,0
SportsMOT,V045,61,switch,S_c,2242,14,2219,0.0000,0.0000,0.0000,0,,,,0.1414,,0
SportsMOT,V045,61,switch,S_c,2240,16,2227,0.0000,0.0000,0.0000,0,,,,0.1414,,0
SportsMOT,V045,61,switch,S_c,2239,19,2224,0.0000,0.0000,0.0000,0,,,,0.1414,,0
SportsMOT,V045,67,switch,S_c,2244,20,2223,0.0000,0.0000,0.0000,0,,,,0.1414,,0
SportsMOT,V045,71,switch,S_c,2249,17,2227,0.0279,0.0000,0.0279,0,,,,0.1414,,0
SportsMOT,V045,110,switch,S_r,2249,16,2240,0.6527,0.3655,0.2871,0,0.8459,1.551317,0.0759,0.0543,1.0,0
SportsMOT,V045,111,switch,S_c,2250,17,2249,0.1532,0.0000,0.1532,0,,,,0.1414,,0
SportsMOT,V045,115,switch,S_r,2250,16,2249,0.7194,0.3083,0.4111,0,0.9850,1.286665,0.1225,0.0563,1.0,0
SportsMOT,V045,116,switch,S_c,2251,17,2250,0.2007,0.0000,0.2007,0,,,,0.1414,,0
SportsMOT,V045,120,switch,S_r,2251,16,2250,0.6156,0.2332,0.3823,0,0.9367,1.522741,0.1408,0.0553,1.0,0
SportsMOT,V045,121,switch,S_c,2252,17,2251,0.1214,0.0000,0.1214,0,,,,0.1414,,0
SportsMOT,V045,125,switch,S_r,2252,16,2251,0.6766,0.2938,0.3828,0,0.8201,1.287140,0.1524,0.0554,1.0,0
SportsMOT,V045,126,switch,S_c,2253,0,2234,0.0000,0.0000,0.0000,0,,,,0.1414,,0
SportsMOT,V045,127,switch,S_c,2255,17,2252,0.2141,0.0000,0.2141,0,,,,0.1414,,0
SportsMOT,V045,130,switch,S_r,2255,16,2252,0.5192,0.3524,0.1668,0,0.6120,1.147929,0.1989,0.0538,1.0,1
SportsMOT,V045,131,switch,S_c,2256,17,2255,0.1648,0.0000,0.1648,0,,,,0.1414,,0
SportsMOT,V045,143,switch,S_c,2264,16,2255,0.1819,0.0000,0.1819,0,,,,0.1414,,0
SportsMOT,V045,146,switch,S_c,2265,16,2264,0.0000,0.0000,0.0000,0,,,,0.1414,,0
SportsMOT,V045,151,switch,S_c,2267,16,2265,0.0000,0.0000,0.0000,0,,,,0.1414,,0
SportsMOT,V045,154,switch,S_r,2222,8,2231,0.8475,0.5749,0.2726,0,0.8715,1.360254,0.0476,0.0571,3.0,0
SportsMOT,V045,157,switch,S_r,2231,6,2222,0.9310,0.1996,0.7315,0,0.9929,1.153258,0.0448,0.0581,3.0,0
SportsMOT,V045,160,switch,S_r,2222,10,2236,0.6024,0.5234,0.0789,0,-0.9707,1.515616,0.0669,0.0585,2.0,1
SportsMOT,V045,161,switch,S_h,2252,17,2256,0.5631,0.0000,0.5631,0,,,,0.1414,,0
SportsMOT,V045,164,switch,S_c,2268,17,2252,0.0000,0.0000,0.0000,0,,,,0.1414,,0
SportsMOT,V045,165,switch,S_r,2231,10,2222,0.4931,0.2458,0.2473,0,-0.7343,5.027372,0.0297,0.0569,2.0,0
SportsMOT,V045,166,switch,S_c,2271,6,2231,0.0359,0.0000,0.0359,0,,,,0.1414,,0
SportsMOT,V045,166,switch,S_c,2272,8,2222,0.3673,0.0000,0.3673,0,,,,0.1414,,0
SportsMOT,V045,166,switch,S_c,2270,14,2242,0.0000,0.0000,0.0000,0,,,,0.1414,,0
SportsMOT,V045,166,switch,S_c,2269,17,2252,0.0000,0.0000,0.0000,0,,,,0.1414,,0
SportsMOT,V045,169,switch,S_c,2273,16,2267,0.0000,0.0000,0.0000,0,,,,0.1414,,0
SportsMOT,V045,171,switch,S_c,2274,2,2225,0.0000,0.0000,0.0000,0,,,,0.1414,,0
SportsMOT,V045,171,switch,S_c,2275,12,2220,0.0000,0.0000,0.0000,0,,,,0.1414,,0
SportsMOT,V045,171,switch,S_c,2276,16,2267,0.0000,0.0000,0.0000,0,,,,0.1414,,0
SportsMOT,V045,171,switch,S_c,2277,17,2269,0.0000,0.0000,0.0000,0,,,,0.1414,,0
SportsMOT,V045,176,switch,S_c,2278,19,2239,0.0000,0.0000,0.0000,0,,,,0.1414,,0
SportsMOT,V045,178,switch,S_h,2269,17,2277,0.6601,0.0000,0.6601,0,,,,0.0858,,0
SportsMOT,V045,179,switch,S_c,2279,0,2253,0.0000,0.0000,0.0000,0,,,,0.1414,,0
SportsMOT,V045,187,switch,S_c,2280,1,2221,0.0000,0.0000,0.0000,0,,,,0.1414,,0
SportsMOT,V045,192,switch,S_c,2281,15,2218,0.0000,0.0000,0.0000,0,,,,0.1414,,0
SportsMOT,V045,194,switch,S_c,2282,20,2244,0.0689,0.0000,0.0689,0,,,,0.1414,,0
SportsMOT,V045,225,switch,S_c,2283,18,2214,0.0000,0.0000,0.0000,0,,,,0.1414,,0
SportsMOT,V046,4,switch,S_r,2293,7,2290,0.9025,0.6346,0.2678,0,,,0.0242,0.0652,4.0,0
SportsMOT,V046,89,switch,S_r,2290,5,2288,0.9105,0.5329,0.3775,0,0.9760,1.574596,0.0320,0.0569,2.0,0
SportsMOT,V046,92,switch,S_r,2288,8,2290,0.8832,0.6116,0.2716,0,0.2722,3.288511,0.0108,0.0581,2.0,0
SportsMOT,V046,103,switch,S_r,2288,7,2293,0.9026,0.5928,0.3098,0,0.0669,1.949166,0.0094,0.0578,2.0,0
SportsMOT,V046,107,switch,S_c,2296,2,2287,0.3439,0.2045,0.1394,0,,,,0.1414,,1
SportsMOT,V046,111,switch,S_c,2297,4,2291,0.2701,0.2684,0.0017,0,,,,0.1414,,1
SportsMOT,V046,111,switch,S_c,2298,8,2288,0.5775,0.3900,0.1875,0,,,,0.1414,,1
SportsMOT,V046,545,switch,S_r,2288,3,2289,0.8981,0.4921,0.4060,0,0.8975,1.701014,0.0470,0.0580,2.0,0
SportsMOT,V046,545,switch,S_r,2289,7,2288,0.9513,0.5186,0.4327,0,0.9891,2.149433,0.0095,0.0570,2.0,0
SportsMOT,V046,872,switch,S_c,2299,9,2294,0.0000,0.0000,0.0000,0,,,,0.1414,,0
SportsMOT,V046,883,switch,S_c,2300,4,2297,0.0000,0.0000,0.0000,0,,,,0.1414,,0
SportsMOT,V046,885,switch,S_c,2301,8,2298,0.0593,0.0000,0.0593,0,,,,0.1414,,0
SportsMOT,V046,1002,switch,S_c,2302,6,2292,0.0000,0.0000,0.0000,0,,,,0.1414,,0
SportsMOT,V047,714,switch,S_c,2313,4,2312,0.0000,0.0000,0.0000,0,,,,0.1414,,0
SportsMOT,V047,888,switch,S_c,2318,6,2310,0.0000,0.0000,0.0000,0,,,,0.1414,,0
SportsMOT,V047,908,switch,S_c,2319,8,2308,0.0000,0.0000,0.0000,0,,,,0.1414,,0
SportsMOT,V047,922,switch,S_c,2320,9,2303,0.0000,0.0000,0.0000,0,,,,0.1414,,0
SportsMOT,V047,926,switch,S_c,2321,7,2306,0.0000,0.0000,0.0000,0,,,,0.1414,,0
SportsMOT,V047,1009,switch,S_c,2322,5,2311,0.0000,0.0000,0.0000,0,,,,0.1414,,0
SportsMOT,V047,1101,switch,S_r,2318,3,2304,0.5289,0.2572,0.2717,0,0.3534,2.469001,0.2715,0.0602,3.0,0
SportsMOT,V047,1102,switch,S_c,2325,1,2305,0.5393,0.0000,0.5393,0,,,,0.1414,,0
SportsMOT,V047,1102,switch,S_c,2323,8,2319,0.0119,0.0000,0.0119,0,,,,0.1414,,0
SportsMOT,V047,1107,switch,S_c,2331,3,2318,0.0000,0.0000,0.0000,0,,,,0.1414,,0
SportsMOT,V047,1109,switch,S_c,2337,8,2323,0.1918,0.0000,0.1918,0,,,,0.1414,,0
SportsMOT,V047,1112,switch,S_c,2346,2,2307,0.3480,0.0000,0.3480,0,,,,0.1414,,0
SportsMOT,V047,1112,switch,S_c,2345,6,2318,0.1358,0.0228,0.1130,0,,,,0.1414,,0
SportsMOT,V047,1112,switch,S_c,2344,8,2337,0.2508,0.0121,0.2387,0,,,,0.1414,,0
SportsMOT,V047,1117,switch,S_h,2323,1,2325,0.6163,0.1481,0.4682,0,,,,0.0722,,0
SportsMOT,V047,1118,switch,S_h,2325,2,2346,0.7526,0.1476,0.6049,0,,,,0.0609,,0
SportsMOT,V047,1118,switch,S_h,2337,8,2344,0.7806,0.2310,0.5496,0,,,,0.0708,,0
SportsMOT,V047,1120,switch,S_h,2307,1,2323,0.5901,0.2260,0.3642,0,,,,0.0733,,0
SportsMOT,V047,1120,switch,S_r,2323,2,2325,0.4698,0.3489,0.1208,0,0.8958,7.639053,0.1842,0.0556,3.0,1
SportsMOT,V047,1122,switch,S_r,2307,2,2323,0.4688,0.4653,0.0035,0,0.9937,8.083040,0.1631,0.0547,3.0,1
SportsMOT,V047,1123,switch,S_c,2347,1,2307,0.2537,0.0239,0.2298,0,,,,0.1414,,0
SportsMOT,V048,59,switch,S_r,2351,0,2349,0.9716,0.4459,0.5257,0,0.9985,1.018981,0.0688,0.0577,1.0,0
SportsMOT,V048,59,switch,S_r,2349,1,2351,0.9101,0.5024,0.4077,0,0.7860,1.690402,0.0408,0.0578,1.0,0
SportsMOT,V048,216,switch,S_r,2349,0,2351,0.9465,0.5071,0.4393,0,0.9948,1.342817,0.0388,0.0567,3.0,0
SportsMOT,V048,216,switch,S_r,2351,1,2349,0.9550,0.5337,0.4213,0,0.9898,1.473539,0.0259,0.0576,4.0,0
SportsMOT,V048,332,switch,S_r,2353,7,2350,0.8840,0.3093,0.5747,0,0.0403,1.216553,0.0209,0.0519,3.0,0
SportsMOT,V048,334,switch,S_h,2350,2,2353,0.5518,0.2064,0.3454,0,,,,0.0741,,0
SportsMOT,V048,349,switch,S_c,2360,5,2352,0.2478,0.2396,0.0082,0,,,,0.1414,,1
SportsMOT,V048,389,switch,S_c,2361,4,2355,0.0000,0.0000,0.0000,0,,,,0.1414,,0
SportsMOT,V048,402,switch,S_c,2362,6,2354,0.0000,0.0000,0.0000,0,,,,0.1414,,0
SportsMOT,V048,404,switch,S_c,2363,8,2358,0.0061,0.0000,0.0061,0,,,,0.1414,,0
SportsMOT,V048,554,switch,S_r,2350,0,2349,0.8725,0.7150,0.1575,0,0.9109,1.111721,0.0671,0.0544,3.0,1
SportsMOT,V048,578,switch,S_h,2349,2,2350,0.6393,0.4780,0.1613,0,,,,0.0934,,1
SportsMOT,V049,52,switch,S_c,2374,4,2369,0.0000,0.0000,0.0000,0,,,,0.1414,,0
SportsMOT,V049,54,switch,S_c,2375,9,2373,0.2889,0.0000,0.2889,0,,,,0.1414,,0
SportsMOT,V049,115,switch,S_r,2372,1,2367,0.9304,0.4328,0.4976,0,0.9926,1.227585,0.0617,0.0583,1.0,0
SportsMOT,V049,115,switch,S_r,2367,8,2372,0.8747,0.3958,0.4788,0,1.0000,1.037739,0.1053,0.0617,1.0,0
SportsMOT,V049,236,switch,S_c,2377,8,2367,0.4672,0.1856,0.2816,0,,,,0.1414,,0
SportsMOT,V049,237,switch,S_r,2377,7,2371,0.6829,0.6614,0.0215,0,,,0.0544,0.0556,4.0,1
SportsMOT,V049,238,switch,S_h,2371,8,2367,0.3637,0.1246,0.2391,0,,,,0.0692,,0
SportsMOT,V049,288,switch,S_c,2379,0,2370,0.0000,0.0000,0.0000,0,,,,0.1414,,0
SportsMOT,V049,288,switch,S_c,2380,3,2364,0.0000,0.0000,0.0000,0,,,,0.1414,,0
SportsMOT,V049,304,switch,S_c,2381,5,2366,0.0000,0.0000,0.0000,0,,,,0.1414,,0
SportsMOT,V049,445,switch,S_r,2377,1,2372,0.8337,0.4134,0.4203,0,0.4443,1.087728,0.0392,0.0598,5.0,0
SportsMOT,V049,445,switch,S_r,2372,7,2377,0.9146,0.4234,0.4911,0,0.9936,1.601184,0.0524,0.0562,3.0,0
SportsMOT,V049,584,switch,S_r,2372,2,2368,0.8231,0.4562,0.3668,0,0.8884,2.683291,0.0588,0.0583,3.0,0
SportsMOT,V049,584,switch,S_r,2368,7,2372,0.8974,0.4997,0.3977,0,0.6956,2.923088,0.0143,0.0586,4.0,0
SportsMOT,V049,706,switch,S_c,2382,0,2379,0.0000,0.0000,0.0000,0,,,,0.1414,,0
SportsMOT,V050,462,switch,S_r,2390,2,2384,0.9498,0.4485,0.5013,0,0.7554,2.425777,0.0038,0.0577,2.0,0
SportsMOT,V050,462,switch,S_r,2384,8,2390,0.9642,0.4765,0.4876,0,0.9929,2.326756,0.0050,0.0580,3.0,0
SportsMOT,V050,574,switch,S_r,2384,2,2390,0.9655,0.4134,0.5521,0,0.9865,3.408734,0.0106,0.0570,3.0,0
SportsMOT,V050,574,switch,S_r,2390,8,2384,0.9518,0.4004,0.5514,0,0.9991,1.254344,0.0307,0.0587,3.0,0
SportsMOT,V050,875,switch,S_c,2393,2,2384,0.7066,0.0121,0.6945,0,,,,0.1414,,0
SportsMOT,V051,387,switch,S_c,2404,0,2398,0.6400,0.4153,0.2248,0,,,,0.1414,,0
SportsMOT,V051,389,switch,S_h,2398,2,2396,0.8483,0.3815,0.4668,0,,,,0.0587,,0
SportsMOT,V051,404,switch,S_r,2402,2,2398,0.9036,0.3890,0.5145,0,0.9525,2.695683,0.0302,0.0572,4.0,0
SportsMOT,V051,404,switch,S_r,2398,7,2402,0.9109,0.4167,0.4942,0,0.7219,2.423519,0.0367,0.0587,4.0,0
SportsMOT,V051,459,switch,S_c,2405,1,2401,0.0000,0.0000,0.0000,0,,,,0.1414,,0
SportsMOT,V051,465,switch,S_c,2406,5,2403,0.1038,0.0000,0.1038,0,,,,0.1414,,0
SportsMOT,V051,475,switch,S_c,2407,8,2394,0.0000,0.0000,0.0000,0,,,,0.1414,,0
SportsMOT,V051,492,switch,S_r,2408,9,2397,0.4921,0.0000,0.4921,0,,,0.0875,0.0676,0.0,0
SportsMOT,V051,712,switch,S_r,2399,0,2404,0.6579,0.0000,0.6579,0,0.4331,1.603804,0.0514,0.0594,0.0,0
SportsMOT,V051,714,switch,S_r,2400,5,2406,0.8751,0.5917,0.2834,0,0.1909,1.582643,0.0316,0.0577,1.0,0
SportsMOT,V051,714,switch,S_r,2406,6,2400,0.6982,0.4485,0.2497,0,,,0.1015,0.0552,1.0,0
SportsMOT,V052,16,switch,S_r,2409,2,2413,0.2514,0.0000,0.2514,0,-0.0000,1.005025,0.1557,0.0576,0.0,0
SportsMOT,V052,16,switch,S_r,2411,4,2412,0.6842,0.1618,0.5224,0,0.8127,1.124930,0.1177,0.0557,1.0,0
SportsMOT,V052,16,switch,S_r,2412,5,2410,0.8806,0.2066,0.6740,0,0.9410,1.031017,0.1291,0.0568,2.0,0
SportsMOT,V052,16,switch,S_r,2415,7,2416,0.4397,0.1186,0.3212,0,0.2169,1.023934,0.1835,0.0564,1.0,0
SportsMOT,V052,17,switch,S_c,2420,6,2415,0.0349,0.0000,0.0349,0,,,,0.1414,,0
SportsMOT,V052,17,switch,S_c,2418,8,2417,0.0000,0.0000,0.0000,0,,,,0.1414,,0
SportsMOT,V052,18,switch,S_c,2423,4,2411,0.5406,0.0469,0.4937,0,,,,0.1414,,0
SportsMOT,V052,18,switch,S_r,2411,5,2412,0.5663,0.4562,0.1102,0,0.6031,2.249763,0.0668,0.0551,1.0,1
SportsMOT,V052,19,switch,S_c,2426,4,2411,0.2004,0.0000,0.2004,0,,,,0.1414,,0
SportsMOT,V052,19,switch,S_r,2423,5,2412,0.8443,0.4204,0.4240,0,,,0.0516,0.0598,1.0,0
SportsMOT,V052,20,switch,S_c,2428,4,2411,0.2408,0.0000,0.2408,0,,,,0.1414,,0
SportsMOT,V052,20,switch,S_r,2426,5,2412,0.8395,0.1975,0.6420,0,,,0.0514,0.0595,1.0,0
SportsMOT,V052,20,switch,S_h,2417,9,2425,0.1523,0.0000,0.1523,0,,,,0.0649,,0
SportsMOT,V052,21,switch,S_c,2429,2,2409,0.0372,0.0000,0.0372,0,,,,0.1414,,0
SportsMOT,V052,21,switch,S_r,2428,5,2412,0.3705,0.0000,0.3705,0,,,0.1379,0.0598,1.0,0
SportsMOT,V052,21,switch,S_h,2410,6,2420,0.2058,0.0000,0.2058,0,,,,0.0847,,0
SportsMOT,V052,22,switch,S_c,2437,1,2414,0.0000,0.0000,0.0000,0,,,,0.1414,,0
SportsMOT,V052,22,switch,S_c,2435,4,2411,0.1369,0.0000,0.1369,0,,,,0.1414,,0
SportsMOT,V052,22,switch,S_c,2433,9,2425,0.0000,0.0000,0.0000,0,,,,0.1414,,0
SportsMOT,V052,23,switch,S_c,2440,4,2411,0.3704,0.2380,0.1324,0,,,,0.1414,,1
SportsMOT,V052,23,switch,S_r,2435,5,2428,0.8238,0.7997,0.0241,0,,,0.0565,0.0591,1.0,1
SportsMOT,V052,23,switch,S_h,2423,6,2410,0.5168,0.0000,0.5168,0,,,,0.0831,,0
SportsMOT,V052,24,switch,S_c,2443,4,2411,0.3965,0.0539,0.3426,0,,,,0.1414,,0
SportsMOT,V052,24,switch,S_r,2440,5,2428,0.8295,0.3730,0.4565,0,,,0.0577,0.0594,1.0,0
SportsMOT,V052,24,switch,S_h,2426,6,2410,0.1328,0.0000,0.1328,0,,,,0.0833,,0
SportsMOT,V052,25,switch,S_c,2446,4,2411,0.3868,0.0430,0.3437,0,,,,0.1414,,0
SportsMOT,V052,25,switch,S_r,2443,5,2428,0.8384,0.3726,0.4658,0,,,0.0505,0.0593,1.0,0
SportsMOT,V052,25,switch,S_h,2412,6,2410,0.2384,0.0000,0.2384,0,,,,0.0868,,0
SportsMOT,V052,26,switch,S_c,2449,4,2411,0.1788,0.0000,0.1788,0,,,,0.1414,,0
SportsMOT,V052,26,switch,S_r,2446,5,2428,0.5497,0.1679,0.3819,0,,,0.1004,0.0595,1.0,0
SportsMOT,V052,26,switch,S_h,2411,6,2410,0.0000,0.0000,0.0000,0,,,,0.0849,,0
SportsMOT,V052,27,switch,S_c,2451,0,2409,0.0000,0.0000,0.0000,0,,,,0.1414,,0
SportsMOT,V052,27,switch,S_c,2450,2,2409,0.0000,0.0000,0.0000,0,,,,0.1414,,0
SportsMOT,V052,27,switch,S_c,2452,4,2411,0.3676,0.1898,0.1778,0,,,,0.1414,,0
SportsMOT,V052,27,switch,S_r,2449,5,2428,0.8262,0.6306,0.1955,0,,,0.0575,0.0593,1.0,1
SportsMOT,V052,28,switch,S_c,2453,3,2411,0.0721,0.0000,0.0721,0,,,,0.1414,,0
SportsMOT,V052,28,switch,S_r,2452,5,2428,0.7778,0.4371,0.3407,0,,,0.0645,0.0593,1.0,0
SportsMOT,V052,29,switch,S_r,2453,4,2411,0.5744,0.0559,0.5185,0,,,0.2184,0.0631,1.0,0
SportsMOT,V052,30,switch,S_c,2455,3,2411,0.0509,0.0145,0.0363,0,,,,0.1414,,0
SportsMOT,V052,31,switch,S_h,2413,3,2411,0.0886,0.0000,0.0886,0,,,,0.0633,,0
SportsMOT,V052,31,switch,S_r,2455,5,2452,0.7489,0.3715,0.3774,0,,,0.0996,0.0584,2.0,0
SportsMOT,V052,32,switch,S_h,2429,4,2453,0.3507,0.1965,0.1542,0,,,,0.1414,,0
SportsMOT,V052,44,switch,S_h,2428,3,2413,0.7601,0.2263,0.5338,0,,,,0.0737,,0
SportsMOT,V052,48,switch,S_h,2452,3,2428,0.7094,0.2341,0.4754,0,,,,0.0762,,0
SportsMOT,V052,92,switch,S_c,2457,1,2437,0.0000,0.0000,0.0000,0,,,,0.1414,,0
SportsMOT,V052,111,switch,S_c,2458,0,2451,0.0000,0.0000,0.0000,0,,,,0.1414,,0
SportsMOT,V052,120,switch,S_c,2459,5,2455,0.5375,0.0000,0.5375,0,,,,0.1414,,0
SportsMOT,V052,128,switch,S_r,2459,4,2429,0.6123,0.3792,0.2331,0,0.9660,1.923799,0.1467,0.0625,1.0,0
SportsMOT,V052,128,switch,S_r,2429,5,2459,0.8350,0.6558,0.1792,0,0.9652,1.450668,0.1107,0.0583,1.0,1
SportsMOT,V052,131,switch,S_r,2459,5,2429,0.9190,0.4581,0.4610,0,0.9861,1.093379,0.1359,0.0582,1.0,0
SportsMOT,V052,137,switch,S_c,2461,5,2459,0.7700,0.0000,0.7700,0,,,,0.1414,,0
SportsMOT,V052,142,switch,S_r,2461,4,2459,0.7257,0.5016,0.2241,0,0.8779,4.209030,0.0178,0.0574,1.0,0
SportsMOT,V052,142,switch,S_r,2429,5,2461,0.9659,0.3576,0.6083,0,,,0.0029,0.0617,1.0,0
SportsMOT,V052,145,switch,S_h,2460,5,2429,0.6080,0.2486,0.3595,0,,,,0.1414,,0
SportsMOT,V052,236,switch,S_r,2411,7,2415,0.5454,0.3558,0.1896,0,-0.1652,2.015919,0.1039,0.0554,3.0,1
SportsMOT,V052,237,switch,S_c,2463,6,2411,0.4371,0.0228,0.4143,0,,,,0.1414,,0
SportsMOT,V052,241,switch,S_h,2415,5,2460,0.5161,0.0041,0.5120,0,,,,0.0712,,0
SportsMOT,V052,252,switch,S_c,2465,4,2461,0.6243,0.0231,0.6012,0,,,,0.1414,,0
SportsMOT,V052,252,switch,S_h,2461,7,2411,0.8559,0.1121,0.7438,0,,,,0.0644,,0
SportsMOT,V052,283,switch,S_c,2466,6,2463,0.4585,0.1812,0.2774,0,,,,0.1414,,0
SportsMOT,V052,286,switch,S_r,2418,6,2466,0.8182,0.3771,0.4411,0,0.7962,2.265112,0.0664,0.0596,3.0,0
SportsMOT,V052,286,switch,S_r,2466,8,2418,0.9225,0.2984,0.6241,0,0.9625,1.049016,0.0736,0.0644,3.0,0
SportsMOT,V052,376,switch,S_r,2465,5,2415,0.6428,0.4161,0.2267,0,0.8898,1.279893,0.1160,0.0632,1.0,0
SportsMOT,V052,376,switch,S_r,2466,7,2461,0.5721,0.5659,0.0062,0,0.1558,1.130396,0.1284,0.0531,2.0,1
SportsMOT,V052,377,switch,S_c,2468,4,2465,0.3708,0.0000,0.3708,0,,,,0.1414,,0
SportsMOT,V052,377,switch,S_c,2467,8,2466,0.1548,0.0799,0.0748,0,,,,0.1414,,0
SportsMOT,V052,387,switch,S_h,2461,7,2466,0.8081,0.1148,0.6932,0,,,,0.0611,,0
SportsMOT,V052,389,switch,S_h,2415,5,2465,0.8302,0.1341,0.6960,0,,,,0.0808,,0
SportsMOT,V052,391,switch,S_h,2465,4,2468,0.6915,0.4246,0.2669,0,,,,0.0673,,0
SportsMOT,V052,399,switch,S_c,2469,10,2417,0.0000,0.0000,0.0000,0,,,,0.1414,,0
SportsMOT,V052,436,switch,S_r,2470,5,2415,0.6060,0.4990,0.1070,0,0.0027,2.298452,0.0458,0.0645,2.0,1
SportsMOT,V052,462,switch,S_r,2467,6,2418,0.7482,0.6159,0.1323,0,0.3521,2.229201,0.0335,0.0549,2.0,1
SportsMOT,V052,462,switch,S_r,2418,8,2467,0.8494,0.6150,0.2344,0,0.9930,1.138414,0.0553,0.0605,2.0,0
SportsMOT,V052,509,switch,S_r,2457,0,2458,0.8891,0.7735,0.1156,0,0.6138,1.071043,0.0324,0.0545,2.0,1
SportsMOT,V052,513,switch,S_r,2458,0,2457,0.9579,0.4652,0.4926,0,0.9831,1.097146,0.0441,0.0571,3.0,0
SportsMOT,V052,526,switch,S_r,2470,4,2465,0.4226,0.2270,0.1956,0,0.2362,3.155053,0.3261,0.0622,1.0,1
SportsMOT,V052,531,switch,S_h,2452,5,2470,0.0417,0.0000,0.0417,0,,,,0.0548,,0
SportsMOT,V052,532,switch,S_c,2483,3,2452,0.0000,0.0000,0.0000,0,,,,0.1414,,0
SportsMOT,V052,532,switch,S_c,2482,4,2470,0.1639,0.0000,0.1639,0,,,,0.1414,,0
SportsMOT,V053,43,switch,S_r,2484,3,2489,0.4958,0.0672,0.4287,0,0.6047,1.478169,0.1024,0.0556,0.0,0
SportsMOT,V053,43,switch,S_h,2490,6,2485,0.1508,0.0000,0.1508,0,,,,0.0695,,0
SportsMOT,V053,44,switch,S_c,2497,1,2486,0.0000,0.0000,0.0000,0,,,,0.1414,,0
SportsMOT,V053,46,switch,S_h,2489,6,2490,0.5437,0.0000,0.5437,0,,,,0.0797,,0
SportsMOT,V053,48,switch,S_c,2513,3,2484,0.2002,0.0000,0.2002,0,,,,0.1414,,0
SportsMOT,V053,49,switch,S_c,2520,4,2490,0.0565,0.0000,0.0565,0,,,,0.1414,,0
SportsMOT,V053,49,switch,S_c,2522,6,2489,0.0000,0.0000,0.0000,0,,,,0.1414,,0
SportsMOT,V053,49,switch,S_c,2518,8,2500,0.0000,0.0000,0.0000,0,,,,0.1414,,0
SportsMOT,V053,49,switch,S_c,2519,9,2512,0.0000,0.0000,0.0000,0,,,,0.1414,,0
SportsMOT,V053,50,switch,S_r,2520,3,2513,0.6491,0.6357,0.0135,0,,,0.0904,0.0590,1.0,1
SportsMOT,V053,50,switch,S_c,2526,4,2490,0.2555,0.2172,0.0383,0,,,,0.1414,,1
SportsMOT,V053,50,switch,S_h,2486,5,2484,0.0000,0.0000,0.0000,0,,,,0.0778,,0
SportsMOT,V053,51,switch,S_r,2526,3,2513,0.6699,0.4155,0.2543,0,,,0.0825,0.0584,2.0,0
SportsMOT,V053,53,switch,S_r,2486,4,2490,0.5875,0.0000,0.5875,0,0.9305,1.617450,0.0969,0.0550,0.0,0
SportsMOT,V053,53,switch,S_h,2513,6,2522,0.3304,0.0000,0.3304,0,,,,0.0861,,0
SportsMOT,V053,54,switch,S_c,2539,2,2488,0.0000,0.0000,0.0000,0,,,,0.1414,,0
SportsMOT,V053,55,switch,S_c,2543,3,2526,0.3146,0.0000,0.3146,0,,,,0.1414,,0
SportsMOT,V053,56,switch,S_c,2545,5,2486,0.0600,0.0000,0.0600,0,,,,0.1414,,0
SportsMOT,V053,58,switch,S_r,2486,3,2543,0.7623,0.3638,0.3984,0,0.8838,1.100052,0.1064,0.0543,2.0,0
SportsMOT,V053,58,switch,S_r,2545,4,2486,0.4602,0.4028,0.0574,0,0.3712,2.515239,0.0431,0.0596,1.0,1
SportsMOT,V053,59,switch,S_c,2546,5,2545,0.0000,0.0000,0.0000,0,,,,0.1414,,0
SportsMOT,V053,61,switch,S_h,2522,6,2513,0.7940,0.0000,0.7940,0,,,,0.0669,,0
SportsMOT,V053,65,switch,S_h,2543,3,2486,0.7121,0.0000,0.7121,0,,,,0.0707,,0
SportsMOT,V053,66,switch,S_r,2529,9,2519,0.6502,0.5618,0.0884,0,0.5976,5.646836,0.1177,0.0501,2.0,1
SportsMOT,V053,67,switch,S_h,2486,5,2546,0.7480,0.4494,0.2986,0,,,,0.0696,,0
SportsMOT,V053,67,switch,S_c,2547,10,2529,0.2452,0.1617,0.0835,0,,,,0.1414,,0
SportsMOT,V053,70,switch,S_h,2484,3,2543,0.7894,0.0000,0.7894,0,,,,0.0712,,0
SportsMOT,V053,72,switch,S_r,2486,4,2545,0.9548,0.4959,0.4589,0,0.8968,1.608272,0.0101,0.0580,2.0,0
SportsMOT,V053,72,switch,S_h,2543,5,2486,0.4553,0.3633,0.0920,0,,,,0.0763,,1
SportsMOT,V053,89,switch,S_c,2548,2,2539,0.0000,0.0000,0.0000,0,,,,0.1414,,0
SportsMOT,V053,95,switch,S_c,2549,0,2487,0.0000,0.0000,0.0000,0,,,,0.1414,,0
SportsMOT,V053,97,switch,S_c,2550,1,2497,0.1209,0.0000,0.1209,0,,,,0.1414,,0
SportsMOT,V053,98,switch,S_h,2546,0,2487,0.2190,0.0515,0.1675,0,,,,0.1414,,0
SportsMOT,V053,101,switch,S_h,2545,0,2546,0.6521,0.2342,0.4179,0,,,,0.0708,,0
SportsMOT,V053,104,switch,S_c,2551,0,2545,0.2287,0.0000,0.2287,0,,,,0.1414,,0
SportsMOT,V053,113,switch,S_r,2543,3,2484,0.9354,0.4430,0.4924,0,0.9668,1.062352,0.0659,0.0567,2.0,0
SportsMOT,V053,113,switch,S_r,2484,5,2543,0.8552,0.5099,0.3452,0,0.9832,1.705812,0.0590,0.0565,2.0,0
SportsMOT,V053,130,switch,S_c,2553,3,2543,0.4356,0.0000,0.4356,0,,,,0.1414,,0
SportsMOT,V053,232,switch,S_r,2484,3,2553,0.9162,0.5193,0.3969,0,,,0.0182,0.0546,2.0,0
SportsMOT,V053,232,switch,S_r,2553,5,2484,0.8455,0.3020,0.5436,0,0.9347,2.341617,0.0390,0.0626,2.0,0
SportsMOT,V054,40,switch,S_r,2562,3,2560,0.7035,0.3159,0.3876,0,0.8286,1.610749,0.0519,0.0545,2.0,0
SportsMOT,V054,40,switch,S_r,2559,4,2562,0.4765,0.2353,0.2413,0,0.1630,2.277692,0.0418,0.0552,1.0,0
SportsMOT,V054,41,switch,S_c,2565,2,2559,0.0000,0.0000,0.0000,0,,,,0.1414,,0
SportsMOT,V054,43,switch,S_r,2559,3,2562,0.5516,0.4834,0.0682,0,0.6103,3.558332,0.0313,0.0545,1.0,1
SportsMOT,V054,43,switch,S_h,2565,4,2559,0.5735,0.0753,0.4983,0,,,,0.1414,,0
SportsMOT,V054,44,switch,S_r,2565,3,2562,0.8412,0.3705,0.4707,0,,,0.0204,0.0588,1.0,0
SportsMOT,V054,44,switch,S_c,2567,4,2559,0.1568,0.0000,0.1568,0,,,,0.1414,,0
SportsMOT,V054,45,switch,S_c,2569,3,2562,0.1868,0.0000,0.1868,0,,,,0.1414,,0
SportsMOT,V054,45,switch,S_h,2562,6,2557,0.0481,0.0461,0.0020,0,,,,0.0812,,0
SportsMOT,V054,46,switch,S_c,2571,0,2558,0.0000,0.0000,0.0000,0,,,,0.1414,,0
SportsMOT,V054,46,switch,S_c,2574,3,2562,0.2173,0.0000,0.2173,0,,,,0.1414,,0
SportsMOT,V054,46,switch,S_c,2575,4,2559,0.0000,0.0000,0.0000,0,,,,0.1414,,0
SportsMOT,V054,46,switch,S_h,2565,6,2557,0.0613,0.0000,0.0613,0,,,,0.0818,,0
SportsMOT,V054,47,switch,S_r,2575,3,2562,0.8510,0.1984,0.6526,0,,,0.0254,0.0591,1.0,0
SportsMOT,V054,47,switch,S_c,2580,4,2559,0.1440,0.0000,0.1440,0,,,,0.1414,,0
SportsMOT,V054,47,switch,S_h,2567,6,2557,0.0305,0.0000,0.0305,0,,,,0.1414,,0
SportsMOT,V054,48,switch,S_r,2580,3,2562,0.8560,0.2044,0.6516,0,,,0.0226,0.0593,1.0,0
SportsMOT,V054,48,switch,S_c,2586,4,2559,0.1293,0.0000,0.1293,0,,,,0.1414,,0
SportsMOT,V054,48,switch,S_h,2569,6,2557,0.0307,0.0000,0.0307,0,,,,0.1414,,0
SportsMOT,V054,49,switch,S_c,2587,1,2556,0.0000,0.0000,0.0000,0,,,,0.1414,,0
SportsMOT,V054,49,switch,S_r,2586,3,2562,0.8629,0.2045,0.6584,0,,,0.0200,0.0595,1.0,0
SportsMOT,V054,49,switch,S_c,2591,4,2559,0.1504,0.0000,0.1504,0,,,,0.1414,,0
SportsMOT,V054,49,switch,S_h,2574,6,2557,0.0521,0.0000,0.0521,0,,,,0.1414,,0
SportsMOT,V054,50,switch,S_c,2595,3,2562,0.2300,0.0000,0.2300,0,,,,0.1414,,0
SportsMOT,V054,50,switch,S_h,2580,6,2557,0.0402,0.0000,0.0402,0,,,,0.0802,,0
SportsMOT,V054,50,switch,S_h,2560,7,2564,0.3344,0.0000,0.3344,0,,,,0.0853,,0
SportsMOT,V054,51,switch,S_c,2596,1,2556,0.0000,0.0000,0.0000,0,,,,0.1414,,0
SportsMOT,V054,51,switch,S_c,2602,4,2559,0.0000,0.0000,0.0000,0,,,,0.1414,,0
SportsMOT,V054,51,switch,S_h,2586,6,2557,0.1954,0.0000,0.1954,0,,,,0.0800,,0
SportsMOT,V054,51,switch,S_c,2597,8,2581,0.0000,0.0000,0.0000,0,,,,0.1414,,0
SportsMOT,V054,52,switch,S_h,2556,2,2559,0.0000,0.0000,0.0000,0,,,,0.0747,,0
SportsMOT,V054,52,switch,S_h,2564,7,2560,0.7650,0.0000,0.7650,0,,,,0.0616,,0
SportsMOT,V054,53,switch,S_c,2606,5,2561,0.0000,0.0000,0.0000,0,,,,0.1414,,0
SportsMOT,V054,53,switch,S_h,2591,6,2586,0.5782,0.0000,0.5782,0,,,,0.1414,,0
SportsMOT,V054,56,switch,S_c,2607,5,2606,0.0000,0.0000,0.0000,0,,,,0.1414,,0
SportsMOT,V054,56,switch,S_c,2608,6,2591,0.0000,0.0000,0.0000,0,,,,0.1414,,0
SportsMOT,V054,57,switch,S_h,2575,7,2564,0.6650,0.0000,0.6650,0,,,,0.0718,,0
SportsMOT,V054,59,switch,S_h,2587,2,2556,0.8231,0.4027,0.4204,0,,,,0.1414,,0
SportsMOT,V054,60,switch,S_h,2556,2,2556,0.5877,0.2733,0.3144,0,,,,0.0621,,0
SportsMOT,V054,62,switch,S_h,2558,1,2596,0.7694,0.0692,0.7002,0,,,,0.0583,,0
SportsMOT,V054,65,switch,S_h,2581,8,2597,0.8209,0.0000,0.8209,0,,,,0.0736,,0
SportsMOT,V054,67,switch,S_h,2606,5,2607,0.7803,0.0630,0.7174,0,,,,0.0760,,0
SportsMOT,V054,68,switch,S_h,2564,4,2602,0.6096,0.3951,0.2144,0,,,,0.0738,,0
SportsMOT,V054,69,switch,S_h,2587,4,2602,0.8660,0.3706,0.4954,0,,,,0.1414,,0
SportsMOT,V054,94,switch,S_c,2609,0,2571,0.0000,0.0000,0.0000,0,,,,0.1414,,0
SportsMOT,V054,135,switch,S_r,2608,9,2599,0.6854,0.4227,0.2627,0,0.3507,1.258989,0.0854,0.0562,1.0,0
SportsMOT,V054,136,switch,S_c,2610,6,2608,0.1894,0.0000,0.1894,0,,,,0.1414,,0
SportsMOT,V054,139,switch,S_c,2614,5,2606,0.0000,0.0000,0.0000,0,,,,0.1414,,0
SportsMOT,V054,140,switch,S_r,2575,3,2595,0.2876,0.1478,0.1398,0,0.1915,1.986547,0.3239,0.0588,4.0,0
SportsMOT,V054,140,switch,S_r,2605,7,2575,0.5004,0.3289,0.1715,0,0.6976,2.084937,0.3319,0.0489,2.0,1
SportsMOT,V054,140,switch,S_r,2610,9,2608,0.7687,0.2947,0.4740,0,0.9274,1.044297,0.1975,0.0560,1.0,0
SportsMOT,V054,140,switch,S_h,2599,10,2579,0.1884,0.0433,0.1451,0,,,,0.0643,,0
SportsMOT,V054,141,switch,S_c,2617,2,2556,0.0000,0.0000,0.0000,0,,,,0.1414,,0
SportsMOT,V054,141,switch,S_c,2615,5,2606,0.0000,0.0000,0.0000,0,,,,0.1414,,0
SportsMOT,V054,141,switch,S_c,2619,6,2610,0.2991,0.0000,0.2991,0,,,,0.1414,,0
SportsMOT,V054,141,switch,S_h,2608,8,2581,0.0000,0.0000,0.0000,0,,,,0.0781,,0
SportsMOT,V054,142,switch,S_h,2606,0,2609,0.0000,0.0000,0.0000,0,,,,0.0530,,0
SportsMOT,V054,142,switch,S_h,2581,11,2605,0.1401,0.1345,0.0056,0,,,,0.0596,,0
SportsMOT,V054,143,switch,S_c,2625,4,2587,0.7490,0.0517,0.6973,0,,,,0.1414,,0
SportsMOT,V054,149,switch,S_r,2625,3,2575,0.9582,0.4809,0.4773,0,-0.9662,3.881044,0.0016,0.0625,1.0,0
SportsMOT,V054,149,switch,S_r,2575,4,2625,0.8310,0.4171,0.4139,0,0.9873,4.341216,0.0317,0.0595,1.0,0
SportsMOT,V054,155,switch,S_h,2609,0,2606,0.8069,0.0000,0.8069,0,,,,0.0718,,0
SportsMOT,V054,209,switch,S_c,2627,11,2581,0.0000,0.0000,0.0000,0,,,,0.1414,,0
SportsMOT,V054,214,switch,S_c,2628,8,2608,0.0000,0.0000,0.0000,0,,,,0.1414,,0
SportsMOT,V054,217,switch,S_c,2629,9,2610,0.0000,0.0000,0.0000,0,,,,0.1414,,0
SportsMOT,V054,227,switch,S_c,2630,6,2619,0.4698,0.3080,0.1618,0,,,,0.1414,,1
SportsMOT,V054,275,switch,S_c,2631,1,2558,0.0000,0.0000,0.0000,0,,,,0.1414,,0
SportsMOT,V055,40,switch,S_r,2633,1,2638,0.6102,0.3168,0.2934,0,0.4880,1.517403,0.0649,0.0556,2.0,0
SportsMOT,V055,41,switch,S_c,2640,0,2637,0.3393,0.0000,0.3393,0,,,,0.1414,,0
SportsMOT,V055,42,switch,S_c,2642,2,2633,0.0592,0.0347,0.0245,0,,,,0.1414,,0
SportsMOT,V055,43,switch,S_r,2642,1,2633,0.7934,0.5690,0.2245,0,,,0.0457,0.0620,2.0,0
SportsMOT,V055,44,switch,S_c,2644,1,2633,0.5567,0.1620,0.3947,0,,,,0.1414,,0
SportsMOT,V055,45,switch,S_h,2637,6,2636,0.0643,0.0000,0.0643,0,,,,0.0786,,0
SportsMOT,V055,46,switch,S_c,2653,1,2633,0.0000,0.0000,0.0000,0,,,,0.1414,,0
SportsMOT,V055,46,switch,S_c,2650,5,2635,0.0000,0.0000,0.0000,0,,,,0.1414,,0
SportsMOT,V055,47,switch,S_c,2660,1,2633,0.2142,0.0000,0.2142,0,,,,0.1414,,0
SportsMOT,V055,47,switch,S_h,2632,3,2634,0.0000,0.0000,0.0000,0,,,,0.0691,,0
SportsMOT,V055,47,switch,S_h,2633,6,2637,0.5297,0.0000,0.5297,0,,,,0.0705,,0
SportsMOT,V055,48,switch,S_c,2665,1,2633,0.1833,0.0000,0.1833,0,,,,0.1414,,0
SportsMOT,V055,48,switch,S_c,2668,8,2643,0.0029,0.0000,0.0029,0,,,,0.1414,,0
SportsMOT,V055,48,switch,S_c,2666,9,2643,0.2061,0.0000,0.2061,0,,,,0.1414,,0
SportsMOT,V055,49,switch,S_c,2670,1,2633,0.1987,0.0000,0.1987,0,,,,0.1414,,0
SportsMOT,V055,50,switch,S_h,2635,4,2632,0.0000,0.0000,0.0000,0,,,,0.0650,,0
SportsMOT,V055,50,switch,S_h,2640,6,2633,0.2646,0.0000,0.2646,0,,,,0.0782,,0
SportsMOT,V055,50,switch,S_r,2668,9,2666,0.2637,0.2538,0.0099,0,0.2232,1.426920,0.3251,0.0673,2.0,1
SportsMOT,V055,51,switch,S_c,2678,1,2633,0.0000,0.0000,0.0000,0,,,,0.1414,,0
SportsMOT,V055,51,switch,S_c,2677,8,2643,0.0000,0.0000,0.0000,0,,,,0.1414,,0
SportsMOT,V055,52,switch,S_c,2683,0,2640,0.3198,0.0000,0.3198,0,,,,0.1414,,0
SportsMOT,V055,52,switch,S_c,2682,2,2633,0.1152,0.0000,0.1152,0,,,,0.1414,,0
SportsMOT,V055,52,switch,S_c,2681,3,2632,0.0000,0.0000,0.0000,0,,,,0.1414,,0
SportsMOT,V055,54,switch,S_h,2644,7,2639,0.4581,0.0000,0.4581,0,,,,0.1414,,0
SportsMOT,V055,93,switch,S_r,2684,5,2650,0.8332,0.2595,0.5737,0,,,0.0299,0.0613,1.0,0
SportsMOT,V055,240,switch,S_r,2644,8,2677,0.6011,0.4048,0.1964,0,0.4119,1.742392,0.1935,0.0612,1.0,1
SportsMOT,V055,241,switch,S_c,2686,7,2644,0.2066,0.0000,0.2066,0,,,,0.1414,,0
SportsMOT,V056,25,switch,S_r,2693,2,2691,0.3645,0.0874,0.2771,0,0.1030,1.167400,0.1673,0.0569,0.0,0
SportsMOT,V056,25,switch,S_r,2692,4,2689,0.4929,0.1534,0.3395,0,0.6976,2.238059,0.0560,0.0568,0.0,0
SportsMOT,V056,25,switch,S_r,2689,5,2687,0.8113,0.2392,0.5721,0,0.9990,1.232155,0.0987,0.0557,1.0,0
SportsMOT,V056,26,switch,S_c,2696,3,2692,0.0000,0.0000,0.0000,0,,,,0.1414,,0
SportsMOT,V056,29,switch,S_r,2700,10,2701,0.5986,0.3885,0.2101,0,,,0.1562,0.0542,2.0,0
SportsMOT,V056,30,switch,S_r,2696,4,2692,0.5783,0.2660,0.3124,0,0.6318,1.160644,0.1188,0.0610,1.0,0
SportsMOT,V056,30,switch,S_r,2692,5,2689,0.8097,0.3096,0.5002,0,0.9919,1.176431,0.1285,0.0556,2.0,0
SportsMOT,V056,31,switch,S_c,2706,1,2693,0.0000,0.0000,0.0000,0,,,,0.1414,,0
SportsMOT,V056,31,switch,S_c,2705,3,2696,0.1856,0.0000,0.1856,0,,,,0.1414,,0
SportsMOT,V056,31,switch,S_c,2708,9,2700,0.3568,0.0900,0.2669,0,,,,0.1414,,0
SportsMOT,V056,32,switch,S_c,2709,2,2693,0.0000,0.0000,0.0000,0,,,,0.1414,,0
SportsMOT,V056,36,switch,S_c,2711,11,2701,0.0000,0.0000,0.0000,0,,,,0.1414,,0
SportsMOT,V056,43,switch,S_r,2692,4,2696,0.6958,0.6220,0.0737,0,0.5270,2.953782,0.1304,0.0626,2.0,1
SportsMOT,V056,43,switch,S_h,2689,5,2692,0.7615,0.3377,0.4239,0,,,,0.0697,,0
SportsMOT,V056,71,switch,S_c,2712,0,2690,0.0000,0.0000,0.0000,0,,,,0.1414,,0
SportsMOT,V056,76,switch,S_c,2713,1,2706,0.1032,0.0000,0.1032,0,,,,0.1414,,0
SportsMOT,V056,91,switch,S_r,2694,6,2688,0.8906,0.3828,0.5078,0,0.9970,1.274525,0.0761,0.0614,1.0,0
SportsMOT,V056,91,switch,S_r,2688,7,2694,0.8865,0.3311,0.5555,0,0.5812,1.046229,0.0189,0.0558,1.0,0
SportsMOT,V056,106,switch,S_r,2689,4,2692,0.7175,0.0479,0.6696,0,0.8162,1.630009,0.0480,0.0602,1.0,0
SportsMOT,V056,106,switch,S_c,2714,5,2689,0.2313,0.1324,0.0989,0,,,,0.1414,,0
SportsMOT,V056,220,switch,S_r,2688,6,2694,0.7414,0.3923,0.3491,0,0.5798,1.060336,0.0736,0.0618,1.0,0
SportsMOT,V056,221,switch,S_c,2715,5,2714,0.4246,0.0000,0.4246,0,,,,0.1414,,0
SportsMOT,V056,221,switch,S_c,2717,7,2688,0.4474,0.0000,0.4474,0,,,,0.1414,,0
SportsMOT,V056,221,switch,S_r,2711,9,2708,0.6806,0.0098,0.6708,0,0.2620,1.337822,0.0640,0.0550,0.0,0
SportsMOT,V056,221,switch,S_c,2716,11,2711,0.2231,0.0000,0.2231,0,,,,0.1414,,0
SportsMOT,V056,226,switch,S_c,2720,2,2709,0.1652,0.0000,0.1652,0,,,,0.1414,,0
SportsMOT,V056,226,switch,S_c,2721,4,2689,0.1003,0.0000,0.1003,0,,,,0.1414,,0
SportsMOT,V056,226,switch,S_c,2718,5,2715,0.2287,0.0000,0.2287,0,,,,0.1414,,0
SportsMOT,V056,226,switch,S_c,2719,6,2688,0.7044,0.0000,0.7044,0,,,,0.1414,,0
SportsMOT,V056,230,switch,S_h,2715,5,2718,0.3666,0.2832,0.0834,0,,,,0.0755,,1
SportsMOT,V056,231,switch,S_h,2689,5,2718,0.5516,0.3186,0.2329,0,,,,0.0649,,0
SportsMOT,V056,231,switch,S_h,2688,6,2719,0.4675,0.2604,0.2071,0,,,,0.0924,,0
SportsMOT,V056,231,switch,S_r,2719,7,2717,0.7987,0.5865,0.2122,0,0.9610,2.145564,0.0651,0.0607,1.0,0
SportsMOT,V056,232,switch,S_h,2709,2,2720,0.7398,0.0000,0.7398,0,,,,0.0649,,0
SportsMOT,V056,233,switch,S_h,2717,1,2713,0.6891,0.1638,0.5253,0,,,,0.0618,,0
SportsMOT,V056,233,switch,S_h,2714,6,2688,0.6093,0.2549,0.3545,0,,,,0.0996,,0
SportsMOT,V056,235,switch,S_h,2688,1,2717,0.2956,0.1623,0.1333,0,,,,0.0512,,0
SportsMOT,V056,235,switch,S_h,2708,9,2711,0.5841,0.2032,0.3809,0,,,,0.0696,,0
SportsMOT,V056,236,switch,S_h,2715,2,2709,0.0000,0.0000,0.0000,0,,,,0.0671,,0
SportsMOT,V056,236,switch,S_c,2723,5,2689,0.3884,0.3353,0.0532,0,,,,0.1414,,1
SportsMOT,V056,237,switch,S_h,2718,2,2709,0.7682,0.0000,0.7682,0,,,,0.0768,,0
SportsMOT,V057,12,switch,S_r,2725,5,2727,0.5577,0.3008,0.2569,0,-0.0726,2.665672,0.0260,0.0578,2.0,0
SportsMOT,V057,13,switch,S_c,2731,4,2725,0.1580,0.0445,0.1135,0,,,,0.1414,,0
SportsMOT,V057,17,switch,S_r,2726,4,2731,0.7030,0.3799,0.3231,0,0.5334,1.620835,0.1552,0.0598,1.0,0
SportsMOT,V057,17,switch,S_r,2731,5,2725,0.5226,0.2154,0.3072,0,0.9993,2.971292,0.0429,0.0602,2.0,0
SportsMOT,V057,18,switch,S_c,2735,3,2726,0.3025,0.0000,0.3025,0,,,,0.1414,,0
SportsMOT,V057,18,switch,S_c,2733,6,2730,0.0000,0.0000,0.0000,0,,,,0.1414,,0
SportsMOT,V057,18,switch,S_c,2734,7,2732,0.0000,0.0000,0.0000,0,,,,0.1414,,0
SportsMOT,V057,22,switch,S_r,2726,5,2731,0.6287,0.3927,0.2360,0,0.9752,1.678185,0.0853,0.0545,2.0,0
SportsMOT,V057,22,switch,S_h,2730,7,2734,0.2475,0.0000,0.2475,0,,,,0.0783,,0
SportsMOT,V057,23,switch,S_c,2740,8,2736,0.0000,0.0000,0.0000,0,,,,0.1414,,0
SportsMOT,V057,23,switch,S_c,2739,9,2732,0.0000,0.0000,0.0000,0,,,,0.1414,,0
SportsMOT,V057,27,switch,S_r,2735,5,2726,0.6477,0.2187,0.4290,0,0.6112,1.336367,0.1799,0.0574,1.0,0
SportsMOT,V057,27,switch,S_h,2734,9,2739,0.3338,0.0000,0.3338,0,,,,0.0718,,0
SportsMOT,V057,28,switch,S_c,2750,3,2735,0.2146,0.0000,0.2146,0,,,,0.1414,,0
SportsMOT,V057,28,switch,S_c,2748,7,2730,0.0000,0.0000,0.0000,0,,,,0.1414,,0
SportsMOT,V057,28,switch,S_c,2749,10,2732,0.0000,0.0000,0.0000,0,,,,0.1414,,0
SportsMOT,V057,28,switch,S_h,2732,11,2743,0.0000,0.0000,0.0000,0,,,,0.0573,,0
SportsMOT,V057,33,switch,S_c,2756,4,2726,0.6107,0.3265,0.2841,0,,,,0.1414,,0
SportsMOT,V057,34,switch,S_r,2735,4,2726,0.6071,0.4193,0.1878,0,0.9924,1.365475,0.2023,0.0601,2.0,1
SportsMOT,V057,34,switch,S_r,2756,5,2735,0.8016,0.7357,0.0659,0,,,0.0400,0.0577,2.0,1
SportsMOT,V057,41,switch,S_h,2739,9,2734,0.7533,0.0000,0.7533,0,,,,0.0526,,0
SportsMOT,V057,44,switch,S_h,2730,7,2748,0.6718,0.0000,0.6718,0,,,,0.0692,,0
SportsMOT,V057,46,switch,S_r,2756,4,2735,0.5238,0.4399,0.0839,0,0.6863,4.027482,0.1064,0.0648,2.0,1
SportsMOT,V057,46,switch,S_h,2726,5,2756,0.7381,0.1451,0.5930,0,,,,0.0642,,0
SportsMOT,V057,46,switch,S_h,2725,6,2733,0.4640,0.0000,0.4640,0,,,,0.0898,,0
SportsMOT,V057,46,switch,S_h,2734,7,2730,0.6152,0.0352,0.5800,0,,,,0.0844,,0
SportsMOT,V057,48,switch,S_r,2726,4,2756,0.5536,0.4784,0.0752,0,0.7622,2.287700,0.1070,0.0647,2.0,1
SportsMOT,V057,49,switch,S_c,2757,5,2726,0.1434,0.0662,0.0772,0,,,,0.1414,,0
SportsMOT,V057,51,switch,S_h,2731,4,2726,0.6304,0.4096,0.2208,0,,,,0.0827,,0
SportsMOT,V057,63,switch,S_c,2759,0,2728,0.0000,0.0000,0.0000,0,,,,0.1414,,0
SportsMOT,V057,63,switch,S_c,2758,2,2724,0.0000,0.0000,0.0000,0,,,,0.1414,,0
SportsMOT,V057,70,switch,S_c,2760,1,2729,0.0000,0.0000,0.0000,0,,,,0.1414,,0
SportsMOT,V057,214,switch,S_r,2732,6,2725,0.9582,0.4589,0.4993,0,0.9580,1.108820,0.0183,0.0573,1.0,0
SportsMOT,V057,214,switch,S_r,2725,11,2732,0.9412,0.4192,0.5220,0,0.9983,2.577631,0.0222,0.0568,1.0,0
SportsMOT,V058,156,switch,S_c,2781,2,2777,0.0000,0.0000,0.0000,0,,,,0.1414,,0
SportsMOT,V058,162,switch,S_c,2782,15,2764,0.0000,0.0000,0.0000,0,,,,0.1414,,0
SportsMOT,V058,192,switch,S_c,2783,1,2768,0.0000,0.0000,0.0000,0,,,,0.1414,,0
SportsMOT,V058,202,switch,S_c,2784,11,2769,0.0000,0.0000,0.0000,0,,,,0.1414,,0
SportsMOT,V058,329,switch,S_c,2786,11,2784,0.0000,0.0000,0.0000,0,,,,0.1414,,0
SportsMOT,V058,371,switch,S_c,2788,0,2767,0.0000,0.0000,0.0000,0,,,,0.1414,,0
SportsMOT,V058,372,switch,S_c,2789,4,2778,0.0000,0.0000,0.0000,0,,,,0.1414,,0
SportsMOT,V058,373,switch,S_r,2783,15,2782,0.4710,0.4483,0.0227,0,-0.5721,1.753417,0.1066,0.0534,2.0,1
SportsMOT,V058,375,switch,S_c,2799,15,2783,0.3349,0.0000,0.3349,0,,,,0.1414,,0
SportsMOT,V058,377,switch,S_h,2782,2,2781,0.6012,0.0000,0.6012,0,,,,0.0898,,0
SportsMOT,V058,377,switch,S_h,2771,3,2765,0.0000,0.0000,0.0000,0,,,,0.0791,,0
SportsMOT,V058,377,switch,S_h,2778,14,2771,0.0000,0.0000,0.0000,0,,,,0.0656,,0
SportsMOT,V058,377,switch,S_c,2813,15,2799,0.4089,0.0000,0.4089,0,,,,0.1414,,0
SportsMOT,V058,378,switch,S_h,2772,2,2781,0.0656,0.0000,0.0656,0,,,,0.0811,,0
SportsMOT,V058,378,switch,S_c,2818,15,2799,0.2269,0.0000,0.2269,0,,,,0.1414,,0
SportsMOT,V058,379,switch,S_c,2827,15,2799,0.2792,0.0000,0.2792,0,,,,0.1414,,0
SportsMOT,V058,380,switch,S_c,2837,15,2799,0.2731,0.0000,0.2731,0,,,,0.1414,,0
SportsMOT,V058,381,switch,S_h,2813,2,2781,0.0149,0.0000,0.0149,0,,,,0.1414,,0
SportsMOT,V058,381,switch,S_h,2778,3,2765,0.0000,0.0000,0.0000,0,,,,0.0700,,0
SportsMOT,V058,381,switch,S_h,2780,4,2778,0.0000,0.0000,0.0000,0,,,,0.0848,,0
SportsMOT,V058,381,switch,S_c,2847,15,2799,0.2605,0.0002,0.2603,0,,,,0.1414,,0
SportsMOT,V058,382,switch,S_h,2827,2,2781,0.0530,0.0327,0.0203,0,,,,0.1414,,0
SportsMOT,V058,382,switch,S_c,2857,15,2799,0.2769,0.0001,0.2768,0,,,,0.1414,,0
SportsMOT,V058,383,switch,S_h,2837,2,2781,0.1547,0.0547,0.0999,0,,,,0.1414,,0
SportsMOT,V058,383,switch,S_h,2773,5,2780,0.0000,0.0000,0.0000,0,,,,0.0760,,0
SportsMOT,V058,383,switch,S_c,2868,15,2799,0.3174,0.0000,0.3174,0,,,,0.1414,,0
SportsMOT,V058,384,switch,S_h,2847,2,2781,0.1492,0.0683,0.0809,0,,,,0.1414,,0
SportsMOT,V058,384,switch,S_c,2876,15,2799,0.3301,0.0000,0.3301,0,,,,0.1414,,0
SportsMOT,V058,385,switch,S_h,2857,2,2781,0.2240,0.0866,0.1374,0,,,,0.1414,,0
SportsMOT,V058,385,switch,S_h,2782,5,2773,0.6143,0.0000,0.6143,0,,,,0.0815,,0
SportsMOT,V058,385,switch,S_h,2813,7,2773,0.0000,0.0000,0.0000,0,,,,0.1414,,0
SportsMOT,V058,385,switch,S_c,2884,17,2772,0.1124,0.0000,0.1124,0,,,,0.1414,,0
SportsMOT,V058,386,switch,S_h,2868,2,2781,0.2983,0.1134,0.1849,0,,,,0.1414,,0
SportsMOT,V058,386,switch,S_h,2827,7,2773,0.1023,0.0000,0.1023,0,,,,0.1414,,0
SportsMOT,V058,386,switch,S_h,2780,14,2771,0.0000,0.0000,0.0000,0,,,,0.0635,,0
SportsMOT,V058,387,switch,S_h,2837,7,2773,0.2355,0.0000,0.2355,0,,,,0.1414,,0
SportsMOT,V058,387,switch,S_c,2895,10,2762,0.0000,0.0000,0.0000,0,,,,0.1414,,0
SportsMOT,V058,388,switch,S_h,2847,7,2773,0.2558,0.0000,0.2558,0,,,,0.1414,,0
SportsMOT,V058,389,switch,S_c,2910,4,2778,0.0000,0.0000,0.0000,0,,,,0.1414,,0
SportsMOT,V058,389,switch,S_h,2857,7,2773,0.3147,0.0000,0.3147,0,,,,0.1414,,0
SportsMOT,V058,389,switch,S_c,2914,18,2779,0.0000,0.0000,0.0000,0,,,,0.1414,,0
SportsMOT,V058,390,switch,S_h,2884,2,2781,0.1801,0.0000,0.1801,0,,,,0.0722,,0
SportsMOT,V058,390,switch,S_h,2780,3,2765,0.0000,0.0000,0.0000,0,,,,0.0732,,0
SportsMOT,V058,390,switch,S_h,2781,5,2773,0.0000,0.0000,0.0000,0,,,,0.0853,,0
SportsMOT,V058,390,switch,S_h,2868,7,2773,0.3739,0.0000,0.3739,0,,,,0.1414,,0
SportsMOT,V058,390,switch,S_h,2771,12,2774,0.0000,0.0000,0.0000,0,,,,0.0879,,0
SportsMOT,V058,392,switch,S_c,2928,14,2771,0.0000,0.0000,0.0000,0,,,,0.1414,,0
SportsMOT,V058,393,switch,S_c,2934,3,2780,0.0000,0.0000,0.0000,0,,,,0.1414,,0
SportsMOT,V058,393,switch,S_c,2932,7,2868,0.0000,0.0000,0.0000,0,,,,0.1414,,0
SportsMOT,V058,393,switch,S_c,2936,8,2766,0.0000,0.0000,0.0000,0,,,,0.1414,,0
SportsMOT,V058,394,switch,S_h,2778,6,2763,0.0000,0.0000,0.0000,0,,,,0.0734,,0
SportsMOT,V058,394,switch,S_c,2941,8,2766,0.2175,0.0000,0.2175,0,,,,0.1414,,0
SportsMOT,V058,395,switch,S_c,2945,18,2779,0.1221,0.0000,0.1221,0,,,,0.1414,,0
SportsMOT,V058,396,switch,S_c,2946,6,2763,0.0000,0.0000,0.0000,0,,,,0.1414,,0
SportsMOT,V058,396,switch,S_c,2948,12,2774,0.2886,0.0000,0.2886,0,,,,0.1414,,0
SportsMOT,V058,396,switch,S_c,2947,16,2776,0.0000,0.0000,0.0000,0,,,,0.1414,,0
SportsMOT,V058,400,switch,S_h,2818,10,2895,0.7332,0.0000,0.7332,0,,,,0.1414,,0
SportsMOT,V060,89,switch,S_c,2971,1,2963,0.0000,0.0000,0.0000,0,,,,0.1414,,0
SportsMOT,V060,148,switch,S_c,2972,7,2962,0.0000,0.0000,0.0000,0,,,,0.1414,,0
SportsMOT,V060,216,switch,S_r,2969,2,2965,0.9292,0.3877,0.5414,0,0.9884,1.301902,0.0466,0.0565,2.0,0
SportsMOT,V060,216,switch,S_r,2965,9,2969,0.9518,0.3664,0.5854,0,0.9568,1.381683,0.0121,0.0575,1.0,0
SportsMOT,V060,262,switch,S_c,2973,2,2969,0.0000,0.0000,0.0000,0,,,,0.1414,,0
SportsMOT,V060,426,switch,S_r,2967,3,2966,0.8803,0.4815,0.3988,0,0.7895,2.082630,0.0224,0.0597,2.0,0
SportsMOT,V060,426,switch,S_r,2966,8,2967,0.8684,0.4169,0.4515,0,-0.3174,1.193023,0.0233,0.0613,2.0,0
SportsMOT,V060,428,switch,S_c,2974,2,2973,0.1080,0.0000,0.1080,0,,,,0.1414,,0
SportsMOT,V060,442,switch,S_r,2967,1,2971,0.8797,0.4863,0.3934,0,0.7794,1.240313,0.0294,0.0592,2.0,0
SportsMOT,V060,442,switch,S_r,2971,3,2967,0.9311,0.5705,0.3606,0,-0.9938,2.371610,0.0042,0.0564,3.0,0
SportsMOT,V060,506,switch,S_c,2976,4,2968,0.0000,0.0000,0.0000,0,,,,0.1414,,0
SportsMOT,V060,562,switch,S_c,2977,2,2974,0.0000,0.0000,0.0000,0,,,,0.1414,,0
SportsMOT,V060,566,switch,S_c,2978,9,2965,0.0089,0.0000,0.0089,0,,,,0.1414,,0
SportsMOT,V060,769,switch,S_r,2976,0,2961,0.7553,0.5441,0.2112,0,-0.4968,3.184615,0.0567,0.0506,4.0,0
SportsMOT,V060,771,switch,S_h,2961,4,2976,0.4167,0.1576,0.2590,0,,,,0.0711,,0
SportsMOT,V061,28,switch,S_c,2989,9,2981,0.4520,0.0000,0.4520,0,,,,0.1414,,0
SportsMOT,V061,112,switch,S_c,2990,2,2988,0.0000,0.0000,0.0000,0,,,,0.1414,,0
SportsMOT,V061,120,switch,S_c,2991,3,2986,0.1583,0.0000,0.1583,0,,,,0.1414,,0
SportsMOT,V061,138,switch,S_c,2992,0,2987,0.0000,0.0000,0.0000,0,,,,0.1414,,0
SportsMOT,V061,140,switch,S_c,2993,1,2985,0.3930,0.0000,0.3930,0,,,,0.1414,,0
SportsMOT,V061,196,switch,S_r,2993,0,2992,0.7384,0.5366,0.2017,0,,,0.0009,0.0585,5.0,0
SportsMOT,V061,196,switch,S_r,2992,1,2993,0.7923,0.5379,0.2544,0,0.7616,2.268512,0.0716,0.0568,5.0,0
SportsMOT,V061,250,switch,S_r,2984,0,2993,0.8886,0.4410,0.4476,0,0.9997,2.369547,0.0310,0.0585,1.0,0
SportsMOT,V061,250,switch,S_r,2993,8,2984,0.8549,0.4423,0.4126,0,0.9935,1.798464,0.0493,0.0567,1.0,0
SportsMOT,V061,256,switch,S_r,2980,6,2979,0.9301,0.4653,0.4648,0,1.0000,3.297163,0.0068,0.0586,1.0,0
SportsMOT,V061,256,switch,S_r,2979,7,2980,0.8998,0.4334,0.4664,0,0.8149,1.278925,0.0260,0.0550,1.0,0
SportsMOT,V062,303,switch,S_r,3000,0,2999,0.9381,0.4337,0.5044,0,0.9788,1.272315,0.0226,0.0582,1.0,0
SportsMOT,V062,303,switch,S_r,2999,7,3000,0.9404,0.4418,0.4986,0,0.9842,1.989174,0.0108,0.0587,1.0,0
SportsMOT,V062,387,switch,S_c,3009,1,3007,0.0000,0.0000,0.0000,0,,,,0.1414,,0
SportsMOT,V062,398,switch,S_c,3010,3,3003,0.0000,0.0000,0.0000,0,,,,0.1414,,0
SportsMOT,V062,411,switch,S_c,3011,4,3008,0.0000,0.0000,0.0000,0,,,,0.1414,,0
SportsMOT,V062,414,switch,S_c,3012,6,3001,0.0976,0.0000,0.0976,0,,,,0.1414,,0
SportsMOT,V062,505,switch,S_c,3013,0,3000,0.4967,0.1145,0.3822,0,,,,0.1414,,0
SportsMOT,V063,28,switch,S_r,3024,2,3015,0.9203,0.4158,0.5045,0,0.7399,1.748949,0.0086,0.0597,3.0,0
SportsMOT,V063,28,switch,S_r,3015,9,3024,0.8895,0.4877,0.4019,0,0.9712,1.408341,0.0540,0.0576,2.0,0
SportsMOT,V063,257,switch,S_r,3019,2,3024,0.7659,0.4523,0.3137,0,0.9781,1.191054,0.0899,0.0647,4.0,0
SportsMOT,V063,257,switch,S_r,3024,7,3019,0.8594,0.4981,0.3613,0,,,0.0161,0.0547,4.0,0
SportsMOT,V063,342,switch,S_c,3025,0,3017,0.0000,0.0000,0.0000,0,,,,0.1414,,0
SportsMOT,V063,347,switch,S_c,3026,4,3022,0.0000,0.0000,0.0000,0,,,,0.1414,,0
SportsMOT,V063,351,switch,S_c,3027,3,3023,0.0000,0.0000,0.0000,0,,,,0.1414,,0
SportsMOT,V063,710,switch,S_r,3026,3,3027,0.9581,0.5007,0.4574,0,0.9783,1.012372,0.0483,0.0581,1.0,0
SportsMOT,V063,710,switch,S_r,3027,4,3026,0.9678,0.5040,0.4638,0,0.9974,1.021662,0.0788,0.0579,1.0,0
SportsMOT,V063,796,switch,S_r,3021,2,3019,0.8635,0.5662,0.2973,0,0.9375,2.154154,0.0282,0.0610,1.0,0
SportsMOT,V063,799,switch,S_c,3028,5,3021,0.7191,0.4135,0.3056,0,,,,0.1414,,0
SportsMOT,V063,808,switch,S_r,3028,1,3018,0.9670,0.4418,0.5252,0,0.9891,1.019682,0.0531,0.0571,3.0,0
SportsMOT,V063,808,switch,S_r,3018,5,3028,0.9422,0.4441,0.4980,0,0.8432,1.172539,0.0184,0.0579,2.0,0
SportsMOT,V063,829,switch,S_c,3029,8,3020,0.0000,0.0000,0.0000,0,,,,0.1414,,0
SportsMOT,V063,832,switch,S_c,3030,9,3015,0.0469,0.0000,0.0469,0,,,,0.1414,,0
SportsMOT,V064,486,switch,S_c,3041,7,3033,0.0000,0.0000,0.0000,0,,,,0.1414,,0
SportsMOT,V064,501,switch,S_c,3042,6,3034,0.0000,0.0000,0.0000,0,,,,0.1414,,0
SportsMOT,V064,567,switch,S_c,3044,9,3038,0.0000,0.0000,0.0000,0,,,,0.1414,,0
SportsMOT,V064,610,switch,S_c,3045,8,3037,0.6336,0.0000,0.6336,0,,,,0.1414,,0
SportsMOT,V064,746,switch,S_c,3046,9,3044,0.0000,0.0000,0.0000,0,,,,0.1414,,0
SportsMOT,V064,759,switch,S_c,3047,4,3040,0.0000,0.0000,0.0000,0,,,,0.1414,,0
SportsMOT,V065,17,switch,S_r,3057,4,3054,0.9336,0.4995,0.4340,0,-0.7674,1.835457,0.0051,0.0574,4.0,0
SportsMOT,V065,17,switch,S_r,3054,9,3057,0.8417,0.4591,0.3826,0,0.9982,2.282291,0.0542,0.0582,3.0,0
SportsMOT,V065,235,switch,S_r,3051,5,3053,0.9363,0.5125,0.4238,0,0.8405,2.354697,0.0158,0.0561,2.0,0
SportsMOT,V065,235,switch,S_r,3053,6,3051,0.9081,0.5092,0.3989,0,0.9476,1.170224,0.0228,0.0533,2.0,0
SportsMOT,V065,285,switch,S_r,3053,4,3057,0.9045,0.5394,0.3650,0,0.5764,1.691171,0.0113,0.0569,2.0,0
SportsMOT,V065,285,switch,S_r,3057,6,3053,0.9474,0.5524,0.3950,0,0.9453,2.391936,0.0111,0.0589,2.0,0
SportsMOT,V065,340,switch,S_c,3059,1,3048,0.0000,0.0000,0.0000,0,,,,0.1414,,0
SportsMOT,V065,351,switch,S_c,3060,9,3054,0.0000,0.0000,0.0000,0,,,,0.1414,,0
SportsMOT,V065,376,switch,S_c,3061,7,3055,0.0000,0.0000,0.0000,0,,,,0.1414,,0
SportsMOT,V065,390,switch,S_c,3062,8,3056,0.0000,0.0000,0.0000,0,,,,0.1414,,0
SportsMOT,V065,491,switch,S_c,3063,4,3053,0.0000,0.0000,0.0000,0,,,,0.1414,,0
SportsMOT,V065,556,switch,S_r,3057,5,3051,0.9169,0.3763,0.5406,0,0.9993,1.308457,0.0530,0.0597,1.0,0
SportsMOT,V065,556,switch,S_r,3051,6,3057,0.9143,0.3947,0.5196,0,-0.8990,1.549358,0.0093,0.0605,1.0,0
SportsMOT,V065,589,switch,S_c,3064,0,3052,0.0000,0.0000,0.0000,0,,,,0.1414,,0
SportsMOT,V065,596,switch,S_c,3065,4,3063,0.0000,0.0000,0.0000,0,,,,0.1414,,0
SportsMOT,V065,654,switch,S_c,3066,5,3057,0.0000,0.0000,0.0000,0,,,,0.1414,,0
SportsMOT,V065,942,switch,S_h,3067,5,3066,0.5351,0.0103,0.5248,0,,,,0.0683,,0
SportsMOT,V065,946,switch,S_r,3067,2,3050,0.9272,0.4255,0.5017,0,0.9379,4.864572,0.0127,0.0575,2.0,0
SportsMOT,V065,946,switch,S_r,3050,5,3067,0.7646,0.4700,0.2946,0,0.9971,2.880150,0.0313,0.0675,1.0,0
SportsMOT,V066,28,switch,S_c,3089,10,3079,0.3990,0.0000,0.3990,0,,,,0.1414,,0
SportsMOT,V066,31,switch,S_c,3098,7,3075,0.4570,0.0000,0.4570,0,,,,0.1414,,0
SportsMOT,V066,35,switch,S_c,3105,9,3075,0.0000,0.0000,0.0000,0,,,,0.1414,,0
SportsMOT,V066,35,switch,S_c,3106,11,3075,0.3095,0.0000,0.3095,0,,,,0.1414,,0
SportsMOT,V066,39,switch,S_r,3072,3,3070,0.6265,0.5005,0.1261,0,0.8977,1.785250,0.1828,0.0576,2.0,1
SportsMOT,V066,40,switch,S_c,3107,5,3072,0.1304,0.0000,0.1304,0,,,,0.1414,,0
SportsMOT,V066,44,switch,S_c,3109,3,3072,0.3474,0.0000,0.3474,0,,,,0.1414,,0
SportsMOT,V066,44,switch,S_c,3110,4,3073,0.3319,0.0000,0.3319,0,,,,0.1414,,0
SportsMOT,V066,48,switch,S_h,3070,2,3069,0.6733,0.0000,0.6733,0,,,,0.0728,,0
SportsMOT,V066,52,switch,S_h,3072,2,3070,0.6730,0.0000,0.6730,0,,,,0.0719,,0
SportsMOT,V066,81,switch,S_c,3111,1,3071,0.0000,0.0000,0.0000,0,,,,0.1414,,0
SportsMOT,V066,84,switch,S_c,3112,0,3068,0.2610,0.0000,0.2610,0,,,,0.1414,,0
SportsMOT,V067,32,switch,S_c,3120,6,3119,0.1000,0.0000,0.1000,0,,,,0.1414,,0
SportsMOT,V067,33,switch,S_r,3120,7,3119,0.7437,0.4902,0.2535,0,,,0.0797,0.0652,1.0,0
SportsMOT,V067,34,switch,S_c,3121,6,3119,0.2168,0.0000,0.2168,0,,,,0.1414,,0
SportsMOT,V067,36,switch,S_c,3123,6,3121,0.3320,0.0000,0.3320,0,,,,0.1414,,0
SportsMOT,V067,36,switch,S_r,3121,7,3120,0.5897,0.0000,0.5897,0,0.9497,2.034737,0.2097,0.0635,0.0,0
SportsMOT,V067,61,switch,S_r,3117,3,3116,0.6219,0.4464,0.1755,0,0.6007,9.016671,0.1440,0.0577,2.0,1
SportsMOT,V067,62,switch,S_c,3134,4,3117,0.1190,0.0714,0.0476,0,,,,0.1414,,0
SportsMOT,V067,80,switch,S_c,3135,0,3113,0.0000,0.0000,0.0000,0,,,,0.1414,,0
SportsMOT,V067,113,switch,S_c,3136,3,3117,0.4326,0.4231,0.0095,0,,,,0.1414,,1
SportsMOT,V067,114,switch,S_r,3134,3,3117,0.9023,0.4303,0.4720,0,0.9495,1.061372,0.0429,0.0575,2.0,0
SportsMOT,V067,114,switch,S_r,3136,4,3134,0.8581,0.3678,0.4903,0,,,0.0246,0.0625,2.0,0
SportsMOT,V068,34,switch,S_c,3165,9,3145,0.0000,0.0000,0.0000,0,,,,0.1414,,0
SportsMOT,V068,36,switch,S_c,3170,8,3146,0.0000,0.0000,0.0000,0,,,,0.1414,,0
SportsMOT,V068,37,switch,S_c,3172,11,3145,0.2859,0.0070,0.2789,0,,,,0.1414,,0
SportsMOT,V068,97,switch,S_c,3174,0,3137,0.0000,0.0000,0.0000,0,,,,0.1414,,0
SportsMOT,V068,155,switch,S_c,3175,3,3139,0.5146,0.0000,0.5146,0,,,,0.1414,,0
SportsMOT,V068,210,switch,S_r,3143,7,3144,0.8101,0.0676,0.7425,0,0.9970,1.271265,0.0770,0.0503,1.0,0
SportsMOT,V068,212,switch,S_r,3144,7,3144,0.8123,0.0523,0.7600,0,,,0.0414,0.0524,1.0,0
SportsMOT,V068,253,switch,S_r,3144,6,3143,0.9861,0.4684,0.5177,0,0.7869,1.099925,0.0055,0.0574,1.0,0
SportsMOT,V068,253,switch,S_r,3143,7,3144,0.9537,0.4468,0.5069,0,0.9978,1.223583,0.0372,0.0577,1.0,0
SportsMOT,V068,295,switch,S_r,3174,1,3138,0.9255,0.0000,0.9255,0,0.9848,1.110688,0.0186,0.0587,0.0,0
SportsMOT,V068,327,switch,S_c,3176,0,3174,0.0000,0.0000,0.0000,0,,,,0.1414,,0
SportsMOT,V068,334,switch,S_c,3181,4,3141,0.7438,0.0000,0.7438,0,,,,0.1414,,0
SportsMOT,V068,394,switch,S_c,3182,9,3165,0.0298,0.0000,0.0298,0,,,,0.1414,,0
SportsMOT,V069,54,switch,S_c,3226,9,3211,0.0265,0.0000,0.0265,0,,,,0.1414,,0
SportsMOT,V069,55,switch,S_r,3226,11,3211,0.4078,0.1746,0.2332,0,,,0.2065,0.0645,1.0,0
SportsMOT,V069,56,switch,S_c,3231,9,3211,0.0200,0.0000,0.0200,0,,,,0.1414,,0
SportsMOT,V069,96,switch,S_c,3239,2,3185,0.0000,0.0000,0.0000,0,,,,0.1414,,0
SportsMOT,V069,115,switch,S_c,3240,1,3184,0.0000,0.0000,0.0000,0,,,,0.1414,,0
SportsMOT,V069,136,switch,S_c,3241,0,3183,0.0000,0.0000,0.0000,0,,,,0.1414,,0
SportsMOT,V069,164,switch,S_r,3187,5,3238,0.9530,0.0000,0.9530,0,0.9820,1.067082,0.0835,0.0589,0.0,0
SportsMOT,V069,175,switch,S_c,3243,5,3187,0.6799,0.0000,0.6799,0,,,,0.1414,,0
SportsMOT,V069,180,switch,S_r,3243,4,3187,0.8211,0.2791,0.5420,0,0.9915,1.460760,0.1063,0.0596,1.0,0
SportsMOT,V069,180,switch,S_r,3187,5,3243,0.9738,0.3379,0.6358,0,0.9789,1.200711,0.0224,0.0580,1.0,0
SportsMOT,V069,190,switch,S_c,3244,10,3225,0.0000,0.0000,0.0000,0,,,,0.1414,,0
SportsMOT,V069,215,switch,S_c,3245,6,3199,0.0000,0.0000,0.0000,0,,,,0.1414,,0
SportsMOT,V069,219,switch,S_r,3246,11,3226,0.9550,0.1726,0.7824,0,,,0.0033,0.0644,1.0,0
SportsMOT,V069,240,switch,S_r,3231,8,3208,0.8274,0.6521,0.1753,0,0.8635,1.213924,0.0662,0.0503,1.0,1
SportsMOT,V069,242,switch,S_r,3243,1,3240,0.6835,0.5097,0.1737,0,0.0287,2.235357,0.0996,0.0498,2.0,1
SportsMOT,V069,242,switch,S_r,3240,4,3243,0.8409,0.3088,0.5321,0,0.8530,1.833357,0.0859,0.0562,2.0,0
SportsMOT,V069,244,switch,S_h,3208,7,3201,0.8357,0.0000,0.8357,0,,,,0.0616,,0
SportsMOT,V070,13,switch,S_c,3257,8,3256,0.4400,0.2958,0.1442,0,,,,0.1414,,1
SportsMOT,V070,26,switch,S_c,3260,7,3253,0.4864,0.4448,0.0416,0,,,,0.1414,,1
SportsMOT,V070,32,switch,S_r,3260,6,3251,0.9292,0.4941,0.4351,0,0.9928,1.232457,0.0752,0.0612,2.0,0
SportsMOT,V070,32,switch,S_r,3251,7,3260,0.8924,0.6195,0.2729,0,0.9901,1.280401,0.0608,0.0593,2.0,0
SportsMOT,V070,35,switch,S_h,3256,9,3250,0.8246,0.0000,0.8246,0,,,,0.0725,,0
SportsMOT,V070,67,switch,S_r,3257,7,3251,0.9724,0.4456,0.5268,0,0.9996,1.000067,0.1023,0.0579,1.0,0
SportsMOT,V070,67,switch,S_r,3251,8,3257,0.9624,0.4468,0.5156,0,0.9996,1.023275,0.1313,0.0573,1.0,0
SportsMOT,V070,105,switch,S_c,3261,1,3254,0.0000,0.0000,0.0000,0,,,,0.1414,,0
SportsMOT,V070,109,switch,S_c,3262,0,3247,0.0000,0.0000,0.0000,0,,,,0.1414,,0
SportsMOT,V070,111,switch,S_c,3263,2,3255,0.3268,0.0000,0.3268,0,,,,0.1414,,0
SportsMOT,V070,118,switch,S_c,3264,3,3252,0.4819,0.0000,0.4819,0,,,,0.1414,,0
SportsMOT,V070,122,switch,S_r,3251,7,3257,0.9235,0.0068,0.9167,0,0.9877,1.154174,0.0427,0.0575,1.0,0
SportsMOT,V070,125,switch,S_h,3257,8,3251,0.8144,0.0000,0.8144,0,,,,0.0666,,0
SportsMOT,V070,134,switch,S_r,3264,4,3248,0.5237,0.5178,0.0060,0,-0.9956,2.703074,0.0950,0.0571,2.0,1
SportsMOT,V070,135,switch,S_c,3265,3,3264,0.1191,0.0582,0.0610,0,,,,0.1414,,0
SportsMOT,V070,136,switch,S_h,3248,8,3257,0.2654,0.0000,0.2654,0,,,,0.0686,,0
SportsMOT,V070,139,switch,S_c,3267,7,3251,0.4600,0.0000,0.4600,0,,,,0.1414,,0
SportsMOT,V070,142,switch,S_r,3268,0,3262,0.8577,0.6933,0.1644,0,0.4929,6.387136,0.0391,0.0601,1.0,1
SportsMOT,V070,143,switch,S_h,3262,0,3262,0.7451,0.0000,0.7451,0,,,,0.0595,,0
SportsMOT,V070,144,switch,S_h,3268,0,3262,0.7022,0.0000,0.7022,0,,,,0.0645,,0
SportsMOT,V070,251,switch,S_r,3267,6,3260,0.9416,0.4997,0.4419,0,0.9953,1.107445,0.0366,0.0598,2.0,0
SportsMOT,V070,251,switch,S_r,3260,7,3267,0.9045,0.4674,0.4370,0,0.9998,1.193604,0.0328,0.0595,2.0,0
SportsMOT,V070,280,switch,S_c,3269,0,3268,0.0000,0.0000,0.0000,0,,,,0.1414,,0
SportsMOT,V070,296,switch,S_c,3270,1,3261,0.0000,0.0000,0.0000,0,,,,0.1414,,0
SportsMOT,V070,303,switch,S_c,3272,2,3263,0.0000,0.0000,0.0000,0,,,,0.1414,,0
SportsMOT,V070,355,switch,S_c,3273,11,3259,0.0000,0.0000,0.0000,0,,,,0.1414,,0
SportsMOT,V070,378,switch,S_r,3277,6,3267,0.9415,0.4300,0.5115,0,0.9958,1.040076,0.1329,0.0602,2.0,0
SportsMOT,V070,378,switch,S_r,3267,7,3260,0.8888,0.4566,0.4322,0,0.9984,1.075214,0.1406,0.0581,2.0,0
SportsMOT,V070,433,switch,S_c,3279,1,3270,0.0000,0.0000,0.0000,0,,,,0.1414,,0
SportsMOT,V070,444,switch,S_c,3280,0,3269,0.0000,0.0000,0.0000,0,,,,0.1414,,0
SportsMOT,V070,448,switch,S_c,3281,2,3272,0.0230,0.0000,0.0230,0,,,,0.1414,,0
SportsMOT,V070,453,switch,S_r,3265,4,3264,0.8300,0.4208,0.4092,0,0.9951,1.094488,0.0634,0.0509,1.0,0
SportsMOT,V070,489,switch,S_c,3284,4,3265,0.6703,0.4053,0.2649,0,,,,0.1414,,0
SportsMOT,V070,495,switch,S_r,3284,3,3265,0.8697,0.5204,0.3493,0,0.9865,2.684917,0.0306,0.0569,2.0,0
SportsMOT,V070,495,switch,S_r,3265,4,3284,0.9173,0.4411,0.4762,0,0.9995,1.229167,0.0367,0.0623,2.0,0
SportsMOT,V071,165,switch,S_c,3295,8,3288,0.0000,0.0000,0.0000,0,,,,0.1414,,0
SportsMOT,V071,189,switch,S_c,3296,4,3289,0.0000,0.0000,0.0000,0,,,,0.1414,,0
SportsMOT,V071,192,switch,S_c,3297,9,3286,0.0005,0.0000,0.0005,0,,,,0.1414,,0
SportsMOT,V071,344,switch,S_c,3298,1,3290,0.0000,0.0000,0.0000,0,,,,0.1414,,0
SportsMOT,V071,345,switch,S_c,3299,3,3294,0.0000,0.0000,0.0000,0,,,,0.1414,,0
SportsMOT,V071,348,switch,S_c,3300,2,3292,0.1706,0.0455,0.1251,0,,,,0.1414,,0
SportsMOT,V071,349,switch,S_r,3285,5,3293,0.9004,0.4920,0.4084,0,0.9703,1.481531,0.0446,0.0581,3.0,0
SportsMOT,V071,349,switch,S_r,3293,7,3285,0.9312,0.4487,0.4825,0,0.9998,1.999547,0.0129,0.0590,3.0,0
SportsMOT,V072,30,switch,S_r,3306,0,3303,0.9321,0.7215,0.2107,0,0.9963,1.601347,0.0249,0.0550,2.0,0
SportsMOT,V072,32,switch,S_r,3303,1,3306,0.7964,0.6502,0.1461,0,,,0.0539,0.0628,2.0,1
SportsMOT,V072,83,switch,S_h,3303,2,3305,0.5343,0.4258,0.1086,0,,,,0.0611,,1
SportsMOT,V072,87,switch,S_c,3311,1,3303,0.4657,0.4535,0.0122,0,,,,0.1414,,1
SportsMOT,V072,130,switch,S_c,3312,6,3301,0.0000,0.0000,0.0000,0,,,,0.1414,,0
SportsMOT,V072,135,switch,S_c,3313,8,3310,0.0000,0.0000,0.0000,0,,,,0.1414,,0
SportsMOT,V072,141,switch,S_c,3314,9,3308,0.0000,0.0000,0.0000,0,,,,0.1414,,0
SportsMOT,V072,435,switch,S_r,3314,2,3303,0.9171,0.4154,0.5017,0,0.9917,1.302421,0.0747,0.0568,3.0,0
SportsMOT,V072,435,switch,S_r,3303,9,3314,0.9202,0.5096,0.4105,0,0.9799,1.441983,0.0372,0.0566,3.0,0
SportsMOT,V072,571,switch,S_r,3315,3,3307,0.7126,0.1609,0.5517,0,,,0.0282,0.0610,1.0,0
SportsMOT,V072,583,switch,S_r,3304,3,3307,0.8601,0.5415,0.3186,0,0.6026,1.243732,0.0471,0.0590,2.0,0
SportsMOT,V072,583,switch,S_r,3315,4,3304,0.8896,0.4466,0.4431,0,0.9350,2.355758,0.0135,0.0562,2.0,0
SportsMOT,V073,37,switch,S_r,3323,3,3324,0.7698,0.0363,0.7335,0,0.8978,2.384623,0.0560,0.0515,2.0,0
SportsMOT,V073,38,switch,S_c,3327,4,3323,0.4329,0.0392,0.3936,0,,,,0.1414,,0
SportsMOT,V073,198,switch,S_r,3321,1,3319,0.9134,0.4657,0.4477,0,-0.2997,1.463741,0.0108,0.0583,1.0,0
SportsMOT,V073,198,switch,S_r,3319,5,3321,0.9552,0.4327,0.5225,0,0.9954,1.091828,0.0412,0.0570,1.0,0
SportsMOT,V073,231,switch,S_r,3318,5,3319,0.6287,0.6082,0.0206,0,0.9409,12.589656,0.1366,0.0562,4.0,1
SportsMOT,V073,232,switch,S_h,3319,5,3319,0.4779,0.4214,0.0565,0,,,,0.0692,,1
SportsMOT,V073,425,switch,S_r,3323,0,3318,0.8611,0.3352,0.5258,0,0.9739,1.851198,0.0441,0.0602,2.0,0
SportsMOT,V073,430,switch,S_h,3318,3,3323,0.6116,0.1588,0.4528,0,,,,0.0648,,0
SportsMOT,V073,448,switch,S_r,3322,3,3318,0.9279,0.4978,0.4301,0,,,0.0215,0.0556,3.0,0
SportsMOT,V073,448,switch,S_r,3318,8,3322,0.8870,0.5002,0.3869,0,0.8602,1.174845,0.0490,0.0591,2.0,0
SportsMOT,V073,500,switch,S_c,3328,7,3317,0.1368,0.0000,0.1368,0,,,,0.1414,,0
SportsMOT,V073,559,switch,S_c,3329,5,3319,0.0000,0.0000,0.0000,0,,,,0.1414,,0
SportsMOT,V073,767,switch,S_c,3331,2,3326,0.6668,0.1423,0.5245,0,,,,0.1414,,0
SportsMOT,V074,53,switch,S_c,3344,10,3335,0.0000,0.0000,0.0000,0,,,,0.1414,,0
SportsMOT,V074,186,switch,S_c,3345,9,3343,0.5459,0.1148,0.4311,0,,,,0.1414,,0
SportsMOT,V074,188,switch,S_r,3345,6,3340,0.8567,0.4415,0.4152,0,0.9963,1.311107,0.0675,0.0617,2.0,0
SportsMOT,V074,188,switch,S_r,3340,9,3345,0.9853,0.5036,0.4817,0,0.9997,1.008200,0.0600,0.0596,2.0,0
SportsMOT,V074,283,switch,S_r,3336,1,3338,0.8168,0.5361,0.2806,0,0.8618,2.137037,0.0680,0.0590,1.0,0
SportsMOT,V074,283,switch,S_r,3338,2,3336,0.8864,0.5844,0.3020,0,0.8952,1.079237,0.0263,0.0545,1.0,0
SportsMOT,V074,300,switch,S_r,3338,1,3336,0.9143,0.4568,0.4575,0,-0.9830,2.464835,0.0124,0.0566,1.0,0
SportsMOT,V074,300,switch,S_r,3336,2,3338,0.9422,0.5223,0.4199,0,0.9469,1.343843,0.0159,0.0568,1.0,0
SportsMOT,V074,359,switch,S_c,3346,5,3339,0.0000,0.0000,0.0000,0,,,,0.1414,,0
SportsMOT,V074,364,switch,S_c,3347,7,3341,0.0000,0.0000,0.0000,0,,,,0.1414,,0
SportsMOT,V074,394,switch,S_c,3348,8,3342,0.0000,0.0000,0.0000,0,,,,0.1414,,0
SportsMOT,V074,487,switch,S_r,3345,5,3346,0.7925,0.5421,0.2504,0,,,0.0468,0.0589,1.0,0
SportsMOT,V074,487,switch,S_r,3346,6,3345,0.7602,0.5049,0.2553,0,0.5487,1.224693,0.0511,0.0572,1.0,0
SportsMOT,V074,570,switch,S_c,3349,8,3348,0.0642,0.0000,0.0642,0,,,,0.1414,,0
SportsMOT,V074,594,switch,S_c,3350,7,3347,0.0000,0.0000,0.0000,0,,,,0.1414,,0
SportsMOT,V074,598,switch,S_c,3351,10,3344,0.0000,0.0000,0.0000,0,,,,0.1414,,0
SportsMOT,V075,71,switch,S_c,3364,0,3353,0.1142,0.0000,0.1142,0,,,,0.1414,,0
SportsMOT,V075,82,switch,S_r,3359,6,3358,0.8147,0.7069,0.1078,0,-0.0913,1.173981,0.0311,0.0495,3.0,1
SportsMOT,V075,84,switch,S_r,3361,7,3359,0.8781,0.7636,0.1145,0,0.5548,1.684553,0.0335,0.0541,2.0,1
SportsMOT,V075,85,switch,S_h,3358,11,3361,0.5916,0.5580,0.0336,0,,,,0.0819,,1
SportsMOT,V075,151,switch,S_r,3365,10,3362,0.9004,0.0000,0.9004,0,,,0.0308,0.0613,0.0,0
SportsMOT,V075,158,switch,S_r,3366,6,3359,0.9021,0.0000,0.9021,0,0.9999,1.157964,0.1008,0.0602,0.0,0
SportsMOT,V075,190,switch,S_r,3352,0,3364,0.5807,0.3635,0.2171,0,0.1655,4.056629,0.0236,0.0630,2.0,0
SportsMOT,V075,190,switch,S_r,3364,2,3352,0.8798,0.4147,0.4651,0,0.9319,1.564881,0.0624,0.0552,2.0,0
SportsMOT,V075,201,switch,S_c,3367,10,3365,0.0000,0.0000,0.0000,0,,,,0.1414,,0
SportsMOT,V075,217,switch,S_r,3360,7,3361,0.8567,0.7478,0.1089,0,0.2966,1.364322,0.0764,0.0511,1.0,1
SportsMOT,V075,220,switch,S_r,3361,8,3360,0.8343,0.5691,0.2651,0,0.9068,1.669555,0.0904,0.0571,1.0,0
SportsMOT,V075,221,switch,S_r,3360,6,3366,0.9315,0.5257,0.4058,0,0.9883,1.067107,0.0543,0.0563,1.0,0
SportsMOT,V075,221,switch,S_r,3361,7,3360,0.7935,0.7031,0.0905,0,0.4161,1.930411,0.0491,0.0552,1.0,1
SportsMOT,V075,227,switch,S_r,3366,7,3361,0.7353,0.5788,0.1565,0,,,0.0505,0.0580,2.0,1
SportsMOT,V075,243,switch,S_r,3361,7,3366,0.9794,0.3005,0.6789,0,0.9017,1.012231,0.0153,0.0565,2.0,0
SportsMOT,V075,243,switch,S_r,3366,8,3361,0.9736,0.5075,0.4661,0,0.9830,1.064080,0.0430,0.0576,2.0,0
SportsMOT,V075,258,switch,S_c,3368,2,3364,0.0000,0.0000,0.0000,0,,,,0.1414,,0
SportsMOT,V076,23,switch,S_c,3378,8,3377,0.2431,0.0007,0.2424,0,,,,0.1414,,0
SportsMOT,V076,31,switch,S_c,3382,11,3377,0.1602,0.0000,0.1602,0,,,,0.1414,,0
SportsMOT,V076,39,switch,S_c,3392,10,3377,0.1954,0.0000,0.1954,0,,,,0.1414,,0
SportsMOT,V076,46,switch,S_r,3374,3,3372,0.4377,0.3267,0.1110,0,0.9995,3.283559,0.2153,0.0567,2.0,1
SportsMOT,V076,47,switch,S_c,3393,5,3374,0.3033,0.0000,0.3033,0,,,,0.1414,,0
SportsMOT,V076,48,switch,S_r,3373,3,3374,0.2897,0.2401,0.0497,0,0.5004,10.427298,0.2627,0.0588,2.0,1
SportsMOT,V076,49,switch,S_c,3394,4,3373,0.4804,0.0000,0.4804,0,,,,0.1414,,0
SportsMOT,V076,74,switch,S_c,3395,0,3370,0.0000,0.0000,0.0000,0,,,,0.1414,,0
SportsMOT,V076,88,switch,S_c,3396,1,3371,0.0000,0.0000,0.0000,0,,,,0.1414,,0
SportsMOT,V076,174,switch,S_r,3394,0,3395,0.9231,0.4907,0.4324,0,0.9753,2.019139,0.0249,0.0597,1.0,0
SportsMOT,V076,174,switch,S_r,3395,4,3394,0.9239,0.4292,0.4948,0,0.9949,1.325886,0.0475,0.0567,1.0,0
SportsMOT,V076,337,switch,S_r,3393,4,3395,0.9098,0.4308,0.4790,0,0.9807,1.247691,0.0647,0.0573,1.0,0
SportsMOT,V076,337,switch,S_r,3395,5,3393,0.9460,0.4477,0.4983,0,0.9768,1.488863,0.0498,0.0588,1.0,0
SportsMOT,V077,3,switch,S_r,3415,18,3405,0.6986,0.4436,0.2550,0,0.2534,1.053944,0.1164,0.0586,1.0,0
SportsMOT,V077,4,switch,S_c,3417,19,3415,0.0850,0.0000,0.0850,0,,,,0.1414,,0
SportsMOT,V077,5,switch,S_r,3417,18,3415,0.7134,0.6185,0.0949,0,,,0.1267,0.0589,1.0,1
SportsMOT,V077,6,switch,S_c,3418,19,3415,0.0709,0.0000,0.0709,0,,,,0.1414,,0
SportsMOT,V077,7,switch,S_r,3418,18,3417,0.7407,0.5896,0.1510,0,,,0.1147,0.0596,1.0,1
SportsMOT,V077,8,switch,S_c,3419,19,3415,0.1012,0.0000,0.1012,0,,,,0.1414,,0
SportsMOT,V077,9,switch,S_r,3419,18,3418,0.7443,0.7148,0.0294,0,,,0.1001,0.0610,1.0,1
SportsMOT,V077,10,switch,S_c,3420,19,3415,0.1237,0.0000,0.1237,0,,,,0.1414,,0
SportsMOT,V077,11,switch,S_r,3420,18,3419,0.6929,0.6616,0.0313,0,,,0.0946,0.0611,1.0,1
SportsMOT,V077,12,switch,S_c,3421,19,3415,0.1589,0.0000,0.1589,0,,,,0.1414,,0
SportsMOT,V077,13,switch,S_r,3421,18,3420,0.7072,0.6442,0.0630,0,,,0.1076,0.0589,1.0,1
SportsMOT,V077,14,switch,S_c,3422,19,3415,0.1860,0.0000,0.1860,0,,,,0.1414,,0
SportsMOT,V077,15,switch,S_r,3422,18,3421,0.7565,0.6652,0.0913,0,,,0.1040,0.0595,1.0,1
SportsMOT,V077,16,switch,S_c,3423,19,3415,0.1697,0.0000,0.1697,0,,,,0.1414,,0
SportsMOT,V077,17,switch,S_r,3423,18,3422,0.7390,0.6479,0.0911,0,,,0.0999,0.0592,1.0,1
SportsMOT,V077,18,switch,S_c,3424,19,3415,0.2316,0.0000,0.2316,0,,,,0.1414,,0
SportsMOT,V077,19,switch,S_r,3424,18,3423,0.7403,0.5918,0.1485,0,,,0.1109,0.0606,1.0,1
SportsMOT,V077,20,switch,S_c,3425,19,3415,0.2354,0.0000,0.2354,0,,,,0.1414,,0
SportsMOT,V077,39,switch,S_r,3425,18,3424,0.9857,0.5308,0.4548,0,0.9998,1.016999,0.1181,0.0578,1.0,0
SportsMOT,V077,39,switch,S_r,3424,19,3425,0.8388,0.4539,0.3850,0,0.9970,1.316351,0.0904,0.0575,1.0,0
SportsMOT,V077,134,switch,S_c,3426,12,3412,0.0000,0.0000,0.0000,0,,,,0.1414,,0
SportsMOT,V077,159,switch,S_c,3427,13,3401,0.0000,0.0000,0.0000,0,,,,0.1414,,0
SportsMOT,V077,162,switch,S_c,3428,16,3409,0.0000,0.0000,0.0000,0,,,,0.1414,,0
SportsMOT,V077,163,switch,S_c,3429,19,3424,0.0000,0.0000,0.0000,0,,,,0.1414,,0
SportsMOT,V077,170,switch,S_c,3430,18,3425,0.0000,0.0000,0.0000,0,,,,0.1414,,0
SportsMOT,V077,171,switch,S_c,3431,17,3403,0.0000,0.0000,0.0000,0,,,,0.1414,,0
SportsMOT,V077,182,switch,S_c,3432,15,3404,0.0000,0.0000,0.0000,0,,,,0.1414,,0
SportsMOT,V077,246,switch,S_r,3432,17,3431,0.7913,0.5782,0.2131,0,0.4726,1.677364,0.0572,0.0553,2.0,0
SportsMOT,V077,247,switch,S_r,3431,15,3432,0.8878,0.3278,0.5600,0,0.9641,1.026836,0.0966,0.0610,2.0,0
SportsMOT,V077,271,switch,S_c,3434,8,3416,0.0000,0.0000,0.0000,0,,,,0.1414,,0
SportsMOT,V077,291,switch,S_c,3435,4,3397,0.0000,0.0000,0.0000,0,,,,0.1414,,0
SportsMOT,V077,321,switch,S_r,3436,1,3398,0.9464,0.0000,0.9464,0,,,0.0059,0.0634,0.0,0
SportsMOT,V077,332,switch,S_c,3437,2,3414,0.0000,0.0000,0.0000,0,,,,0.1414,,0
SportsMOT,V077,342,switch,S_c,3439,0,3400,0.0000,0.0000,0.0000,0,,,,0.1414,,0
SportsMOT,V077,342,switch,S_r,3438,3,3407,0.8388,0.3431,0.4956,0,1.0000,1.070449,0.2845,0.0564,1.0,0
SportsMOT,V077,382,switch,S_c,3440,16,3428,0.0000,0.0000,0.0000,0,,,,0.1414,,0
SportsMOT,V077,395,switch,S_c,3441,17,3432,0.0000,0.0000,0.0000,0,,,,0.1414,,0
SportsMOT,V077,402,switch,S_c,3442,15,3431,0.0000,0.0000,0.0000,0,,,,0.1414,,0
SportsMOT,V077,403,switch,S_c,3443,18,3430,0.0000,0.0000,0.0000,0,,,,0.1414,,0
SportsMOT,V077,405,switch,S_c,3445,19,3429,0.0580,0.0000,0.0580,0,,,,0.1414,,0
SportsMOT,V077,512,switch,S_c,3452,20,3449,0.0000,0.0000,0.0000,0,,,,0.1414,,0
SportsMOT,V077,536,switch,S_r,3454,12,3426,0.8652,0.0000,0.8652,0,,,0.0216,0.0615,0.0,0
SportsMOT,V078,138,switch,S_c,3477,6,3463,0.0000,0.0000,0.0000,0,,,,0.1414,,0
SportsMOT,V078,157,switch,S_c,3478,1,3462,0.0000,0.0000,0.0000,0,,,,0.1414,,0
SportsMOT,V078,193,switch,S_c,3479,17,3472,0.0000,0.0000,0.0000,0,,,,0.1414,,0
SportsMOT,V078,196,switch,S_c,3480,15,3459,0.0318,0.0000,0.0318,0,,,,0.1414,,0
SportsMOT,V078,205,switch,S_c,3481,20,3475,0.0000,0.0000,0.0000,0,,,,0.1414,,0
SportsMOT,V078,220,switch,S_c,3482,19,3474,0.0000,0.0000,0.0000,0,,,,0.1414,,0
SportsMOT,V078,298,switch,S_r,3483,18,3473,0.8512,0.0000,0.8512,0,,,0.0094,0.0624,0.0,0
SportsMOT,V078,431,switch,S_c,3498,10,3458,0.0000,0.0000,0.0000,0,,,,0.1414,,0
SportsMOT,V079,158,switch,S_r,3506,5,3501,0.6498,0.4754,0.1744,0,-0.9287,3.289438,0.1028,0.0552,1.0,1
SportsMOT,V079,159,switch,S_c,3520,11,3506,0.0847,0.0000,0.0847,0,,,,0.1414,,0
SportsMOT,V079,172,switch,S_c,3521,3,3499,0.0000,0.0000,0.0000,0,,,,0.1414,,0
SportsMOT,V079,174,switch,S_c,3522,4,3502,0.0000,0.0000,0.0000,0,,,,0.1414,,0
SportsMOT,V079,186,switch,S_c,3523,1,3510,0.0000,0.0000,0.0000,0,,,,0.1414,,0
SportsMOT,V079,216,switch,S_c,3525,15,3518,0.0000,0.0000,0.0000,0,,,,0.1414,,0
SportsMOT,V079,236,switch,S_c,3526,14,3516,0.0000,0.0000,0.0000,0,,,,0.1414,,0
SportsMOT,V079,239,switch,S_c,3527,4,3522,0.0000,0.0000,0.0000,0,,,,0.1414,,0
SportsMOT,V079,244,switch,S_r,3506,11,3520,0.4658,0.4414,0.0244,0,0.7358,1.368625,0.3872,0.0557,1.0,1
SportsMOT,V079,245,switch,S_c,3528,17,3519,0.0000,0.0000,0.0000,0,,,,0.1414,,0
SportsMOT,V079,248,switch,S_c,3538,16,3517,0.0000,0.0000,0.0000,0,,,,0.1414,,0
SportsMOT,V079,250,switch,S_h,3508,10,3511,0.0000,0.0000,0.0000,0,,,,0.0759,,0
SportsMOT,V079,252,switch,S_h,3503,9,3508,0.0000,0.0000,0.0000,0,,,,0.0673,,0
SportsMOT,V079,260,switch,S_c,3595,17,3519,0.0000,0.0000,0.0000,0,,,,0.1414,,0
SportsMOT,V079,263,switch,S_c,3604,18,3528,0.0000,0.0000,0.0000,0,,,,0.1414,,0
SportsMOT,V079,268,switch,S_c,3609,10,3511,0.0000,0.0000,0.0000,0,,,,0.1414,,0
SportsMOT,V079,269,switch,S_c,3610,13,3513,0.0000,0.0000,0.0000,0,,,,0.1414,,0
SportsMOT,V079,318,switch,S_c,3611,10,3609,0.0000,0.0000,0.0000,0,,,,0.1414,,0
SportsMOT,V079,332,switch,S_c,3612,8,3503,0.0000,0.0000,0.0000,0,,,,0.1414,,0
SportsMOT,V079,333,switch,S_r,3612,9,3503,0.5644,0.0000,0.5644,0,,,0.0600,0.0745,0.0,0
SportsMOT,V079,334,switch,S_c,3613,8,3503,0.0000,0.0000,0.0000,0,,,,0.1414,,0
SportsMOT,V079,347,switch,S_c,3614,3,3521,0.0000,0.0000,0.0000,0,,,,0.1414,,0
SportsMOT,V079,356,switch,S_c,3615,11,3506,0.0000,0.0000,0.0000,0,,,,0.1414,,0
SportsMOT,V079,362,switch,S_c,3616,5,3506,0.0000,0.0000,0.0000,0,,,,0.1414,,0
SportsMOT,V079,423,switch,S_r,3617,12,3509,0.8272,0.0000,0.8272,0,,,0.0215,0.0614,0.0,0
SportsMOT,V079,543,switch,S_c,3618,14,3526,0.0000,0.0000,0.0000,0,,,,0.1414,,0
SportsMOT,V079,586,switch,S_c,3619,3,3614,0.0000,0.0000,0.0000,0,,,,0.1414,,0
SportsMOT,V079,605,switch,S_c,3620,13,3610,0.0000,0.0000,0.0000,0,,,,0.1414,,0
SportsMOT,V079,627,switch,S_c,3621,9,3612,0.0000,0.0000,0.0000,0,,,,0.1414,,0
SportsMOT,V080,146,switch,S_c,3670,2,3622,0.0000,0.0000,0.0000,0,,,,0.1414,,0
SportsMOT,V080,148,switch,S_h,3634,9,3631,0.0000,0.0000,0.0000,0,,,,0.0657,,0
SportsMOT,V080,148,switch,S_c,3679,12,3635,0.0000,0.0000,0.0000,0,,,,0.1414,,0
SportsMOT,V080,150,switch,S_c,3685,13,3626,0.0000,0.0000,0.0000,0,,,,0.1414,,0
SportsMOT,V080,212,switch,S_c,3687,6,3630,0.0000,0.0000,0.0000,0,,,,0.1414,,0
SportsMOT,V080,282,switch,S_c,3689,1,3625,0.0000,0.0000,0.0000,0,,,,0.1414,,0
SportsMOT,V080,289,switch,S_c,3702,18,3638,0.0000,0.0000,0.0000,0,,,,0.1414,,0
SportsMOT,V080,291,switch,S_c,3705,16,3636,0.0000,0.0000,0.0000,0,,,,0.1414,,0
SportsMOT,V081,81,switch,S_c,3729,7,3713,0.0000,0.0000,0.0000,0,,,,0.1414,,0
SportsMOT,V081,166,switch,S_c,3742,10,3719,0.0000,0.0000,0.0000,0,,,,0.1414,,0
SportsMOT,V081,168,switch,S_c,3751,4,3714,0.0000,0.0000,0.0000,0,,,,0.1414,,0
SportsMOT,V081,168,switch,S_c,3748,5,3715,0.0000,0.0000,0.0000,0,,,,0.1414,,0
SportsMOT,V081,184,switch,S_c,3783,2,3718,0.0000,0.0000,0.0000,0,,,,0.1414,,0
SportsMOT,V081,185,switch,S_c,3788,1,3721,0.0000,0.0000,0.0000,0,,,,0.1414,,0
SportsMOT,V081,187,switch,S_c,3791,1,3721,0.0000,0.0000,0.0000,0,,,,0.1414,,0
SportsMOT,V081,190,switch,S_h,3788,3,3724,0.0000,0.0000,0.0000,0,,,,0.1414,,0
SportsMOT,V081,192,switch,S_c,3804,0,3712,0.0000,0.0000,0.0000,0,,,,0.1414,,0
SportsMOT,V081,195,switch,S_c,3810,6,3720,0.1106,0.0000,0.1106,0,,,,0.1414,,0
SportsMOT,V081,196,switch,S_c,3813,11,3722,0.0000,0.0000,0.0000,0,,,,0.1414,,0
SportsMOT,V081,198,switch,S_c,3817,3,3788,0.0000,0.0000,0.0000,0,,,,0.1414,,0
SportsMOT,V081,245,switch,S_r,3819,7,3729,0.8881,0.1016,0.7865,0,0.9871,1.270641,0.0639,0.0592,1.0,0
SportsMOT,V081,314,switch,S_c,3821,11,3813,0.0000,0.0000,0.0000,0,,,,0.1414,,0
SportsMOT,V081,319,switch,S_c,3822,12,3717,0.0000,0.0000,0.0000,0,,,,0.1414,,0
SportsMOT,V081,334,switch,S_c,3823,8,3716,0.0000,0.0000,0.0000,0,,,,0.1414,,0
SportsMOT,V081,339,switch,S_c,3824,17,3728,0.0000,0.0000,0.0000,0,,,,0.1414,,0
SportsMOT,V081,340,switch,S_c,3825,16,3726,0.0000,0.0000,0.0000,0,,,,0.1414,,0
SportsMOT,V081,343,switch,S_c,3826,15,3725,0.0000,0.0000,0.0000,0,,,,0.1414,,0
SportsMOT,V081,348,switch,S_c,3827,18,3727,0.0000,0.0000,0.0000,0,,,,0.1414,,0
SportsMOT,V081,382,switch,S_c,3828,7,3819,0.0000,0.0000,0.0000,0,,,,0.1414,,0
SportsMOT,V081,399,switch,S_c,3829,9,3723,0.0000,0.0000,0.0000,0,,,,0.1414,,0
SportsMOT,V081,453,switch,S_c,3830,4,3751,0.0000,0.0000,0.0000,0,,,,0.1414,,0
SportsMOT,V081,456,switch,S_c,3831,5,3748,0.0000,0.0000,0.0000,0,,,,0.1414,,0
SportsMOT,V082,48,switch,S_c,3848,11,3846,0.0000,0.0000,0.0000,0,,,,0.1414,,0
SportsMOT,V082,90,switch,S_r,3849,11,3848,0.8702,0.0000,0.8702,0,,,0.0299,0.0639,0.0,0
SportsMOT,V082,230,switch,S_c,3857,8,3841,0.0000,0.0000,0.0000,0,,,,0.1414,,0
SportsMOT,V082,257,switch,S_r,3858,7,3833,0.9185,0.0000,0.9185,0,,,0.0114,0.0610,0.0,0
SportsMOT,V082,261,switch,S_c,3859,5,3834,0.0000,0.0000,0.0000,0,,,,0.1414,,0
SportsMOT,V082,377,switch,S_c,3861,16,3851,0.0000,0.0000,0.0000,0,,,,0.1414,,0
SportsMOT,V082,385,switch,S_c,3880,19,3860,0.0000,0.0000,0.0000,0,,,,0.1414,,0
SportsMOT,V082,398,switch,S_h,3853,15,3850,0.0000,0.0000,0.0000,0,,,,0.0720,,0
SportsMOT,V082,407,switch,S_c,4002,9,3843,,,,1,,,,,,
SportsMOT,V082,409,switch,S_c,4016,3,3839,0.0000,0.0000,0.0000,0,,,,0.1414,,0
SportsMOT,V082,413,switch,S_c,4049,10,3844,0.0000,0.0000,0.0000,0,,,,0.1414,,0
SportsMOT,V082,414,switch,S_c,4056,10,3844,0.0000,0.0000,0.0000,0,,,,0.1414,,0
SportsMOT,V082,415,switch,S_c,4057,6,3838,0.0000,0.0000,0.0000,0,,,,0.1414,,0
SportsMOT,V082,416,switch,S_c,4065,11,3849,0.0000,0.0000,0.0000,0,,,,0.1414,,0
SportsMOT,V082,416,switch,S_c,4063,16,3851,0.0000,0.0000,0.0000,0,,,,0.1414,,0
SportsMOT,V082,417,switch,S_c,4068,4,3842,0.0000,0.0000,0.0000,0,,,,0.1414,,0
SportsMOT,V082,417,switch,S_c,4071,10,3844,0.0000,0.0000,0.0000,0,,,,0.1414,,0
SportsMOT,V082,417,switch,S_c,4069,13,3840,0.0000,0.0000,0.0000,0,,,,0.1414,,0
SportsMOT,V082,418,switch,S_c,4074,10,3844,0.0197,0.0000,0.0197,0,,,,0.1414,,0
SportsMOT,V082,418,switch,S_c,4073,12,3845,0.0055,0.0000,0.0055,0,,,,0.1414,,0
SportsMOT,V082,418,switch,S_c,4072,15,3850,0.0000,0.0000,0.0000,0,,,,0.1414,,0
SportsMOT,V082,419,switch,S_c,4075,10,3844,0.1425,0.0000,0.1425,0,,,,0.1414,,0
SportsMOT,V082,420,switch,S_c,4076,10,3844,0.2199,0.0000,0.2199,0,,,,0.1414,,0
SportsMOT,V082,423,switch,S_c,4079,8,3857,0.3828,0.0000,0.3828,0,,,,0.1414,,0
SportsMOT,V083,392,switch,S_c,4100,4,4083,0.0000,0.0000,0.0000,0,,,,0.1414,,0
SportsMOT,V083,421,switch,S_c,4101,2,4084,0.0000,0.0000,0.0000,0,,,,0.1414,,0
SportsMOT,V083,423,switch,S_c,4102,2,4084,0.0000,0.0000,0.0000,0,,,,0.1414,,0
SportsMOT,V083,444,switch,S_c,4103,12,4094,0.0000,0.0000,0.0000,0,,,,0.1414,,0
SportsMOT,V083,448,switch,S_c,4104,5,4087,0.0386,0.0000,0.0386,0,,,,0.1414,,0
SportsMOT,V083,448,switch,S_c,4105,13,4081,0.0000,0.0000,0.0000,0,,,,0.1414,,0
SportsMOT,V083,483,switch,S_c,4106,16,4098,0.0000,0.0000,0.0000,0,,,,0.1414,,0
SportsMOT,V083,501,switch,S_c,4107,10,4090,0.0000,0.0000,0.0000,0,,,,0.1414,,0
SportsMOT,V083,590,switch,S_r,4103,5,4104,0.9304,0.4828,0.4475,0,0.7682,1.664479,0.0130,0.0561,1.0,0
SportsMOT,V083,590,switch,S_r,4104,12,4103,0.9470,0.4419,0.5051,0,0.9016,1.069522,0.0261,0.0585,1.0,0
SportsMOT,V083,611,switch,S_c,4109,0,4080,0.0000,0.0000,0.0000,0,,,,0.1414,,0
SportsMOT,V083,674,switch,S_c,4110,4,4100,0.0000,0.0000,0.0000,0,,,,0.1414,,0
SportsMOT,V083,677,switch,S_c,4111,10,4107,0.0000,0.0000,0.0000,0,,,,0.1414,,0
SportsMOT,V083,699,switch,S_c,4112,15,4097,0.0000,0.0000,0.0000,0,,,,0.1414,,0
SportsMOT,V083,704,switch,S_r,4113,16,4106,0.9257,0.0000,0.9257,0,,,0.0213,0.0616,0.0,0
SportsMOT,V083,718,switch,S_c,4114,6,4086,0.0000,0.0000,0.0000,0,,,,0.1414,,0
SportsMOT,V083,746,switch,S_c,4116,21,4108,0.0000,0.0000,0.0000,0,,,,0.1414,,0
SportsMOT,V083,750,switch,S_c,4117,10,4111,0.0000,0.0000,0.0000,0,,,,0.1414,,0
SportsMOT,V083,750,switch,S_c,4118,11,4092,0.0000,0.0000,0.0000,0,,,,0.1414,,0
SportsMOT,V083,750,switch,S_c,4121,12,4104,0.0000,0.0000,0.0000,0,,,,0.1414,,0
SportsMOT,V083,750,switch,S_c,4119,16,4113,0.0000,0.0000,0.0000,0,,,,0.1414,,0
SportsMOT,V083,750,switch,S_c,4124,21,4116,0.0000,0.0000,0.0000,0,,,,0.1414,,0
SportsMOT,V083,755,switch,S_c,4142,1,4088,0.0000,0.0000,0.0000,0,,,,0.1414,,0
SportsMOT,V083,758,switch,S_c,4149,5,4103,0.0000,0.0000,0.0000,0,,,,0.1414,,0
SportsMOT,V083,760,switch,S_c,4152,6,4114,0.0000,0.0000,0.0000,0,,,,0.1414,,0
SportsMOT,V083,761,switch,S_c,4154,5,4103,0.0000,0.0000,0.0000,0,,,,0.1414,,0
SportsMOT,V083,763,switch,S_c,4157,2,4102,0.0000,0.0000,0.0000,0,,,,0.1414,,0
SportsMOT,V083,767,switch,S_c,4160,2,4102,0.0000,0.0000,0.0000,0,,,,0.1414,,0
SportsMOT,V083,770,switch,S_c,4161,2,4160,0.0000,0.0000,0.0000,0,,,,0.1414,,0
SportsMOT,V083,841,switch,S_r,4164,4,4110,0.9128,0.1128,0.8000,0,0.9795,1.063193,0.0835,0.0590,1.0,0
SportsMOT,V083,875,switch,S_r,4117,6,4152,0.9140,0.3012,0.6128,0,0.9485,1.610379,0.0441,0.0584,1.0,0
SportsMOT,V083,875,switch,S_r,4152,10,4117,0.9463,0.3406,0.6057,0,0.9968,1.218200,0.0394,0.0557,1.0,0
SportsMOT,V084,142,switch,S_c,4183,8,4171,0.0000,0.0000,0.0000,0,,,,0.1414,,0
SportsMOT,V084,142,switch,S_c,4182,11,4176,0.0000,0.0000,0.0000,0,,,,0.1414,,0
SportsMOT,V084,142,switch,S_c,4184,15,4179,0.2119,0.0000,0.2119,0,,,,0.1414,,0
SportsMOT,V084,146,switch,S_h,4179,16,4181,0.1512,0.0000,0.1512,0,,,,0.0673,,0
SportsMOT,V084,147,switch,S_c,4186,4,4167,0.0000,0.0000,0.0000,0,,,,0.1414,,0
SportsMOT,V084,147,switch,S_c,4189,9,4168,0.0292,0.0000,0.0292,0,,,,0.1414,,0
SportsMOT,V084,147,switch,S_c,4187,11,4182,0.0000,0.0000,0.0000,0,,,,0.1414,,0
SportsMOT,V084,147,switch,S_c,4188,15,4184,0.0000,0.0000,0.0000,0,,,,0.1414,,0
SportsMOT,V084,148,switch,S_c,4195,12,4177,0.0000,0.0000,0.0000,0,,,,0.1414,,0
SportsMOT,V084,149,switch,S_c,4199,14,4180,0.2168,0.0000,0.2168,0,,,,0.1414,,0
SportsMOT,V084,152,switch,S_h,4171,4,4186,0.0433,0.0000,0.0433,0,,,,0.0697,,0
SportsMOT,V084,152,switch,S_c,4204,12,4195,0.0000,0.0000,0.0000,0,,,,0.1414,,0
SportsMOT,V084,153,switch,S_c,4210,16,4179,0.0000,0.0000,0.0000,0,,,,0.1414,,0
SportsMOT,V084,154,switch,S_c,4215,11,4187,0.0000,0.0000,0.0000,0,,,,0.1414,,0
SportsMOT,V084,157,switch,S_c,4226,11,4215,0.0000,0.0000,0.0000,0,,,,0.1414,,0
SportsMOT,V084,157,switch,S_c,4228,14,4199,0.0000,0.0000,0.0000,0,,,,0.1414,,0
SportsMOT,V084,157,switch,S_c,4225,15,4188,0.0000,0.0000,0.0000,0,,,,0.1414,,0
SportsMOT,V084,162,switch,S_c,4233,10,4169,0.0000,0.0000,0.0000,0,,,,0.1414,,0
SportsMOT,V084,170,switch,S_c,4238,10,4233,0.0000,0.0000,0.0000,0,,,,0.1414,,0
SportsMOT,V084,172,switch,S_c,4239,10,4233,0.0000,0.0000,0.0000,0,,,,0.1414,,0
SportsMOT,V084,255,switch,S_r,4242,2,4165,0.9341,0.0000,0.9341,0,0.9991,1.151086,0.0106,0.0605,0.0,0
SportsMOT,V084,426,switch,S_c,4244,11,4226,0.0000,0.0000,0.0000,0,,,,0.1414,,0
SportsMOT,V084,429,switch,S_c,4246,10,4239,0.0000,0.0000,0.0000,0,,,,0.1414,,0
SportsMOT,V084,446,switch,S_r,4247,3,4174,0.7367,0.0000,0.7367,0,,,0.0480,0.0593,0.0,0
SportsMOT,V085,52,switch,S_r,4259,12,4264,0.9777,0.4527,0.5250,0,0.9852,1.025536,0.0304,0.0580,1.0,0
SportsMOT,V085,52,switch,S_r,4264,14,4259,0.8959,0.4964,0.3995,0,0.9928,1.723146,0.0300,0.0575,1.0,0
SportsMOT,V085,104,switch,S_c,4265,15,4252,0.2534,0.0000,0.2534,0,,,,0.1414,,0
SportsMOT,V085,113,switch,S_c,4267,16,4256,0.0000,0.0000,0.0000,0,,,,0.1414,,0
SportsMOT,V085,120,switch,S_c,4269,14,4264,0.0000,0.0000,0.0000,0,,,,0.1414,,0
SportsMOT,V085,134,switch,S_c,4271,13,4257,0.0000,0.0000,0.0000,0,,,,0.1414,,0
SportsMOT,V085,224,switch,S_c,4272,1,4251,0.0000,0.0000,0.0000,0,,,,0.1414,,0
SportsMOT,V085,279,switch,S_c,4273,4,4248,0.0000,0.0000,0.0000,0,,,,0.1414,,0
SportsMOT,V085,355,switch,S_c,4274,13,4271,0.0000,0.0000,0.0000,0,,,,0.1414,,0
SportsMOT,V085,386,switch,S_c,4275,12,4259,0.0000,0.0000,0.0000,0,,,,0.1414,,0
SportsMOT,V085,438,switch,S_h,4275,8,4258,0.4348,0.0000,0.4348,0,,,,0.0782,,0
SportsMOT,V085,438,switch,S_r,4258,12,4275,0.7176,0.0000,0.7176,0,,,0.1060,0.0570,0.0,0
SportsMOT,V085,470,switch,S_c,4277,0,4263,0.0000,0.0000,0.0000,0,,,,0.1414,,0
SportsMOT,V085,470,switch,S_r,4262,17,4270,0.5236,0.1151,0.4085,0,0.7377,1.474996,0.1527,0.0613,1.0,0
SportsMOT,V085,474,switch,S_r,4265,17,4262,0.5108,0.1274,0.3834,0,0.4393,1.710956,0.2866,0.0612,1.0,0
SportsMOT,V085,475,switch,S_c,4283,10,4262,0.0918,0.0000,0.0918,0,,,,0.1414,,0
SportsMOT,V085,475,switch,S_c,4281,11,4254,0.0000,0.0000,0.0000,0,,,,0.1414,,0
SportsMOT,V085,476,switch,S_c,4286,18,4268,0.1290,0.0731,0.0560,0,,,,0.1414,,0
SportsMOT,V085,479,switch,S_c,4289,17,4265,0.2886,0.2590,0.0296,0,,,,0.1414,,1
SportsMOT,V085,480,switch,S_c,4291,18,4286,0.1141,0.1136,0.0005,0,,,,0.1414,,0
SportsMOT,V085,481,switch,S_c,4292,15,4265,0.1431,0.0000,0.1431,0,,,,0.1414,,0
SportsMOT,V086,62,switch,S_c,4301,5,4297,0.0000,0.0000,0.0000,0,,,,0.1414,,0
SportsMOT,V086,67,switch,S_c,4304,1,4296,0.0000,0.0000,0.0000,0,,,,0.1414,,0
SportsMOT,V086,67,switch,S_c,4306,3,4294,0.0000,0.0000,0.0000,0,,,,0.1414,,0
SportsMOT,V086,67,switch,S_c,4305,4,4295,0.0000,0.0000,0.0000,0,,,,0.1414,,0
SportsMOT,V086,67,switch,S_c,4308,7,4302,0.0000,0.0000,0.0000,0,,,,0.1414,,0
SportsMOT,V086,71,switch,S_h,4296,2,4293,0.2955,0.0000,0.2955,0,,,,0.0722,,0
SportsMOT,V086,72,switch,S_c,4326,7,4308,0.0000,0.0000,0.0000,0,,,,0.1414,,0
SportsMOT,V086,77,switch,S_c,4349,10,4339,0.0000,0.0000,0.0000,0,,,,0.1414,,0
SportsMOT,V086,82,switch,S_c,4402,13,4381,0.0000,0.0000,0.0000,0,,,,0.1414,,0
SportsMOT,V086,86,switch,S_h,4295,7,4326,0.0000,0.0000,0.0000,0,,,,0.0741,,0
SportsMOT,V086,87,switch,S_c,4446,10,4349,0.0000,0.0000,0.0000,0,,,,0.1414,,0
SportsMOT,V086,88,switch,S_c,4458,3,4306,0.0000,0.0000,0.0000,0,,,,0.1414,,0
SportsMOT,V086,89,switch,S_c,4472,2,4296,0.0000,0.0000,0.0000,0,,,,0.1414,,0
SportsMOT,V086,92,switch,S_c,4495,2,4472,0.0000,0.0000,0.0000,0,,,,0.1414,,0
SportsMOT,V086,92,switch,S_c,4493,3,4458,0.0000,0.0000,0.0000,0,,,,0.1414,,0
SportsMOT,V086,92,switch,S_c,4498,6,4299,0.0000,0.0000,0.0000,0,,,,0.1414,,0
SportsMOT,V086,92,switch,S_c,4494,7,4295,0.0000,0.0000,0.0000,0,,,,0.1414,,0
SportsMOT,V086,92,switch,S_c,4497,8,4309,0.0000,0.0000,0.0000,0,,,,0.1414,,0
SportsMOT,V086,97,switch,S_c,4538,5,4301,0.0000,0.0000,0.0000,0,,,,0.1414,,0
SportsMOT,V086,97,switch,S_c,4537,9,4309,0.0000,0.0000,0.0000,0,,,,0.1414,,0
SportsMOT,V086,97,switch,S_c,4535,15,4297,0.0377,0.0000,0.0377,0,,,,0.1414,,0
SportsMOT,V086,97,switch,S_c,4531,16,4509,0.0000,0.0000,0.0000,0,,,,0.1414,,0
SportsMOT,V086,97,switch,S_c,4534,18,4511,0.0000,0.0000,0.0000,0,,,,0.1414,,0
SportsMOT,V086,99,switch,S_c,4542,5,4301,0.0000,0.0000,0.0000,0,,,,0.1414,,0
SportsMOT,V086,99,switch,S_c,4540,9,4309,0.0000,0.0000,0.0000,0,,,,0.1414,,0
SportsMOT,V086,102,switch,S_c,4546,5,4542,0.0000,0.0000,0.0000,0,,,,0.1414,,0
SportsMOT,V086,102,switch,S_c,4545,9,4540,0.0000,0.0000,0.0000,0,,,,0.1414,,0
SportsMOT,V086,116,switch,S_h,4540,11,4297,0.0000,0.0000,0.0000,0,,,,0.0727,,0
SportsMOT,V086,303,switch,S_c,4566,19,4548,0.0000,0.0000,0.0000,0,,,,0.1414,,0
SportsMOT,V086,364,switch,S_c,4577,13,4402,0.0000,0.0000,0.0000,0,,,,0.1414,,0
SportsMOT,V086,364,switch,S_c,4578,17,4532,0.0000,0.0000,0.0000,0,,,,0.1414,,0
SportsMOT,V086,366,switch,S_c,4583,9,4545,0.0000,0.0000,0.0000,0,,,,0.1414,,0
SportsMOT,V086,369,switch,S_c,4595,16,4531,0.0000,0.0000,0.0000,0,,,,0.1414,,0
SportsMOT,V086,375,switch,S_h,4583,8,4497,0.0000,0.0000,0.0000,0,,,,0.1414,,0
SportsMOT,V086,379,switch,S_c,4647,8,4583,0.0000,0.0000,0.0000,0,,,,0.1414,,0
SportsMOT,V086,380,switch,S_c,4655,10,4446,0.0000,0.0000,0.0000,0,,,,0.1414,,0
SportsMOT,V086,383,switch,S_h,4534,13,4577,0.0000,0.0000,0.0000,0,,,,0.0635,,0
SportsMOT,V086,384,switch,S_c,4686,7,4494,0.0000,0.0000,0.0000,0,,,,0.1414,,0
SportsMOT,V086,384,switch,S_c,4679,10,4655,0.0000,0.0000,0.0000,0,,,,0.1414,,0
SportsMOT,V086,386,switch,S_c,4699,5,4546,0.0000,0.0000,0.0000,0,,,,0.1414,,0
SportsMOT,V086,386,switch,S_c,4693,8,4647,0.0000,0.0000,0.0000,0,,,,0.1414,,0
SportsMOT,V086,390,switch,S_c,4715,13,4534,0.0000,0.0000,0.0000,0,,,,0.1414,,0
SportsMOT,V086,391,switch,S_c,4724,6,4498,0.0000,0.0000,0.0000,0,,,,0.1414,,0
SportsMOT,V086,394,switch,S_c,4736,5,4546,0.0000,0.0000,0.0000,0,,,,0.1414,,0
SportsMOT,V086,394,switch,S_c,4733,6,4724,0.0000,0.0000,0.0000,0,,,,0.1414,,0
SportsMOT,V086,394,switch,S_c,4734,8,4693,0.0000,0.0000,0.0000,0,,,,0.1414,,0
SportsMOT,V086,395,switch,S_c,4743,1,4304,0.0000,0.0000,0.0000,0,,,,0.1414,,0
SportsMOT,V086,395,switch,S_c,4742,4,4305,0.0000,0.0000,0.0000,0,,,,0.1414,,0
SportsMOT,V086,395,switch,S_h,4595,11,4540,0.0000,0.0000,0.0000,0,,,,0.1414,,0
SportsMOT,V086,395,switch,S_c,4740,13,4715,0.0000,0.0000,0.0000,0,,,,0.1414,,0
SportsMOT,V086,398,switch,S_h,4577,9,4545,0.0000,0.0000,0.0000,0,,,,0.0865,,0
SportsMOT,V086,399,switch,S_c,4751,1,4304,0.0000,0.0000,0.0000,0,,,,0.1414,,0
SportsMOT,V086,399,switch,S_c,4752,2,4495,0.0000,0.0000,0.0000,0,,,,0.1414,,0
SportsMOT,V086,401,switch,S_h,4743,3,4493,0.0000,0.0000,0.0000,0,,,,0.1414,,0
SportsMOT,V086,402,switch,S_c,4757,11,4540,0.0000,0.0000,0.0000,0,,,,0.1414,,0
SportsMOT,V086,404,switch,S_c,4760,11,4540,0.0000,0.0000,0.0000,0,,,,0.1414,,0
SportsMOT,V086,422,switch,S_h,4740,9,4577,0.6768,0.0000,0.6768,0,,,,0.1414,,0
SportsMOT,V086,437,switch,S_c,4763,0,4298,0.0000,0.0000,0.0000,0,,,,0.1414,,0
SportsMOT,V086,439,switch,S_c,4764,12,4559,0.0000,0.0000,0.0000,0,,,,0.1414,,0
SportsMOT,V086,445,switch,S_c,4765,9,4740,0.0000,0.0000,0.0000,0,,,,0.1414,,0
SportsMOT,V086,464,switch,S_c,4766,14,4533,0.0000,0.0000,0.0000,0,,,,0.1414,,0
SportsMOT,V086,469,switch,S_c,4767,13,4715,0.0000,0.0000,0.0000,0,,,,0.1414,,0
SportsMOT,V086,481,switch,S_c,4768,19,4566,0.0000,0.0000,0.0000,0,,,,0.1414,,0
SportsMOT,V086,486,switch,S_c,4769,15,4535,0.0000,0.0000,0.0000,0,,,,0.1414,,0
SportsMOT,V086,515,switch,S_c,4785,15,4769,0.0000,0.0000,0.0000,0,,,,0.1414,,0
SportsMOT,V086,527,switch,S_c,4786,17,4578,0.0000,0.0000,0.0000,0,,,,0.1414,,0
SportsMOT,V086,530,switch,S_c,4788,16,4531,0.0000,0.0000,0.0000,0,,,,0.1414,,0
SportsMOT,V086,530,switch,S_c,4787,17,4786,0.0000,0.0000,0.0000,0,,,,0.1414,,0
SportsMOT,V086,535,switch,S_c,4790,5,4736,0.0000,0.0000,0.0000,0,,,,0.1414,,0
SportsMOT,V086,535,switch,S_c,4792,18,4534,0.0000,0.0000,0.0000,0,,,,0.1414,,0
SportsMOT,V086,540,switch,S_c,4798,7,4686,0.0000,0.0000,0.0000,0,,,,0.1414,,0
SportsMOT,V086,541,switch,S_r,4786,18,4792,0.8605,0.0000,0.8605,0,0.9994,1.090683,0.1702,0.0565,0.0,0
SportsMOT,V086,547,switch,S_c,4812,15,4785,0.0000,0.0000,0.0000,0,,,,0.1414,,0
SportsMOT,V086,550,switch,S_c,4816,15,4812,0.0000,0.0000,0.0000,0,,,,0.1414,,0
SportsMOT,V086,553,switch,S_c,4820,11,4760,0.0000,0.0000,0.0000,0,,,,0.1414,,0
SportsMOT,V086,555,switch,S_c,4822,15,4816,0.0000,0.0000,0.0000,0,,,,0.1414,,0
SportsMOT,V086,557,switch,S_c,4824,11,4760,0.0000,0.0000,0.0000,0,,,,0.1414,,0
SportsMOT,V086,560,switch,S_c,4826,11,4760,0.0000,0.0000,0.0000,0,,,,0.1414,,0
SportsMOT,V086,582,switch,S_h,4824,15,4822,0.7807,0.0000,0.7807,0,,,,0.1414,,0
SportsMOT,V086,584,switch,S_h,4822,15,4824,0.3958,0.0000,0.3958,0,,,,0.0638,,0
SportsMOT,V086,590,switch,S_c,4827,20,4565,0.0000,0.0000,0.0000,0,,,,0.1414,,0
SportsMOT,V086,712,switch,S_c,4828,10,4679,0.0000,0.0000,0.0000,0,,,,0.1414,,0
SportsMOT,V086,714,switch,S_c,4829,15,4822,0.0000,0.0000,0.0000,0,,,,0.1414,,0
SportsMOT,V086,716,switch,S_c,4830,15,4822,0.0000,0.0000,0.0000,0,,,,0.1414,,0
SportsMOT,V086,745,switch,S_r,4831,9,4765,0.7622,0.0000,0.7622,0,0.9980,1.399842,0.1168,0.0595,0.0,0
SportsMOT,V086,754,switch,S_c,4832,11,4826,0.0000,0.0000,0.0000,0,,,,0.1414,,0
SportsMOT,V086,756,switch,S_c,4833,11,4826,0.0000,0.0000,0.0000,0,,,,0.1414,,0
SportsMOT,V087,104,switch,S_r,4848,11,4838,0.6630,0.5801,0.0829,0,,,0.0837,0.0605,2.0,1
SportsMOT,V087,104,switch,S_c,4850,14,4849,0.0000,0.0000,0.0000,0,,,,0.1414,,0
SportsMOT,V087,196,switch,S_r,4856,18,4854,0.8371,0.7531,0.0839,0,,,0.0328,0.0638,2.0,1
SportsMOT,V087,197,switch,S_h,4854,19,4855,0.7319,0.7047,0.0272,0,,,,0.0593,,1
SportsMOT,V087,213,switch,S_r,4847,14,4850,0.8924,0.0000,0.8924,0,0.9878,1.067882,0.0798,0.0595,0.0,0
SportsMOT,V087,214,switch,S_c,4857,13,4847,0.4227,0.0000,0.4227,0,,,,0.1414,,0
SportsMOT,V087,216,switch,S_c,4858,6,4843,0.0000,0.0000,0.0000,0,,,,0.1414,,0
SportsMOT,V087,222,switch,S_c,4859,7,4841,0.0000,0.0000,0.0000,0,,,,0.1414,,0
SportsMOT,V087,224,switch,S_c,4860,7,4841,0.0000,0.0000,0.0000,0,,,,0.1414,,0
SportsMOT,V087,229,switch,S_h,4859,3,4844,0.0000,0.0000,0.0000,0,,,,0.1414,,0
SportsMOT,V087,234,switch,S_c,4861,2,4834,0.0000,0.0000,0.0000,0,,,,0.1414,,0
SportsMOT,V087,239,switch,S_c,4862,4,4839,0.0000,0.0000,0.0000,0,,,,0.1414,,0
SportsMOT,V087,261,switch,S_c,4863,1,4837,0.0000,0.0000,0.0000,0,,,,0.1414,,0
SportsMOT,V087,283,switch,S_c,4865,10,4842,0.3926,0.0782,0.3144,0,,,,0.1414,,0
SportsMOT,V087,285,switch,S_c,4866,10,4842,0.1946,0.1044,0.0902,0,,,,0.1414,,0
SportsMOT,V087,286,switch,S_c,4867,6,4858,0.5758,0.1910,0.3848,0,,,,0.1414,,0
SportsMOT,V087,289,switch,S_c,4868,0,4836,0.1230,0.0000,0.1230,0,,,,0.1414,,0
SportsMOT,V087,315,switch,S_c,4870,6,4867,0.1674,0.0229,0.1445,0,,,,0.1414,,0
SportsMOT,V087,318,switch,S_h,4867,9,4845,0.6007,0.0909,0.5098,0,,,,0.0632,,0
SportsMOT,V087,319,switch,S_r,4840,3,4859,0.3323,0.2225,0.1099,0,-0.3602,1.153984,0.1228,0.0567,1.0,1
SportsMOT,V087,319,switch,S_r,4859,7,4860,0.2911,0.1993,0.0918,0,-0.0351,2.419089,0.2940,0.0606,1.0,0
SportsMOT,V087,319,switch,S_r,4862,8,4840,0.7200,0.4302,0.2897,0,0.7550,1.199626,0.1450,0.0612,1.0,0
SportsMOT,V087,319,switch,S_r,4848,9,4845,0.3596,0.1626,0.1970,0,-0.2196,1.901708,0.2151,0.0585,2.0,0
SportsMOT,V087,319,switch,S_r,4835,11,4848,0.6989,0.4571,0.2419,0,0.9908,1.788760,0.0578,0.0614,2.0,0
SportsMOT,V087,320,switch,S_c,4872,4,4862,0.2323,0.0000,0.2323,0,,,,0.1414,,0
SportsMOT,V087,320,switch,S_c,4874,5,4835,0.1343,0.0312,0.1031,0,,,,0.1414,,0
SportsMOT,V087,320,switch,S_c,4871,12,4846,0.0000,0.0000,0.0000,0,,,,0.1414,,0
SportsMOT,V087,320,switch,S_c,4873,15,4851,0.0000,0.0000,0.0000,0,,,,0.1414,,0
SportsMOT,V087,321,switch,S_c,4875,13,4857,0.0747,0.0000,0.0747,0,,,,0.1414,,0
SportsMOT,V087,324,switch,S_r,4862,3,4840,0.4659,0.2114,0.2545,0,0.4641,1.393445,0.1451,0.0535,2.0,0
SportsMOT,V087,324,switch,S_r,4840,7,4859,0.2770,0.1265,0.1505,0,0.1170,1.798034,0.3178,0.0606,2.0,0
SportsMOT,V087,324,switch,S_r,4872,8,4862,0.5035,0.3925,0.1110,0,0.6784,1.168644,0.1515,0.0674,1.0,1
SportsMOT,V087,324,switch,S_r,4835,9,4848,0.3149,0.2199,0.0950,0,0.0967,1.212040,0.2252,0.0575,2.0,1
SportsMOT,V087,324,switch,S_r,4874,11,4835,0.7256,0.3582,0.3674,0,0.9920,1.289804,0.1236,0.0676,2.0,0
SportsMOT,V087,325,switch,S_c,4881,5,4874,0.2657,0.0000,0.2657,0,,,,0.1414,,0
SportsMOT,V087,325,switch,S_c,4878,13,4875,0.0065,0.0000,0.0065,0,,,,0.1414,,0
SportsMOT,V087,325,switch,S_c,4877,14,4847,0.0000,0.0000,0.0000,0,,,,0.1414,,0
SportsMOT,V087,325,switch,S_c,4876,17,4852,0.0000,0.0000,0.0000,0,,,,0.1414,,0
SportsMOT,V087,326,switch,S_c,4884,10,4866,0.4280,0.2991,0.1289,0,,,,0.1414,,1
SportsMOT,V087,329,switch,S_r,4872,3,4862,0.4767,0.2348,0.2419,0,0.8245,1.645612,0.3292,0.0547,1.0,0
SportsMOT,V087,329,switch,S_h,4860,6,4870,0.0000,0.0000,0.0000,0,,,,0.0720,,0
SportsMOT,V087,329,switch,S_c,4889,8,4872,0.1569,0.0000,0.1569,0,,,,0.1414,,0
SportsMOT,V087,329,switch,S_r,4874,9,4835,0.4699,0.2056,0.2642,0,0.5465,1.472748,0.3010,0.0560,3.0,0
SportsMOT,V087,329,switch,S_r,4881,11,4874,0.6577,0.4816,0.1760,0,0.9925,1.491196,0.1370,0.0653,2.0,1
SportsMOT,V087,329,switch,S_h,4846,13,4878,0.3463,0.0671,0.2793,0,,,,0.0735,,0
SportsMOT,V087,329,switch,S_h,4875,14,4877,0.3789,0.0000,0.3789,0,,,,0.0733,,0
SportsMOT,V087,330,switch,S_c,4893,5,4881,0.2392,0.1015,0.1376,0,,,,0.1414,,0
SportsMOT,V087,330,switch,S_h,4862,7,4840,0.0074,0.0000,0.0074,0,,,,0.0673,,0
SportsMOT,V087,330,switch,S_c,4894,19,4854,0.0000,0.0000,0.0000,0,,,,0.1414,,0
SportsMOT,V087,331,switch,S_r,4870,10,4884,0.9083,0.2273,0.6810,0,0.9926,1.000392,0.2785,0.0596,2.0,0
SportsMOT,V087,331,switch,S_c,4896,16,4853,0.1628,0.0000,0.1628,0,,,,0.1414,,0
SportsMOT,V087,334,switch,S_h,4878,14,4875,0.3864,0.0000,0.3864,0,,,,0.0717,,0
SportsMOT,V087,335,switch,S_c,4901,16,4896,0.0959,0.0000,0.0959,0,,,,0.1414,,0
SportsMOT,V087,336,switch,S_c,4905,18,4856,0.0000,0.0000,0.0000,0,,,,0.1414,,0
SportsMOT,V087,340,switch,S_c,4915,18,4905,0.0000,0.0000,0.0000,0,,,,0.1414,,0
SportsMOT,V087,341,switch,S_c,4918,6,4860,0.0000,0.0000,0.0000,0,,,,0.1414,,0
SportsMOT,V087,344,switch,S_h,4860,9,4874,0.5011,0.1356,0.3655,0,,,,0.0689,,0
SportsMOT,V087,346,switch,S_h,4874,9,4860,0.8495,0.1671,0.6824,0,,,,0.0678,,0
SportsMOT,V087,350,switch,S_h,4867,19,4894,0.6370,0.0506,0.5864,0,,,,0.1414,,0
SportsMOT,V087,355,switch,S_h,4875,14,4878,0.7999,0.0000,0.7999,0,,,,0.0739,,0
SportsMOT,V087,386,switch,S_c,4921,9,4874,0.0000,0.0000,0.0000,0,,,,0.1414,,0
SportsMOT,V087,399,switch,S_r,4901,19,4867,0.6507,0.4654,0.1853,0,0.6814,1.257317,0.0969,0.0574,2.0,1
SportsMOT,V087,402,switch,S_c,4922,16,4901,0.2906,0.2738,0.0169,0,,,,0.1414,,1
SportsMOT,V087,405,switch,S_c,4924,10,4870,0.0000,0.0000,0.0000,0,,,,0.1414,,0
SportsMOT,V087,405,switch,S_c,4923,16,4922,0.6076,0.0783,0.5293,0,,,,0.1414,,0
SportsMOT,V087,406,switch,S_c,4925,8,4889,0.3636,0.0000,0.3636,0,,,,0.1414,,0
SportsMOT,V087,408,switch,S_c,4926,6,4918,0.0368,0.0000,0.0368,0,,,,0.1414,,0
SportsMOT,V087,409,switch,S_r,4924,8,4925,0.5812,0.3064,0.2748,0,0.4921,1.756835,0.2321,0.0610,1.0,0
SportsMOT,V087,409,switch,S_r,4923,19,4901,0.5747,0.5141,0.0607,0,0.9232,1.711503,0.1088,0.0662,1.0,1
SportsMOT,V087,410,switch,S_r,4926,7,4862,0.4366,0.0000,0.4366,0,0.5355,1.052449,0.1688,0.0645,0.0,0
SportsMOT,V087,410,switch,S_c,4927,10,4924,0.1815,0.0000,0.1815,0,,,,0.1414,,0
SportsMOT,V087,410,switch,S_c,4928,16,4923,0.1946,0.0000,0.1946,0,,,,0.1414,,0
SportsMOT,V087,410,switch,S_h,4922,18,4915,0.5876,0.0000,0.5876,0,,,,0.0749,,0
SportsMOT,V087,411,switch,S_c,4929,3,4872,0.0058,0.0000,0.0058,0,,,,0.1414,,0
SportsMOT,V087,414,switch,S_r,4925,6,4918,0.6201,0.4603,0.1598,0,0.9998,1.497142,0.2220,0.0572,1.0,1
SportsMOT,V087,414,switch,S_h,4915,18,4922,0.5685,0.0000,0.5685,0,,,,0.0651,,0
SportsMOT,V087,415,switch,S_c,4930,7,4926,0.5089,0.0327,0.4763,0,,,,0.1414,,0
SportsMOT,V087,416,switch,S_c,4931,2,4861,0.0000,0.0000,0.0000,0,,,,0.1414,,0
SportsMOT,V087,418,switch,S_c,4932,4,4872,0.1137,0.0000,0.1137,0,,,,0.1414,,0
SportsMOT,V087,419,switch,S_r,4930,6,4925,0.5959,0.4007,0.1951,0,0.7351,1.047050,0.1661,0.0595,3.0,1
SportsMOT,V087,420,switch,S_c,4933,4,4872,0.1179,0.0000,0.1179,0,,,,0.1414,,0
SportsMOT,V087,420,switch,S_c,4934,7,4930,0.1475,0.0335,0.1140,0,,,,0.1414,,0
SportsMOT,V087,425,switch,S_c,4935,1,4863,0.0000,0.0000,0.0000,0,,,,0.1414,,0
SportsMOT,V087,434,switch,S_c,4937,0,4868,0.0000,0.0000,0.0000,0,,,,0.1414,,0
SportsMOT,V087,442,switch,S_h,4922,18,4915,0.7353,0.0000,0.7353,0,,,,0.0655,,0
SportsMOT,V087,458,switch,S_r,4924,4,4933,0.8533,0.7096,0.1437,0,0.7036,2.377949,0.0344,0.0563,4.0,1
SportsMOT,V087,458,switch,S_r,4933,8,4924,0.5865,0.4960,0.0905,0,-0.4675,2.678488,0.0358,0.0574,4.0,1
SportsMOT,V087,459,switch,S_r,4924,3,4929,0.7922,0.4965,0.2957,0,-0.7666,4.981868,0.0068,0.0568,4.0,0
SportsMOT,V087,459,switch,S_r,4929,4,4933,0.9518,0.3138,0.6380,0,0.9988,1.186410,0.0512,0.0585,4.0,0
SportsMOT,V087,474,switch,S_r,4933,3,4924,0.9706,0.3390,0.6317,0,0.9978,1.084700,0.0560,0.0575,2.0,0
SportsMOT,V087,474,switch,S_r,4924,8,4933,0.8858,0.3968,0.4890,0,0.3284,1.969207,0.0208,0.0572,2.0,0
SportsMOT,V087,484,switch,S_c,4939,18,4922,0.0000,0.0000,0.0000,0,,,,0.1414,,0
SportsMOT,V087,528,switch,S_c,4940,1,4935,0.0000,0.0000,0.0000,0,,,,0.1414,,0
SportsMOT,V087,536,switch,S_c,4941,0,4937,0.0000,0.0000,0.0000,0,,,,0.1414,,0
SportsMOT,V087,556,switch,S_c,4942,19,4923,0.0000,0.0000,0.0000,0,,,,0.1414,,0
SportsMOT,V087,583,switch,S_c,4943,16,4928,0.0026,0.0000,0.0026,0,,,,0.1414,,0
SportsMOT,V087,597,switch,S_c,4945,7,4934,0.0630,0.0000,0.0630,0,,,,0.1414,,0
SportsMOT,V087,597,switch,S_c,4944,9,4921,0.0000,0.0000,0.0000,0,,,,0.1414,,0
SportsMOT,V087,601,switch,S_r,4929,7,4945,0.3366,0.1574,0.1792,0,0.3452,1.943133,0.3683,0.0614,1.0,0
SportsMOT,V087,601,switch,S_h,4921,11,4881,0.1648,0.0000,0.1648,0,,,,0.0724,,0
SportsMOT,V087,601,switch,S_r,4871,15,4873,0.5181,0.2883,0.2298,0,0.4092,1.447909,0.2086,0.0568,1.0,0
SportsMOT,V087,602,switch,S_c,4946,12,4871,0.1883,0.0000,0.1883,0,,,,0.1414,,0
SportsMOT,V087,602,switch,S_c,4947,14,4875,0.0000,0.0000,0.0000,0,,,,0.1414,,0
SportsMOT,V087,603,switch,S_c,4954,13,4846,0.0000,0.0000,0.0000,0,,,,0.1414,,0
SportsMOT,V087,607,switch,S_c,4961,13,4954,0.0000,0.0000,0.0000,0,,,,0.1414,,0
SportsMOT,V087,608,switch,S_c,4966,9,4944,0.0000,0.0000,0.0000,0,,,,0.1414,,0
SportsMOT,V087,611,switch,S_h,4944,11,4921,0.0000,0.0000,0.0000,0,,,,0.0738,,0
SportsMOT,V087,625,switch,S_h,4934,13,4961,0.2811,0.0000,0.2811,0,,,,0.0801,,0
SportsMOT,V088,139,switch,S_c,4993,1,4985,0.0000,0.0000,0.0000,0,,,,0.1414,,0
SportsMOT,V088,151,switch,S_c,4994,4,4983,0.0000,0.0000,0.0000,0,,,,0.1414,,0
SportsMOT,V088,153,switch,S_c,4995,12,4987,0.0000,0.0000,0.0000,0,,,,0.1414,,0
SportsMOT,V088,154,switch,S_c,4996,4,4994,0.0000,0.0000,0.0000,0,,,,0.1414,,0
SportsMOT,V088,157,switch,S_c,4997,0,4977,0.0000,0.0000,0.0000,0,,,,0.1414,,0
SportsMOT,V088,171,switch,S_r,4981,7,4988,0.6309,0.6169,0.0140,0,,,0.0811,0.0598,1.0,1
SportsMOT,V088,171,switch,S_r,4988,8,4981,0.8664,0.8298,0.0366,0,0.9990,1.831264,0.0277,0.0584,1.0,1
SportsMOT,V088,255,switch,S_r,4998,9,4982,0.8108,0.0000,0.8108,0,,,0.0200,0.0590,0.0,0
SportsMOT,V088,266,switch,S_c,5000,10,4984,0.0855,0.0000,0.0855,0,,,,0.1414,,0
SportsMOT,V088,325,switch,S_c,5003,17,5002,0.0000,0.0000,0.0000,0,,,,0.1414,,0
SportsMOT,V088,385,switch,S_c,5006,4,4996,0.0000,0.0000,0.0000,0,,,,0.1414,,0
SportsMOT,V088,412,switch,S_c,5008,5,4978,0.0000,0.0000,0.0000,0,,,,0.1414,,0
SportsMOT,V088,412,switch,S_c,5009,13,4991,0.0000,0.0000,0.0000,0,,,,0.1414,,0
SportsMOT,V088,533,switch,S_r,5010,16,5001,0.8921,0.0000,0.8921,0,,,0.0119,0.0608,0.0,0
SportsMOT,V088,548,switch,S_c,5011,17,5003,0.0000,0.0000,0.0000,0,,,,0.1414,,0
SportsMOT,V089,28,switch,S_r,5019,6,5016,0.8430,0.4071,0.4359,0,0.9710,2.232975,0.0649,0.0571,1.0,0
SportsMOT,V089,28,switch,S_r,5016,7,5019,0.6781,0.3308,0.3473,0,0.7185,3.447309,0.0989,0.0600,1.0,0
SportsMOT,V089,57,switch,S_c,5021,0,5020,0.0000,0.0000,0.0000,0,,,,0.1414,,0
SportsMOT,V089,79,switch,S_c,5023,9,5022,0.0000,0.0000,0.0000,0,,,,0.1414,,0
SportsMOT,V089,104,switch,S_c,5026,11,5025,0.0929,0.0000,0.0929,0,,,,0.1414,,0
SportsMOT,V089,105,switch,S_h,5025,12,5022,0.3706,0.0103,0.3602,0,,,,0.0655,,0
SportsMOT,V089,109,switch,S_c,5027,12,5025,0.0000,0.0000,0.0000,0,,,,0.1414,,0
SportsMOT,V089,124,switch,S_c,5032,14,5030,0.0000,0.0000,0.0000,0,,,,0.1414,,0
SportsMOT,V089,129,switch,S_c,5035,15,5030,0.0000,0.0000,0.0000,0,,,,0.1414,,0
SportsMOT,V089,167,switch,S_c,5038,7,5016,0.0000,0.0000,0.0000,0,,,,0.1414,,0
SportsMOT,V089,251,switch,S_c,5040,8,5015,0.1332,0.0000,0.1332,0,,,,0.1414,,0
SportsMOT,V089,276,switch,S_c,5041,2,5012,0.0000,0.0000,0.0000,0,,,,0.1414,,0
SportsMOT,V089,361,switch,S_c,5042,11,5026,0.0000,0.0000,0.0000,0,,,,0.1414,,0
SportsMOT,V089,411,switch,S_c,5045,10,5024,0.0000,0.0000,0.0000,0,,,,0.1414,,0
SportsMOT,V089,513,switch,S_c,5046,14,5032,0.0000,0.0000,0.0000,0,,,,0.1414,,0
SportsMOT,V089,523,switch,S_c,5048,10,5045,0.0000,0.0000,0.0000,0,,,,0.1414,,0
SportsMOT,V089,572,switch,S_c,5049,0,5021,0.0000,0.0000,0.0000,0,,,,0.1414,,0
SportsMOT,V089,573,switch,S_r,5049,12,5027,0.6905,0.0000,0.6905,0,,,0.1440,0.0590,0.0,0
SportsMOT,V089,574,switch,S_c,5050,0,5021,0.2052,0.0000,0.2052,0,,,,0.1414,,0
SportsMOT,V089,576,switch,S_r,5050,12,5049,0.7068,0.4322,0.2745,0,0.5941,2.161551,0.1603,0.0584,1.0,0
SportsMOT,V089,577,switch,S_c,5051,0,5050,0.3858,0.0000,0.3858,0,,,,0.1414,,0
SportsMOT,V089,595,switch,S_c,5052,13,5029,0.0000,0.0000,0.0000,0,,,,0.1414,,0
SportsMOT,V089,598,switch,S_c,5053,17,5036,0.0000,0.0000,0.0000,0,,,,0.1414,,0
SportsMOT,V089,712,switch,S_r,5046,11,5042,0.5890,0.3584,0.2306,0,0.7008,1.619603,0.2955,0.0545,1.0,0
SportsMOT,V089,713,switch,S_c,5055,14,5046,0.1954,0.0000,0.1954,0,,,,0.1414,,0
SportsMOT,V089,717,switch,S_r,5055,11,5046,0.4323,0.2052,0.2271,0,0.6047,1.019728,0.2749,0.0546,1.0,0
SportsMOT,V089,717,switch,S_r,5019,14,5055,0.4799,0.1782,0.3017,0,0.7270,2.133883,0.0869,0.0652,0.0,0
SportsMOT,V089,718,switch,S_c,5056,3,5013,0.0000,0.0000,0.0000,0,,,,0.1414,,0
SportsMOT,V089,718,switch,S_c,5057,6,5019,0.0254,0.0000,0.0254,0,,,,0.1414,,0
SportsMOT,V089,722,switch,S_r,5019,11,5055,0.5646,0.2886,0.2760,0,0.8118,1.128537,0.3764,0.0515,2.0,0
SportsMOT,V089,722,switch,S_r,5057,14,5019,0.7792,0.2527,0.5265,0,0.9473,1.133885,0.2430,0.0636,1.0,0
SportsMOT,V089,724,switch,S_c,5067,15,5035,0.2816,0.0000,0.2816,0,,,,0.1414,,0
SportsMOT,V089,724,switch,S_c,5066,17,5053,0.0000,0.0000,0.0000,0,,,,0.1414,,0
SportsMOT,V089,724,switch,S_r,5062,18,5037,0.4684,0.0000,0.4684,0,,,0.1657,0.0721,0.0,0
SportsMOT,V089,726,switch,S_c,5073,6,5057,0.3877,0.1034,0.2843,0,,,,0.1414,,0
SportsMOT,V089,727,switch,S_h,5046,10,5048,0.4017,0.0000,0.4017,0,,,,0.0726,,0
SportsMOT,V089,727,switch,S_h,5042,13,5052,0.3552,0.0000,0.3552,0,,,,0.0752,,0
SportsMOT,V089,728,switch,S_c,5078,11,5019,0.0000,0.0000,0.0000,0,,,,0.1414,,0
SportsMOT,V089,729,switch,S_c,5080,11,5019,0.2448,0.0000,0.2448,0,,,,0.1414,,0
SportsMOT,V089,730,switch,S_c,5082,11,5019,0.1509,0.0000,0.1509,0,,,,0.1414,,0
SportsMOT,V089,731,switch,S_c,5085,11,5019,0.0901,0.0000,0.0901,0,,,,0.1414,,0
SportsMOT,V089,731,switch,S_c,5084,16,5033,0.0000,0.0000,0.0000,0,,,,0.1414,,0
SportsMOT,V089,733,switch,S_c,5088,6,5057,0.0000,0.0000,0.0000,0,,,,0.1414,,0
SportsMOT,V089,733,switch,S_c,5089,10,5046,0.0000,0.0000,0.0000,0,,,,0.1414,,0
SportsMOT,V089,733,switch,S_c,5090,13,5042,0.0000,0.0000,0.0000,0,,,,0.1414,,0
SportsMOT,V089,734,switch,S_h,5073,10,5046,0.3352,0.0000,0.3352,0,,,,0.1414,,0
SportsMOT,V089,737,switch,S_h,5080,10,5073,0.1935,0.0000,0.1935,0,,,,0.1414,,0
SportsMOT,V089,739,switch,S_h,5082,10,5080,0.4949,0.0000,0.4949,0,,,,0.1414,,0
SportsMOT,V089,740,switch,S_h,5085,10,5080,0.3987,0.0000,0.3987,0,,,,0.1414,,0
SportsMOT,V089,743,switch,S_c,5098,10,5085,0.0000,0.0000,0.0000,0,,,,0.1414,,0
SportsMOT,V089,773,switch,S_c,5106,21,5099,0.0000,0.0000,0.0000,0,,,,0.1414,,0
SportsMOT,V090,68,switch,S_c,5121,14,5118,0.0000,0.0000,0.0000,0,,,,0.1414,,0
SportsMOT,V090,71,switch,S_c,5122,15,5112,0.0000,0.0000,0.0000,0,,,,0.1414,,0
SportsMOT,V090,232,switch,S_c,5127,20,5125,0.0000,0.0000,0.0000,0,,,,0.1414,,0
SportsMOT,V090,233,switch,S_c,5130,4,5116,0.0000,0.0000,0.0000,0,,,,0.1414,,0
SportsMOT,V090,237,switch,S_c,5137,15,5122,0.0000,0.0000,0.0000,0,,,,0.1414,,0
SportsMOT,V090,237,switch,S_c,5136,16,5134,0.0080,0.0000,0.0080,0,,,,0.1414,,0
SportsMOT,V090,242,switch,S_c,5148,4,5130,0.0000,0.0000,0.0000,0,,,,0.1414,,0
SportsMOT,V090,264,switch,S_h,5122,8,5114,0.7883,0.0000,0.7883,0,,,,0.0699,,0
SportsMOT,V090,270,switch,S_c,5149,4,5148,0.0000,0.0000,0.0000,0,,,,0.1414,,0
SportsMOT,V090,271,switch,S_h,5114,14,5121,0.5002,0.0000,0.5002,0,,,,0.0739,,0
SportsMOT,V090,272,switch,S_c,5150,8,5122,0.0000,0.0000,0.0000,0,,,,0.1414,,0
SportsMOT,V090,275,switch,S_h,5122,14,5114,0.6400,0.0000,0.6400,0,,,,0.0701,,0
SportsMOT,V090,277,switch,S_c,5154,1,5109,0.0000,0.0000,0.0000,0,,,,0.1414,,0
SportsMOT,V090,277,switch,S_c,5151,3,5108,0.0000,0.0000,0.0000,0,,,,0.1414,,0
SportsMOT,V090,277,switch,S_c,5152,4,5149,0.0000,0.0000,0.0000,0,,,,0.1414,,0
SportsMOT,V090,277,switch,S_c,5153,14,5114,0.0000,0.0000,0.0000,0,,,,0.1414,,0
SportsMOT,V090,279,switch,S_c,5155,16,5136,0.5488,0.0000,0.5488,0,,,,0.1414,,0
SportsMOT,V090,282,switch,S_c,5157,14,5153,0.0143,0.0000,0.0143,0,,,,0.1414,,0
SportsMOT,V090,282,switch,S_c,5158,15,5137,0.0000,0.0000,0.0000,0,,,,0.1414,,0
SportsMOT,V090,283,switch,S_c,5161,9,5119,0.0000,0.0000,0.0000,0,,,,0.1414,,0
SportsMOT,V090,286,switch,S_h,5137,8,5150,0.3648,0.0000,0.3648,0,,,,0.0722,,0
SportsMOT,V090,287,switch,S_c,5170,0,5111,0.0000,0.0000,0.0000,0,,,,0.1414,,0
SportsMOT,V090,288,switch,S_h,5122,4,5152,0.0000,0.0000,0.0000,0,,,,0.0706,,0
SportsMOT,V090,289,switch,S_h,5121,4,5152,0.3419,0.0000,0.3419,0,,,,0.0744,,0
SportsMOT,V090,290,switch,S_h,5114,4,5152,0.3838,0.0000,0.3838,0,,,,0.0722,,0
SportsMOT,V090,290,switch,S_c,5176,5,5117,0.0000,0.0000,0.0000,0,,,,0.1414,,0
SportsMOT,V090,290,switch,S_h,5150,8,5137,0.9536,0.0000,0.9536,0,,,,0.0680,,0
SportsMOT,V090,292,switch,S_c,5177,4,5152,0.0000,0.0000,0.0000,0,,,,0.1414,,0
SportsMOT,V090,297,switch,S_c,5183,5,5117,0.0000,0.0000,0.0000,0,,,,0.1414,,0
SportsMOT,V090,352,switch,S_r,5150,14,5157,0.7161,0.2423,0.4737,0,0.7791,1.081031,0.1575,0.0556,1.0,0
SportsMOT,V090,353,switch,S_c,5191,0,5170,0.0000,0.0000,0.0000,0,,,,0.1414,,0
SportsMOT,V090,353,switch,S_c,5186,15,5158,0.0000,0.0000,0.0000,0,,,,0.1414,,0
SportsMOT,V090,353,switch,S_c,5189,17,5120,0.0102,0.0000,0.0102,0,,,,0.1414,,0
SportsMOT,V090,355,switch,S_h,5120,15,5186,0.5808,0.0000,0.5808,0,,,,0.0715,,0
SportsMOT,V090,358,switch,S_c,5217,0,5191,0.0000,0.0000,0.0000,0,,,,0.1414,,0
SportsMOT,V090,358,switch,S_c,5222,13,5113,0.0000,0.0000,0.0000,0,,,,0.1414,,0
SportsMOT,V090,358,switch,S_c,5223,14,5150,0.0000,0.0000,0.0000,0,,,,0.1414,,0
SportsMOT,V090,358,switch,S_c,5214,15,5120,0.0000,0.0000,0.0000,0,,,,0.1414,,0
SportsMOT,V090,358,switch,S_c,5220,17,5189,0.0000,0.0000,0.0000,0,,,,0.1414,,0
SportsMOT,V090,358,switch,S_c,5215,18,5123,0.0000,0.0000,0.0000,0,,,,0.1414,,0
SportsMOT,V090,361,switch,S_h,5177,8,5150,0.0453,0.0000,0.0453,0,,,,0.0667,,0
SportsMOT,V090,362,switch,S_h,5189,15,5214,0.2875,0.0000,0.2875,0,,,,0.0785,,0
SportsMOT,V090,362,switch,S_h,5110,17,5220,0.2368,0.0163,0.2206,0,,,,0.0692,,0
SportsMOT,V090,363,switch,S_h,5151,6,5110,0.0000,0.0000,0.0000,0,,,,0.0690,,0
SportsMOT,V090,363,switch,S_c,5247,14,5223,0.0000,0.0000,0.0000,0,,,,0.1414,,0
SportsMOT,V090,363,switch,S_c,5250,19,5129,0.0000,0.0000,0.0000,0,,,,0.1414,,0
SportsMOT,V090,368,switch,S_c,5271,3,5151,0.0000,0.0000,0.0000,0,,,,0.1414,,0
SportsMOT,V090,368,switch,S_c,5272,6,5151,0.0000,0.0000,0.0000,0,,,,0.1414,,0
SportsMOT,V090,368,switch,S_c,5275,14,5247,0.0000,0.0000,0.0000,0,,,,0.1414,,0
SportsMOT,V090,368,switch,S_c,5274,16,5155,0.0000,0.0000,0.0000,0,,,,0.1414,,0
SportsMOT,V090,373,switch,S_c,5295,4,5177,0.0000,0.0000,0.0000,0,,,,0.1414,,0
SportsMOT,V090,373,switch,S_c,5296,14,5275,0.0000,0.0000,0.0000,0,,,,0.1414,,0
SportsMOT,V090,374,switch,S_c,5300,8,5150,0.0759,0.0000,0.0759,0,,,,0.1414,,0
SportsMOT,V090,377,switch,S_r,5300,14,5296,0.6738,0.4323,0.2415,0,0.8090,1.040670,0.2023,0.0638,1.0,0
SportsMOT,V090,378,switch,S_c,5308,8,5300,0.3613,0.0000,0.3613,0,,,,0.1414,,0
SportsMOT,V090,378,switch,S_c,5307,20,5127,0.0000,0.0000,0.0000,0,,,,0.1414,,0
SportsMOT,V090,380,switch,S_h,5214,15,5189,0.7717,0.0000,0.7717,0,,,,0.0607,,0
SportsMOT,V090,381,switch,S_h,5220,17,5110,0.8716,0.0042,0.8674,0,,,,0.0663,,0
SportsMOT,V090,389,switch,S_h,5247,14,5300,0.7287,0.6156,0.1132,0,,,,0.0660,,1
SportsMOT,V090,391,switch,S_h,5275,14,5247,0.6729,0.5165,0.1564,0,,,,0.0653,,1
SportsMOT,V090,394,switch,S_h,5296,14,5275,0.6725,0.4256,0.2469,0,,,,0.0670,,0
SportsMOT,V090,405,switch,S_r,5250,16,5274,0.9261,0.5069,0.4192,0,1.0000,1.127284,0.0698,0.0591,1.0,0
SportsMOT,V090,405,switch,S_r,5274,19,5250,0.9058,0.4820,0.4238,0,0.9385,1.352748,0.0425,0.0575,1.0,0
SportsMOT,V090,428,switch,S_c,5309,6,5272,0.0000,0.0000,0.0000,0,,,,0.1414,,0
SportsMOT,V090,483,switch,S_r,5250,2,5107,0.9834,0.5072,0.4763,0,0.9734,1.746425,0.0064,0.0572,1.0,0
SportsMOT,V090,483,switch,S_c,5310,9,5161,0.0000,0.0000,0.0000,0,,,,0.1414,,0
SportsMOT,V090,483,switch,S_r,5107,16,5250,0.9356,0.4928,0.4429,0,0.9513,1.587505,0.0344,0.0588,1.0,0
SportsMOT,V090,516,switch,S_c,5311,1,5154,0.0000,0.0000,0.0000,0,,,,0.1414,,0
SportsMOT,V090,521,switch,S_c,5312,4,5295,0.0000,0.0000,0.0000,0,,,,0.1414,,0
SportsMOT,V090,522,switch,S_c,5313,0,5217,0.0000,0.0000,0.0000,0,,,,0.1414,,0
SportsMOT,V090,534,switch,S_c,5316,3,5271,0.0000,0.0000,0.0000,0,,,,0.1414,,0
SportsMOT,V090,534,switch,S_c,5317,8,5308,0.0000,0.0000,0.0000,0,,,,0.1414,,0
SportsMOT,V090,534,switch,S_h,5308,14,5296,0.0000,0.0000,0.0000,0,,,,0.0573,,0
SportsMOT,V090,534,switch,S_c,5319,17,5220,0.0000,0.0000,0.0000,0,,,,0.1414,,0
SportsMOT,V090,534,switch,S_c,5315,20,5307,0.0000,0.0000,0.0000,0,,,,0.1414,,0
SportsMOT,V090,538,switch,S_r,5317,14,5308,0.6052,0.1248,0.4804,0,0.9876,1.754365,0.1471,0.0557,0.0,0
SportsMOT,V090,539,switch,S_c,5322,3,5316,0.0000,0.0000,0.0000,0,,,,0.1414,,0
SportsMOT,V090,539,switch,S_c,5321,15,5214,0.0000,0.0000,0.0000,0,,,,0.1414,,0
SportsMOT,V090,540,switch,S_c,5327,4,5312,0.0000,0.0000,0.0000,0,,,,0.1414,,0
SportsMOT,V090,543,switch,S_h,5214,2,5250,0.2264,0.0000,0.2264,0,,,,0.0644,,0
SportsMOT,V090,543,switch,S_h,5220,14,5317,0.1122,0.0000,0.1122,0,,,,0.0752,,0
SportsMOT,V090,544,switch,S_c,5343,0,5313,0.0000,0.0000,0.0000,0,,,,0.1414,,0
SportsMOT,V090,544,switch,S_c,5344,11,5184,0.0000,0.0000,0.0000,0,,,,0.1414,,0
SportsMOT,V090,545,switch,S_c,5350,4,5327,0.0000,0.0000,0.0000,0,,,,0.1414,,0
SportsMOT,V090,546,switch,S_c,5358,8,5317,0.3900,0.0000,0.3900,0,,,,0.1414,,0
SportsMOT,V090,549,switch,S_h,5319,14,5220,0.0000,0.0000,0.0000,0,,,,0.0710,,0
SportsMOT,V090,549,switch,S_c,5368,17,5319,0.0000,0.0000,0.0000,0,,,,0.1414,,0
SportsMOT,V090,551,switch,S_c,5375,4,5327,0.0000,0.0000,0.0000,0,,,,0.1414,,0
SportsMOT,V090,551,switch,S_c,5376,6,5309,0.0000,0.0000,0.0000,0,,,,0.1414,,0
SportsMOT,V090,552,switch,S_r,5319,8,5358,0.9198,0.0000,0.9198,0,0.9983,1.042753,0.2717,0.0591,0.0,0
SportsMOT,V090,553,switch,S_h,5296,4,5375,0.2102,0.0000,0.2102,0,,,,0.0738,,0
SportsMOT,V090,554,switch,S_c,5385,5,5183,0.0000,0.0000,0.0000,0,,,,0.1414,,0
SportsMOT,V090,554,switch,S_c,5384,6,5376,0.0000,0.0000,0.0000,0,,,,0.1414,,0
SportsMOT,V090,554,switch,S_c,5383,12,5185,0.0000,0.0000,0.0000,0,,,,0.1414,,0
SportsMOT,V090,556,switch,S_h,5315,14,5319,0.1581,0.0000,0.1581,0,,,,0.1414,,0
SportsMOT,V090,558,switch,S_r,5315,8,5319,0.4960,0.3848,0.1112,0,0.3744,1.859566,0.0853,0.0650,1.0,1
SportsMOT,V090,559,switch,S_h,5319,8,5319,0.6918,0.0000,0.6918,0,,,,0.0609,,0
SportsMOT,V090,561,switch,S_c,5389,10,5124,0.0000,0.0000,0.0000,0,,,,0.1414,,0
SportsMOT,V090,562,switch,S_h,5313,0,5343,0.7937,0.0000,0.7937,0,,,,0.0763,,0
SportsMOT,V090,563,switch,S_h,5343,0,5343,0.3127,0.0000,0.3127,0,,,,0.0628,,0
SportsMOT,V090,655,switch,S_c,5390,13,5222,0.0000,0.0000,0.0000,0,,,,0.1414,,0
SportsMOT,V090,660,switch,S_c,5391,4,5296,0.0000,0.0000,0.0000,0,,,,0.1414,,0
SportsMOT,V090,665,switch,S_c,5392,6,5384,0.0000,0.0000,0.0000,0,,,,0.1414,,0
SportsMOT,V090,669,switch,S_c,5393,6,5384,0.0000,0.0000,0.0000,0,,,,0.1414,,0
SportsMOT,V090,674,switch,S_c,5394,2,5214,0.0000,0.0000,0.0000,0,,,,0.1414,,0
SportsMOT,V090,675,switch,S_c,5395,8,5319,0.0000,0.0000,0.0000,0,,,,0.1414,,0
SportsMOT,V090,677,switch,S_c,5396,7,5115,0.0000,0.0000,0.0000,0,,,,0.1414,,0
SportsMOT,V090,680,switch,S_c,5397,7,5115,0.0000,0.0000,0.0000,0,,,,0.1414,,0
SportsMOT,V090,686,switch,S_c,5398,17,5368,0.0000,0.0000,0.0000,0,,,,0.1414,,0
SportsMOT,V090,692,switch,S_c,5399,14,5315,0.0000,0.0000,0.0000,0,,,,0.1414,,0
SportsMOT,V090,693,switch,S_c,5400,15,5321,0.0000,0.0000,0.0000,0,,,,0.1414,,0
SportsMOT,V090,693,switch,S_c,5401,18,5215,0.0000,0.0000,0.0000,0,,,,0.1414,,0
SportsMOT,V090,695,switch,S_c,5403,14,5315,0.0000,0.0000,0.0000,0,,,,0.1414,,0
SportsMOT,V090,696,switch,S_c,5404,16,5107,0.0000,0.0000,0.0000,0,,,,0.1414,,0
SportsMOT,V090,700,switch,S_c,5405,16,5404,0.0751,0.0000,0.0751,0,,,,0.1414,,0
SportsMOT,V090,715,switch,S_c,5408,9,5310,0.0000,0.0000,0.0000,0,,,,0.1414,,0
SportsMOT,V090,715,switch,S_c,5407,19,5274,0.0000,0.0000,0.0000,0,,,,0.1414,,0
SportsMOT,V090,736,switch,S_c,5409,20,5307,0.0000,0.0000,0.0000,0,,,,0.1414,,0
SportsMOT,V090,811,switch,S_c,5411,6,5393,0.0000,0.0000,0.0000,0,,,,0.1414,,0
