dataset,seq,frame,class,track_id,gt_id_new,old_hid,no_box,top1,top2,margin,cos_theta,v_obs_norm,occlusion,swap_A,swap_B
MOT17,V001,317,S_r,25,17,27,0,0.871247,0.031835,0.839412,-0.274721,0.020452,1.000000,-1.797965,-1.797965
MOT17,V001,318,S_c,32,76,25,0,0.428965,0.029926,0.399039,,,1.000000,0.514514,-1.359967
MOT17,V001,348,S_c,38,38,6,0,0.222037,0.220038,0.002000,,,1.000000,0.565275,-0.568718
MOT17,V001,353,S_c,40,56,34,0,0.348674,0.097803,0.250871,,,0.599034,0.698114,-1.220265
MOT17,V001,358,S_r,23,28,14,0,0.862943,0.615875,0.247068,0.847875,0.062947,1.000000,-0.597638,-0.597638
MOT17,V001,364,S_r,9,31,23,0,0.873185,0.213704,0.659481,0.971760,0.034429,0.782609,-0.430681,-1.299589
MOT17,V001,366,S_c,43,29,9,0,0.472420,0.326971,0.145449,,,0.842857,0.635212,-0.985100
MOT17,V001,389,S_r,24,18,22,0,0.582556,0.037980,0.544577,0.237337,0.082968,1.000000,-1.495960,-1.495960
MOT17,V001,391,S_r,26,42,28,0,0.871814,0.149539,0.722275,0.936886,0.046586,1.000000,-1.519532,-1.519532
MOT17,V001,394,S_r,35,9,33,0,0.769612,0.178172,0.591439,-0.880924,0.031547,1.000000,-1.369020,-1.369020
MOT17,V001,395,S_r,40,48,34,0,0.827400,0.277823,0.549577,0.023803,0.029878,0.370370,-1.177270,-1.177270
MOT17,V001,395,S_c,46,67,24,0,0.130711,0.035601,0.095109,,,1.000000,0.781793,-1.038404
MOT17,V001,400,S_h,33,17,25,0,0.680160,0.238529,0.441631,,,1.000000,0.352941,-1.141637
MOT17,V001,404,S_h,9,26,3,0,0.874750,0.290801,0.583949,,,1.000000,-1.065357,-1.065357
MOT17,V001,405,S_h,25,10,35,0,0.625808,0.232893,0.392914,,,1.000000,0.271467,-0.965453
MOT17,V001,405,S_c,47,15,26,0,0.295266,0.091912,0.203354,,,0.619247,0.683661,-1.144507
MOT17,V001,408,S_h,22,41,17,0,0.831695,0.071887,0.759808,,,0.450382,-0.693301,-1.699889
MOT17,V001,423,S_r,15,61,12,0,0.867416,0.026312,0.841104,0.987861,0.015694,1.000000,-1.780700,-1.780700
MOT17,V001,427,S_h,23,31,9,0,0.505882,0.295719,0.210163,,,1.000000,0.567542,-0.980101
MOT17,V001,429,S_r,33,9,35,0,0.886156,0.629636,0.256520,-0.993035,0.012882,1.000000,-0.445803,-0.445803
MOT17,V001,442,S_r,43,31,23,0,0.825624,0.529469,0.296155,0.535205,0.032773,0.878641,-0.657075,-0.657075
MOT17,V001,443,S_c,50,60,15,0,0.325820,0.016313,0.309507,,,1.000000,0.605796,-1.252213
MOT17,V001,448,S_c,52,17,33,0,0.046027,0.007434,0.038593,,,1.000000,0.706897,-0.929983
MOT17,V001,448,S_h,33,76,32,0,0.040880,0.009176,0.031704,,,1.000000,0.527438,-0.707719
MOT17,V001,451,S_r,12,48,40,0,0.873781,0.713869,0.159912,,0.029900,1.000000,-0.221929,-0.221929
MOT17,V001,452,S_c,54,10,25,0,0.174251,0.159173,0.015077,,,1.000000,0.817258,-0.978024
MOT17,V001,452,S_r,30,33,37,0,0.630591,0.154444,0.476147,-0.793895,0.031896,1.000000,-1.273231,-1.273231
MOT17,V001,454,S_h,32,9,33,0,0.458384,0.093030,0.365354,,,1.000000,0.313580,-1.095607
MOT17,V001,455,S_h,37,33,37,0,0.315799,0.063733,0.252065,,,1.000000,0.502096,-1.125297
MOT17,V001,457,S_r,54,9,32,0,0.413769,0.278615,0.135154,0.073463,0.115746,1.000000,-0.716880,-0.716880
MOT17,V001,457,S_c,55,40,11,0,0.037414,0.020605,0.016809,,,1.000000,0.878372,-0.881222
MOT17,V001,458,S_h,32,9,32,0,0.595246,0.343772,0.251474,,,1.000000,0.315228,-0.361992
MOT17,V001,458,S_r,46,41,22,0,0.948269,0.112351,0.835918,0.954366,0.027722,0.275362,-1.666081,-1.666081
MOT17,V001,461,S_r,35,9,32,0,0.918256,0.569165,0.349091,0.958386,0.013028,1.000000,-0.353154,-0.743861
MOT17,V001,461,S_h,40,48,12,0,0.173954,0.078896,0.095058,,,1.000000,0.527238,-0.898164
MOT17,V001,461,S_r,34,56,40,0,0.682617,0.270020,0.412597,-0.510128,0.039156,1.000000,-0.980537,-0.980537
MOT17,V001,462,S_h,22,42,26,0,0.457149,0.228382,0.228767,,,0.628571,0.573800,-1.137498
MOT17,V001,462,S_h,10,49,34,0,0.417254,0.034931,0.382323,,,1.000000,-0.872311,-0.872311
MOT17,V001,473,S_r,46,42,22,0,0.837862,0.418438,0.419424,0.814867,0.014351,0.599043,-0.885543,-0.885543
MOT17,V001,473,S_r,22,67,46,0,0.894540,0.428422,0.466118,0.680072,0.021092,0.565453,-0.885543,-0.885543
MOT17,V001,475,S_r,37,32,30,0,0.986045,0.360599,0.625446,0.748416,0.001893,0.436318,-1.231774,-1.231774
MOT17,V001,475,S_r,30,33,37,0,0.974863,0.368534,0.606328,0.990830,0.031635,0.694737,-1.231774,-1.231774
MOT17,V001,479,S_r,52,41,46,0,0.967530,0.289827,0.677703,0.903036,0.021723,0.501587,-1.312755,-1.312755
MOT17,V001,485,S_r,46,17,52,0,0.912152,0.120599,0.791552,-0.925020,0.012759,0.202951,-1.567755,-1.567755
MOT17,V001,486,S_h,12,56,40,0,0.535940,0.000000,0.535940,,,0.930000,0.452150,-1.457639
MOT17,V001,488,S_c,57,42,46,0,0.265363,0.254429,0.010935,,,0.421222,0.901815,-0.988109
MOT17,V001,496,S_c,58,31,43,0,0.637983,0.509971,0.128012,,,0.889571,0.350167,-0.602358
MOT17,V001,498,S_r,33,41,52,0,0.897061,0.464789,0.432272,-0.288201,0.012562,0.961856,-0.863485,-0.863485
MOT17,V001,498,S_r,52,78,33,0,0.912415,0.475392,0.437023,0.834672,0.015301,0.757669,-0.919691,-0.919691
MOT17,V001,508,S_r,33,42,57,0,0.876300,0.620296,0.256004,-0.109431,0.012241,0.978852,-0.162756,-0.333674
MOT17,V001,508,S_r,57,78,52,0,0.959435,0.333949,0.625486,0.930298,0.017784,0.948795,-1.031518,-1.031518
MOT17,V001,514,S_r,47,18,24,0,0.491380,0.282206,0.209174,-0.997997,0.029600,1.000000,-0.403952,-0.403952
MOT17,V001,514,S_h,52,42,33,0,0.434153,0.200843,0.233310,,,1.000000,0.194100,-0.187595
MOT17,V001,516,S_r,33,9,35,0,0.850550,0.677604,0.172946,-0.552307,0.029922,0.917306,-0.417766,-0.417766
MOT17,V001,516,S_r,35,41,33,0,0.859776,0.390769,0.469007,0.986161,0.022516,0.707071,-0.985436,-0.985436
MOT17,V001,519,S_r,24,18,47,0,0.867596,0.100330,0.767265,0.972806,0.032150,1.000000,-1.653361,-1.653361
MOT17,V001,523,S_r,52,10,54,0,0.892949,0.377914,0.515035,0.484639,0.024776,1.000000,-1.071099,-1.071099
MOT17,V001,523,S_r,22,17,46,0,0.958244,0.314580,0.643664,0.940425,0.008911,1.000000,-1.140383,-1.140383
MOT17,V001,524,S_r,54,42,52,0,0.448245,0.351661,0.096585,-0.933993,0.106538,0.912360,0.445454,-0.697235
MOT17,V001,530,S_r,54,9,33,0,0.919031,0.496978,0.422053,0.035178,0.013509,1.000000,-0.765635,-0.765635
MOT17,V001,530,S_r,33,42,54,0,0.869766,0.526183,0.343582,-0.962462,0.006271,1.000000,-0.765635,-0.765635
MOT17,V001,554,S_r,22,15,47,0,0.906015,0.125714,0.780301,-0.775693,0.014114,1.000000,-1.615596,-1.615596
MOT17,V001,570,S_c,67,18,24,0,0.000000,0.000000,0.000000,,,0.000000,0.867703,-0.904359
MOT17,V001,580,S_r,21,31,58,0,0.970451,0.687111,0.283340,0.977570,0.023395,0.815144,-0.521110,-0.521110
MOT17,V001,596,S_h,57,15,22,0,0.264855,0.087280,0.177575,,,0.511429,0.785957,-1.155104
MOT17,V002,317,S_r,98,17,100,0,0.871247,0.031835,0.839412,-0.274721,0.020452,1.000000,-1.797965,-1.797965
MOT17,V002,318,S_c,105,76,98,0,0.428965,0.029926,0.399039,,,1.000000,0.514514,-1.359967
MOT17,V002,348,S_c,111,38,79,0,0.222037,0.220038,0.002000,,,1.000000,0.565275,-0.568718
MOT17,V002,353,S_c,113,56,107,0,0.348674,0.097803,0.250871,,,0.599034,0.698114,-1.220265
MOT17,V002,358,S_r,96,28,87,0,0.862943,0.615875,0.247068,0.847875,0.062947,1.000000,-0.597638,-0.597638
MOT17,V002,364,S_r,82,31,96,0,0.873185,0.213704,0.659481,0.971760,0.034429,0.782609,-0.430681,-1.299589
MOT17,V002,366,S_c,116,29,82,0,0.472420,0.326971,0.145449,,,0.842857,0.635212,-0.985100
MOT17,V002,389,S_r,97,18,95,0,0.582556,0.037980,0.544577,0.237337,0.082968,1.000000,-1.495960,-1.495960
MOT17,V002,391,S_r,99,42,101,0,0.871814,0.149539,0.722275,0.936886,0.046586,1.000000,-1.519532,-1.519532
MOT17,V002,394,S_r,108,9,106,0,0.769612,0.178172,0.591439,-0.880924,0.031547,1.000000,-1.369020,-1.369020
MOT17,V002,395,S_r,113,48,107,0,0.827400,0.277823,0.549577,0.023803,0.029878,0.370370,-1.177270,-1.177270
MOT17,V002,395,S_c,119,67,97,0,0.130711,0.035601,0.095109,,,1.000000,0.781793,-1.038404
MOT17,V002,400,S_h,106,17,98,0,0.680160,0.238529,0.441631,,,1.000000,0.352941,-1.141637
MOT17,V002,404,S_h,82,26,76,0,0.874750,0.290801,0.583949,,,1.000000,-1.065357,-1.065357
MOT17,V002,405,S_h,98,10,108,0,0.625808,0.232893,0.392914,,,1.000000,0.271467,-0.965453
MOT17,V002,405,S_c,120,15,99,0,0.295266,0.091912,0.203354,,,0.619247,0.683661,-1.144507
MOT17,V002,408,S_h,95,41,90,0,0.831695,0.071887,0.759808,,,0.450382,-0.693301,-1.699889
MOT17,V002,423,S_r,88,61,85,0,0.867416,0.026312,0.841104,0.987861,0.015694,1.000000,-1.780700,-1.780700
MOT17,V002,427,S_h,96,31,82,0,0.505882,0.295719,0.210163,,,1.000000,0.567542,-0.980101
MOT17,V002,429,S_r,106,9,108,0,0.886156,0.629636,0.256520,-0.993035,0.012882,1.000000,-0.445803,-0.445803
MOT17,V002,442,S_r,116,31,96,0,0.825624,0.529469,0.296155,0.535205,0.032773,0.878641,-0.657075,-0.657075
MOT17,V002,443,S_c,123,60,88,0,0.325820,0.016313,0.309507,,,1.000000,0.605796,-1.252213
MOT17,V002,448,S_c,125,17,106,0,0.046027,0.007434,0.038593,,,1.000000,0.706897,-0.929983
MOT17,V002,448,S_h,106,76,105,0,0.040880,0.009176,0.031704,,,1.000000,0.527438,-0.707719
MOT17,V002,451,S_r,85,48,113,0,0.873781,0.713869,0.159912,,0.029900,1.000000,-0.221929,-0.221929
MOT17,V002,452,S_c,127,10,98,0,0.174251,0.159173,0.015077,,,1.000000,0.817258,-0.978024
MOT17,V002,452,S_r,103,33,110,0,0.630591,0.154444,0.476147,-0.793895,0.031896,1.000000,-1.273231,-1.273231
MOT17,V002,454,S_h,105,9,106,0,0.458384,0.093030,0.365354,,,1.000000,0.313580,-1.095607
MOT17,V002,455,S_h,110,33,110,0,0.315799,0.063733,0.252065,,,1.000000,0.502096,-1.125297
MOT17,V002,457,S_r,127,9,105,0,0.413769,0.278615,0.135154,0.073463,0.115746,1.000000,-0.716880,-0.716880
MOT17,V002,457,S_c,128,40,84,0,0.037414,0.020605,0.016809,,,1.000000,0.878372,-0.881222
MOT17,V002,458,S_h,105,9,105,0,0.595246,0.343772,0.251474,,,1.000000,0.315228,-0.361992
MOT17,V002,458,S_r,119,41,95,0,0.948269,0.112351,0.835918,0.954366,0.027722,0.275362,-1.666081,-1.666081
MOT17,V002,461,S_r,108,9,105,0,0.918256,0.569165,0.349091,0.958386,0.013028,1.000000,-0.353154,-0.743861
MOT17,V002,461,S_h,113,48,85,0,0.173954,0.078896,0.095058,,,1.000000,0.527238,-0.898164
MOT17,V002,461,S_r,107,56,113,0,0.682617,0.270020,0.412597,-0.510128,0.039156,1.000000,-0.980537,-0.980537
MOT17,V002,462,S_h,95,42,99,0,0.457149,0.228382,0.228767,,,0.628571,0.573800,-1.137498
MOT17,V002,462,S_h,83,49,107,0,0.417254,0.034931,0.382323,,,1.000000,-0.872311,-0.872311
MOT17,V002,473,S_r,119,42,95,0,0.837862,0.418438,0.419424,0.814867,0.014351,0.599043,-0.885543,-0.885543
MOT17,V002,473,S_r,95,67,119,0,0.894540,0.428422,0.466118,0.680072,0.021092,0.565453,-0.885543,-0.885543
MOT17,V002,475,S_r,110,32,103,0,0.986045,0.360599,0.625446,0.748416,0.001893,0.436318,-1.231774,-1.231774
MOT17,V002,475,S_r,103,33,110,0,0.974863,0.368534,0.606328,0.990830,0.031635,0.694737,-1.231774,-1.231774
MOT17,V002,479,S_r,125,41,119,0,0.967530,0.289827,0.677703,0.903036,0.021723,0.501587,-1.312755,-1.312755
MOT17,V002,485,S_r,119,17,125,0,0.912152,0.120599,0.791552,-0.925020,0.012759,0.202951,-1.567755,-1.567755
MOT17,V002,486,S_h,85,56,113,0,0.535940,0.000000,0.535940,,,0.930000,0.452150,-1.457639
MOT17,V002,488,S_c,130,42,119,0,0.265363,0.254429,0.010935,,,0.421222,0.901815,-0.988109
MOT17,V002,496,S_c,131,31,116,0,0.637983,0.509971,0.128012,,,0.889571,0.350167,-0.602358
MOT17,V002,498,S_r,106,41,125,0,0.897061,0.464789,0.432272,-0.288201,0.012562,0.961856,-0.863485,-0.863485
MOT17,V002,498,S_r,125,78,106,0,0.912415,0.475392,0.437023,0.834672,0.015301,0.757669,-0.919691,-0.919691
MOT17,V002,508,S_r,106,42,130,0,0.876300,0.620296,0.256004,-0.109431,0.012241,0.978852,-0.162756,-0.333674
MOT17,V002,508,S_r,130,78,125,0,0.959435,0.333949,0.625486,0.930298,0.017784,0.948795,-1.031518,-1.031518
MOT17,V002,514,S_r,120,18,97,0,0.491380,0.282206,0.209174,-0.997997,0.029600,1.000000,-0.403952,-0.403952
MOT17,V002,514,S_h,125,42,106,0,0.434153,0.200843,0.233310,,,1.000000,0.194100,-0.187595
MOT17,V002,516,S_r,106,9,108,0,0.850550,0.677604,0.172946,-0.552307,0.029922,0.917306,-0.417766,-0.417766
MOT17,V002,516,S_r,108,41,106,0,0.859776,0.390769,0.469007,0.986161,0.022516,0.707071,-0.985436,-0.985436
MOT17,V002,519,S_r,97,18,120,0,0.867596,0.100330,0.767265,0.972806,0.032150,1.000000,-1.653361,-1.653361
MOT17,V002,523,S_r,125,10,127,0,0.892949,0.377914,0.515035,0.484639,0.024776,1.000000,-1.071099,-1.071099
MOT17,V002,523,S_r,95,17,119,0,0.958244,0.314580,0.643664,0.940425,0.008911,1.000000,-1.140383,-1.140383
MOT17,V002,524,S_r,127,42,125,0,0.448245,0.351661,0.096585,-0.933993,0.106538,0.912360,0.445454,-0.697235
MOT17,V002,530,S_r,127,9,106,0,0.919031,0.496978,0.422053,0.035178,0.013509,1.000000,-0.765635,-0.765635
MOT17,V002,530,S_r,106,42,127,0,0.869766,0.526183,0.343582,-0.962462,0.006271,1.000000,-0.765635,-0.765635
MOT17,V002,554,S_r,95,15,120,0,0.906015,0.125714,0.780301,-0.775693,0.014114,1.000000,-1.615596,-1.615596
MOT17,V002,570,S_c,140,18,97,0,0.000000,0.000000,0.000000,,,0.000000,0.867703,-0.904359
MOT17,V002,580,S_r,94,31,131,0,0.970451,0.687111,0.283340,0.977570,0.023395,0.815144,-0.521110,-0.521110
MOT17,V002,596,S_h,130,15,95,0,0.264855,0.087280,0.177575,,,0.511429,0.785957,-1.155104
MOT17,V003,317,S_r,171,17,173,0,0.871247,0.031835,0.839412,-0.274721,0.020452,1.000000,-1.797965,-1.797965
MOT17,V003,318,S_c,178,76,171,0,0.428965,0.029926,0.399039,,,1.000000,0.514514,-1.359967
MOT17,V003,348,S_c,184,38,152,0,0.222037,0.220038,0.002000,,,1.000000,0.565275,-0.568718
MOT17,V003,353,S_c,186,56,180,0,0.348674,0.097803,0.250871,,,0.599034,0.698114,-1.220265
MOT17,V003,358,S_r,169,28,160,0,0.862943,0.615875,0.247068,0.847875,0.062947,1.000000,-0.597638,-0.597638
MOT17,V003,364,S_r,155,31,169,0,0.873185,0.213704,0.659481,0.971760,0.034429,0.782609,-0.430681,-1.299589
MOT17,V003,366,S_c,189,29,155,0,0.472420,0.326971,0.145449,,,0.842857,0.635212,-0.985100
MOT17,V003,389,S_r,170,18,168,0,0.582556,0.037980,0.544577,0.237337,0.082968,1.000000,-1.495960,-1.495960
MOT17,V003,391,S_r,172,42,174,0,0.871814,0.149539,0.722275,0.936886,0.046586,1.000000,-1.519532,-1.519532
MOT17,V003,394,S_r,181,9,179,0,0.769612,0.178172,0.591439,-0.880924,0.031547,1.000000,-1.369020,-1.369020
MOT17,V003,395,S_r,186,48,180,0,0.827400,0.277823,0.549577,0.023803,0.029878,0.370370,-1.177270,-1.177270
MOT17,V003,395,S_c,192,67,170,0,0.130711,0.035601,0.095109,,,1.000000,0.781793,-1.038404
MOT17,V003,400,S_h,179,17,171,0,0.680160,0.238529,0.441631,,,1.000000,0.352941,-1.141637
MOT17,V003,404,S_h,155,26,149,0,0.874750,0.290801,0.583949,,,1.000000,-1.065357,-1.065357
MOT17,V003,405,S_h,171,10,181,0,0.625808,0.232893,0.392914,,,1.000000,0.271467,-0.965453
MOT17,V003,405,S_c,193,15,172,0,0.295266,0.091912,0.203354,,,0.619247,0.683661,-1.144507
MOT17,V003,408,S_h,168,41,163,0,0.831695,0.071887,0.759808,,,0.450382,-0.693301,-1.699889
MOT17,V003,423,S_r,161,61,158,0,0.867416,0.026312,0.841104,0.987861,0.015694,1.000000,-1.780700,-1.780700
MOT17,V003,427,S_h,169,31,155,0,0.505882,0.295719,0.210163,,,1.000000,0.567542,-0.980101
MOT17,V003,429,S_r,179,9,181,0,0.886156,0.629636,0.256520,-0.993035,0.012882,1.000000,-0.445803,-0.445803
MOT17,V003,442,S_r,189,31,169,0,0.825624,0.529469,0.296155,0.535205,0.032773,0.878641,-0.657075,-0.657075
MOT17,V003,443,S_c,196,60,161,0,0.325820,0.016313,0.309507,,,1.000000,0.605796,-1.252213
MOT17,V003,448,S_c,198,17,179,0,0.046027,0.007434,0.038593,,,1.000000,0.706897,-0.929983
MOT17,V003,448,S_h,179,76,178,0,0.040880,0.009176,0.031704,,,1.000000,0.527438,-0.707719
MOT17,V003,451,S_r,158,48,186,0,0.873781,0.713869,0.159912,,0.029900,1.000000,-0.221929,-0.221929
MOT17,V003,452,S_c,200,10,171,0,0.174251,0.159173,0.015077,,,1.000000,0.817258,-0.978024
MOT17,V003,452,S_r,176,33,183,0,0.630591,0.154444,0.476147,-0.793895,0.031896,1.000000,-1.273231,-1.273231
MOT17,V003,454,S_h,178,9,179,0,0.458384,0.093030,0.365354,,,1.000000,0.313580,-1.095607
MOT17,V003,455,S_h,183,33,183,0,0.315799,0.063733,0.252065,,,1.000000,0.502096,-1.125297
MOT17,V003,457,S_r,200,9,178,0,0.413769,0.278615,0.135154,0.073463,0.115746,1.000000,-0.716880,-0.716880
MOT17,V003,457,S_c,201,40,157,0,0.037414,0.020605,0.016809,,,1.000000,0.878372,-0.881222
MOT17,V003,458,S_h,178,9,178,0,0.595246,0.343772,0.251474,,,1.000000,0.315228,-0.361992
MOT17,V003,458,S_r,192,41,168,0,0.948269,0.112351,0.835918,0.954366,0.027722,0.275362,-1.666081,-1.666081
MOT17,V003,461,S_r,181,9,178,0,0.918256,0.569165,0.349091,0.958386,0.013028,1.000000,-0.353154,-0.743861
MOT17,V003,461,S_h,186,48,158,0,0.173954,0.078896,0.095058,,,1.000000,0.527238,-0.898164
MOT17,V003,461,S_r,180,56,186,0,0.682617,0.270020,0.412597,-0.510128,0.039156,1.000000,-0.980537,-0.980537
MOT17,V003,462,S_h,168,42,172,0,0.457149,0.228382,0.228767,,,0.628571,0.573800,-1.137498
MOT17,V003,462,S_h,156,49,180,0,0.417254,0.034931,0.382323,,,1.000000,-0.872311,-0.872311
MOT17,V003,473,S_r,192,42,168,0,0.837862,0.418438,0.419424,0.814867,0.014351,0.599043,-0.885543,-0.885543
MOT17,V003,473,S_r,168,67,192,0,0.894540,0.428422,0.466118,0.680072,0.021092,0.565453,-0.885543,-0.885543
MOT17,V003,475,S_r,183,32,176,0,0.986045,0.360599,0.625446,0.748416,0.001893,0.436318,-1.231774,-1.231774
MOT17,V003,475,S_r,176,33,183,0,0.974863,0.368534,0.606328,0.990830,0.031635,0.694737,-1.231774,-1.231774
MOT17,V003,479,S_r,198,41,192,0,0.967530,0.289827,0.677703,0.903036,0.021723,0.501587,-1.312755,-1.312755
MOT17,V003,485,S_r,192,17,198,0,0.912152,0.120599,0.791552,-0.925020,0.012759,0.202951,-1.567755,-1.567755
MOT17,V003,486,S_h,158,56,186,0,0.535940,0.000000,0.535940,,,0.930000,0.452150,-1.457639
MOT17,V003,488,S_c,203,42,192,0,0.265363,0.254429,0.010935,,,0.421222,0.901815,-0.988109
MOT17,V003,496,S_c,204,31,189,0,0.637983,0.509971,0.128012,,,0.889571,0.350167,-0.602358
MOT17,V003,498,S_r,179,41,198,0,0.897061,0.464789,0.432272,-0.288201,0.012562,0.961856,-0.863485,-0.863485
MOT17,V003,498,S_r,198,78,179,0,0.912415,0.475392,0.437023,0.834672,0.015301,0.757669,-0.919691,-0.919691
MOT17,V003,508,S_r,179,42,203,0,0.876300,0.620296,0.256004,-0.109431,0.012241,0.978852,-0.162756,-0.333674
MOT17,V003,508,S_r,203,78,198,0,0.959435,0.333949,0.625486,0.930298,0.017784,0.948795,-1.031518,-1.031518
MOT17,V003,514,S_r,193,18,170,0,0.491380,0.282206,0.209174,-0.997997,0.029600,1.000000,-0.403952,-0.403952
MOT17,V003,514,S_h,198,42,179,0,0.434153,0.200843,0.233310,,,1.000000,0.194100,-0.187595
MOT17,V003,516,S_r,179,9,181,0,0.850550,0.677604,0.172946,-0.552307,0.029922,0.917306,-0.417766,-0.417766
MOT17,V003,516,S_r,181,41,179,0,0.859776,0.390769,0.469007,0.986161,0.022516,0.707071,-0.985436,-0.985436
MOT17,V003,519,S_r,170,18,193,0,0.867596,0.100330,0.767265,0.972806,0.032150,1.000000,-1.653361,-1.653361
MOT17,V003,523,S_r,198,10,200,0,0.892949,0.377914,0.515035,0.484639,0.024776,1.000000,-1.071099,-1.071099
MOT17,V003,523,S_r,168,17,192,0,0.958244,0.314580,0.643664,0.940425,0.008911,1.000000,-1.140383,-1.140383
MOT17,V003,524,S_r,200,42,198,0,0.448245,0.351661,0.096585,-0.933993,0.106538,0.912360,0.445454,-0.697235
MOT17,V003,530,S_r,200,9,179,0,0.919031,0.496978,0.422053,0.035178,0.013509,1.000000,-0.765635,-0.765635
MOT17,V003,530,S_r,179,42,200,0,0.869766,0.526183,0.343582,-0.962462,0.006271,1.000000,-0.765635,-0.765635
MOT17,V003,554,S_r,168,15,193,0,0.906015,0.125714,0.780301,-0.775693,0.014114,1.000000,-1.615596,-1.615596
MOT17,V003,570,S_c,213,18,170,0,0.000000,0.000000,0.000000,,,0.000000,0.867703,-0.904359
MOT17,V003,580,S_r,167,31,204,0,0.970451,0.687111,0.283340,0.977570,0.023395,0.815144,-0.521110,-0.521110
MOT17,V003,596,S_h,203,15,168,0,0.264855,0.087280,0.177575,,,0.511429,0.785957,-1.155104
MOT17,V004,624,S_c,269,93,256,0,0.631605,0.172450,0.459155,,,0.892226,0.172493,-1.108366
MOT17,V004,839,S_r,233,93,269,0,0.984008,0.477567,0.506441,,0.001392,0.548020,-1.008804,-1.008804
MOT17,V004,839,S_r,269,96,233,0,0.981398,0.479035,0.502363,,0.000642,0.772991,-1.008804,-1.008804
MOT17,V004,915,S_c,285,141,270,0,0.400977,0.104424,0.296553,,,0.721519,0.663155,-1.230734
MOT17,V004,936,S_r,276,141,285,0,0.974024,0.036942,0.937081,,0.010059,0.065823,-1.858801,-1.858801
MOT17,V004,956,S_h,285,141,276,0,0.573702,0.004604,0.569098,,,0.913078,0.343449,-1.506344
MOT17,V005,624,S_c,339,93,326,0,0.631605,0.172450,0.459155,,,0.892226,0.172493,-1.108366
MOT17,V005,839,S_r,303,93,339,0,0.984008,0.477567,0.506441,,0.001392,0.548020,-1.008804,-1.008804
MOT17,V005,839,S_r,339,96,303,0,0.981398,0.479035,0.502363,,0.000642,0.772991,-1.008804,-1.008804
MOT17,V005,915,S_c,355,141,340,0,0.400977,0.104424,0.296553,,,0.721519,0.663155,-1.230734
MOT17,V005,936,S_r,346,141,355,0,0.974024,0.036942,0.937081,,0.010059,0.065823,-1.858801,-1.858801
MOT17,V005,956,S_h,355,141,346,0,0.573702,0.004604,0.569098,,,0.913078,0.343449,-1.506344
MOT17,V006,624,S_c,409,93,396,0,0.631605,0.172450,0.459155,,,0.892226,0.172493,-1.108366
MOT17,V006,839,S_r,373,93,409,0,0.984008,0.477567,0.506441,,0.001392,0.548020,-1.008804,-1.008804
MOT17,V006,839,S_r,409,96,373,0,0.981398,0.479035,0.502363,,0.000642,0.772991,-1.008804,-1.008804
MOT17,V006,915,S_c,425,141,410,0,0.400977,0.104424,0.296553,,,0.721519,0.663155,-1.230734
MOT17,V006,936,S_r,416,141,425,0,0.974024,0.036942,0.937081,,0.010059,0.065823,-1.858801,-1.858801
MOT17,V006,956,S_h,425,141,416,0,0.573702,0.004604,0.569098,,,0.913078,0.343449,-1.506344
MOT17,V007,420,S_r,434,48,433,0,0.687562,0.554607,0.132955,,0.047627,0.000000,-0.132955,-0.132955
MOT17,V007,422,S_c,435,49,434,0,0.385779,0.000000,0.385779,,,0.619247,0.585144,-1.291576
MOT17,V007,443,S_r,438,124,439,0,0.853433,0.000000,0.853433,0.998888,0.077120,0.000000,-1.805814,-1.805814
MOT17,V007,444,S_h,434,49,435,0,0.000000,0.000000,0.000000,,,0.000000,0.892489,-0.889818
MOT17,V007,445,S_c,442,48,434,0,0.297800,0.000000,0.297800,,,0.434770,0.599986,-1.227053
MOT17,V007,447,S_h,439,124,438,0,0.713209,0.000000,0.713209,,,0.000000,-0.711860,-1.658012
MOT17,V007,463,S_r,434,48,442,0,0.502906,0.484292,0.018614,0.998768,0.143192,0.881279,-0.000371,-0.135984
MOT17,V007,522,S_r,440,54,437,0,0.796621,0.136695,0.659925,0.682884,0.013156,1.000000,-1.432055,-1.432055
MOT17,V007,530,S_h,437,54,437,0,0.396115,0.019821,0.376294,,,1.000000,0.517478,-1.293909
MOT17,V007,558,S_r,440,60,449,0,0.326857,0.312881,0.013976,-0.999616,0.087944,0.855042,0.768023,-0.402306
MOT17,V007,561,S_h,443,52,440,0,0.377906,0.080738,0.297168,,,1.000000,0.530093,-0.952353
MOT17,V007,589,S_h,443,53,441,0,0.627395,0.186205,0.441190,,,1.000000,-0.253647,-1.182638
MOT17,V007,593,S_h,441,54,437,0,0.831434,0.179022,0.652412,,,0.523977,-1.280712,-1.280712
MOT17,V007,602,S_h,437,54,441,0,0.807681,0.130262,0.677419,,,1.000000,-1.543277,-1.543277
MOT17,V007,733,S_h,472,136,471,0,0.558384,0.000000,0.558384,,,0.000000,-1.521343,-1.521343
MOT17,V007,754,S_h,453,83,469,0,0.749158,0.086682,0.662477,,,0.455556,-1.572296,-1.572296
MOT17,V007,755,S_c,479,89,478,0,0.038925,0.000127,0.038798,,,0.262312,0.535038,-0.093376
MOT17,V007,761,S_h,478,84,477,0,0.034129,0.024473,0.009657,,,0.691228,0.822240,-0.985385
MOT17,V007,762,S_h,477,96,472,0,0.885822,0.035593,0.850229,,,0.126812,-1.600638,-1.600638
MOT17,V007,762,S_h,479,98,478,0,0.319080,0.027736,0.291343,,,0.592941,0.539373,-1.191661
MOT17,V007,764,S_c,482,89,479,0,0.167120,0.009517,0.157603,,,0.332542,0.631852,-1.012250
MOT17,V007,767,S_h,478,96,477,0,0.514974,0.359809,0.155164,,,0.566225,-0.013642,-0.824010
MOT17,V007,780,S_c,488,141,480,0,0.019013,0.000000,0.019013,,,0.339394,0.930452,-0.959364
MOT17,V007,785,S_c,490,84,478,0,0.312634,0.000000,0.312634,,,0.688525,0.588962,-1.267447
MOT17,V007,785,S_c,491,96,478,0,0.178360,0.000000,0.178360,,,0.440341,0.728961,-1.082319
MOT17,V007,790,S_h,482,98,479,0,0.716109,0.091599,0.624510,,,0.589327,-0.544687,-1.452104
MOT17,V007,794,S_h,478,99,477,0,0.501580,0.007038,0.494542,,,0.474860,-1.311822,-1.311822
MOT17,V007,797,S_h,482,99,478,0,0.648573,0.000000,0.648573,,,0.000000,-1.537264,-1.537264
MOT17,V007,798,S_c,496,98,482,0,0.000000,0.000000,0.000000,,,0.354217,0.747685,-0.919692
MOT17,V007,799,S_h,479,99,482,0,0.756274,0.012369,0.743905,,,0.007177,-0.743905,-1.690612
MOT17,V007,800,S_h,477,97,488,0,0.713285,0.142503,0.570782,,,0.234527,-1.039933,-1.039933
MOT17,V007,804,S_h,488,97,477,0,0.801049,0.291210,0.509839,,,0.293757,-1.155532,-1.155532
MOT17,V007,805,S_h,477,97,477,0,0.839175,0.283886,0.555290,,,0.283677,-1.070050,-1.070050
MOT17,V007,807,S_r,453,71,456,0,0.922698,0.648268,0.274430,0.680617,0.023394,1.000000,-0.566759,-0.566759
MOT17,V007,809,S_r,479,98,496,0,0.821862,0.133023,0.688839,0.594322,0.040302,0.408730,-1.047352,-1.047352
MOT17,V007,809,S_h,496,101,498,0,0.659540,0.301028,0.358512,,,0.369380,-1.047352,-1.047352
MOT17,V007,810,S_r,456,71,453,0,0.746308,0.616702,0.129605,-0.994852,0.005194,0.931992,0.283143,0.283143
MOT17,V007,816,S_h,498,99,479,0,0.480926,0.000000,0.480926,,,0.629482,0.370679,-1.411328
MOT17,V007,824,S_h,482,110,493,0,0.709824,0.264528,0.445296,,,0.532067,-0.958148,-0.958148
MOT17,V007,834,S_h,488,110,482,0,0.565911,0.000000,0.565911,,,1.000000,0.338270,-1.535907
MOT17,V008,420,S_r,505,48,504,0,0.687562,0.554607,0.132955,,0.047627,0.000000,-0.132955,-0.132955
MOT17,V008,422,S_c,506,49,505,0,0.385779,0.000000,0.385779,,,0.619247,0.585144,-1.291576
MOT17,V008,443,S_r,509,124,510,0,0.853433,0.000000,0.853433,0.998888,0.077120,0.000000,-1.805814,-1.805814
MOT17,V008,444,S_h,505,49,506,0,0.000000,0.000000,0.000000,,,0.000000,0.892489,-0.889818
MOT17,V008,445,S_c,513,48,505,0,0.297800,0.000000,0.297800,,,0.434770,0.599986,-1.227053
MOT17,V008,447,S_h,510,124,509,0,0.713209,0.000000,0.713209,,,0.000000,-0.711860,-1.658012
MOT17,V008,463,S_r,505,48,513,0,0.502906,0.484292,0.018614,0.998768,0.143192,0.881279,-0.000371,-0.135984
MOT17,V008,522,S_r,511,54,508,0,0.796621,0.136695,0.659925,0.682884,0.013156,1.000000,-1.432055,-1.432055
MOT17,V008,530,S_h,508,54,508,0,0.396115,0.019821,0.376294,,,1.000000,0.517478,-1.293909
MOT17,V008,558,S_r,511,60,520,0,0.326857,0.312881,0.013976,-0.999616,0.087944,0.855042,0.768023,-0.402306
MOT17,V008,561,S_h,514,52,511,0,0.377906,0.080738,0.297168,,,1.000000,0.530093,-0.952353
MOT17,V008,589,S_h,514,53,512,0,0.627395,0.186205,0.441190,,,1.000000,-0.253647,-1.182638
MOT17,V008,593,S_h,512,54,508,0,0.831434,0.179022,0.652412,,,0.523977,-1.280712,-1.280712
MOT17,V008,602,S_h,508,54,512,0,0.807681,0.130262,0.677419,,,1.000000,-1.543277,-1.543277
MOT17,V008,733,S_h,543,136,542,0,0.558384,0.000000,0.558384,,,0.000000,-1.521343,-1.521343
MOT17,V008,754,S_h,524,83,540,0,0.749158,0.086682,0.662477,,,0.455556,-1.572296,-1.572296
MOT17,V008,755,S_c,550,89,549,0,0.038925,0.000127,0.038798,,,0.262312,0.535038,-0.093376
MOT17,V008,761,S_h,549,84,548,0,0.034129,0.024473,0.009657,,,0.691228,0.822240,-0.985385
MOT17,V008,762,S_h,548,96,543,0,0.885822,0.035593,0.850229,,,0.126812,-1.600638,-1.600638
MOT17,V008,762,S_h,550,98,549,0,0.319080,0.027736,0.291343,,,0.592941,0.539373,-1.191661
MOT17,V008,764,S_c,553,89,550,0,0.167120,0.009517,0.157603,,,0.332542,0.631852,-1.012250
MOT17,V008,767,S_h,549,96,548,0,0.514974,0.359809,0.155164,,,0.566225,-0.013642,-0.824010
MOT17,V008,780,S_c,559,141,551,0,0.019013,0.000000,0.019013,,,0.339394,0.930452,-0.959364
MOT17,V008,785,S_c,561,84,549,0,0.312634,0.000000,0.312634,,,0.688525,0.588962,-1.267447
MOT17,V008,785,S_c,562,96,549,0,0.178360,0.000000,0.178360,,,0.440341,0.728961,-1.082319
MOT17,V008,790,S_h,553,98,550,0,0.716109,0.091599,0.624510,,,0.589327,-0.544687,-1.452104
MOT17,V008,794,S_h,549,99,548,0,0.501580,0.007038,0.494542,,,0.474860,-1.311822,-1.311822
MOT17,V008,797,S_h,553,99,549,0,0.648573,0.000000,0.648573,,,0.000000,-1.537264,-1.537264
MOT17,V008,798,S_c,567,98,553,0,0.000000,0.000000,0.000000,,,0.354217,0.747685,-0.919692
MOT17,V008,799,S_h,550,99,553,0,0.756274,0.012369,0.743905,,,0.007177,-0.743905,-1.690612
MOT17,V008,800,S_h,548,97,559,0,0.713285,0.142503,0.570782,,,0.234527,-1.039933,-1.039933
MOT17,V008,804,S_h,559,97,548,0,0.801049,0.291210,0.509839,,,0.293757,-1.155532,-1.155532
MOT17,V008,805,S_h,548,97,548,0,0.839175,0.283886,0.555290,,,0.283677,-1.070050,-1.070050
MOT17,V008,807,S_r,524,71,527,0,0.922698,0.648268,0.274430,0.680617,0.023394,1.000000,-0.566759,-0.566759
MOT17,V008,809,S_r,550,98,567,0,0.821862,0.133023,0.688839,0.594322,0.040302,0.408730,-1.047352,-1.047352
MOT17,V008,809,S_h,567,101,569,0,0.659540,0.301028,0.358512,,,0.369380,-1.047352,-1.047352
MOT17,V008,810,S_r,527,71,524,0,0.746308,0.616702,0.129605,-0.994852,0.005194,0.931992,0.283143,0.283143
MOT17,V008,816,S_h,569,99,550,0,0.480926,0.000000,0.480926,,,0.629482,0.370679,-1.411328
MOT17,V008,824,S_h,553,110,564,0,0.709824,0.264528,0.445296,,,0.532067,-0.958148,-0.958148
MOT17,V008,834,S_h,559,110,553,0,0.565911,0.000000,0.565911,,,1.000000,0.338270,-1.535907
MOT17,V009,420,S_r,576,48,575,0,0.687562,0.554607,0.132955,,0.047627,0.000000,-0.132955,-0.132955
MOT17,V009,422,S_c,577,49,576,0,0.385779,0.000000,0.385779,,,0.619247,0.585144,-1.291576
MOT17,V009,443,S_r,580,124,581,0,0.853433,0.000000,0.853433,0.998888,0.077120,0.000000,-1.805814,-1.805814
MOT17,V009,444,S_h,576,49,577,0,0.000000,0.000000,0.000000,,,0.000000,0.892489,-0.889818
MOT17,V009,445,S_c,584,48,576,0,0.297800,0.000000,0.297800,,,0.434770,0.599986,-1.227053
MOT17,V009,447,S_h,581,124,580,0,0.713209,0.000000,0.713209,,,0.000000,-0.711860,-1.658012
MOT17,V009,463,S_r,576,48,584,0,0.502906,0.484292,0.018614,0.998768,0.143192,0.881279,-0.000371,-0.135984
MOT17,V009,522,S_r,582,54,579,0,0.796621,0.136695,0.659925,0.682884,0.013156,1.000000,-1.432055,-1.432055
MOT17,V009,530,S_h,579,54,579,0,0.396115,0.019821,0.376294,,,1.000000,0.517478,-1.293909
MOT17,V009,558,S_r,582,60,591,0,0.326857,0.312881,0.013976,-0.999616,0.087944,0.855042,0.768023,-0.402306
MOT17,V009,561,S_h,585,52,582,0,0.377906,0.080738,0.297168,,,1.000000,0.530093,-0.952353
MOT17,V009,589,S_h,585,53,583,0,0.627395,0.186205,0.441190,,,1.000000,-0.253647,-1.182638
MOT17,V009,593,S_h,583,54,579,0,0.831434,0.179022,0.652412,,,0.523977,-1.280712,-1.280712
MOT17,V009,602,S_h,579,54,583,0,0.807681,0.130262,0.677419,,,1.000000,-1.543277,-1.543277
MOT17,V009,733,S_h,614,136,613,0,0.558384,0.000000,0.558384,,,0.000000,-1.521343,-1.521343
MOT17,V009,754,S_h,595,83,611,0,0.749158,0.086682,0.662477,,,0.455556,-1.572296,-1.572296
MOT17,V009,755,S_c,621,89,620,0,0.038925,0.000127,0.038798,,,0.262312,0.535038,-0.093376
MOT17,V009,761,S_h,620,84,619,0,0.034129,0.024473,0.009657,,,0.691228,0.822240,-0.985385
MOT17,V009,762,S_h,619,96,614,0,0.885822,0.035593,0.850229,,,0.126812,-1.600638,-1.600638
MOT17,V009,762,S_h,621,98,620,0,0.319080,0.027736,0.291343,,,0.592941,0.539373,-1.191661
MOT17,V009,764,S_c,624,89,621,0,0.167120,0.009517,0.157603,,,0.332542,0.631852,-1.012250
MOT17,V009,767,S_h,620,96,619,0,0.514974,0.359809,0.155164,,,0.566225,-0.013642,-0.824010
MOT17,V009,780,S_c,630,141,622,0,0.019013,0.000000,0.019013,,,0.339394,0.930452,-0.959364
MOT17,V009,785,S_c,632,84,620,0,0.312634,0.000000,0.312634,,,0.688525,0.588962,-1.267447
MOT17,V009,785,S_c,633,96,620,0,0.178360,0.000000,0.178360,,,0.440341,0.728961,-1.082319
MOT17,V009,790,S_h,624,98,621,0,0.716109,0.091599,0.624510,,,0.589327,-0.544687,-1.452104
MOT17,V009,794,S_h,620,99,619,0,0.501580,0.007038,0.494542,,,0.474860,-1.311822,-1.311822
MOT17,V009,797,S_h,624,99,620,0,0.648573,0.000000,0.648573,,,0.000000,-1.537264,-1.537264
MOT17,V009,798,S_c,638,98,624,0,0.000000,0.000000,0.000000,,,0.354217,0.747685,-0.919692
MOT17,V009,799,S_h,621,99,624,0,0.756274,0.012369,0.743905,,,0.007177,-0.743905,-1.690612
MOT17,V009,800,S_h,619,97,630,0,0.713285,0.142503,0.570782,,,0.234527,-1.039933,-1.039933
MOT17,V009,804,S_h,630,97,619,0,0.801049,0.291210,0.509839,,,0.293757,-1.155532,-1.155532
MOT17,V009,805,S_h,619,97,619,0,0.839175,0.283886,0.555290,,,0.283677,-1.070050,-1.070050
MOT17,V009,807,S_r,595,71,598,0,0.922698,0.648268,0.274430,0.680617,0.023394,1.000000,-0.566759,-0.566759
MOT17,V009,809,S_r,621,98,638,0,0.821862,0.133023,0.688839,0.594322,0.040302,0.408730,-1.047352,-1.047352
MOT17,V009,809,S_h,638,101,640,0,0.659540,0.301028,0.358512,,,0.369380,-1.047352,-1.047352
MOT17,V009,810,S_r,598,71,595,0,0.746308,0.616702,0.129605,-0.994852,0.005194,0.931992,0.283143,0.283143
MOT17,V009,816,S_h,640,99,621,0,0.480926,0.000000,0.480926,,,0.629482,0.370679,-1.411328
MOT17,V009,824,S_h,624,110,635,0,0.709824,0.264528,0.445296,,,0.532067,-0.958148,-0.958148
MOT17,V009,834,S_h,630,110,624,0,0.565911,0.000000,0.565911,,,1.000000,0.338270,-1.535907
MOT17,V010,281,S_r,651,2,653,0,0.881746,0.262946,0.618800,-0.027168,0.030628,1.000000,-0.759668,-1.302068
MOT17,V010,281,S_h,653,7,651,0,0.439858,0.418119,0.021739,,,0.797451,0.687886,-0.748186
MOT17,V010,294,S_r,651,1,652,0,0.962328,0.557175,0.405153,0.844779,0.019979,0.849103,-0.803831,-0.803831
MOT17,V010,296,S_c,656,2,651,0,0.477109,0.311698,0.165411,,,0.912118,0.287724,-0.641257
MOT17,V010,317,S_r,653,29,643,0,0.990425,0.616708,0.373717,0.884496,0.001496,0.823343,-0.746043,-0.746043
MOT17,V010,318,S_h,643,7,653,0,0.397944,0.355931,0.042012,,,1.000000,0.726497,-0.798891
MOT17,V010,360,S_h,653,11,652,0,0.715514,0.057848,0.657665,,,0.781910,0.141752,-1.510326
MOT17,V010,366,S_c,660,29,653,0,0.554832,0.278143,0.276689,,,0.982646,0.155284,-0.730484
MOT17,V010,401,S_r,651,29,653,0,0.984898,0.514087,0.470811,0.999320,0.024975,0.681672,-0.925923,-0.925923
MOT17,V010,419,S_h,643,1,651,0,0.633202,0.165083,0.468119,,,1.000000,0.204321,-1.087210
MOT17,V010,446,S_h,651,12,650,0,0.470018,0.350187,0.119832,,,0.656889,0.230949,0.230949
MOT17,V010,454,S_r,650,12,651,0,0.749042,0.399279,0.349763,0.999847,0.031340,0.729919,-1.007887,-1.007887
MOT17,V010,454,S_r,651,15,650,0,0.944813,0.463564,0.481249,0.951125,0.019710,0.509839,-0.947622,-0.947622
MOT17,V010,460,S_r,645,11,653,0,0.811642,0.357240,0.454402,0.784197,0.070761,0.864407,-0.939360,-0.939360
MOT17,V010,464,S_c,664,13,645,0,0.642354,0.095780,0.546574,,,0.896848,0.391938,-1.488088
MOT17,V010,465,S_h,653,11,645,0,0.584805,0.167073,0.417731,,,0.926453,0.428391,-1.292557
MOT17,V010,491,S_r,643,13,664,0,0.970823,0.176217,0.794606,0.978081,0.010337,0.306047,-1.598774,-1.598774
MOT17,V010,498,S_r,662,14,649,0,0.947111,0.204679,0.742432,0.999730,0.033503,0.454212,-0.670697,-1.515346
MOT17,V010,498,S_h,649,17,662,0,0.403550,0.331815,0.071735,,,0.805310,0.670697,-0.844650
MOT17,V010,502,S_r,649,15,651,0,0.927145,0.287072,0.640073,-0.544386,0.003776,0.537910,-1.316842,-1.316842
MOT17,V010,504,S_h,651,17,649,0,0.361340,0.254327,0.107014,,,0.790509,0.715337,-0.995807
MOT17,V011,281,S_r,676,2,678,0,0.881746,0.262946,0.618800,-0.027168,0.030628,1.000000,-0.759668,-1.302068
MOT17,V011,281,S_h,678,7,676,0,0.439858,0.418119,0.021739,,,0.797451,0.687886,-0.748186
MOT17,V011,294,S_r,676,1,677,0,0.962328,0.557175,0.405153,0.844779,0.019979,0.849103,-0.803831,-0.803831
MOT17,V011,296,S_c,681,2,676,0,0.477109,0.311698,0.165411,,,0.912118,0.287724,-0.641257
MOT17,V011,317,S_r,678,29,668,0,0.990425,0.616708,0.373717,0.884496,0.001496,0.823343,-0.746043,-0.746043
MOT17,V011,318,S_h,668,7,678,0,0.397944,0.355931,0.042012,,,1.000000,0.726497,-0.798891
MOT17,V011,360,S_h,678,11,677,0,0.715514,0.057848,0.657665,,,0.781910,0.141752,-1.510326
MOT17,V011,366,S_c,685,29,678,0,0.554832,0.278143,0.276689,,,0.982646,0.155284,-0.730484
MOT17,V011,401,S_r,676,29,678,0,0.984898,0.514087,0.470811,0.999320,0.024975,0.681672,-0.925923,-0.925923
MOT17,V011,419,S_h,668,1,676,0,0.633202,0.165083,0.468119,,,1.000000,0.204321,-1.087210
MOT17,V011,446,S_h,676,12,675,0,0.470018,0.350187,0.119832,,,0.656889,0.230949,0.230949
MOT17,V011,454,S_r,675,12,676,0,0.749042,0.399279,0.349763,0.999847,0.031340,0.729919,-1.007887,-1.007887
MOT17,V011,454,S_r,676,15,675,0,0.944813,0.463564,0.481249,0.951125,0.019710,0.509839,-0.947622,-0.947622
MOT17,V011,460,S_r,670,11,678,0,0.811642,0.357240,0.454402,0.784197,0.070761,0.864407,-0.939360,-0.939360
MOT17,V011,464,S_c,689,13,670,0,0.642354,0.095780,0.546574,,,0.896848,0.391938,-1.488088
MOT17,V011,465,S_h,678,11,670,0,0.584805,0.167073,0.417731,,,0.926453,0.428391,-1.292557
MOT17,V011,491,S_r,668,13,689,0,0.970823,0.176217,0.794606,0.978081,0.010337,0.306047,-1.598774,-1.598774
MOT17,V011,498,S_r,687,14,674,0,0.947111,0.204679,0.742432,0.999730,0.033503,0.454212,-0.670697,-1.515346
MOT17,V011,498,S_h,674,17,687,0,0.403550,0.331815,0.071735,,,0.805310,0.670697,-0.844650
MOT17,V011,502,S_r,674,15,676,0,0.927145,0.287072,0.640073,-0.544386,0.003776,0.537910,-1.316842,-1.316842
MOT17,V011,504,S_h,676,17,674,0,0.361340,0.254327,0.107014,,,0.790509,0.715337,-0.995807
MOT17,V012,281,S_r,701,2,703,0,0.881746,0.262946,0.618800,-0.027168,0.030628,1.000000,-0.759668,-1.302068
MOT17,V012,281,S_h,703,7,701,0,0.439858,0.418119,0.021739,,,0.797451,0.687886,-0.748186
MOT17,V012,294,S_r,701,1,702,0,0.962328,0.557175,0.405153,0.844779,0.019979,0.849103,-0.803831,-0.803831
MOT17,V012,296,S_c,706,2,701,0,0.477109,0.311698,0.165411,,,0.912118,0.287724,-0.641257
MOT17,V012,317,S_r,703,29,693,0,0.990425,0.616708,0.373717,0.884496,0.001496,0.823343,-0.746043,-0.746043
MOT17,V012,318,S_h,693,7,703,0,0.397944,0.355931,0.042012,,,1.000000,0.726497,-0.798891
MOT17,V012,360,S_h,703,11,702,0,0.715514,0.057848,0.657665,,,0.781910,0.141752,-1.510326
MOT17,V012,366,S_c,710,29,703,0,0.554832,0.278143,0.276689,,,0.982646,0.155284,-0.730484
MOT17,V012,401,S_r,701,29,703,0,0.984898,0.514087,0.470811,0.999320,0.024975,0.681672,-0.925923,-0.925923
MOT17,V012,419,S_h,693,1,701,0,0.633202,0.165083,0.468119,,,1.000000,0.204321,-1.087210
MOT17,V012,446,S_h,701,12,700,0,0.470018,0.350187,0.119832,,,0.656889,0.230949,0.230949
MOT17,V012,454,S_r,700,12,701,0,0.749042,0.399279,0.349763,0.999847,0.031340,0.729919,-1.007887,-1.007887
MOT17,V012,454,S_r,701,15,700,0,0.944813,0.463564,0.481249,0.951125,0.019710,0.509839,-0.947622,-0.947622
MOT17,V012,460,S_r,695,11,703,0,0.811642,0.357240,0.454402,0.784197,0.070761,0.864407,-0.939360,-0.939360
MOT17,V012,464,S_c,714,13,695,0,0.642354,0.095780,0.546574,,,0.896848,0.391938,-1.488088
MOT17,V012,465,S_h,703,11,695,0,0.584805,0.167073,0.417731,,,0.926453,0.428391,-1.292557
MOT17,V012,491,S_r,693,13,714,0,0.970823,0.176217,0.794606,0.978081,0.010337,0.306047,-1.598774,-1.598774
MOT17,V012,498,S_r,712,14,699,0,0.947111,0.204679,0.742432,0.999730,0.033503,0.454212,-0.670697,-1.515346
MOT17,V012,498,S_h,699,17,712,0,0.403550,0.331815,0.071735,,,0.805310,0.670697,-0.844650
MOT17,V012,502,S_r,699,15,701,0,0.927145,0.287072,0.640073,-0.544386,0.003776,0.537910,-1.316842,-1.316842
MOT17,V012,504,S_h,701,17,699,0,0.361340,0.254327,0.107014,,,0.790509,0.715337,-0.995807
MOT17,V013,345,S_r,737,31,735,0,0.478124,0.181182,0.296942,0.530342,0.035384,0.337721,-0.188482,-1.202500
MOT17,V013,355,S_r,737,23,729,0,0.619305,0.532594,0.086711,0.846347,0.144205,0.810983,0.367787,-0.584216
MOT17,V013,355,S_r,729,32,737,0,0.717346,0.262848,0.454498,0.345497,0.056242,0.592214,-0.367787,-0.952003
MOT17,V013,358,S_c,738,56,733,0,0.003868,0.000000,0.003868,,,0.125523,0.968882,-0.911444
MOT17,V013,379,S_c,740,23,737,0,0.065071,0.000000,0.065071,,,0.852535,0.885501,-0.891439
MOT17,V013,380,S_c,741,34,731,0,0.303725,0.111541,0.192183,,,1.000000,0.593215,-1.089171
MOT17,V013,390,S_r,729,31,737,0,0.901456,0.727370,0.174087,0.756283,0.017333,1.000000,-0.181064,-0.181064
MOT17,V013,398,S_h,737,32,729,0,0.166457,0.013627,0.152829,,,1.000000,0.703639,-1.041651
MOT17,V013,423,S_c,745,31,729,0,0.083846,0.000000,0.083846,,,0.733913,0.894058,-1.049616
MOT17,V013,430,S_c,747,57,739,0,0.151790,0.000000,0.151790,,,0.281459,0.745438,-1.033156
MOT17,V013,434,S_r,738,71,739,0,0.824028,0.168084,0.655944,0.649671,0.012658,0.245968,-1.340185,-1.340185
MOT17,V013,447,S_r,735,56,738,0,0.807188,0.010490,0.796698,0.998097,0.085445,0.051843,-1.526385,-1.526385
MOT17,V013,458,S_c,749,59,735,0,0.201658,0.112017,0.089641,,,0.250000,0.696206,-1.007614
MOT17,V013,471,S_c,750,57,747,0,0.147583,0.000000,0.147583,,,0.333333,0.784862,-1.099090
MOT17,V013,533,S_r,751,48,752,0,0.652903,0.107334,0.545569,0.878923,0.103246,1.000000,-1.333621,-1.333621
MOT17,V013,542,S_r,753,46,751,0,0.867413,0.157982,0.709430,-0.006163,0.029277,1.000000,-1.526039,-1.526039
MOT17,V013,561,S_c,759,47,753,0,0.155662,0.020005,0.135656,,,0.498442,0.603972,-1.001934
MOT17,V013,562,S_r,754,68,755,0,0.590115,0.124618,0.465497,0.473459,0.123623,0.036688,-0.402897,-1.115004
MOT17,V013,563,S_h,755,67,756,0,0.459211,0.456347,0.002864,,,0.562791,0.615353,-0.300711
MOT17,V013,563,S_r,749,72,754,0,0.760073,0.029888,0.730185,0.719401,0.074007,0.174684,-0.696543,-1.471621
MOT17,V013,567,S_h,756,66,758,0,0.642789,0.248040,0.394749,,,0.437615,-0.199106,-0.996113
MOT17,V013,567,S_r,754,67,755,0,0.655722,0.447435,0.208287,-0.760034,0.026483,0.564916,-0.417258,-0.417258
MOT17,V013,569,S_r,755,66,756,0,0.727557,0.606486,0.121071,0.891970,0.007907,0.197479,-0.204487,-0.204487
MOT17,V013,569,S_c,760,68,754,0,0.245834,0.097509,0.148325,,,0.353387,0.753345,-0.998574
MOT17,V013,571,S_c,761,73,749,0,0.147161,0.000000,0.147161,,,0.239631,0.769049,-1.121199
MOT17,V013,617,S_r,754,66,755,0,0.872641,0.099960,0.772681,0.714725,0.033582,0.098039,-1.524020,-1.524020
MOT17,V013,654,S_h,742,50,744,0,0.566077,0.065755,0.500322,,,0.141066,-0.500322,-1.380916
MOT17,V014,345,S_r,781,31,779,0,0.478124,0.181182,0.296942,0.530342,0.035384,0.337721,-0.188482,-1.202500
MOT17,V014,355,S_r,781,23,773,0,0.619305,0.532594,0.086711,0.846347,0.144205,0.810983,0.367787,-0.584216
MOT17,V014,355,S_r,773,32,781,0,0.717346,0.262848,0.454498,0.345497,0.056242,0.592214,-0.367787,-0.952003
MOT17,V014,358,S_c,782,56,777,0,0.003868,0.000000,0.003868,,,0.125523,0.968882,-0.911444
MOT17,V014,379,S_c,784,23,781,0,0.065071,0.000000,0.065071,,,0.852535,0.885501,-0.891439
MOT17,V014,380,S_c,785,34,775,0,0.303725,0.111541,0.192183,,,1.000000,0.593215,-1.089171
MOT17,V014,390,S_r,773,31,781,0,0.901456,0.727370,0.174087,0.756283,0.017333,1.000000,-0.181064,-0.181064
MOT17,V014,398,S_h,781,32,773,0,0.166457,0.013627,0.152829,,,1.000000,0.703639,-1.041651
MOT17,V014,423,S_c,789,31,773,0,0.083846,0.000000,0.083846,,,0.733913,0.894058,-1.049616
MOT17,V014,430,S_c,791,57,783,0,0.151790,0.000000,0.151790,,,0.281459,0.745438,-1.033156
MOT17,V014,434,S_r,782,71,783,0,0.824028,0.168084,0.655944,0.649671,0.012658,0.245968,-1.340185,-1.340185
MOT17,V014,447,S_r,779,56,782,0,0.807188,0.010490,0.796698,0.998097,0.085445,0.051843,-1.526385,-1.526385
MOT17,V014,458,S_c,793,59,779,0,0.201658,0.112017,0.089641,,,0.250000,0.696206,-1.007614
MOT17,V014,471,S_c,794,57,791,0,0.147583,0.000000,0.147583,,,0.333333,0.784862,-1.099090
MOT17,V014,533,S_r,795,48,796,0,0.652903,0.107334,0.545569,0.878923,0.103246,1.000000,-1.333621,-1.333621
MOT17,V014,542,S_r,797,46,795,0,0.867413,0.157982,0.709430,-0.006163,0.029277,1.000000,-1.526039,-1.526039
MOT17,V014,561,S_c,803,47,797,0,0.155662,0.020005,0.135656,,,0.498442,0.603972,-1.001934
MOT17,V014,562,S_r,798,68,799,0,0.590115,0.124618,0.465497,0.473459,0.123623,0.036688,-0.402897,-1.115004
MOT17,V014,563,S_h,799,67,800,0,0.459211,0.456347,0.002864,,,0.562791,0.615353,-0.300711
MOT17,V014,563,S_r,793,72,798,0,0.760073,0.029888,0.730185,0.719401,0.074007,0.174684,-0.696543,-1.471621
MOT17,V014,567,S_h,800,66,802,0,0.642789,0.248040,0.394749,,,0.437615,-0.199106,-0.996113
MOT17,V014,567,S_r,798,67,799,0,0.655722,0.447435,0.208287,-0.760034,0.026483,0.564916,-0.417258,-0.417258
MOT17,V014,569,S_r,799,66,800,0,0.727557,0.606486,0.121071,0.891970,0.007907,0.197479,-0.204487,-0.204487
MOT17,V014,569,S_c,804,68,798,0,0.245834,0.097509,0.148325,,,0.353387,0.753345,-0.998574
MOT17,V014,571,S_c,805,73,793,0,0.147161,0.000000,0.147161,,,0.239631,0.769049,-1.121199
MOT17,V014,617,S_r,798,66,799,0,0.872641,0.099960,0.772681,0.714725,0.033582,0.098039,-1.524020,-1.524020
MOT17,V014,654,S_h,786,50,788,0,0.566077,0.065755,0.500322,,,0.141066,-0.500322,-1.380916
MOT17,V015,345,S_r,825,31,823,0,0.478124,0.181182,0.296942,0.530342,0.035384,0.337721,-0.188482,-1.202500
MOT17,V015,355,S_r,825,23,817,0,0.619305,0.532594,0.086711,0.846347,0.144205,0.810983,0.367787,-0.584216
MOT17,V015,355,S_r,817,32,825,0,0.717346,0.262848,0.454498,0.345497,0.056242,0.592214,-0.367787,-0.952003
MOT17,V015,358,S_c,826,56,821,0,0.003868,0.000000,0.003868,,,0.125523,0.968882,-0.911444
MOT17,V015,379,S_c,828,23,825,0,0.065071,0.000000,0.065071,,,0.852535,0.885501,-0.891439
MOT17,V015,380,S_c,829,34,819,0,0.303725,0.111541,0.192183,,,1.000000,0.593215,-1.089171
MOT17,V015,390,S_r,817,31,825,0,0.901456,0.727370,0.174087,0.756283,0.017333,1.000000,-0.181064,-0.181064
MOT17,V015,398,S_h,825,32,817,0,0.166457,0.013627,0.152829,,,1.000000,0.703639,-1.041651
MOT17,V015,423,S_c,833,31,817,0,0.083846,0.000000,0.083846,,,0.733913,0.894058,-1.049616
MOT17,V015,430,S_c,835,57,827,0,0.151790,0.000000,0.151790,,,0.281459,0.745438,-1.033156
MOT17,V015,434,S_r,826,71,827,0,0.824028,0.168084,0.655944,0.649671,0.012658,0.245968,-1.340185,-1.340185
MOT17,V015,447,S_r,823,56,826,0,0.807188,0.010490,0.796698,0.998097,0.085445,0.051843,-1.526385,-1.526385
MOT17,V015,458,S_c,837,59,823,0,0.201658,0.112017,0.089641,,,0.250000,0.696206,-1.007614
MOT17,V015,471,S_c,838,57,835,0,0.147583,0.000000,0.147583,,,0.333333,0.784862,-1.099090
MOT17,V015,533,S_r,839,48,840,0,0.652903,0.107334,0.545569,0.878923,0.103246,1.000000,-1.333621,-1.333621
MOT17,V015,542,S_r,841,46,839,0,0.867413,0.157982,0.709430,-0.006163,0.029277,1.000000,-1.526039,-1.526039
MOT17,V015,561,S_c,847,47,841,0,0.155662,0.020005,0.135656,,,0.498442,0.603972,-1.001934
MOT17,V015,562,S_r,842,68,843,0,0.590115,0.124618,0.465497,0.473459,0.123623,0.036688,-0.402897,-1.115004
MOT17,V015,563,S_h,843,67,844,0,0.459211,0.456347,0.002864,,,0.562791,0.615353,-0.300711
MOT17,V015,563,S_r,837,72,842,0,0.760073,0.029888,0.730185,0.719401,0.074007,0.174684,-0.696543,-1.471621
MOT17,V015,567,S_h,844,66,846,0,0.642789,0.248040,0.394749,,,0.437615,-0.199106,-0.996113
MOT17,V015,567,S_r,842,67,843,0,0.655722,0.447435,0.208287,-0.760034,0.026483,0.564916,-0.417258,-0.417258
MOT17,V015,569,S_r,843,66,844,0,0.727557,0.606486,0.121071,0.891970,0.007907,0.197479,-0.204487,-0.204487
MOT17,V015,569,S_c,848,68,842,0,0.245834,0.097509,0.148325,,,0.353387,0.753345,-0.998574
MOT17,V015,571,S_c,849,73,837,0,0.147161,0.000000,0.147161,,,0.239631,0.769049,-1.121199
MOT17,V015,617,S_r,842,66,843,0,0.872641,0.099960,0.772681,0.714725,0.033582,0.098039,-1.524020,-1.524020
MOT17,V015,654,S_h,830,50,832,0,0.566077,0.065755,0.500322,,,0.141066,-0.500322,-1.380916
MOT17,V016,512,S_r,860,32,856,0,0.897602,0.238702,0.658900,0.935823,0.039916,1.000000,-1.273434,-1.273434
MOT17,V016,564,S_r,861,39,854,0,0.973828,0.420320,0.553508,0.930772,0.018550,0.668882,-1.115581,-1.115581
MOT17,V016,564,S_r,854,41,861,0,0.962568,0.400496,0.562072,0.984245,0.045573,0.514835,-1.115581,-1.115581
MOT17,V016,575,S_c,863,42,862,0,0.513154,0.072555,0.440599,,,0.915584,0.468399,-1.339393
MOT17,V016,726,S_r,867,34,869,0,0.875582,0.391044,0.484538,0.682507,0.035502,1.000000,-1.000121,-1.000121
MOT17,V016,730,S_r,869,34,867,0,0.926118,0.614393,0.311724,0.988017,0.060459,1.000000,-0.605897,-0.605897
MOT17,V016,731,S_r,867,34,867,0,0.737150,0.721402,0.015747,-0.026455,0.028672,1.000000,-0.037228,-0.037228
MOT17,V016,734,S_h,869,34,867,0,0.467768,0.006177,0.461591,,,0.850423,0.310476,-1.374299
MOT17,V016,738,S_c,873,43,871,0,0.084324,0.000000,0.084324,,,1.000000,0.504357,-0.678655
MOT17,V016,771,S_r,869,33,867,0,0.909883,0.532507,0.377375,,0.000474,1.000000,-0.238684,-0.238684
MOT17,V016,774,S_h,867,34,869,0,0.458194,0.170560,0.287635,,,1.000000,0.277026,-0.902859
MOT17,V016,844,S_c,881,67,880,0,0.101881,0.000000,0.101881,,,0.220904,0.761552,-1.063561
MOT17,V016,877,S_r,884,70,883,0,0.972041,0.000000,0.972041,0.949404,0.035725,0.000000,-0.972041,-1.834964
MOT17,V016,878,S_h,883,71,884,0,0.337879,0.000000,0.337879,,,0.696429,0.522672,-1.261128
MOT17,V016,891,S_r,883,72,889,0,0.228399,0.030578,0.197821,-0.740249,0.070467,0.112121,-0.197821,-1.092553
MOT17,V016,892,S_c,891,71,883,0,0.000000,0.000000,0.000000,,,0.000000,0.908720,-0.964679
MOT17,V017,512,S_r,906,32,902,0,0.897602,0.238702,0.658900,0.935823,0.039916,1.000000,-1.273434,-1.273434
MOT17,V017,564,S_r,907,39,900,0,0.973828,0.420320,0.553508,0.930772,0.018550,0.668882,-1.115581,-1.115581
MOT17,V017,564,S_r,900,41,907,0,0.962568,0.400496,0.562072,0.984245,0.045573,0.514835,-1.115581,-1.115581
MOT17,V017,575,S_c,909,42,908,0,0.513154,0.072555,0.440599,,,0.915584,0.468399,-1.339393
MOT17,V017,726,S_r,913,34,915,0,0.875582,0.391044,0.484538,0.682507,0.035502,1.000000,-1.000121,-1.000121
MOT17,V017,730,S_r,915,34,913,0,0.926118,0.614393,0.311724,0.988017,0.060459,1.000000,-0.605897,-0.605897
MOT17,V017,731,S_r,913,34,913,0,0.737150,0.721402,0.015747,-0.026455,0.028672,1.000000,-0.037228,-0.037228
MOT17,V017,734,S_h,915,34,913,0,0.467768,0.006177,0.461591,,,0.850423,0.310476,-1.374299
MOT17,V017,738,S_c,919,43,917,0,0.084324,0.000000,0.084324,,,1.000000,0.504357,-0.678655
MOT17,V017,771,S_r,915,33,913,0,0.909883,0.532507,0.377375,,0.000474,1.000000,-0.238684,-0.238684
MOT17,V017,774,S_h,913,34,915,0,0.458194,0.170560,0.287635,,,1.000000,0.277026,-0.902859
MOT17,V017,844,S_c,927,67,926,0,0.101881,0.000000,0.101881,,,0.220904,0.761552,-1.063561
MOT17,V017,877,S_r,930,70,929,0,0.972041,0.000000,0.972041,0.949404,0.035725,0.000000,-0.972041,-1.834964
MOT17,V017,878,S_h,929,71,930,0,0.337879,0.000000,0.337879,,,0.696429,0.522672,-1.261128
MOT17,V017,891,S_r,929,72,935,0,0.228399,0.030578,0.197821,-0.740249,0.070467,0.112121,-0.197821,-1.092553
MOT17,V017,892,S_c,937,71,929,0,0.000000,0.000000,0.000000,,,0.000000,0.908720,-0.964679
MOT17,V018,512,S_r,952,32,948,0,0.897602,0.238702,0.658900,0.935823,0.039916,1.000000,-1.273434,-1.273434
MOT17,V018,564,S_r,953,39,946,0,0.973828,0.420320,0.553508,0.930772,0.018550,0.668882,-1.115581,-1.115581
MOT17,V018,564,S_r,946,41,953,0,0.962568,0.400496,0.562072,0.984245,0.045573,0.514835,-1.115581,-1.115581
MOT17,V018,575,S_c,955,42,954,0,0.513154,0.072555,0.440599,,,0.915584,0.468399,-1.339393
MOT17,V018,726,S_r,959,34,961,0,0.875582,0.391044,0.484538,0.682507,0.035502,1.000000,-1.000121,-1.000121
MOT17,V018,730,S_r,961,34,959,0,0.926118,0.614393,0.311724,0.988017,0.060459,1.000000,-0.605897,-0.605897
MOT17,V018,731,S_r,959,34,959,0,0.737150,0.721402,0.015747,-0.026455,0.028672,1.000000,-0.037228,-0.037228
MOT17,V018,734,S_h,961,34,959,0,0.467768,0.006177,0.461591,,,0.850423,0.310476,-1.374299
MOT17,V018,738,S_c,965,43,963,0,0.084324,0.000000,0.084324,,,1.000000,0.504357,-0.678655
MOT17,V018,771,S_r,961,33,959,0,0.909883,0.532507,0.377375,,0.000474,1.000000,-0.238684,-0.238684
MOT17,V018,774,S_h,959,34,961,0,0.458194,0.170560,0.287635,,,1.000000,0.277026,-0.902859
MOT17,V018,844,S_c,973,67,972,0,0.101881,0.000000,0.101881,,,0.220904,0.761552,-1.063561
MOT17,V018,877,S_r,976,70,975,0,0.972041,0.000000,0.972041,0.949404,0.035725,0.000000,-0.972041,-1.834964
MOT17,V018,878,S_h,975,71,976,0,0.337879,0.000000,0.337879,,,0.696429,0.522672,-1.261128
MOT17,V018,891,S_r,975,72,981,0,0.228399,0.030578,0.197821,-0.740249,0.070467,0.112121,-0.197821,-1.092553
MOT17,V018,892,S_c,983,71,975,0,0.000000,0.000000,0.000000,,,0.000000,0.908720,-0.964679
MOT17,V019,412,S_h,997,153,995,0,0.825234,0.000000,0.825234,,,0.000000,-0.825234,-1.743243
MOT17,V019,416,S_r,1007,155,992,0,0.961462,0.298549,0.662912,0.965677,0.044346,0.428502,-1.310767,-1.310767
MOT17,V019,416,S_r,992,161,1007,0,0.954408,0.306553,0.647855,0.999063,0.065672,0.535205,-1.310767,-1.310767
MOT17,V019,424,S_h,995,70,996,0,0.843367,0.473586,0.369781,,,0.540186,-0.996152,-0.996152
MOT17,V019,430,S_h,996,142,991,0,0.842577,0.495174,0.347402,,,0.191731,-0.219370,-0.517226
MOT17,V019,434,S_c,1029,163,997,0,0.208304,0.100485,0.107819,,,0.322776,0.786544,-1.047717
MOT17,V019,437,S_h,991,65,993,0,0.911635,0.106535,0.805100,,,0.213421,-1.647584,-1.647584
MOT17,V020,412,S_h,1139,153,1137,0,0.825234,0.000000,0.825234,,,0.000000,-0.825234,-1.743243
MOT17,V020,416,S_r,1149,155,1134,0,0.961462,0.298549,0.662912,0.965677,0.044346,0.428502,-1.310767,-1.310767
MOT17,V020,416,S_r,1134,161,1149,0,0.954408,0.306553,0.647855,0.999063,0.065672,0.535205,-1.310767,-1.310767
MOT17,V020,424,S_h,1137,70,1138,0,0.843367,0.473586,0.369781,,,0.540186,-0.996152,-0.996152
MOT17,V020,430,S_h,1138,142,1133,0,0.842577,0.495174,0.347402,,,0.191731,-0.219370,-0.517226
MOT17,V020,434,S_c,1171,163,1139,0,0.208304,0.100485,0.107819,,,0.322776,0.786544,-1.047717
MOT17,V020,437,S_h,1133,65,1135,0,0.911635,0.106535,0.805100,,,0.213421,-1.647584,-1.647584
MOT17,V021,412,S_h,1281,153,1279,0,0.825234,0.000000,0.825234,,,0.000000,-0.825234,-1.743243
MOT17,V021,416,S_r,1291,155,1276,0,0.961462,0.298549,0.662912,0.965677,0.044346,0.428502,-1.310767,-1.310767
MOT17,V021,416,S_r,1276,161,1291,0,0.954408,0.306553,0.647855,0.999063,0.065672,0.535205,-1.310767,-1.310767
MOT17,V021,424,S_h,1279,70,1280,0,0.843367,0.473586,0.369781,,,0.540186,-0.996152,-0.996152
MOT17,V021,430,S_h,1280,142,1275,0,0.842577,0.495174,0.347402,,,0.191731,-0.219370,-0.517226
MOT17,V021,434,S_c,1313,163,1281,0,0.208304,0.100485,0.107819,,,0.322776,0.786544,-1.047717
MOT17,V021,437,S_h,1275,65,1277,0,0.911635,0.106535,0.805100,,,0.213421,-1.647584,-1.647584
MOT20,V001,104,S_c,47,36,18,0,0.054411,0.049550,0.004861,,,0.148650,0.961042,-0.965408
MOT20,V001,124,S_r,20,8,27,0,0.900093,0.399600,0.500493,0.436874,0.017043,0.608280,-1.083473,-1.083473
MOT20,V001,128,S_r,12,7,20,0,0.975366,0.551130,0.424236,0.981146,0.014156,0.620471,-0.836092,-0.836092
MOT20,V001,140,S_r,17,12,12,0,0.450914,0.394458,0.056456,,0.192480,0.584110,0.727457,-0.809746
MOT20,V001,144,S_c,54,35,19,0,0.270888,0.054134,0.216754,,,0.526963,0.401796,-0.850017
MOT20,V001,151,S_r,40,29,17,0,0.925043,0.072726,0.852317,-0.971066,0.016672,0.144077,-1.760333,-1.760333
MOT20,V001,169,S_c,66,47,13,0,0.321316,0.292571,0.028745,,,0.540541,0.752466,-0.797638
MOT20,V001,171,S_r,40,30,29,0,0.939921,0.131702,0.808219,0.927363,0.014075,0.223356,-1.599934,-1.599934
MOT20,V001,185,S_r,67,77,24,0,0.978967,0.632386,0.346581,0.966705,0.013249,0.812296,-0.627565,-0.627565
MOT20,V001,188,S_c,76,29,40,0,0.368088,0.236941,0.131147,,,0.547025,0.528706,-0.834301
MOT20,V001,201,S_r,24,77,67,0,0.883530,0.587842,0.295688,-0.427999,0.018858,0.725367,-0.106155,-0.595267
MOT20,V001,224,S_c,83,74,59,0,0.660522,0.232179,0.428343,,,0.801555,0.382351,-1.200561
MOT20,V001,229,S_r,71,77,24,0,0.857991,0.338519,0.519472,-0.995844,0.025342,0.601449,-1.196594,-1.196594
MOT20,V001,238,S_r,24,78,26,0,0.951653,0.652406,0.299246,,0.010580,0.694724,-0.606883,-0.606883
MOT20,V001,239,S_h,26,78,26,0,0.807102,0.493135,0.313967,,,0.488440,-0.632111,-0.632111
MOT20,V001,242,S_h,24,78,26,0,0.834401,0.455595,0.378807,,,0.531280,-0.946819,-0.946819
MOT20,V001,247,S_r,86,49,11,0,0.985291,0.655803,0.329489,0.998940,0.042028,0.858977,-0.605753,-0.605753
MOT20,V001,247,S_r,38,53,86,0,0.824365,0.810998,0.013367,,0.039549,0.764243,-0.131619,-0.131619
MOT20,V001,249,S_r,38,31,34,0,0.897964,0.324309,0.573655,0.999014,0.027695,0.534968,-0.139713,-1.254295
MOT20,V001,249,S_h,11,32,38,0,0.526770,0.092828,0.433942,,,0.803704,0.139713,-1.114582
MOT20,V001,249,S_r,34,53,38,0,0.948314,0.553263,0.395051,0.923077,0.021377,0.711011,-0.762444,-0.762444
MOT20,V001,254,S_c,93,63,90,0,0.578324,0.412050,0.166275,,,0.735838,0.186516,-0.472447
MOT20,V001,266,S_c,95,46,65,0,0.585670,0.113731,0.471939,,,0.844059,0.408526,-1.435976
MOT20,V001,282,S_r,10,26,5,0,0.953019,0.445295,0.507725,0.989841,0.018216,0.561108,-0.952604,-0.952604
MOT20,V001,284,S_r,103,58,74,0,0.956877,0.344432,0.612445,,0.005395,0.488616,-1.216004,-1.216004
MOT20,V001,291,S_r,103,23,25,0,0.949686,0.438646,0.511040,-0.351123,0.004938,0.565163,-1.064373,-1.064373
MOT20,V001,296,S_r,106,23,103,0,0.866468,0.584490,0.281978,,0.023828,0.763200,-0.598356,-0.598356
MOT20,V001,296,S_h,25,58,103,0,0.830289,0.315766,0.514523,,,0.772623,0.028688,-1.216510
MOT20,V001,297,S_r,40,29,76,0,0.974382,0.390614,0.583768,0.994217,0.029527,0.544148,-1.169272,-1.169272
MOT20,V001,298,S_r,25,20,35,0,0.843091,0.526276,0.316815,0.029818,0.011950,0.773464,-0.733441,-0.733441
MOT20,V001,298,S_r,35,58,25,0,0.939041,0.522416,0.416626,0.876648,0.028043,0.618780,-0.733441,-0.733441
MOT20,V001,299,S_r,103,20,35,0,0.975015,0.472153,0.502862,0.664364,0.002572,0.674003,-0.848192,-0.848192
MOT20,V001,301,S_r,74,23,106,0,0.973124,0.741744,0.231380,0.976973,0.008907,0.747005,-0.084955,-0.385302
MOT20,V001,301,S_r,66,46,95,0,0.987826,0.525030,0.462796,0.993121,0.002716,0.550459,-0.676633,-0.676633
MOT20,V001,303,S_c,118,30,40,0,0.624790,0.447223,0.177567,,,0.837697,0.449262,-0.847896
MOT20,V001,309,S_r,116,23,74,0,0.914933,0.277211,0.637722,0.980494,0.019962,0.470293,-1.310807,-1.310807
MOT20,V001,312,S_r,35,47,66,0,0.676786,0.473783,0.203003,0.451619,0.191544,0.965761,0.437661,-0.787071
MOT20,V001,312,S_h,119,58,35,0,0.760736,0.105024,0.655712,,,0.977470,0.168739,-1.483764
MOT20,V001,314,S_r,121,77,71,0,0.965327,0.462597,0.502731,-0.153707,0.012855,0.701456,-0.881276,-0.881276
MOT20,V001,317,S_r,74,20,103,0,0.819662,0.686092,0.133569,0.161238,0.031811,0.780005,0.151186,-0.516633
MOT20,V001,319,S_r,25,22,21,0,0.929128,0.634604,0.294524,0.817206,0.004184,0.253557,-0.319657,-0.319657
MOT20,V001,322,S_r,106,20,74,0,0.948151,0.599268,0.348884,0.975496,0.006813,0.757210,-0.696084,-0.696084
MOT20,V001,323,S_r,62,10,22,0,0.985335,0.039538,0.945797,0.989949,0.002680,0.138624,-1.851756,-1.851756
MOT20,V001,326,S_r,71,77,121,0,0.905962,0.753346,0.152616,0.337443,0.021375,0.698157,-0.023056,-0.023056
MOT20,V001,344,S_r,74,22,25,0,0.781182,0.025702,0.755480,-0.790220,0.038620,0.036572,-1.699645,-1.699645
MOT20,V001,348,S_r,28,30,118,0,0.950989,0.708015,0.242974,0.992244,0.008619,0.000000,-0.242974,-0.242974
MOT20,V001,358,S_r,74,21,30,0,0.959367,0.015218,0.944148,0.827588,0.003838,0.022494,-1.909960,-1.909960
MOT20,V001,362,S_r,134,78,24,0,0.851075,0.655973,0.195102,0.779233,0.008205,0.000000,-0.195102,-0.195102
MOT20,V001,366,S_c,136,22,74,0,0.329674,0.182447,0.147227,,,0.600430,0.220535,-0.486976
MOT20,V001,368,S_h,24,77,71,0,0.739071,0.000000,0.739071,,,0.898901,0.178416,-1.731404
MOT20,V001,387,S_c,143,21,74,0,0.500426,0.455870,0.044555,,,0.700314,0.478455,-0.607352
MOT20,V001,397,S_r,140,78,134,0,0.902331,0.600097,0.302233,0.974786,0.025331,0.409498,-0.188464,-0.188464
MOT20,V001,409,S_h,147,21,143,0,0.744053,0.621942,0.122111,,,0.772118,0.345705,-0.652772
MOT20,V001,409,S_r,134,77,24,0,0.960740,0.488756,0.471985,0.872943,0.003613,0.660891,-0.800947,-0.800947
MOT20,V001,412,S_r,24,78,140,0,0.846435,0.730913,0.115522,,0.034361,0.566381,0.096742,0.096742
MOT20,V001,413,S_h,147,51,122,0,0.833594,0.381884,0.451710,,,0.696475,-0.042610,-1.071636
MOT20,V001,415,S_r,147,22,136,0,0.840244,0.402461,0.437783,-0.744813,0.025590,0.570613,-0.335094,-1.048331
MOT20,V001,416,S_r,33,7,12,0,0.879025,0.420532,0.458493,0.724345,0.026294,0.414099,-0.608758,-0.608758
MOT20,V001,416,S_h,136,21,143,0,0.605102,0.453703,0.151400,,,0.890791,0.226508,0.226508
MOT20,V001,416,S_r,140,78,24,0,0.890892,0.709552,0.181340,-0.728494,0.011752,0.367546,-0.327972,-0.327972
MOT20,V001,419,S_c,151,51,147,0,0.596517,0.494229,0.102288,,,0.855703,0.214826,-0.386260
MOT20,V001,420,S_h,12,18,33,0,0.734336,0.631267,0.103069,,,0.888716,0.226556,-0.458452
MOT20,V001,424,S_r,12,12,17,0,0.927527,0.585659,0.341868,-0.439753,0.007854,0.843299,-0.711709,-0.711709
MOT20,V001,424,S_r,17,18,12,0,0.968966,0.432404,0.536563,0.996298,0.028540,0.614914,-1.053323,-1.053323
MOT20,V001,424,S_r,151,50,5,0,0.965238,0.453302,0.511935,0.941335,0.030777,0.641233,-1.028763,-1.028763
MOT20,V001,424,S_r,5,51,151,0,0.934368,0.412584,0.521784,0.514496,0.002135,0.689043,-1.040449,-1.040449
MOT20,V001,427,S_c,153,68,131,0,0.449491,0.260680,0.188811,,,0.707435,0.191378,-0.609449
MOT20,V002,24,S_r,185,231,182,0,0.976642,0.499466,0.477177,0.867511,0.005755,0.601438,-0.928514,-0.928514
MOT20,V002,26,S_h,188,228,185,0,0.451728,0.229909,0.221819,,,0.854369,0.592520,-1.068599
MOT20,V002,49,S_r,193,224,174,0,0.813246,0.615732,0.197513,,0.039294,0.659328,-0.291451,-0.291451
MOT20,V002,53,S_r,174,224,193,0,0.947256,0.742108,0.205147,0.977259,0.031089,0.777996,-0.189692,-0.189692
MOT20,V002,53,S_r,193,229,182,0,0.492753,0.469698,0.023055,-0.364907,0.101817,0.666049,0.502439,-0.348944
MOT20,V002,58,S_r,187,218,171,0,0.959152,0.383055,0.576097,0.973901,0.017599,0.518950,-1.167096,-1.167096
MOT20,V002,58,S_r,171,219,187,0,0.974130,0.383131,0.590999,0.990405,0.009780,0.581580,-1.167096,-1.167096
MOT20,V002,66,S_r,189,224,174,0,0.826031,0.506888,0.319143,,0.031103,0.526765,-0.102738,-0.102738
MOT20,V002,70,S_r,174,230,189,0,0.696699,0.268251,0.428448,,0.054442,0.726015,-0.241872,-1.185593
MOT20,V002,79,S_r,203,217,180,0,0.898373,0.000000,0.898373,-0.942496,0.007341,0.000000,-0.898373,-1.828027
MOT20,V002,131,S_r,206,236,210,0,0.860775,0.451442,0.409333,0.009820,0.030409,0.688057,-0.778884,-0.778884
MOT20,V002,131,S_r,210,243,206,0,0.879210,0.509659,0.369551,-0.381199,0.020773,0.622831,-0.778884,-0.778884
MOT20,V002,145,S_c,214,224,189,0,0.000000,0.000000,0.000000,,,0.000000,0.804644,-0.985293
MOT20,V002,167,S_r,218,247,200,0,0.741477,0.488592,0.252886,-0.945819,0.071836,1.000000,-0.187655,-0.225592
MOT20,V002,168,S_h,217,177,211,0,0.644137,0.388712,0.255425,,,0.699343,0.399902,-0.960006
MOT20,V002,174,S_h,211,177,217,0,0.819995,0.637988,0.182006,,,0.785046,-0.003775,-0.629518
MOT20,V002,176,S_r,187,221,191,0,0.967212,0.621280,0.345932,0.941394,0.023081,0.732618,-0.684964,-0.684964
MOT20,V002,181,S_h,216,247,218,0,0.649564,0.590678,0.058886,,,1.000000,0.376771,-0.534149
MOT20,V002,182,S_r,195,177,211,0,0.938723,0.393480,0.545243,0.987763,0.013414,0.606034,-1.009332,-1.009332
MOT20,V002,182,S_r,211,222,195,0,0.906847,0.442758,0.464089,,0.025077,0.697641,-0.359840,-1.009332
MOT20,V002,183,S_r,217,221,187,0,0.934502,0.661284,0.273218,0.847401,0.019937,0.469092,-0.244523,-0.351892
MOT20,V002,187,S_r,218,247,218,0,0.850873,0.438554,0.412320,0.999933,0.055162,1.000000,-1.005629,-1.005629
MOT20,V002,203,S_r,200,247,218,0,0.975643,0.482697,0.492947,0.999991,0.015514,0.966292,-0.562058,-0.995844
MOT20,V002,212,S_h,218,247,200,0,0.523979,0.267599,0.256379,,,0.981447,0.428766,-0.932661
MOT20,V002,215,S_h,200,247,218,0,0.530706,0.168693,0.362014,,,0.991023,0.451529,-1.137817
MOT20,V002,217,S_c,223,230,174,0,0.448276,0.124250,0.324026,,,0.927022,0.469108,-1.110062
MOT20,V002,221,S_r,218,254,200,0,0.699768,0.523086,0.176682,-0.062297,0.063563,0.771112,0.119340,-0.770853
MOT20,V002,229,S_h,218,247,200,0,0.557350,0.528790,0.028560,,,1.000000,0.364959,-0.387116
MOT20,V002,233,S_r,225,265,216,0,0.832844,0.240680,0.592164,0.585923,0.044614,0.561033,-1.275942,-1.275942
MOT20,V002,275,S_c,235,265,225,0,0.405358,0.297999,0.107359,,,0.732283,0.592661,-0.932668
MOT20,V002,281,S_c,236,254,200,0,0.499975,0.140457,0.359519,,,0.776876,0.540837,-1.313941
MOT20,V002,327,S_c,241,257,231,0,0.374145,0.203973,0.170172,,,0.797030,0.359848,-0.702724
MOT20,V002,332,S_r,231,245,196,0,0.924586,0.737495,0.187091,0.808079,0.035338,0.969147,-0.285345,-0.285345
MOT20,V002,345,S_h,196,245,231,0,0.617058,0.455976,0.161082,,,0.931343,0.341439,-0.587763
MOT20,V002,349,S_r,231,243,210,0,0.837565,0.642269,0.195296,0.569592,0.026731,0.836167,-0.539516,-0.539516
MOT20,V002,351,S_r,210,245,196,0,0.672663,0.486405,0.186259,,0.050955,0.794556,0.087621,-0.448880
MOT20,V002,352,S_c,244,255,220,0,0.588460,0.259485,0.328975,,,0.875878,0.386280,-1.059853
MOT20,V002,363,S_r,241,245,210,0,0.821449,0.592884,0.228565,,0.068554,0.915521,-0.332481,-0.385141
MOT20,V002,396,S_c,251,257,241,0,0.430509,0.173641,0.256868,,,0.905371,0.299172,-0.805523
MOT20,V002,398,S_c,252,247,218,0,0.310409,0.149778,0.160631,,,0.750459,0.779764,-1.072545
MOT20,V002,405,S_r,218,245,241,0,0.657491,0.523326,0.134165,-0.982485,0.293258,1.000000,0.479746,-0.719463
MOT20,V002,412,S_r,210,245,218,0,0.934108,0.645126,0.288982,,0.019398,0.815748,-0.624287,-0.624287
MOT20,V002,422,S_c,258,177,195,0,0.463775,0.274673,0.189101,,,0.615409,0.591694,-0.954962
MOT20,V002,436,S_r,255,15,259,0,0.946913,0.398316,0.548597,0.968150,0.009953,0.585895,-1.150208,-1.150208
MOT20,V002,452,S_c,262,265,235,0,0.474836,0.317022,0.157814,,,0.773512,0.556246,-0.866556
MOT20,V002,459,S_c,265,183,255,0,0.606171,0.126387,0.479784,,,0.783400,0.337286,-1.313951
MOT20,V002,474,S_c,267,247,252,0,0.475138,0.245347,0.229792,,,1.000000,0.114710,-0.704408
MOT20,V002,483,S_h,252,247,267,0,0.664603,0.315188,0.349415,,,1.000000,-1.126195,-1.126195
MOT20,V002,484,S_h,267,247,267,0,0.653827,0.207564,0.446263,,,1.000000,-1.109297,-1.109297
MOT20,V002,514,S_c,272,183,265,0,0.658809,0.366890,0.291919,,,0.852040,0.417333,-1.001668
MOT20,V002,525,S_c,275,235,208,0,0.000000,0.000000,0.000000,,,0.000000,0.979098,-0.963987
MOT20,V002,530,S_c,278,271,260,0,0.661612,0.255268,0.406344,,,0.761905,-0.173371,-0.945057
MOT20,V002,535,S_c,281,183,272,0,0.612355,0.539292,0.073064,,,0.776696,0.537325,-0.717069
MOT20,V002,539,S_c,283,236,206,0,0.248927,0.000000,0.248927,,,0.414887,0.721343,-1.238370
MOT20,V002,557,S_r,278,272,260,0,0.946738,0.332558,0.614180,0.917959,0.012376,0.521742,-1.276511,-1.276511
MOT20,V002,563,S_r,215,177,258,0,0.924257,0.449654,0.474603,-0.778933,0.011663,0.528275,-1.004496,-1.004496
MOT20,V002,567,S_r,258,265,262,0,0.747589,0.729767,0.017822,-0.966401,0.038258,0.468544,-0.177005,-0.177005
MOT20,V002,574,S_c,287,277,285,0,0.607112,0.502292,0.104820,,,0.854711,0.323413,-0.592321
MOT20,V002,577,S_r,281,55,259,0,0.988390,0.440605,0.547784,0.995037,0.003254,0.625105,-1.053432,-1.053432
MOT20,V002,577,S_r,259,183,281,0,0.973373,0.479050,0.494323,0.848846,0.005552,0.694482,-0.973400,-0.973400
MOT20,V002,580,S_c,288,271,278,0,0.582057,0.320319,0.261738,,,0.985028,0.388262,-0.886927
MOT20,V002,599,S_c,291,268,215,0,0.000000,0.000000,0.000000,,,0.000000,0.972025,-0.964780
MOT20,V002,613,S_r,288,272,278,0,0.925725,0.688049,0.237676,0.943858,0.010656,0.916727,-0.337863,-0.337863
MOT20,V002,615,S_r,278,272,288,0,0.944377,0.652364,0.292013,,0.011011,0.987421,-0.605005,-0.605005
MOT20,V002,623,S_c,296,265,258,0,0.271878,0.062762,0.209116,,,0.525171,0.694482,-1.183529
MOT20,V002,633,S_r,259,55,281,0,0.985547,0.535496,0.450051,0.954548,0.009718,0.632593,-0.902597,-0.902597
MOT20,V002,635,S_h,299,183,259,0,0.690972,0.481670,0.209301,,,0.808836,0.426971,-0.814748
MOT20,V002,685,S_r,307,272,278,0,0.855244,0.615374,0.239869,,0.026775,0.978179,-0.116399,-0.441468
MOT20,V002,718,S_r,238,7,240,0,0.947306,0.506546,0.440760,0.972082,0.012661,0.670734,-0.210746,-0.925306
MOT20,V002,718,S_r,240,270,238,0,0.944337,0.498279,0.446057,0.898147,0.018692,0.631807,-0.887303,-0.887303
MOT20,V002,798,S_h,317,1,311,0,0.734780,0.261794,0.472986,,,0.870684,0.254231,-1.252844
MOT20,V002,826,S_c,327,286,300,0,0.324455,0.000000,0.324455,,,0.585495,0.576416,-1.305887
MOT20,V002,837,S_c,330,272,307,0,0.026375,0.000000,0.026375,,,0.082340,0.962910,-1.006426
MOT20,V002,859,S_r,256,272,330,0,0.950690,0.427017,0.523673,0.999998,0.026362,0.809028,-1.047331,-1.047331
MOT20,V002,859,S_r,330,273,256,0,0.951254,0.427596,0.523658,0.174217,0.008545,0.503899,-1.047331,-1.047331
MOT20,V002,865,S_c,335,271,288,0,0.324571,0.000000,0.324571,,,0.619546,0.652788,-1.221148
MOT20,V002,876,S_c,338,290,334,0,0.655086,0.501440,0.153646,,,0.785195,0.447804,-0.607352
MOT20,V002,882,S_r,339,275,272,0,0.980322,0.000000,0.980322,-0.998618,0.005109,0.000000,-1.941036,-1.941036
MOT20,V002,885,S_r,334,290,338,0,0.855848,0.583753,0.272095,,0.026746,0.737365,-0.417935,-0.685770
MOT20,V002,885,S_r,338,293,334,0,0.829210,0.538573,0.290637,0.408785,0.060638,0.714189,0.041101,-0.769919
MOT20,V002,891,S_c,345,250,293,0,0.606304,0.360262,0.246042,,,0.700964,0.504918,-0.988806
MOT20,V002,915,S_r,336,290,334,0,0.962746,0.379640,0.583106,0.964039,0.014332,0.524362,-1.195843,-1.195843
MOT20,V002,915,S_r,334,291,336,0,0.974570,0.361834,0.612736,0.992575,0.023817,0.565578,-1.195843,-1.195843
MOT20,V002,937,S_r,319,285,320,0,0.783348,0.502504,0.280844,,0.040007,0.927690,-0.809909,-0.809909
MOT20,V002,941,S_h,350,280,302,0,0.112362,0.013857,0.098505,,,0.200477,0.872079,-1.071178
MOT20,V002,942,S_h,320,4,319,0,0.666906,0.196018,0.470888,,,0.920810,0.245066,-1.235343
MOT20,V002,947,S_h,320,55,259,0,0.639651,0.439964,0.199687,,,0.850183,0.222552,-0.652606
MOT20,V002,954,S_c,355,55,320,0,0.670383,0.286478,0.383905,,,0.861634,0.214109,-0.874480
MOT20,V002,967,S_r,236,257,251,0,0.929684,0.545447,0.384237,-0.796625,0.004862,0.862359,-0.799866,-0.799866
MOT20,V002,974,S_c,364,254,236,0,0.561144,0.352018,0.209126,,,0.727096,0.544462,-0.984738
MOT20,V002,985,S_c,367,3,324,0,0.108264,0.002010,0.106254,,,0.568114,0.373925,-1.084950
MOT20,V002,1000,S_c,370,55,355,0,0.654574,0.261616,0.392958,,,0.745729,0.117401,-0.980042
MOT20,V002,1001,S_r,324,15,255,0,0.875225,0.210204,0.665021,-0.758265,0.015763,0.327204,-1.485316,-1.485316
MOT20,V002,1005,S_r,247,273,330,0,0.881305,0.028554,0.852751,0.394126,0.028436,0.000000,-0.852751,-1.346481
MOT20,V002,1015,S_r,368,15,324,0,0.853298,0.278031,0.575267,0.964123,0.042839,0.419612,-1.315544,-1.315544
MOT20,V002,1025,S_r,299,55,370,0,0.951761,0.643202,0.308559,0.968711,0.021423,0.497843,-0.499556,-0.499556
MOT20,V002,1040,S_r,371,13,361,0,0.907507,0.517908,0.389599,,0.030969,0.812883,-0.839430,-0.839430
MOT20,V002,1041,S_h,370,177,215,0,0.902098,0.520643,0.381455,,,0.698044,-0.875088,-0.875088
MOT20,V002,1051,S_h,324,183,299,0,0.074882,0.000000,0.074882,,,0.184337,0.914328,-1.043108
MOT20,V002,1053,S_r,370,285,319,0,0.703353,0.702554,0.000799,0.247987,0.020548,0.470555,0.050193,0.050193
MOT20,V002,1057,S_h,319,285,370,0,0.651102,0.576744,0.074358,,,0.747938,-0.622069,-0.622069
MOT20,V002,1058,S_r,324,55,299,0,0.903061,0.000648,0.902413,-0.575056,0.010938,0.002784,-1.877648,-1.877648
MOT20,V002,1058,S_h,215,177,370,0,0.688466,0.440438,0.248028,,,0.860848,0.106807,-0.529098
MOT20,V002,1068,S_h,375,55,324,0,0.231364,0.000000,0.231364,,,0.426288,0.751730,-1.211396
MOT20,V002,1068,S_r,285,277,287,0,0.974821,0.000000,0.974821,0.997341,0.017610,0.654414,-0.344829,-1.959136
MOT20,V002,1072,S_r,350,277,285,0,0.771096,0.633755,0.137342,-0.989624,0.039338,0.000000,-0.137342,-0.137342
MOT20,V002,1080,S_r,358,6,340,0,0.907121,0.482500,0.424620,-0.151515,0.021936,0.677597,-0.907713,-0.907713
MOT20,V002,1080,S_r,340,294,358,0,0.969795,0.486702,0.483093,0.890583,0.015399,0.624171,-0.907713,-0.907713
MOT20,V002,1095,S_c,381,285,319,0,0.621211,0.060661,0.560550,,,0.700714,0.403068,-1.517046
MOT20,V002,1147,S_r,215,281,310,0,0.942607,0.491741,0.450865,0.927694,0.005742,0.674485,-0.899918,-0.899918
MOT20,V002,1173,S_c,388,283,318,0,0.007077,0.000000,0.007077,,,0.019188,0.964050,-0.985334
MOT20,V002,1189,S_c,391,281,215,0,0.274163,0.000572,0.273591,,,0.453194,0.695366,-1.259972
MOT20,V002,1225,S_r,340,4,320,0,0.899818,0.452068,0.447750,0.988173,0.007802,0.588844,-0.891893,-0.891893
MOT20,V002,1225,S_r,320,294,340,0,0.949661,0.505518,0.444142,0.999776,0.024041,0.708535,-0.891893,-0.891893
MOT20,V002,1240,S_c,397,55,375,0,0.681323,0.366567,0.314756,,,0.912336,0.197661,-0.827776
MOT20,V002,1241,S_c,398,32,394,0,0.621965,0.222505,0.399460,,,0.907731,0.320777,-1.146551
MOT20,V002,1299,S_r,170,12,357,0,0.976018,0.267196,0.708822,0.850265,0.003740,0.394308,-1.423706,-1.423706
MOT20,V002,1300,S_c,406,32,398,0,0.535074,0.491352,0.043722,,,0.799481,0.558077,-0.671057
MOT20,V002,1303,S_c,408,11,313,0,0.397495,0.000000,0.397495,,,0.663174,0.584735,-1.391412
MOT20,V002,1305,S_r,170,13,371,0,0.964888,0.277054,0.687835,-0.253713,0.007880,0.401626,-1.391147,-1.391147
MOT20,V002,1306,S_r,396,32,398,0,0.904400,0.361528,0.542872,-0.337570,0.010808,0.656118,-1.127916,-1.127916
MOT20,V002,1306,S_r,406,33,396,0,0.961961,0.484583,0.477378,1.000000,0.003940,0.895931,-0.919767,-0.919767
MOT20,V002,1317,S_r,250,21,412,0,0.958512,0.159562,0.798950,0.911526,0.011940,0.292768,-1.634565,-1.634565
MOT20,V002,1323,S_c,417,13,371,0,0.149718,0.022298,0.127420,,,0.261482,0.552185,-0.834089
MOT20,V002,1324,S_r,170,14,365,0,0.936092,0.256617,0.679476,-0.956888,0.004783,0.386350,-1.348381,-1.348381
MOT20,V002,1324,S_r,365,178,170,0,0.940207,0.560175,0.380032,0.999990,0.013085,0.678896,-0.784435,-0.784435
MOT20,V002,1326,S_r,409,47,415,0,0.857349,0.799003,0.058346,,0.044898,0.570975,-0.023350,-0.023350
MOT20,V002,1327,S_h,415,47,415,0,0.604557,0.305214,0.299343,,,0.491491,-0.929135,-0.929135
MOT20,V002,1329,S_r,418,32,396,0,0.968571,0.587405,0.381166,,0.005497,0.879723,-0.745006,-0.745006
MOT20,V002,1335,S_c,420,12,170,0,0.082388,0.000000,0.082388,,,0.163415,0.859612,-1.062950
MOT20,V002,1337,S_h,396,32,418,0,0.710575,0.308813,0.401761,,,0.987455,0.280961,-1.090386
MOT20,V002,1352,S_r,419,35,423,0,0.902976,0.441821,0.461155,0.998637,0.019856,0.644564,-1.020663,-1.020663
MOT20,V002,1352,S_r,423,61,419,0,0.951296,0.391787,0.559508,0.029399,0.005062,0.573956,-1.020663,-1.020663
MOT20,V002,1366,S_c,427,14,170,0,0.000000,0.000000,0.000000,,,0.000000,0.956104,-0.981722
MOT20,V002,1429,S_r,428,9,441,0,0.953236,0.355266,0.597970,0.959169,0.018141,0.355288,-1.162360,-1.162360
MOT20,V002,1429,S_r,441,10,428,0,0.918424,0.354034,0.564390,,0.006874,1.000000,-1.162360,-1.162360
MOT20,V002,1431,S_r,406,32,396,0,0.927226,0.480476,0.446750,-0.037444,0.007823,0.609509,-0.934407,-0.934407
MOT20,V002,1431,S_r,396,33,406,0,0.868958,0.306174,0.562784,0.235902,0.026869,0.491967,-1.210653,-1.210653
MOT20,V002,1437,S_r,417,12,420,0,0.966472,0.409223,0.557249,0.734522,0.017932,0.550802,-1.049834,-1.049834
MOT20,V002,1437,S_r,420,13,417,0,0.930534,0.437949,0.492585,0.290857,0.013510,0.681694,-1.049834,-1.049834
MOT20,V002,1442,S_r,430,43,438,0,0.746919,0.512811,0.234108,0.962012,0.079259,0.776337,0.108103,-0.809558
MOT20,V002,1461,S_r,324,55,397,0,0.954072,0.454405,0.499668,0.989603,0.005321,0.602680,-1.058785,-1.058785
MOT20,V002,1461,S_r,397,183,324,0,0.988767,0.429650,0.559117,0.832050,0.001878,0.640240,-1.058785,-1.058785
MOT20,V002,1463,S_r,440,177,215,0,0.984059,0.259014,0.725045,0.621882,0.002102,0.395996,-1.425864,-1.425864
MOT20,V002,1472,S_r,458,64,444,0,0.932608,0.502633,0.429975,0.996876,0.012233,0.706219,-0.874330,-0.874330
MOT20,V002,1472,S_r,444,65,458,0,0.897176,0.435421,0.461755,0.818614,0.036941,0.571098,-0.974403,-0.974403
MOT20,V002,1474,S_h,416,40,430,0,0.340700,0.329389,0.011311,,,0.661682,0.809878,-0.824319
MOT20,V002,1484,S_h,461,38,416,0,0.666554,0.419331,0.247223,,,0.905405,0.179026,-0.720279
MOT20,V002,1495,S_r,421,38,416,0,0.449479,0.330840,0.118639,-0.967673,0.117791,0.584950,0.388613,-0.991494
MOT20,V002,1508,S_c,474,37,421,0,0.651208,0.581129,0.070079,,,0.894015,0.455917,-0.573569
MOT20,V002,1521,S_r,395,48,442,0,0.788023,0.416608,0.371414,0.940040,0.017745,0.601636,-0.325309,-0.738153
MOT20,V002,1522,S_h,442,36,395,0,0.768454,0.326116,0.442338,,,0.985438,0.233512,-1.064125
MOT20,V002,1527,S_r,478,48,395,0,0.856626,0.698632,0.157993,0.523016,0.017318,0.632465,-0.123063,-0.230288
MOT20,V002,1529,S_r,458,39,431,0,0.950159,0.602983,0.347176,-0.129802,0.012783,0.884771,-0.717293,-0.717293
MOT20,V002,1529,S_r,431,64,458,0,0.936270,0.435702,0.500569,0.976151,0.022683,0.645752,-1.045181,-1.045181
MOT20,V002,1531,S_h,395,43,430,0,0.747451,0.389085,0.358366,,,0.789218,0.175950,-0.952930
MOT20,V002,1533,S_h,430,40,416,0,0.515444,0.468709,0.046735,,,0.801093,0.535049,-0.648920
MOT20,V002,1535,S_r,442,38,421,0,0.857643,0.680268,0.177375,-0.621765,0.027053,0.470672,-0.007962,-0.321255
MOT20,V002,1542,S_h,432,36,442,0,0.743437,0.252240,0.491197,,,0.747029,0.291916,-1.292802
MOT20,V002,1561,S_r,395,62,432,0,0.883394,0.427299,0.456095,-0.702589,0.017877,0.628821,-0.953044,-0.953044
MOT20,V002,1562,S_c,486,73,481,0,0.537511,0.510984,0.026527,,,0.853627,0.611361,-0.651869
MOT20,V002,1569,S_r,489,43,395,0,0.635529,0.424302,0.211227,,0.252581,0.926780,0.440597,-0.864339
MOT20,V002,1571,S_r,481,73,486,0,0.565717,0.524949,0.040769,0.999276,0.068734,0.824268,0.601330,0.601330
MOT20,V002,1598,S_r,489,36,432,0,0.991234,0.447498,0.543736,0.995416,0.011392,0.704520,-1.077553,-1.077553
MOT20,V002,1598,S_r,432,43,489,0,0.949167,0.493658,0.455510,0.767485,0.016329,0.613132,-0.904568,-0.904568
MOT20,V002,1613,S_r,452,62,395,0,0.939071,0.533326,0.405745,-0.852323,0.006308,0.772657,-0.790819,-0.790819
MOT20,V002,1614,S_r,395,33,396,0,0.632363,0.552327,0.080037,0.993313,0.044474,0.647727,-0.295593,-0.295593
MOT20,V002,1614,S_r,396,43,432,0,0.914387,0.698831,0.215556,0.037769,0.019798,0.747041,-0.295593,-0.295593
MOT20,V002,1617,S_c,505,46,452,0,0.561662,0.322182,0.239479,,,0.902472,0.211301,-0.681141
MOT20,V002,1617,S_c,504,76,481,0,0.649470,0.160123,0.489346,,,0.953450,0.186836,-1.133581
MOT20,V002,1629,S_r,486,76,504,0,0.974794,0.447243,0.527551,0.989849,0.015083,0.535577,-1.057101,-1.057101
MOT20,V002,1629,S_r,504,88,486,0,0.948316,0.418766,0.529550,0.993590,0.022954,0.682133,-1.057101,-1.057101
MOT20,V002,1630,S_h,478,61,423,0,0.514635,0.473653,0.040983,,,0.810374,0.422796,-0.467233
MOT20,V002,1636,S_c,515,180,498,0,0.646872,0.529255,0.117617,,,0.838529,0.463941,-0.739541
MOT20,V002,1648,S_r,515,75,506,0,0.675132,0.480253,0.194879,,0.148991,0.799905,-0.129900,-0.779570
MOT20,V002,1651,S_r,385,59,379,0,0.919653,0.514277,0.405376,-0.074888,0.020064,0.728674,-0.790443,-0.790443
MOT20,V002,1651,S_r,379,70,385,0,0.973709,0.500315,0.473394,-0.892752,0.004377,0.740987,-0.889789,-0.889789
MOT20,V002,1653,S_r,437,61,478,0,0.905211,0.491502,0.413709,0.952511,0.011431,0.792627,-0.905583,-0.905583
MOT20,V002,1656,S_r,511,61,478,0,0.950893,0.471643,0.479251,,0.000877,0.673542,-0.842635,-0.842635
MOT20,V002,1661,S_r,513,31,403,0,0.945241,0.722887,0.222354,0.999893,0.029487,0.810345,-0.188549,-0.188549
MOT20,V002,1661,S_r,498,180,515,0,0.926957,0.379477,0.547479,-0.273152,0.013226,0.563406,-1.121559,-1.121559
MOT20,V002,1666,S_r,403,34,404,0,0.890508,0.741103,0.149406,,0.019513,0.654705,-0.387344,-0.387344
MOT20,V002,1670,S_h,506,180,498,0,0.578618,0.330630,0.247988,,,0.765740,0.444827,-1.041060
MOT20,V002,1671,S_r,511,42,437,0,0.966784,0.560445,0.406340,0.922095,0.013634,0.715107,-0.838371,-0.838371
MOT20,V002,1671,S_r,437,61,511,0,0.885780,0.557872,0.327908,-0.951296,0.024458,0.873982,-0.665279,-0.665279
MOT20,V002,1677,S_r,498,180,498,0,0.968990,0.411762,0.557227,0.046928,0.004059,0.642308,-1.076547,-1.076547
MOT20,V002,1678,S_h,520,88,504,0,0.753426,0.099478,0.653948,,,0.901380,0.099782,-1.445888
MOT20,V002,1696,S_r,494,88,520,0,0.965487,0.449038,0.516449,0.717581,0.007400,0.679278,-0.999688,-0.999688
MOT20,V002,1696,S_r,520,111,494,0,0.911373,0.428134,0.483239,0.252803,0.020581,0.548891,-0.999688,-0.999688
MOT20,V002,1706,S_h,439,48,478,0,0.602247,0.256076,0.346171,,,0.887191,0.245786,-0.960667
MOT20,V002,1713,S_c,540,9,428,0,0.628082,0.156808,0.471274,,,0.801074,0.357105,-1.375365
MOT20,V002,1732,S_r,431,39,458,0,0.975437,0.515369,0.460067,0.999671,0.004038,0.798513,-0.919701,-0.919701
MOT20,V002,1735,S_h,458,64,431,0,0.572505,0.541232,0.031274,,,0.835844,0.570938,-0.590763
MOT20,V002,1746,S_r,550,48,439,0,0.593385,0.412595,0.180790,-0.571366,0.173137,0.830810,0.269623,-0.536461
MOT20,V002,1749,S_c,554,75,515,0,0.673594,0.430023,0.243571,,,0.758602,0.354714,-0.872074
MOT20,V002,1752,S_r,550,45,447,0,0.910464,0.552187,0.358277,0.859393,0.032767,0.640008,-0.259097,-0.786281
MOT20,V002,1757,S_c,557,78,527,0,0.718367,0.339506,0.378861,,,0.836194,0.340150,-1.111819
MOT20,V002,1759,S_h,447,48,550,0,0.638675,0.462866,0.175809,,,0.957369,0.457171,-0.783623
MOT20,V002,1776,S_r,431,42,511,0,0.878553,0.621953,0.256599,0.964165,0.053438,0.850446,-0.555597,-0.555597
MOT20,V002,1777,S_c,565,39,431,0,0.565385,0.471338,0.094047,,,0.870623,0.171845,-0.451435
MOT20,V002,1783,S_c,568,80,543,0,0.557831,0.354982,0.202849,,,0.794542,0.537823,-0.902271
MOT20,V002,1799,S_r,546,81,549,0,0.978403,0.527885,0.450518,0.818413,0.010030,0.657268,-0.911229,-0.911229
MOT20,V002,1799,S_r,549,96,546,0,0.967685,0.501660,0.466026,0.871701,0.010742,0.663348,-0.933697,-0.933697
MOT20,V002,1802,S_c,573,33,395,0,0.557847,0.554790,0.003056,,,0.810499,0.583816,-0.613381
MOT20,V002,1803,S_h,556,66,386,0,0.715812,0.346653,0.369159,,,0.890775,0.190553,-0.912265
MOT20,V002,1803,S_r,492,75,554,0,0.953914,0.458239,0.495674,0.211855,0.012261,0.724126,-1.047841,-1.047841
MOT20,V002,1803,S_r,554,86,492,0,0.985110,0.432943,0.552167,0.993884,0.009487,0.549061,-1.047841,-1.047841
MOT20,V002,1809,S_r,480,180,498,0,0.873282,0.376962,0.496320,0.852804,0.038024,0.668379,-1.010938,-1.010938
MOT20,V002,1811,S_c,579,70,379,0,0.664578,0.316902,0.347676,,,0.919594,0.331839,-0.991546
MOT20,V002,1814,S_c,581,35,419,0,0.491819,0.479127,0.012691,,,0.753437,0.673891,-0.441038
MOT20,V002,1814,S_r,510,173,527,0,0.746566,0.538820,0.207747,0.976867,0.289734,0.760925,-0.049648,-0.049648
MOT20,V002,1821,S_h,480,179,498,0,0.612892,0.519592,0.093300,,,0.774074,0.194327,-0.375342
MOT20,V002,1822,S_r,531,53,530,0,0.962673,0.487701,0.474972,0.586571,0.009574,0.784093,-0.923169,-0.923169
MOT20,V002,1822,S_r,530,74,531,0,0.963425,0.515228,0.448197,-0.490844,0.003160,0.590475,-0.923169,-0.923169
MOT20,V002,1825,S_c,586,180,480,0,0.523366,0.201192,0.322174,,,0.873039,0.345260,-0.990591
MOT20,V002,1826,S_c,587,33,573,0,0.451648,0.243384,0.208265,,,0.785046,0.635636,-1.010340
MOT20,V002,1826,S_r,486,49,510,0,0.877584,0.427408,0.450176,0.948349,0.038467,0.609260,-0.940057,-0.940057
MOT20,V002,1826,S_r,480,76,486,0,0.963056,0.581347,0.381709,-0.212430,0.002353,0.828449,-0.725166,-0.725166
MOT20,V002,1828,S_h,424,42,431,0,0.681024,0.423163,0.257862,,,0.952507,0.405671,-0.799338
MOT20,V002,1830,S_r,586,72,480,0,0.880418,0.403091,0.477327,0.524985,0.020285,0.666667,-0.999023,-0.999023
MOT20,V002,1831,S_r,556,56,424,0,0.871528,0.453145,0.418383,0.999759,0.043254,0.636700,-0.885819,-0.885819
MOT20,V002,1832,S_r,586,50,516,0,0.958051,0.345952,0.612099,0.964456,0.027208,0.621435,-0.241437,-1.215979
MOT20,V002,1832,S_r,516,72,586,0,0.946086,0.370710,0.575376,0.955195,0.011527,0.482675,-0.304061,-1.166597
MOT20,V002,1832,S_c,592,180,586,0,0.543629,0.431361,0.112268,,,0.856380,0.515900,-0.730909
MOT20,V002,1834,S_c,593,66,556,0,0.510340,0.405765,0.104575,,,0.698211,0.633477,-0.852487
MOT20,V002,1835,S_r,568,81,546,0,0.953447,0.524830,0.428618,,0.006846,0.648963,-0.208528,-0.793733
MOT20,V002,1841,S_h,589,97,576,0,0.713883,0.407440,0.306443,,,0.877630,0.199141,-0.926524
MOT20,V002,1842,S_r,546,80,568,0,0.877629,0.598044,0.279585,,0.022552,0.755806,0.006168,-0.702750
MOT20,V002,1843,S_h,571,118,541,0,0.774844,0.600684,0.174161,,,0.884147,0.277906,-0.653519
MOT20,V002,1844,S_r,510,113,563,0,0.975961,0.659018,0.316944,0.961176,0.022618,0.439878,-0.305916,-0.305916
MOT20,V002,1845,S_r,419,42,424,0,0.888515,0.636301,0.252215,0.552056,0.021252,0.884211,-0.371892,-0.371892
MOT20,V002,1845,S_r,595,56,556,0,0.566435,0.539196,0.027239,,0.100670,0.870038,0.335847,-0.151791
MOT20,V002,1845,S_r,424,70,579,0,0.844172,0.457490,0.386681,0.090356,0.009256,0.571428,-0.929517,-0.929517
MOT20,V002,1845,S_h,563,173,510,0,0.570528,0.298452,0.272076,,,0.818784,0.400488,-0.959989
MOT20,V002,1847,S_h,395,80,546,0,0.718217,0.668049,0.050168,,,0.868498,0.376328,-0.360449
MOT20,V002,1848,S_c,597,48,447,0,0.389117,0.334292,0.054826,,,0.543747,0.779647,-0.858863
MOT20,V002,1852,S_c,598,176,179,0,0.524367,0.518636,0.005731,,,0.821732,0.485109,-0.719382
MOT20,V002,1853,S_r,179,118,571,0,0.910788,0.684206,0.226582,-0.951034,0.009707,0.533113,-0.465865,-0.465865
MOT20,V002,1856,S_r,531,180,586,0,0.492769,0.321190,0.171578,0.999333,0.315866,0.808511,0.414772,-0.415642
MOT20,V002,1857,S_h,592,53,531,0,0.632535,0.340034,0.292501,,,0.884483,0.327418,-0.918437
MOT20,V002,1860,S_h,584,81,568,0,0.638532,0.589433,0.049098,,,0.894955,0.393294,-0.533189
MOT20,V002,1861,S_r,405,97,589,0,0.927977,0.416155,0.511822,0.891086,0.025116,0.619599,-1.092640,-1.092640
MOT20,V002,1862,S_h,589,18,405,0,0.511236,0.411611,0.099625,,,0.827738,0.490250,-0.636594
MOT20,V002,1865,S_r,531,179,498,0,0.821337,0.442514,0.378823,,0.045242,0.757233,-0.209754,-0.977176
MOT20,V002,1866,S_r,520,75,492,0,0.970469,0.480797,0.489672,0.789039,0.008645,0.699885,-0.966743,-0.966743
MOT20,V002,1866,S_r,492,111,520,0,0.971378,0.620046,0.351332,0.821829,0.003206,0.845072,-0.681882,-0.681882
MOT20,V002,1879,S_r,598,120,324,0,0.928782,0.380527,0.548255,0.930912,0.011107,0.435583,-0.258471,-1.046551
MOT20,V002,1879,S_r,365,176,598,0,0.737134,0.506172,0.230961,-0.967274,0.023804,0.640545,0.031799,-0.836513
MOT20,V002,1881,S_h,545,180,586,0,0.542918,0.349516,0.193402,,,0.899130,0.365047,-0.786120
MOT20,V002,1883,S_c,609,176,598,0,0.638298,0.364236,0.274063,,,0.771850,0.188105,-0.703630
MOT20,V002,1886,S_r,531,52,545,0,0.620271,0.384196,0.236075,-0.270387,0.234586,0.881217,0.331506,0.331506
MOT20,V002,1890,S_h,545,179,531,0,0.514813,0.350525,0.164288,,,0.772174,0.355238,-0.678574
MOT20,V002,1891,S_h,395,81,584,0,0.601861,0.421711,0.180150,,,0.713640,0.141021,-0.587635
MOT20,V002,1902,S_r,453,19,407,0,0.977514,0.702753,0.274761,0.974429,0.014456,0.733907,-0.539077,-0.539077
MOT20,V002,1907,S_c,621,18,589,0,0.596925,0.448849,0.148076,,,0.766522,0.524810,-0.542117
MOT20,V002,1907,S_c,622,105,453,0,0.679099,0.362345,0.316755,,,0.905080,0.253908,-0.883847
MOT20,V002,1918,S_c,628,180,586,0,0.503294,0.349373,0.153921,,,0.608677,0.539496,-0.835013
MOT20,V002,1921,S_r,599,19,453,0,0.910622,0.435628,0.474994,0.728710,0.018044,0.684986,-1.022042,-1.022042
MOT20,V002,1921,S_r,453,174,599,0,0.944264,0.397216,0.547048,-0.052559,0.008514,0.561156,-1.022042,-1.022042
MOT20,V002,1922,S_c,631,80,395,0,0.801687,0.579446,0.222241,,,0.886334,0.121764,-0.640238
MOT20,V002,1924,S_r,632,189,407,0,0.785424,0.516025,0.269399,-0.999918,0.016241,0.834340,-0.806522,-0.806522
MOT20,V002,1930,S_r,568,116,610,0,0.961735,0.463290,0.498445,0.650190,0.007444,0.649808,-0.984151,-0.984151
MOT20,V002,1930,S_r,610,125,568,0,0.954921,0.469214,0.485706,0.956928,0.024620,0.605610,-0.984151,-0.984151
MOT20,V002,1932,S_r,545,76,480,0,0.877108,0.488524,0.388584,,0.021958,0.803868,-0.857202,-0.857202
MOT20,V002,1932,S_r,557,77,521,0,0.744828,0.577304,0.167524,0.953897,0.040581,0.870840,-0.164413,-0.164413
MOT20,V002,1934,S_h,480,76,480,0,0.863145,0.676184,0.186961,,,0.920459,-0.202903,-0.480985
MOT20,V002,1936,S_h,521,77,557,0,0.521978,0.477815,0.044163,,,0.927229,0.423940,-0.379542
MOT20,V002,1936,S_r,407,158,623,0,0.867027,0.468298,0.398729,0.485448,0.031431,0.719697,-0.084926,-0.858267
MOT20,V002,1937,S_r,557,72,516,0,0.875343,0.624556,0.250787,-0.562433,0.020558,0.859595,-0.262692,-0.262692
MOT20,V002,1938,S_h,516,77,521,0,0.649443,0.578154,0.071289,,,0.990442,0.349398,-0.326002
MOT20,V002,1938,S_r,521,78,557,0,0.606759,0.488776,0.117984,0.837686,0.014999,0.828654,-0.039940,-0.498386
MOT20,V002,1939,S_c,638,83,407,0,0.524368,0.410664,0.113704,,,0.906074,0.378067,-0.568627
MOT20,V002,1940,S_r,597,56,595,0,0.990844,0.355563,0.635282,0.995152,0.018959,0.456900,-1.255417,-1.255417
MOT20,V002,1940,S_c,639,101,589,0,0.612118,0.375979,0.236140,,,0.716456,0.371250,-0.743430
MOT20,V002,1940,S_r,589,114,630,0,0.858447,0.551983,0.306464,0.938227,0.026261,0.660916,-0.613210,-0.613210
MOT20,V002,1945,S_h,516,78,521,0,0.584823,0.466875,0.117949,,,0.926595,0.256335,-0.455901
MOT20,V002,1955,S_c,648,89,634,0,0.590809,0.484871,0.105937,,,0.873302,0.280632,-0.496393
MOT20,V002,1961,S_h,645,85,584,0,0.618798,0.367551,0.251246,,,0.792339,0.351757,-0.958918
MOT20,V002,1964,S_h,647,77,516,0,0.678292,0.347475,0.330816,,,0.891678,0.281796,-0.966325
MOT20,V002,1965,S_r,647,98,564,0,0.757320,0.433507,0.323813,,0.282066,0.912478,0.288091,-0.945088
MOT20,V002,1965,S_r,568,109,623,0,0.958844,0.495799,0.463045,0.984127,0.028727,0.750613,-0.293634,-0.955705
MOT20,V002,1973,S_r,536,78,516,0,0.624861,0.499376,0.125485,,0.245982,0.809677,0.523716,-0.753132
MOT20,V002,1975,S_h,516,85,584,0,0.710133,0.552131,0.158002,,,0.968748,0.222735,-0.614601
MOT20,V002,1981,S_r,501,77,516,0,0.783349,0.641868,0.141481,0.999676,0.076529,0.871049,-0.535371,-0.535371
MOT20,V002,1981,S_h,520,100,513,0,0.613422,0.489118,0.124304,,,0.731082,0.511771,-0.790485
MOT20,V002,1987,S_r,631,78,516,0,0.948087,0.510608,0.437479,0.843912,0.010916,0.738472,-0.893963,-0.893963
MOT20,V002,1987,S_r,536,79,501,0,0.893991,0.701196,0.192795,,0.021845,0.846251,-0.424188,-0.424188
MOT20,V002,1988,S_r,470,50,586,0,0.673828,0.478289,0.195539,0.902337,0.101210,0.832444,0.354833,-0.837906
MOT20,V002,1989,S_h,628,94,536,0,0.585162,0.314487,0.270674,,,0.928483,0.380387,-0.864158
MOT20,V002,1991,S_h,462,187,470,0,0.635893,0.286367,0.349526,,,0.924261,0.284588,-0.954783
MOT20,V002,1995,S_r,592,107,462,0,0.950092,0.477274,0.472818,0.998535,0.018038,0.433843,-0.310601,-0.647202
MOT20,V002,1996,S_h,645,83,638,0,0.657848,0.316142,0.341706,,,0.845614,0.335912,-1.114162
MOT20,V002,1996,S_r,638,85,584,0,0.898670,0.311138,0.587532,0.541930,0.019376,0.842489,-0.143783,-1.241948
MOT20,V002,1997,S_c,661,53,592,0,0.487489,0.468240,0.019249,,,0.761202,0.499477,-0.524348
MOT20,V002,1997,S_r,641,173,563,0,0.744275,0.649501,0.094774,-0.996306,0.052695,0.670867,0.041491,-0.223790
MOT20,V002,1998,S_h,657,80,631,0,0.523757,0.336155,0.187602,,,0.931353,0.274197,-0.695131
MOT20,V002,1998,S_c,662,116,568,0,0.546729,0.406323,0.140406,,,0.705008,0.310449,-0.669795
MOT20,V002,2000,S_r,520,74,530,0,0.969552,0.569935,0.399616,0.998382,0.022252,0.639227,-0.725037,-0.725037
MOT20,V002,2000,S_r,664,100,520,0,0.932460,0.702039,0.230421,,0.012884,0.756787,-0.520596,-0.520596
MOT20,V002,2001,S_r,646,114,589,0,0.938115,0.583805,0.354309,0.762821,0.011267,0.867184,-0.776965,-0.776965
MOT20,V002,2003,S_h,589,114,646,0,0.706891,0.658940,0.047951,,,0.908686,0.392269,0.392269
MOT20,V002,2003,S_r,630,116,568,0,0.645238,0.357776,0.287462,-0.473996,0.162951,0.768354,0.135403,-0.739862
MOT20,V002,2004,S_r,592,187,462,0,0.518231,0.484306,0.033925,0.977116,0.047083,0.836639,-0.301269,-0.301269
MOT20,V002,2006,S_r,554,80,657,0,0.956909,0.394935,0.561974,0.840284,0.011216,0.645320,-1.126536,-1.126536
MOT20,V002,2007,S_r,669,94,628,0,0.879748,0.364143,0.515605,0.145280,0.020624,0.616207,-0.318087,-0.911622
MOT20,V002,2007,S_r,662,109,568,0,0.934051,0.496484,0.437567,0.895801,0.003027,0.616178,-0.146408,-0.936122
MOT20,V002,2007,S_r,568,116,568,0,0.955365,0.456441,0.498924,0.444550,0.008527,0.689033,-0.311630,-1.011744
MOT20,V002,2010,S_h,628,86,554,0,0.697914,0.572989,0.124925,,,0.819423,0.197805,-0.539231
MOT20,V002,2012,S_c,672,100,664,0,0.671017,0.494156,0.176861,,,0.861958,0.263138,-0.666452
MOT20,V002,2012,S_r,664,107,592,0,0.975054,0.485464,0.489590,0.299086,0.002481,0.686119,-0.929589,-0.929589
MOT20,V002,2013,S_h,638,189,632,0,0.869573,0.539849,0.329724,,,0.862009,-0.750678,-0.750678
MOT20,V002,2014,S_h,646,121,630,0,0.637216,0.166727,0.470489,,,0.778964,0.251670,-1.216366
MOT20,V002,2017,S_r,610,121,630,0,0.972648,0.375313,0.597334,0.998381,0.026072,0.589510,-1.095160,-1.095160
MOT20,V002,2017,S_r,646,125,610,0,0.903407,0.405581,0.497826,0.415005,0.021103,0.586536,-1.095160,-1.095160
MOT20,V002,2022,S_c,673,75,520,0,0.255693,0.105901,0.149792,,,0.481330,0.488902,-0.741836
MOT20,V002,2022,S_r,563,179,531,0,0.701513,0.575883,0.125629,,0.222659,0.840320,0.416374,-0.563995
MOT20,V002,2027,S_h,670,180,628,0,0.608446,0.561501,0.046945,,,0.803598,0.616169,-0.704322
MOT20,V002,2050,S_r,546,121,610,0,0.909792,0.546336,0.363456,0.999690,0.039220,0.624410,-0.726392,-0.726392
MOT20,V002,2050,S_r,610,122,546,0,0.916998,0.554062,0.362936,-0.530698,0.010771,0.723962,-0.726392,-0.726392
MOT20,V002,2054,S_r,686,85,638,0,0.967078,0.399944,0.567134,0.776383,0.011790,0.553102,-1.145500,-1.145500
MOT20,V002,2063,S_r,641,79,536,0,0.639329,0.543938,0.095392,-0.901798,0.126453,0.770778,-0.018494,-0.687457
MOT20,V002,2063,S_r,440,119,616,0,0.986074,0.576002,0.410072,0.989533,0.006032,0.744170,-0.757910,-0.757910
MOT20,V002,2068,S_c,693,172,668,0,0.282540,0.273303,0.009237,,,0.564455,0.844762,-0.853863
MOT20,V002,2070,S_c,695,180,628,0,0.818325,0.581868,0.236457,,,0.945202,0.215202,-0.696204
MOT20,V002,2073,S_r,664,79,641,0,0.846159,0.513535,0.332624,0.950767,0.054533,0.697153,-0.034683,-0.764060
MOT20,V002,2073,S_r,453,97,405,0,0.988198,0.527203,0.460994,,0.002511,0.770526,-0.923704,-0.923704
MOT20,V002,2073,S_r,641,107,664,0,0.933916,0.682939,0.250978,0.955779,0.007138,0.907104,-0.484869,-0.484869
MOT20,V002,2073,S_r,405,174,453,0,0.970680,0.507970,0.462709,0.996926,0.023641,0.679519,-0.923704,-0.923704
MOT20,V002,2073,S_r,365,177,440,0,0.861018,0.491685,0.369333,0.832588,0.028679,0.702517,-0.107684,-0.848931
MOT20,V002,2073,S_r,440,178,365,0,0.979906,0.518135,0.461771,-0.013332,0.003397,0.678495,-0.845112,-0.845112
MOT20,V002,2080,S_r,609,119,440,0,0.984068,0.257170,0.726898,0.986011,0.013508,0.364007,-1.441596,-1.441596
MOT20,V002,2082,S_c,701,176,609,0,0.607508,0.447285,0.160223,,,0.658805,0.418376,-0.901777
MOT20,V002,2084,S_c,704,159,685,0,0.705528,0.277222,0.428306,,,0.910088,0.260777,-1.077776
MOT20,V002,2084,S_r,702,160,700,0,0.891253,0.443638,0.447615,0.134976,0.036450,0.641772,-0.769942,-0.769942
MOT20,V002,2085,S_c,705,83,645,0,0.503209,0.345160,0.158048,,,0.964670,0.424606,-0.746681
MOT20,V002,2086,S_h,700,18,621,0,0.850785,0.349824,0.500960,,,0.537042,-1.080044,-1.080044
MOT20,V002,2086,S_r,592,79,664,0,0.945197,0.442196,0.503001,0.781029,0.024646,0.717101,-1.032634,-1.032634
MOT20,V002,2087,S_h,621,18,621,0,0.907469,0.413350,0.494119,,,0.565471,-0.990308,-0.990308
MOT20,V002,2087,S_c,707,180,628,0,0.614682,0.183310,0.431372,,,0.984399,0.352230,-1.231121
MOT20,V002,2090,S_c,709,179,563,0,0.369731,0.283305,0.086426,,,0.771987,0.774407,-0.849988
MOT20,V002,2092,S_h,664,187,592,0,0.661156,0.376770,0.284387,,,0.885282,0.104390,-0.707987
MOT20,V002,2098,S_r,365,176,701,0,0.955182,0.546808,0.408374,-0.397223,0.003661,0.687611,-0.828083,-0.828083
MOT20,V002,2098,S_r,701,177,365,0,0.907749,0.339700,0.568049,0.014692,0.006050,0.476661,-1.233342,-1.233342
MOT20,V002,2099,S_c,715,127,711,0,0.516969,0.288679,0.228290,,,0.680010,0.267850,-0.739946
MOT20,V002,2101,S_r,711,18,621,0,0.919524,0.885282,0.034241,0.995096,0.024058,0.824529,-0.012937,-0.012937
MOT20,V002,2102,S_c,716,161,683,0,0.679374,0.444659,0.234714,,,0.867195,0.238347,-0.689290
MOT20,V002,2105,S_h,621,18,711,0,0.541957,0.419301,0.122656,,,0.827950,0.536978,-0.777957
MOT20,V002,2111,S_r,699,101,639,0,0.804879,0.621201,0.183678,,0.040670,0.711292,-0.149350,-0.149350
MOT20,V002,2114,S_h,639,101,699,0,0.253376,0.164841,0.088535,,,0.473577,0.805081,-0.999113
MOT20,V002,2116,S_h,707,179,709,0,0.432790,0.356576,0.076214,,,0.773273,0.565494,-0.525552
MOT20,V002,2117,S_h,699,100,672,0,0.846888,0.261948,0.584940,,,0.825022,-0.155235,-1.264366
MOT20,V002,2118,S_r,699,101,639,0,0.925925,0.527051,0.398874,,0.018478,0.467508,-0.581292,-0.581292
MOT20,V002,2119,S_h,639,100,672,0,0.452680,0.438998,0.013682,,,0.673112,0.705104,-0.700459
MOT20,V002,2132,S_r,664,177,701,0,0.875007,0.749849,0.125158,0.495289,0.037120,0.607349,-0.035675,-0.035675
MOT20,V002,2133,S_h,701,177,701,0,0.879739,0.354848,0.524891,,,0.506315,-1.098661,-1.098661
MOT20,V002,2137,S_h,726,176,365,0,0.768597,0.517787,0.250810,,,0.695408,0.036764,-0.801838
MOT20,V002,2139,S_r,621,106,455,0,0.880561,0.628017,0.252544,0.954501,0.045793,0.670189,-0.597487,-0.597487
MOT20,V002,2139,S_h,709,180,707,0,0.704114,0.602339,0.101774,,,0.890481,0.423421,-0.584875
MOT20,V002,2140,S_r,727,97,453,0,0.964278,0.617381,0.346897,0.962061,0.018605,0.786224,-0.633962,-0.633962
MOT20,V002,2140,S_r,621,105,622,0,0.562833,0.451621,0.111212,-0.938875,0.091799,0.734041,-0.276957,-0.276957
MOT20,V002,2140,S_h,455,106,455,0,0.834396,0.668651,0.165745,,,0.577564,-0.276957,-0.276957
MOT20,V002,2140,S_r,527,177,701,0,0.897565,0.402074,0.495490,0.955342,0.036388,0.575184,-1.055183,-1.055183
MOT20,V002,2140,S_r,701,187,664,0,0.427771,0.423918,0.003853,0.970397,0.149299,0.687381,0.667568,-0.366410
MOT20,V002,2142,S_h,365,176,726,0,0.803129,0.524272,0.278857,,,0.750046,0.134630,-0.820772
MOT20,V002,2143,S_h,622,105,621,0,0.870750,0.721790,0.148959,,,0.897515,-0.372444,-0.372444
MOT20,V002,2144,S_r,621,105,621,0,0.605515,0.557545,0.047969,-0.832753,0.021349,0.765177,-0.547640,-0.547640
MOT20,V002,2144,S_r,726,113,510,0,0.888411,0.582424,0.305988,-0.943913,0.019382,0.756505,-0.615822,-0.615822
MOT20,V002,2144,S_r,510,185,527,0,0.888223,0.682214,0.206009,0.643830,0.026390,0.858635,-0.045591,-0.457883
MOT20,V002,2150,S_r,405,97,727,0,0.952075,0.418829,0.533247,0.999792,0.012951,0.690476,-0.985811,-0.985811
MOT20,V002,2150,S_r,727,174,405,0,0.927102,0.474538,0.452564,0.999761,0.019793,0.684860,-0.215187,-0.985811
MOT20,V002,2151,S_r,726,176,365,0,0.909297,0.661763,0.247534,0.905408,0.041254,0.742718,-0.031037,-0.273297
MOT20,V002,2155,S_r,365,112,567,0,0.967852,0.531300,0.436552,0.978550,0.007463,0.690260,-0.855576,-0.855576
MOT20,V002,2155,S_h,510,176,726,0,0.498864,0.339944,0.158920,,,0.712983,0.533670,-0.842488
MOT20,V002,2156,S_r,365,185,510,0,0.815779,0.427249,0.388530,0.280819,0.047555,0.622537,-0.835599,-0.835599
MOT20,V002,2164,S_c,735,189,638,0,0.452289,0.217297,0.234993,,,0.931818,0.627283,-1.098506
MOT20,V002,2184,S_c,739,112,567,0,0.625665,0.087866,0.537799,,,0.802170,0.334013,-1.409917
MOT20,V002,2185,S_r,738,128,734,0,0.887575,0.558204,0.329371,,0.017493,0.551103,-0.589892,-0.589892
MOT20,V002,2185,S_r,726,173,641,0,0.515567,0.397069,0.118498,0.422541,0.159745,0.834206,-0.104252,-0.104252
MOT20,V002,2188,S_c,740,113,726,0,0.600109,0.196145,0.403964,,,0.767948,0.260754,-0.971799
MOT20,V002,2191,S_h,734,141,738,0,0.594466,0.467248,0.127217,,,0.801174,0.264499,-0.554193
MOT20,V002,2192,S_r,707,79,592,0,0.852792,0.572900,0.279892,,0.030382,0.136315,-0.378812,-0.378812
MOT20,V002,2194,S_r,742,120,598,0,0.873880,0.644246,0.229634,,0.023404,0.804591,-0.405954,-0.405954
MOT20,V002,2194,S_r,527,176,510,0,0.953560,0.407863,0.545697,0.834823,0.005746,0.770972,-0.430750,-1.123694
MOT20,V002,2194,S_h,570,177,527,0,0.588949,0.474001,0.114947,,,0.743956,0.430750,-0.692945
MOT20,V002,2195,S_c,743,85,686,0,0.308180,0.236303,0.071876,,,0.822320,0.564228,-0.728683
MOT20,V002,2195,S_h,598,120,598,0,0.705559,0.655063,0.050496,,,0.867265,-0.551977,-0.551977
MOT20,V002,2202,S_h,719,177,570,0,0.462103,0.239752,0.222351,,,0.643895,0.265492,-0.683634
MOT20,V002,2203,S_c,745,185,365,0,0.153352,0.104881,0.048471,,,0.369312,0.352850,-0.476222
MOT20,V002,2204,S_r,715,128,738,0,0.620150,0.571321,0.048829,-0.684770,0.059136,0.736923,0.060428,-0.409450
MOT20,V002,2205,S_h,738,128,738,0,0.867885,0.560114,0.307771,,,0.802774,0.010290,-0.528698
MOT20,V002,2228,S_r,727,115,570,0,0.453455,0.116594,0.336861,-0.370551,0.159953,0.207122,-1.105035,-1.105035
MOT20,V002,2241,S_c,752,174,727,0,0.662279,0.639293,0.022987,,,0.876696,0.395617,-0.410650
MOT20,V002,2244,S_r,641,187,701,0,0.947724,0.536764,0.410960,0.970157,0.025992,0.175424,-0.569545,-0.569545
MOT20,V002,2246,S_r,702,99,539,0,0.886865,0.358835,0.528030,0.636818,0.021494,0.658304,-0.540050,-0.540050
MOT20,V002,2246,S_r,539,160,702,0,0.637388,0.625368,0.012020,0.998990,0.058207,0.773360,0.275865,-0.540050
MOT20,V002,2247,S_r,701,187,641,0,0.741740,0.587567,0.154173,,0.055402,0.000000,-0.154173,-0.154173
MOT20,V002,2249,S_h,641,187,701,0,0.527657,0.000000,0.527657,,,0.000000,-0.527657,-1.468996
MOT20,V002,2252,S_c,754,168,582,0,0.009069,0.000000,0.009069,,,0.041235,0.892008,-0.913238
MOT20,V002,2278,S_c,765,174,752,0,0.736316,0.089256,0.647060,,,0.891662,0.169314,-1.484887
MOT20,V002,2281,S_c,768,122,610,0,0.535302,0.217797,0.317506,,,0.815662,0.255015,-0.916668
MOT20,V002,2286,S_r,740,112,739,0,0.953248,0.470686,0.482562,0.999925,0.004782,0.616987,-0.948851,-0.948851
MOT20,V002,2286,S_r,739,113,740,0,0.969372,0.503084,0.466289,0.936187,0.026815,0.682053,-0.948851,-0.948851
MOT20,V002,2311,S_r,769,120,598,0,0.977331,0.546758,0.430573,0.687745,0.003299,0.711126,-0.842634,-0.842634
MOT20,V002,2327,S_c,781,119,609,0,0.315013,0.104524,0.210489,,,0.512432,0.410410,-0.858993
MOT20,V002,2338,S_c,782,120,769,0,0.501785,0.151697,0.350088,,,0.599403,0.227543,-1.050529
MOT20,V002,2360,S_r,671,177,719,0,0.954000,0.415597,0.538403,0.999979,0.035402,0.673179,-1.114458,-1.114458
MOT20,V002,2381,S_c,790,177,719,0,0.376431,0.324423,0.052008,,,0.569694,0.603819,-0.737098
MOT20,V002,2386,S_r,781,120,782,0,0.932964,0.213680,0.719284,0.962012,0.021521,0.415003,-1.466308,-1.466308
MOT20,V002,2462,S_h,801,92,688,0,0.828019,0.404704,0.423314,,,0.639523,-0.936463,-0.936463
MOT20,V002,2502,S_r,407,116,568,0,0.926576,0.545423,0.381153,0.874435,0.024740,0.400875,-0.588008,-0.588008
MOT20,V002,2503,S_r,671,159,704,0,0.410518,0.078993,0.331526,0.933494,0.158506,0.220082,-0.241476,-1.250770
MOT20,V002,2505,S_c,807,172,693,0,0.319744,0.162810,0.156935,,,0.496910,0.679808,-1.078005
MOT20,V002,2508,S_r,734,125,646,0,0.972703,0.496528,0.476174,-0.962775,0.005387,0.649841,-0.980437,-0.980437
MOT20,V002,2508,S_r,646,141,734,0,0.984780,0.480518,0.504262,0.885739,0.012449,0.669208,-0.980437,-0.980437
MOT20,V002,2531,S_c,816,117,671,0,0.333430,0.093279,0.240151,,,0.649816,0.707575,-1.176643
MOT20,V002,2535,S_r,691,92,801,0,0.988647,0.529383,0.459264,0.416362,0.001862,0.751497,-0.923555,-0.923555
MOT20,V002,2538,S_c,818,131,656,0,0.679810,0.399397,0.280413,,,0.922932,0.176456,-0.758920
MOT20,V002,2547,S_r,807,131,818,0,0.883336,0.539964,0.343372,-0.445414,0.016291,0.839357,-0.083519,-0.831010
MOT20,V002,2547,S_r,818,172,807,0,0.969444,0.426615,0.542829,0.999976,0.018854,0.771536,-0.988278,-0.988278
MOT20,V002,2564,S_r,646,128,738,0,0.783637,0.441864,0.341773,0.964093,0.026343,0.350864,-0.106356,-0.516033
MOT20,V002,2585,S_r,829,141,646,0,0.885492,0.093199,0.792294,,0.021732,0.232684,-1.672061,-1.672061
MOT20,V002,2596,S_c,831,172,818,0,0.591852,0.304521,0.287331,,,0.778859,0.516902,-1.093219
MOT20,V002,2597,S_r,828,177,790,0,0.382068,0.072866,0.309202,-0.278404,0.150304,0.143673,-0.932317,-0.932317
MOT20,V002,2602,S_c,833,128,646,0,0.213488,0.129356,0.084132,,,0.440102,0.610815,-0.796586
MOT20,V002,2604,S_r,790,177,828,0,0.801119,0.010735,0.790384,0.820620,0.054795,0.031704,-1.762487,-1.762487
MOT20,V002,2617,S_h,646,122,768,0,0.502530,0.473380,0.029150,,,0.645907,0.706322,-0.689985
MOT20,V002,2618,S_r,835,138,699,0,0.860577,0.815263,0.045314,,0.033718,0.416495,0.019650,0.019650
MOT20,V002,2626,S_c,836,177,790,0,0.183184,0.096357,0.086827,,,0.300137,0.870244,-1.007161
MOT20,V002,2632,S_r,646,125,734,0,0.982996,0.584769,0.398227,0.831426,0.007436,0.715672,-0.789113,-0.789113
MOT20,V002,2633,S_r,790,177,836,0,0.921839,0.109324,0.812515,-0.499980,0.010557,0.230940,-0.737365,-1.611989
MOT20,V002,2667,S_r,691,186,729,0,0.930542,0.645551,0.284991,0.452116,0.009405,0.885003,-0.622224,-0.622224
MOT20,V002,2669,S_c,844,125,646,0,0.162453,0.019050,0.143403,,,0.279570,0.682465,-0.994844
MOT20,V002,2685,S_h,698,127,715,0,0.646723,0.563959,0.082763,,,0.912289,-0.486943,-0.486943
MOT20,V002,2700,S_r,539,123,698,0,0.910803,0.495776,0.415027,0.998832,0.025062,0.720751,-0.913056,-0.913056
MOT20,V002,2751,S_r,715,128,833,0,0.972437,0.468848,0.503589,0.998799,0.029400,0.452645,-0.238086,-0.238086
MOT20,V002,2757,S_r,829,128,715,0,0.907810,0.616409,0.291401,0.955575,0.019667,0.000000,-0.291401,-0.291401
MOT20,V002,2762,S_r,859,145,796,0,0.888869,0.542483,0.346386,0.941160,0.027994,0.575266,-0.474944,-0.474944
MOT20,V003,69,S_h,941,535,928,0,0.444028,0.277076,0.166952,,,0.383529,-0.986315,-0.986315
MOT20,V003,82,S_r,935,531,923,0,0.931384,0.522074,0.409309,0.998727,0.044226,0.063610,-0.375931,-0.409309
MOT20,V003,83,S_h,923,531,923,0,0.680109,0.023639,0.656470,,,0.045469,-1.583817,-1.583817
MOT20,V003,87,S_r,935,531,923,0,0.863774,0.070755,0.793019,0.529999,0.036305,0.068552,-1.573328,-1.573328
MOT20,V003,141,S_r,974,517,890,0,0.873197,0.667348,0.205849,-0.559658,0.011429,0.729730,-0.326719,-0.326719
MOT20,V003,145,S_h,890,517,974,0,0.241496,0.000000,0.241496,,,0.805825,0.724394,-1.230439
MOT20,V003,151,S_r,981,522,939,0,0.842056,0.439009,0.403047,0.933520,0.028177,0.349227,-0.769643,-0.769643
MOT20,V003,172,S_r,921,169,937,0,0.951469,0.000000,0.951469,,0.001681,0.000000,-1.924660,-1.924660
MOT20,V003,235,S_r,1003,499,889,0,0.890581,0.611295,0.279286,,0.035987,0.000000,-0.279286,-0.289984
MOT20,V003,242,S_h,902,30,879,0,0.003937,0.000000,0.003937,,,0.015535,0.968472,-0.985306
MOT20,V003,271,S_r,927,112,934,0,0.951765,0.222330,0.729435,0.974904,0.033338,0.464291,-0.512970,-1.476221
MOT20,V003,291,S_h,943,30,902,0,0.000000,0.000000,0.000000,,,0.000000,0.106655,-0.960047
MOT20,V003,309,S_c,1029,110,927,0,0.452190,0.183212,0.268978,,,0.767362,0.605174,-1.150626
MOT20,V003,324,S_h,1020,168,1000,0,0.558836,0.094988,0.463848,,,0.426426,-1.291358,-1.291358
MOT20,V003,374,S_r,888,29,875,0,0.821021,0.654560,0.166461,0.181313,0.057756,0.488001,-0.007639,-0.007639
MOT20,V003,385,S_r,1045,468,870,0,0.935785,0.243539,0.692246,,0.019439,0.364262,-1.411530,-1.411530
MOT20,V003,432,S_c,1066,110,1029,0,0.376143,0.334721,0.041422,,,0.741360,0.757137,-0.801990
MOT20,V003,433,S_r,1045,471,878,0,0.884930,0.762579,0.122351,-0.914386,0.033154,0.000000,-0.122351,-0.122351
MOT20,V003,437,S_h,878,471,1045,0,0.839446,0.000000,0.839446,,,0.000000,-1.821831,-1.821831
MOT20,V003,443,S_c,1069,9,1020,0,0.291620,0.000000,0.291620,,,0.547466,0.558625,-1.240204
MOT20,V003,459,S_r,893,492,914,0,0.921743,0.020861,0.900882,0.729537,0.014118,0.097919,-1.857899,-1.857899
MOT20,V003,632,S_r,869,110,1066,0,0.942722,0.223320,0.719402,0.948683,0.013093,0.558792,-1.430871,-1.430871
MOT20,V003,636,S_r,1112,83,980,0,0.902630,0.706161,0.196469,,0.022772,0.548132,-0.400617,-0.400617
MOT20,V003,638,S_r,896,67,908,0,0.949315,0.695994,0.253320,0.333267,0.022554,0.000000,-0.253320,-0.253320
MOT20,V003,641,S_c,1131,186,868,0,0.642840,0.030150,0.612691,,,0.833082,0.317349,-1.581218
MOT20,V003,707,S_h,959,81,915,0,0.722546,0.655225,0.067321,,,0.699589,0.192794,-0.527809
MOT20,V003,708,S_h,915,81,915,0,0.744927,0.548758,0.196169,,,0.747813,-0.471507,-0.471507
MOT20,V003,726,S_r,1148,46,1128,0,0.907655,0.484020,0.423636,0.381956,0.028122,0.588887,-0.832213,-0.832213
MOT20,V003,734,S_c,1151,8,1056,0,0.000000,0.000000,0.000000,,,0.000000,0.898774,-0.975580
MOT20,V003,750,S_r,1033,305,1016,0,0.259955,0.088481,0.171473,0.855430,0.281737,0.150349,-0.774661,-0.774661
MOT20,V003,782,S_r,866,186,1131,0,0.927319,0.204486,0.722833,0.977176,0.020441,0.372913,-1.498179,-1.498179
MOT20,V003,784,S_r,1154,305,1033,0,0.880764,0.005416,0.875348,-0.965479,0.008774,0.014983,-1.806418,-1.806418
MOT20,V003,790,S_h,1131,186,866,0,0.495486,0.326688,0.168798,,,0.736156,0.456184,-0.908317
MOT20,V003,792,S_r,866,186,1131,0,0.961566,0.541887,0.419680,0.948683,0.012853,0.480067,-0.499921,-0.499921
MOT20,V003,796,S_h,1131,186,866,0,0.495474,0.388633,0.106841,,,0.682759,0.588239,-0.814905
MOT20,V003,812,S_r,866,186,1131,0,0.945470,0.493163,0.452307,0.607450,0.014965,0.835570,-0.921111,-0.921111
MOT20,V003,841,S_c,1176,6,1096,0,0.177554,0.022289,0.155265,,,0.347124,0.796229,-1.124620
MOT20,V003,854,S_c,1180,5,1133,0,0.619164,0.089574,0.529590,,,0.758662,0.412547,-1.469198
MOT20,V003,878,S_r,1177,290,1185,0,0.985589,0.369318,0.616271,0.999956,0.032882,0.378468,-1.035864,-1.035864
MOT20,V003,878,S_r,1185,421,1177,0,0.791765,0.372173,0.419592,,0.049043,0.932419,-1.035864,-1.035864
MOT20,V003,904,S_r,1189,277,1022,0,0.932157,0.473214,0.458943,,0.020505,0.466731,-0.289711,-0.672124
MOT20,V003,918,S_h,1022,49,1006,0,0.814183,0.597678,0.216505,,,0.712986,-0.722014,-0.722014
MOT20,V003,920,S_h,1006,49,1022,0,0.713865,0.439465,0.274401,,,0.606761,-0.584941,-0.584941
MOT20,V003,1052,S_r,1264,277,1189,0,0.929762,0.000000,0.929762,0.451842,0.017104,0.000000,-1.897827,-1.897827
MOT20,V003,1055,S_c,1266,3,1123,0,0.368953,0.000000,0.368953,,,0.525128,0.601404,-1.349123
MOT20,V003,1078,S_h,1114,10,1076,0,0.586041,0.430279,0.155762,,,0.632887,0.515236,-0.850889
MOT20,V003,1079,S_h,999,328,994,0,0.514141,0.454281,0.059860,,,0.569977,0.675550,-0.839356
MOT20,V003,1113,S_r,1284,274,1280,0,0.766392,0.513407,0.252985,,0.043597,0.000000,-0.252985,-0.252985
MOT20,V003,1114,S_c,1285,326,1081,0,0.000000,0.000000,0.000000,,,0.000000,0.895492,-0.969899
MOT20,V003,1115,S_h,999,48,1020,0,0.863236,0.334852,0.528385,,,0.665231,-1.179300,-1.179300
MOT20,V003,1124,S_c,1288,323,979,0,0.426015,0.359782,0.066234,,,0.912822,0.677738,-0.787380
MOT20,V003,1142,S_r,1295,318,1280,0,0.904574,0.196958,0.707617,0.972150,0.002660,0.566826,-0.774158,-0.774158
MOT20,V003,1143,S_r,1266,45,1115,0,0.984845,0.000000,0.984845,0.994781,0.004005,0.000000,-0.984845,-1.760444
MOT20,V003,1145,S_r,1298,326,1285,0,0.929653,0.619584,0.310069,0.566529,0.018214,0.092070,-0.310216,-0.310216
MOT20,V003,1145,S_r,1055,428,1030,0,0.794297,0.500732,0.293564,0.913663,0.018253,0.621765,-0.746830,-0.746830
MOT20,V003,1146,S_c,1302,324,1074,0,0.436249,0.130836,0.305414,,,0.411184,0.535137,-1.239896
MOT20,V003,1146,S_h,1083,328,999,0,0.808217,0.206941,0.601275,,,0.760131,0.063894,-1.383216
MOT20,V003,1146,S_r,1030,428,1030,0,0.922311,0.483340,0.438971,-0.983547,0.005772,1.000000,-0.965049,-0.965049
MOT20,V003,1152,S_c,1309,277,1264,0,0.240465,0.000000,0.240465,,,0.449664,0.738812,-1.124129
MOT20,V003,1155,S_h,1055,428,1030,0,0.529535,0.318755,0.210780,,,0.630394,0.470761,-0.847497
MOT20,V003,1157,S_r,1030,12,1055,0,0.526941,0.267623,0.259318,0.998212,0.080572,0.751152,-0.878159,-0.878159
MOT20,V003,1157,S_r,1269,325,1094,0,0.960905,0.415072,0.545833,0.908830,0.008771,0.465106,-1.107169,-1.107169
MOT20,V003,1157,S_r,1094,428,1055,0,0.705397,0.561611,0.143786,-0.475497,0.052006,0.580336,-0.053379,-0.136281
MOT20,V003,1160,S_h,1232,322,970,0,0.579555,0.385376,0.194179,,,0.774770,0.052210,-0.792461
MOT20,V003,1164,S_r,999,322,970,0,0.900153,0.570948,0.329205,-0.863112,0.013308,0.675286,-0.557206,-0.557206
MOT20,V003,1165,S_h,1091,313,993,0,0.605259,0.291255,0.314005,,,0.721557,0.302157,-1.000475
MOT20,V003,1166,S_r,1295,277,1309,0,0.669898,0.533117,0.136781,-0.997783,0.075499,0.743243,-0.327459,-0.327459
MOT20,V003,1166,S_r,1309,318,1295,0,0.910615,0.719938,0.190678,,0.021587,0.589162,-0.327459,-0.327459
MOT20,V003,1167,S_r,1091,9,1069,0,0.957199,0.607566,0.349633,0.920582,0.005423,0.700000,-0.353952,-0.353952
MOT20,V003,1177,S_r,1055,325,1269,0,0.826130,0.540860,0.285270,,0.047850,0.994683,-0.633419,-0.633419
MOT20,V003,1182,S_h,1151,314,1034,0,0.574330,0.424759,0.149570,,,0.822581,0.230943,-0.620512
MOT20,V003,1183,S_r,1055,314,1034,0,0.851779,0.498606,0.353173,0.627009,0.049042,0.767567,-0.632033,-0.632033
MOT20,V003,1183,S_r,1034,325,1055,0,0.954115,0.362744,0.591371,0.966835,0.038922,0.496531,-0.988211,-0.988211
MOT20,V003,1187,S_c,1324,274,1284,0,0.598085,0.000000,0.598085,,,0.870629,0.316934,-1.559042
MOT20,V003,1209,S_r,1103,428,1094,0,0.692804,0.125458,0.567346,0.145322,0.060621,0.218809,-1.343570,-1.343570
MOT20,V003,1212,S_r,1254,319,1227,0,0.914329,0.426397,0.487933,0.855198,0.023085,0.986667,-1.058504,-1.058504
MOT20,V003,1213,S_h,1232,310,1103,0,0.457162,0.225944,0.231218,,,0.432073,0.605056,0.605056
MOT20,V003,1217,S_r,1154,325,1034,0,0.717238,0.267699,0.449539,0.861390,0.065201,0.611399,-1.210297,-1.210297
MOT20,V003,1220,S_r,1343,319,1254,0,0.775550,0.458738,0.316812,,0.067319,0.957020,-0.832091,-0.832091
MOT20,V003,1220,S_c,1314,428,1103,0,0.235970,0.064397,0.171573,,,0.456723,0.784043,-1.096747
MOT20,V003,1222,S_h,1103,310,1232,0,0.606969,0.196516,0.410453,,,0.858320,0.299916,-1.282938
MOT20,V003,1235,S_r,1351,320,1254,0,0.723095,0.548370,0.174725,,0.061534,0.729730,-0.453967,-0.453967
MOT20,V003,1239,S_h,1351,319,1343,0,0.452533,0.323138,0.129394,,,0.995671,0.289380,-0.747004
MOT20,V003,1239,S_h,1254,320,1254,0,0.378774,0.307437,0.071337,,,0.524875,0.785116,-0.841361
MOT20,V003,1241,S_r,1343,319,1351,0,0.881098,0.336893,0.544205,0.893021,0.026668,0.924188,-0.989150,-0.989150
MOT20,V003,1253,S_h,1142,296,1158,0,0.799069,0.105652,0.693417,,,0.153776,-0.598715,-1.600103
MOT20,V003,1264,S_h,1158,321,1250,0,0.631639,0.000000,0.631639,,,0.942147,0.130000,-0.631639
MOT20,V003,1268,S_h,1254,293,1242,0,0.589279,0.261784,0.327495,,,0.869816,-1.059896,-1.059896
MOT20,V003,1316,S_r,1254,289,1275,0,0.890574,0.293166,0.597408,-0.723356,0.020240,0.771605,-1.291817,-1.291817
MOT20,V003,1334,S_r,1386,292,1104,0,0.956118,0.607254,0.348864,,0.013126,0.767974,-0.562446,-0.562446
MOT20,V003,1368,S_r,1104,292,1386,0,0.955362,0.393516,0.561846,0.971928,0.020991,0.865031,-1.122099,-1.122099
MOT20,V003,1386,S_c,1416,349,1188,0,0.035024,0.000000,0.035024,,,0.078592,0.911130,-0.995600
MOT20,V003,1393,S_h,1414,270,1279,0,0.250921,0.225577,0.025344,,,0.382508,-0.463503,-0.463503
MOT20,V003,1393,S_h,1289,433,1346,0,0.044413,0.020967,0.023445,,,0.129863,0.862023,-0.892596
MOT20,V003,1403,S_r,1279,457,1304,0,0.814283,0.780524,0.033760,,0.045408,0.710947,0.018689,0.018689
MOT20,V003,1406,S_r,1245,237,1320,0,0.789216,0.444899,0.344318,0.991555,0.068985,0.684107,-0.858034,-0.858034
MOT20,V003,1411,S_r,1244,260,1245,0,0.844087,0.237523,0.606564,0.555092,0.027065,0.323589,-1.334205,-1.334205
MOT20,V003,1423,S_r,1205,460,1234,0,0.966738,0.376679,0.590059,0.998391,0.018514,0.630008,-1.191653,-1.191653
MOT20,V003,1438,S_c,1445,348,1205,0,0.557266,0.465474,0.091791,,,0.748505,0.561764,-0.735104
MOT20,V003,1475,S_r,1454,266,1233,0,0.906750,0.387358,0.519392,0.977857,0.018284,0.490597,-1.046994,-1.046994
MOT20,V003,1492,S_r,1464,426,1136,0,0.804546,0.744800,0.059746,-0.999635,0.032707,0.140684,0.021861,0.021861
MOT20,V003,1496,S_h,1136,426,1464,0,0.067392,0.009139,0.058254,,,0.123156,0.916460,-1.016708
MOT20,V003,1501,S_r,1461,270,1414,0,0.649032,0.000000,0.649032,0.999837,0.157996,0.000000,-1.601604,-1.601604
MOT20,V003,1523,S_c,1479,431,1369,0,0.000000,0.000000,0.000000,,,0.000000,0.928179,-0.977452
MOT20,V003,1528,S_h,1369,431,1369,0,0.000000,0.000000,0.000000,,,0.000000,0.824712,-0.985125
MOT20,V003,1562,S_c,1512,392,1375,0,0.542559,0.292491,0.250068,,,0.666232,0.580972,-1.047894
MOT20,V003,1564,S_c,1514,426,1136,0,0.685552,0.086593,0.598959,,,0.848665,0.200939,-1.457938
MOT20,V003,1569,S_h,1507,426,1514,0,0.375731,0.000000,0.375731,,,0.730849,0.392592,-1.340991
MOT20,V003,1571,S_r,1516,426,1507,0,0.860338,0.672197,0.188141,0.997575,0.063449,0.247350,-0.039650,-0.188141
MOT20,V003,1599,S_r,1205,461,1240,0,0.903513,0.556643,0.346869,0.333421,0.020472,0.201168,-0.439871,-0.439871
MOT20,V003,1623,S_c,1557,208,1235,0,0.388801,0.000000,0.388801,,,0.984752,0.567795,-1.366758
MOT20,V003,1650,S_h,1407,626,1478,0,0.695607,0.391108,0.304498,,,0.818807,-0.839077,-0.839077
MOT20,V003,1657,S_h,1478,626,1407,0,0.760040,0.204738,0.555302,,,0.484507,-1.266228,-1.266228
MOT20,V003,1671,S_r,1584,349,1416,0,0.924997,0.588988,0.336008,-0.345705,0.012876,0.472753,-0.380214,-0.380214
MOT20,V003,1678,S_r,1279,465,1299,0,0.864245,0.691922,0.172323,,0.034626,0.043183,-0.147061,-0.172323
MOT20,V003,1695,S_r,1478,381,1490,0,0.851351,0.309829,0.541523,0.817266,0.063687,0.869540,-1.215319,-1.215319
MOT20,V003,1698,S_h,1593,601,1498,0,0.569880,0.288119,0.281761,,,0.708178,0.149030,-0.943811
MOT20,V003,1698,S_r,1498,626,1478,0,0.585515,0.154723,0.430791,0.718589,0.131470,0.550321,-0.149030,-1.092842
MOT20,V003,1702,S_r,1490,381,1478,0,0.896034,0.555483,0.340551,0.991544,0.046059,0.785825,-0.708449,-0.708449
MOT20,V003,1716,S_c,1609,625,1474,0,0.000000,0.000000,0.000000,,,0.000000,0.837698,-0.965642
MOT20,V003,1718,S_h,1246,410,1243,0,0.574516,0.062999,0.511516,,,0.557791,0.205156,-1.435163
MOT20,V003,1723,S_r,1246,408,1342,0,0.875467,0.197761,0.677707,0.956674,0.026961,0.297615,-1.309434,-1.309434
MOT20,V003,1739,S_r,1437,592,1444,0,0.962418,0.476277,0.486141,0.847885,0.009809,0.358342,-0.737097,-0.737097
MOT20,V003,1740,S_c,1621,684,1345,0,0.617084,0.116618,0.500466,,,0.879158,0.341913,-1.420518
MOT20,V003,1760,S_c,1628,589,1283,0,0.582768,0.362057,0.220710,,,0.986264,0.099882,-0.515471
MOT20,V003,1762,S_r,1444,592,1437,0,0.887335,0.594299,0.293037,-0.415494,0.024168,0.761438,-0.676664,-0.676664
MOT20,V003,1770,S_r,1631,340,1401,0,0.817920,0.814464,0.003456,0.761445,0.037668,0.507481,-0.003102,-0.003102
MOT20,V003,1770,S_r,1408,353,1424,0,0.969974,0.227046,0.742927,0.998474,0.020757,0.329719,-1.449751,-1.449751
MOT20,V003,1788,S_r,1647,731,1634,0,0.883690,0.626441,0.257249,0.185096,0.010357,0.785028,-0.511875,-0.511875
MOT20,V003,1790,S_r,1584,589,1628,0,0.726705,0.564698,0.162007,-0.581238,0.033589,0.060356,-0.195410,-0.195410
MOT20,V003,1795,S_c,1653,654,1437,0,0.389828,0.349377,0.040450,,,0.605341,0.482620,-0.917131
MOT20,V003,1801,S_c,1659,386,1582,0,0.354536,0.058561,0.295974,,,0.793956,0.425449,-1.001175
MOT20,V003,1814,S_r,1657,353,1408,0,0.832216,0.233558,0.598658,-0.947741,0.044110,0.678161,-0.298096,-1.352053
MOT20,V003,1814,S_r,1408,654,1653,0,0.718507,0.331382,0.387125,0.989248,0.060403,0.622407,-0.991355,-0.991355
MOT20,V003,1822,S_r,1377,354,1396,0,0.787983,0.464657,0.323327,0.998507,0.062888,0.610584,-0.155069,-0.155069
MOT20,V003,1822,S_r,1667,388,1377,0,0.950560,0.359429,0.591131,0.658085,0.002281,0.600355,-0.921924,-0.921924
MOT20,V003,1822,S_r,1365,392,1512,0,0.942951,0.598093,0.344857,0.989308,0.028241,0.748204,-0.741498,-0.741498
MOT20,V003,1827,S_r,1413,385,1365,0,0.957349,0.387978,0.569372,0.979769,0.013366,0.530050,-1.154408,-1.154408
MOT20,V003,1827,S_r,1365,678,1413,0,0.978041,0.393005,0.585036,0.977206,0.013996,0.587210,-1.154408,-1.154408
MOT20,V003,1828,S_h,1401,392,1512,0,0.430625,0.404246,0.026379,,,0.600661,0.791219,-0.831784
MOT20,V003,1833,S_r,1396,354,1377,0,0.984050,0.347818,0.636232,,0.000663,0.621962,-1.054191,-1.054191
MOT20,V003,1844,S_h,1377,354,1396,0,0.774980,0.000000,0.774980,,,0.839433,0.088505,-1.712518
MOT20,V003,1858,S_r,1614,548,1617,0,0.924123,0.273158,0.650965,0.989726,0.049219,0.335987,-1.257210,-1.257210
MOT20,V003,1858,S_r,1617,549,1614,0,0.881927,0.275682,0.606245,,0.007197,0.724138,-1.257210,-1.257210
MOT20,V003,1862,S_r,1393,367,1378,0,0.950391,0.480539,0.469852,0.931341,0.026109,0.363384,-0.386335,-0.386335
MOT20,V003,1878,S_h,1676,354,1377,0,0.302022,0.000000,0.302022,,,0.000000,-0.302022,-1.281027
MOT20,V003,1888,S_c,1696,670,1363,0,0.510024,0.413780,0.096243,,,0.676967,0.655918,-0.684749
MOT20,V003,1890,S_r,1695,591,1341,0,0.705033,0.653389,0.051643,-0.516448,0.055731,0.952703,0.348185,-0.372554
MOT20,V003,1903,S_c,1704,571,1467,0,0.126656,0.000000,0.126656,,,0.204270,0.846528,-1.122222
MOT20,V003,1913,S_r,1710,584,1443,0,0.893637,0.564369,0.329267,,0.022251,0.743730,-0.756573,-0.756573
MOT20,V003,1913,S_r,1443,670,1696,0,0.972966,0.377399,0.595567,0.718125,0.008992,0.468079,-1.163746,-1.163746
MOT20,V003,1917,S_r,1265,338,1256,0,0.628927,0.276966,0.351961,-0.666890,0.098292,0.866013,-0.792959,-0.792959
MOT20,V003,1917,S_r,1256,595,1265,0,0.832607,0.391609,0.440998,-0.086838,0.033223,0.343358,-0.792959,-0.792959
MOT20,V003,1935,S_r,1719,625,1609,0,0.953014,0.274628,0.678386,0.979871,0.020713,0.441871,-1.397892,-1.397892
MOT20,V003,1935,S_r,1609,629,1661,0,0.974606,0.255099,0.719506,0.976862,0.015103,0.405914,-1.397892,-1.397892
MOT20,V003,1937,S_c,1722,392,1401,0,0.630519,0.099750,0.530769,,,0.766503,0.359893,-1.437313
MOT20,V003,1947,S_r,1371,388,1667,0,0.942516,0.327961,0.614555,-0.800000,0.009481,0.241918,-0.825672,-0.825672
MOT20,V003,1949,S_r,1319,380,1270,0,0.897698,0.132796,0.764902,0.416655,0.019718,0.470334,-1.584376,-1.584376
MOT20,V003,1970,S_r,1338,380,1319,0,0.911915,0.489128,0.422787,0.962156,0.022278,0.714027,-0.867508,-0.867508
MOT20,V003,1979,S_r,1341,394,1272,0,0.947360,0.499745,0.447616,0.922441,0.016929,0.558671,-0.874590,-0.874590
MOT20,V003,1979,S_h,1448,581,1459,0,0.455167,0.433285,0.021881,,,0.611640,0.687528,-0.721677
MOT20,V003,1995,S_h,1387,378,1420,0,0.804851,0.393788,0.411062,,,0.605098,-0.991986,-0.991986
MOT20,V003,1998,S_h,1420,378,1387,0,0.687161,0.362950,0.324211,,,0.566492,-0.898605,-0.898605
MOT20,V003,2002,S_r,1417,585,1387,0,0.902631,0.299475,0.603156,0.980617,0.039611,0.529120,-1.204340,-1.204340
MOT20,V003,2010,S_r,1530,386,1659,0,0.959843,0.218594,0.741249,0.675254,0.006048,0.342627,-1.463002,-1.463002
MOT20,V003,2011,S_r,1318,380,1338,0,0.924179,0.148340,0.775839,-0.715677,0.009478,0.257373,-1.609735,-1.609735
MOT20,V003,2020,S_r,1710,585,1417,0,0.919807,0.487636,0.432171,0.957211,0.006546,0.413736,-0.696587,-0.696587
MOT20,V003,2025,S_r,1267,673,1331,0,0.968349,0.409550,0.558799,0.707107,0.015443,0.545519,-1.124071,-1.124071
MOT20,V003,2025,S_r,1331,706,1267,0,0.949355,0.384083,0.565271,0.559658,0.005850,0.592730,-1.124071,-1.124071
MOT20,V003,2037,S_r,1722,385,1413,0,0.964164,0.453926,0.510238,0.839056,0.011494,0.614346,-1.020423,-1.020423
MOT20,V003,2038,S_r,1420,571,1704,0,0.861462,0.756128,0.105335,,0.049084,0.176687,-0.071678,-0.071678
MOT20,V003,2072,S_c,1779,679,1347,0,0.776729,0.422819,0.353910,,,0.813836,0.231002,-1.001269
MOT20,V003,2075,S_r,1621,679,1347,0,0.947449,0.352474,0.594975,0.961583,0.014219,0.512751,-1.179330,-1.179330
MOT20,V003,2076,S_c,1780,684,1621,0,0.535130,0.295988,0.239142,,,0.776104,0.298854,-0.841100
MOT20,V003,2090,S_r,1782,679,1621,0,0.804342,0.682795,0.121547,0.881932,0.012982,0.455241,0.061459,-0.266240
MOT20,V003,2111,S_c,1802,157,1767,0,0.606810,0.023255,0.583555,,,0.868722,0.236484,-1.447440
MOT20,V003,2119,S_r,1722,697,1406,0,0.960810,0.377951,0.582860,,0.012594,0.569084,-1.137298,-1.137298
MOT20,V003,2126,S_h,1406,622,1488,0,0.325579,0.254226,0.071353,,,0.492603,0.710020,-0.794196
MOT20,V003,2127,S_r,1438,648,1450,0,0.966736,0.412209,0.554527,0.972784,0.020510,0.633376,-0.730425,-0.730425
MOT20,V003,2127,S_r,1450,665,1438,0,0.681928,0.506030,0.175898,0.998836,0.118009,0.688218,-0.730425,-0.730425
MOT20,V003,2128,S_c,1817,650,1457,0,0.668680,0.565035,0.103645,,,0.818364,0.450245,-0.671022
MOT20,V003,2129,S_r,1347,678,1365,0,0.957994,0.000000,0.957994,1.000000,0.012243,0.000000,-1.909386,-1.909386
MOT20,V003,2131,S_r,1788,664,1357,0,0.895361,0.451575,0.443786,0.728200,0.028093,0.560708,-0.993623,-0.993623
MOT20,V003,2134,S_c,1824,679,1782,0,0.418647,0.154224,0.264424,,,0.634944,0.565434,-1.186260
MOT20,V003,2142,S_r,1267,706,1331,0,0.920207,0.041179,0.879028,0.999109,0.022000,0.161142,-1.742647,-1.742647
MOT20,V003,2153,S_r,1782,681,1621,0,0.954366,0.560884,0.393482,0.645942,0.013975,0.095016,-0.360569,-0.414501
MOT20,V003,2156,S_h,1365,684,1780,0,0.157085,0.122007,0.035078,,,0.545455,0.725951,-1.002140
MOT20,V003,2157,S_c,1849,244,1627,0,0.640578,0.301709,0.338869,,,0.771367,0.444852,-1.128342
MOT20,V003,2160,S_h,1621,681,1782,0,0.671590,0.000000,0.671590,,,0.000000,-0.671590,-1.598168
MOT20,V003,2161,S_h,1782,681,1782,0,0.908128,0.000000,0.908128,,,0.000000,-0.908128,-1.881760
MOT20,V003,2163,S_h,1621,681,1782,0,0.000000,0.000000,0.000000,,,0.000000,0.921171,-0.990603
MOT20,V003,2165,S_r,1730,636,1713,0,0.920031,0.455051,0.464980,,0.019338,0.558399,-0.331981,-0.331981
MOT20,V003,2172,S_r,1405,641,1361,0,0.887630,0.592969,0.294661,0.970267,0.039123,0.510728,-0.210863,-0.210863
MOT20,V003,2177,S_r,1361,641,1405,0,0.846979,0.404182,0.442798,-0.960264,0.020149,1.000000,-1.062058,-1.062058
MOT20,V003,2180,S_h,1722,685,1859,0,0.276399,0.197045,0.079354,,,1.000000,0.142924,-0.444946
MOT20,V003,2190,S_h,1705,652,1694,0,0.530151,0.520326,0.009825,,,0.723230,0.602358,-0.582875
MOT20,V003,2192,S_r,1465,701,1410,0,0.469421,0.444568,0.024854,0.931045,0.307400,0.801830,0.628580,-0.793690
MOT20,V003,2196,S_r,1410,660,1405,0,0.909910,0.641244,0.268666,-0.960564,0.013283,0.601329,-0.156828,-0.156828
MOT20,V003,2196,S_r,1405,701,1465,0,0.945373,0.425799,0.519574,0.843412,0.018334,0.601399,-0.274944,-1.058279
MOT20,V003,2198,S_h,1694,656,1688,0,0.770737,0.669161,0.101576,,,0.881434,0.245246,-0.497606
MOT20,V003,2200,S_r,1870,656,1694,0,0.653961,0.426626,0.227336,-0.990667,0.320200,0.970588,0.179725,-0.833508
MOT20,V003,2201,S_r,1694,665,1450,0,0.861056,0.474448,0.386608,0.991841,0.040269,0.631023,-0.681867,-0.681867
MOT20,V003,2204,S_c,1887,637,1465,0,0.506375,0.493648,0.012728,,,0.722833,0.698246,-0.716455
MOT20,V003,2204,S_h,1465,641,1361,0,0.271879,0.143213,0.128666,,,0.911800,0.598161,-0.785076
MOT20,V003,2207,S_h,1888,640,1700,0,0.353696,0.258448,0.095247,,,0.846512,0.625031,-0.727462
MOT20,V003,2215,S_r,1859,680,1425,0,0.963555,0.592810,0.370745,,0.006202,0.320455,-0.228686,-0.228686
MOT20,V003,2217,S_r,1881,664,1788,0,0.949055,0.325693,0.623362,0.872143,0.009607,0.534743,-1.261033,-1.261033
MOT20,V003,2221,S_r,1361,634,1554,0,0.873553,0.483600,0.389954,0.979117,0.037680,0.859147,-0.737582,-0.737582
MOT20,V003,2222,S_r,1895,558,1775,0,0.954249,0.422539,0.531710,0.719401,0.014319,0.822600,-0.377923,-0.731606
MOT20,V003,2224,S_r,1846,685,1722,0,0.495792,0.000000,0.495792,-0.271330,0.147772,0.121028,-1.405930,-1.405930
MOT20,V003,2226,S_r,1904,686,1891,0,0.770337,0.653181,0.117156,0.751626,0.077009,0.764367,-0.506440,-0.506440
MOT20,V003,2227,S_h,1775,558,1895,0,0.538869,0.361454,0.177415,,,0.842857,-0.014240,-0.960597
MOT20,V003,2227,S_r,1450,656,1870,0,0.857894,0.491086,0.366808,,0.055955,0.838410,-0.804981,-0.804981
MOT20,V003,2227,S_r,1907,664,1881,0,0.612736,0.341716,0.271020,-0.712046,0.085151,0.846942,-0.695888,-0.695888
MOT20,V003,2229,S_c,1912,137,1899,0,0.450632,0.044560,0.406072,,,0.595899,0.517627,-1.390165
MOT20,V003,2229,S_r,1882,662,1362,0,0.694765,0.566929,0.127836,0.267973,0.047575,1.000000,-0.437033,-0.437033
MOT20,V003,2230,S_r,1554,647,1506,0,0.936183,0.542879,0.393305,0.985736,0.022763,0.646638,-0.666449,-0.666449
MOT20,V003,2234,S_r,1491,660,1410,0,0.902564,0.551283,0.351282,0.935697,0.038866,0.934685,-0.231185,-0.231185
MOT20,V003,2236,S_r,1410,660,1491,0,0.782705,0.266167,0.516538,,0.050047,0.971154,-0.575419,-1.173357
MOT20,V003,2236,S_r,1881,704,1404,0,0.700529,0.547120,0.153409,0.942302,0.044273,0.762480,-0.045064,-0.045064
MOT20,V003,2237,S_r,1897,214,1917,0,0.599471,0.556288,0.043183,0.249749,0.223628,0.827284,0.162900,-0.323790
MOT20,V003,2239,S_r,1491,660,1410,0,0.809857,0.296671,0.513185,0.976707,0.049316,0.944683,-1.051498,-1.051498
MOT20,V003,2241,S_r,1788,704,1881,0,0.833527,0.452449,0.381078,-0.001422,0.030027,0.607330,-0.409728,-0.409728
MOT20,V003,2243,S_r,1733,624,1897,0,0.946053,0.293607,0.652446,0.999982,0.023120,0.395693,-1.244170,-1.244170
MOT20,V003,2243,S_h,1410,635,1491,0,0.529754,0.378649,0.151104,,,0.748864,0.329325,-0.863844
MOT20,V003,2243,S_r,1361,657,1678,0,0.828117,0.274337,0.553780,-0.114624,0.031822,0.712062,-0.871338,-0.871338
MOT20,V003,2244,S_r,1922,255,1499,0,0.857679,0.712857,0.144822,0.027017,0.030336,0.918809,-0.385883,-0.385883
MOT20,V003,2244,S_r,1588,610,1753,0,0.730911,0.726695,0.004216,-0.582962,0.020501,0.251272,0.095303,-0.119978
MOT20,V003,2244,S_c,1926,623,1733,0,0.511309,0.381161,0.130148,,,0.762911,0.498036,-0.723484
MOT20,V003,2245,S_r,1918,236,1455,0,0.932200,0.639500,0.292700,,0.019787,0.606642,-0.137419,-0.487567
MOT20,V003,2246,S_h,1499,255,1922,0,0.669837,0.455391,0.214446,,,0.870056,-0.028062,-0.028062
MOT20,V003,2246,S_h,1753,610,1588,0,0.700485,0.185873,0.514612,,,0.745888,0.178046,-1.356572
MOT20,V003,2249,S_r,1694,656,1450,0,0.930086,0.418118,0.511968,-0.178885,0.009860,0.511051,-1.000325,-1.000325
MOT20,V003,2250,S_h,1730,700,1536,0,0.561504,0.440006,0.121498,,,0.727749,0.541606,-0.666085
MOT20,V003,2250,S_r,1404,704,1788,0,0.672992,0.455399,0.217593,-0.937082,0.068407,0.580645,0.189013,-0.797699
MOT20,V003,2251,S_r,1722,680,1859,0,0.635655,0.355468,0.280188,-0.370999,0.094539,0.456765,0.135534,-0.709074
MOT20,V003,2252,S_r,1450,652,1705,0,0.952984,0.506147,0.446836,,0.006816,0.504080,-0.174089,-0.667186
MOT20,V003,2257,S_h,1455,236,1918,0,0.724348,0.429205,0.295143,,,0.486075,0.016526,-0.907243
MOT20,V003,2258,S_r,1406,680,1722,0,0.925505,0.243323,0.682182,0.338719,0.001901,0.292587,-1.260995,-1.260995
MOT20,V003,2260,S_r,1678,646,1489,0,0.643871,0.502217,0.141654,0.811354,0.035315,0.517467,-0.278546,-0.278546
MOT20,V003,2264,S_r,1705,644,1605,0,0.953717,0.448481,0.505235,,0.012587,0.406840,-0.651941,-0.651941
MOT20,V003,2264,S_r,1722,680,1406,0,0.929472,0.738139,0.191333,,0.015123,0.063121,-0.181366,-0.181366
MOT20,V003,2266,S_r,1891,686,1904,0,0.914561,0.082927,0.831634,0.990071,0.066239,0.252275,-1.650056,-1.650056
MOT20,V003,2267,S_r,1536,700,1730,0,0.607999,0.500070,0.107929,0.994539,0.108723,0.629758,-0.223577,-0.223577
MOT20,V003,2268,S_r,1489,646,1678,0,0.527265,0.472437,0.054827,,0.144378,0.770346,0.199975,-0.691542
MOT20,V003,2268,S_h,1410,647,1554,0,0.547701,0.315943,0.231758,,,0.632231,0.435404,-0.887378
MOT20,V003,2270,S_r,1678,648,1438,0,0.827500,0.496335,0.331165,0.263117,0.032107,0.860721,-0.677328,-0.677328
MOT20,V003,2272,S_r,1881,646,1489,0,0.862540,0.807051,0.055489,0.736671,0.057172,0.711186,0.084424,0.084424
MOT20,V003,2274,S_r,1489,646,1881,0,0.966849,0.607432,0.359417,,0.006176,0.723577,-0.216799,-0.631683
MOT20,V003,2275,S_h,1918,229,1460,0,0.776971,0.443472,0.333499,,,0.551880,-0.940355,-0.940355
MOT20,V003,2276,S_r,1881,652,1450,0,0.855774,0.748107,0.107667,0.993846,0.027053,1.000000,-0.202385,-0.202385
MOT20,V003,2277,S_r,1460,229,1918,0,0.961452,0.569976,0.391476,,0.007151,0.541867,-0.722486,-0.722486
MOT20,V003,2277,S_r,1609,628,1390,0,0.640660,0.574432,0.066227,-0.307190,0.079573,0.987234,-0.080422,-0.080422
MOT20,V003,2278,S_h,1450,652,1881,0,0.801525,0.384778,0.416746,,,0.859649,-0.214650,-0.786920
MOT20,V003,2281,S_r,1678,635,1410,0,0.719624,0.393357,0.326268,0.981002,0.126081,0.955463,-0.961274,-0.961274
MOT20,V003,2282,S_c,1954,647,1410,0,0.587834,0.365326,0.222508,,,0.895973,0.403392,-0.951265
MOT20,V003,2283,S_r,1361,646,1489,0,0.884847,0.559411,0.325436,0.934764,0.016647,0.709497,-0.672735,-0.672735
MOT20,V003,2285,S_r,1647,628,1609,0,0.722222,0.296948,0.425274,0.861538,0.052804,0.633484,-0.921253,-0.921253
MOT20,V003,2285,S_r,1410,647,1954,0,0.703477,0.687504,0.015973,-0.988572,0.063456,0.959375,0.397300,-0.379412
MOT20,V003,2286,S_r,1609,628,1609,0,0.660329,0.283500,0.376830,-0.820822,0.111599,1.000000,-0.307454,-0.307454
MOT20,V003,2288,S_r,1410,635,1678,0,0.891705,0.392611,0.499094,-0.104110,0.044376,0.914729,-0.265571,-0.527803
MOT20,V003,2288,S_r,1888,644,1705,0,0.933472,0.631035,0.302437,0.944717,0.043705,0.507400,-0.481921,-0.481921
MOT20,V003,2289,S_r,1404,638,1430,0,0.890238,0.545874,0.344364,,0.029887,0.792244,-0.199032,-0.528083
MOT20,V003,2289,S_h,1678,647,1410,0,0.517275,0.423407,0.093868,,,0.837829,0.447139,-0.761568
MOT20,V003,2292,S_r,1954,635,1410,0,0.618198,0.590024,0.028174,0.998624,0.121937,0.994872,-0.019247,-0.019247
MOT20,V003,2298,S_h,1489,646,1361,0,0.611120,0.330659,0.280461,,,0.901478,0.132412,0.132412
MOT20,V003,2298,S_r,1361,652,1450,0,0.892270,0.479397,0.412873,0.911371,0.017425,0.805267,-0.132412,-0.132412
MOT20,V003,2300,S_r,1954,648,1678,0,0.907861,0.329417,0.578444,0.010204,0.011647,0.865656,-0.345713,-1.242970
MOT20,V003,2301,S_r,1489,652,1450,0,0.863598,0.147276,0.716321,0.707107,0.055499,0.686676,-1.521237,-1.521237
MOT20,V003,2303,S_h,1361,646,1361,0,0.364440,0.346847,0.017593,,,0.941129,0.539055,-0.712401
MOT20,V003,2307,S_r,1817,646,1361,0,0.760949,0.355402,0.405547,-0.819232,0.055327,0.875000,-0.984776,-0.984776
MOT20,V003,2309,S_r,1410,648,1954,0,0.921106,0.348864,0.572243,0.929682,0.008086,0.746479,-0.317677,-1.208200
MOT20,V003,2312,S_h,1907,638,1404,0,0.461908,0.425276,0.036633,,,0.971727,0.630010,-0.758742
MOT20,V003,2313,S_r,1567,642,1654,0,0.911886,0.726401,0.185485,,0.018174,0.830460,-0.223668,-0.223668
MOT20,V003,2315,S_h,1430,638,1907,0,0.576260,0.365921,0.210340,,,0.817844,0.424604,-0.463756
MOT20,V003,2320,S_r,1404,705,1447,0,0.922047,0.607527,0.314520,0.723738,0.021117,0.526280,-0.247834,-0.247834
MOT20,V003,2328,S_r,1598,612,1601,0,0.790491,0.481632,0.308859,-0.967728,0.014317,0.589255,-0.890796,-0.890796
MOT20,V003,2331,S_r,1775,505,1769,0,0.910065,0.247460,0.662605,0.234280,0.013078,0.647564,-1.350042,-1.350042
MOT20,V003,2331,S_h,1447,705,1404,0,0.173727,0.016938,0.156789,,,0.855721,0.737164,-0.865947
MOT20,V003,2332,S_r,1634,629,1609,0,0.872534,0.007640,0.864894,0.999753,0.041311,0.045260,-1.815358,-1.815358
MOT20,V003,2332,S_r,1654,633,1671,0,0.779568,0.550682,0.228885,0.115918,0.012816,0.582626,-0.188104,-0.188104
MOT20,V003,2345,S_h,1492,613,1718,0,0.312002,0.262416,0.049585,,,0.466048,0.737954,-0.746597
MOT20,V003,2350,S_r,1598,613,1492,0,0.816043,0.529232,0.286812,0.358674,0.062915,0.406056,-0.540420,-0.540420
MOT20,V003,2351,S_h,1492,613,1492,0,0.686308,0.392820,0.293489,,,0.664303,0.233747,-0.989092
MOT20,V003,2352,S_h,1567,236,1455,0,0.385726,0.184753,0.200973,,,0.845109,0.572128,-0.980897
MOT20,V003,2354,S_r,1450,236,1567,0,0.741132,0.484916,0.256216,,0.044894,0.772334,-0.211843,-0.211843
MOT20,V003,2354,S_r,1598,613,1492,0,0.843180,0.555901,0.287279,-0.536875,0.060115,0.313472,-0.467110,-0.467110
MOT20,V003,2355,S_h,1567,236,1567,0,0.643713,0.430551,0.213161,,,0.757576,-0.860497,-0.860497
MOT20,V003,2358,S_r,1432,253,1472,0,0.676398,0.597679,0.078719,-0.873067,0.040767,0.610605,0.003117,-0.131442
MOT20,V003,2358,S_r,2003,689,1997,0,0.651256,0.000000,0.651256,0.991646,0.200081,0.000000,-1.448683,-1.448683
MOT20,V003,2361,S_h,1472,253,1432,0,0.495484,0.255794,0.239690,,,0.725240,-0.063219,-0.866094
MOT20,V003,2361,S_c,2008,558,1775,0,0.330340,0.318295,0.012045,,,0.708230,0.841485,-0.506966
MOT20,V003,2363,S_h,1432,253,1472,0,0.480105,0.414304,0.065801,,,0.613552,-0.016693,-0.742825
MOT20,V003,2374,S_h,1472,253,1432,0,0.808602,0.287314,0.521288,,,0.707092,-0.145556,-1.258266
MOT20,V003,2377,S_r,1598,610,1753,0,0.865325,0.285659,0.579666,0.744331,0.007868,0.439639,-1.180999,-1.180999
MOT20,V003,2381,S_h,1555,230,1665,0,0.197357,0.073793,0.123564,,,0.297396,0.334341,-0.531394
MOT20,V003,2381,S_r,1907,254,1468,0,0.975816,0.455715,0.520100,0.997645,0.007712,0.543620,-0.299252,-0.887871
MOT20,V003,2381,S_c,2023,576,1819,0,0.494922,0.334261,0.160661,,,0.763442,0.618061,-0.915872
MOT20,V003,2382,S_r,1404,253,1472,0,0.848389,0.667427,0.180962,-0.149805,0.043701,0.661442,-0.277188,-0.277188
MOT20,V003,2383,S_h,1472,253,1472,0,0.756967,0.265432,0.491534,,,0.663004,-0.396440,-1.166612
MOT20,V003,2384,S_r,1982,716,1988,0,0.966556,0.408258,0.558298,0.997047,0.034192,0.524353,-1.141240,-1.141240
MOT20,V003,2384,S_r,1988,723,1982,0,0.975215,0.392273,0.582942,0.993422,0.024313,0.639456,-1.141240,-1.141240
MOT20,V003,2391,S_r,1880,139,1787,0,0.958391,0.251323,0.707068,0.972768,0.018130,0.738908,-0.507368,-1.349969
MOT20,V003,2391,S_h,1787,140,1880,0,0.611137,0.411437,0.199700,,,0.762402,0.507368,-0.842601
MOT20,V003,2393,S_h,1468,254,1907,0,0.712078,0.223639,0.488440,,,0.436637,-1.069062,-1.069062
MOT20,V003,2394,S_h,1449,226,1590,0,0.542511,0.407242,0.135269,,,0.668122,-0.688915,-0.688915
MOT20,V003,2401,S_r,1796,140,1787,0,0.862334,0.550558,0.311775,0.967567,0.057183,0.652679,-0.637263,-0.637263
MOT20,V003,2401,S_r,1787,142,1796,0,0.898831,0.573344,0.325487,0.540114,0.008027,0.686548,-0.637263,-0.637263
MOT20,V003,2401,S_h,1495,221,1597,0,0.229257,0.156436,0.072821,,,0.780641,0.424032,-0.851468
MOT20,V004,7,S_c,2278,349,2254,0,0.416592,0.387360,0.029232,,,0.719469,0.639202,-0.652147
MOT20,V004,8,S_r,2254,573,2252,0,0.928278,0.417891,0.510387,0.928011,0.029815,0.507676,-0.870132,-0.870132
MOT20,V004,10,S_r,2253,374,2266,0,0.898642,0.422090,0.476553,0.901775,0.032389,0.448928,-0.294943,-0.536558
MOT20,V004,11,S_r,2248,373,2259,0,0.866000,0.437190,0.428810,0.819451,0.025155,0.616798,-0.973018,-0.973018
MOT20,V004,46,S_r,2324,1167,2321,0,0.892251,0.550221,0.342029,0.996784,0.041127,0.789041,-0.334585,-0.334585
MOT20,V004,48,S_c,2330,224,2276,0,0.432616,0.390004,0.042612,,,0.687321,0.689050,-0.784233
MOT20,V004,65,S_r,2337,297,2191,0,0.465746,0.416191,0.049555,0.998289,0.169134,0.676093,-0.622273,-0.622273
MOT20,V004,87,S_h,2201,376,2243,0,0.407855,0.057781,0.350074,,,0.782000,0.432896,-1.129885
MOT20,V004,89,S_h,2216,269,2226,0,0.502976,0.000000,0.502976,,,0.000000,-0.502976,-1.463840
MOT20,V004,95,S_r,2366,169,2185,0,0.903267,0.803550,0.099717,,0.017490,0.863388,0.009354,0.009354
MOT20,V004,97,S_c,2370,135,2086,0,0.555337,0.154255,0.401081,,,0.904027,0.391820,-1.222584
MOT20,V004,110,S_h,2185,169,2366,0,0.473573,0.390788,0.082785,,,0.789456,0.657250,-0.815403
MOT20,V004,117,S_r,2201,381,2214,0,0.733833,0.450996,0.282837,,0.075890,0.760900,-0.640735,-0.640735
MOT20,V004,118,S_r,2383,145,2375,0,0.404190,0.274805,0.129385,-0.854651,0.173664,1.000000,0.280324,-0.939477
MOT20,V004,118,S_r,2385,215,2380,0,0.927200,0.545513,0.381687,,0.020608,0.567354,-0.167815,-0.257591
MOT20,V004,119,S_h,2183,283,2256,0,0.568391,0.290755,0.277636,,,1.000000,0.134312,-0.342631
MOT20,V004,119,S_r,2388,427,2163,0,0.853425,0.683765,0.169660,,0.027160,0.712724,-0.289992,-0.289992
MOT20,V004,121,S_h,2163,427,2163,0,0.654429,0.053270,0.601159,,,0.770231,0.245040,-1.447675
MOT20,V004,122,S_r,2214,381,2201,0,0.940823,0.665217,0.275606,0.968325,0.022896,0.615448,-0.393052,-0.393052
MOT20,V004,123,S_r,2386,220,2351,0,0.922687,0.472042,0.450646,,0.020952,0.589977,-0.260810,-0.645288
MOT20,V004,130,S_r,2386,215,2385,0,0.970463,0.395136,0.575327,0.998916,0.045467,0.571536,-1.147762,-1.147762
MOT20,V004,131,S_h,2351,220,2386,0,0.366223,0.339862,0.026362,,,0.825054,0.751852,-0.804023
MOT20,V004,134,S_r,2221,378,2229,0,0.937322,0.360576,0.576746,0.153337,0.019430,0.603465,-1.041173,-1.041173
MOT20,V004,142,S_h,2402,174,2387,0,0.827290,0.562829,0.264461,,,0.779099,-0.588849,-0.588849
MOT20,V004,158,S_c,2416,243,2081,0,0.636795,0.316709,0.320086,,,0.794157,0.384403,-1.015391
MOT20,V004,166,S_r,2421,224,2330,0,0.931643,0.413310,0.518333,0.980688,0.073461,0.702643,-0.433644,-0.659896
MOT20,V004,168,S_r,2423,170,2179,0,0.936917,0.645134,0.291783,-0.433473,0.008450,0.820202,-0.406329,-0.406329
MOT20,V004,170,S_r,2386,220,2351,0,0.931476,0.265415,0.666061,0.980416,0.009814,0.468880,-1.351791,-1.351791
MOT20,V004,182,S_r,2419,26,2404,0,0.949858,0.680121,0.269736,,0.014045,0.387701,-0.234562,-0.424923
MOT20,V004,184,S_r,2427,169,2185,0,0.782494,0.507169,0.275325,-0.276601,0.023166,0.717557,-0.502944,-0.502944
MOT20,V004,206,S_h,2185,169,2427,0,0.641149,0.347233,0.293916,,,0.752918,0.485330,-1.046304
MOT20,V004,213,S_r,2404,81,2333,0,0.931472,0.669899,0.261574,0.926092,0.003814,0.909091,-0.112082,-0.112082
MOT20,V004,215,S_r,2445,205,2428,0,0.902857,0.498796,0.404062,0.592636,0.026819,0.505353,-0.358645,-0.358645
MOT20,V004,216,S_r,2333,81,2404,0,0.909775,0.668334,0.241441,0.919315,0.052244,0.905380,-0.439027,-0.439027
MOT20,V004,218,S_r,2382,215,2386,0,0.878301,0.522549,0.355752,0.419825,0.039606,0.825856,-0.864755,-0.864755
MOT20,V004,222,S_h,2330,215,2382,0,0.575896,0.391974,0.183922,,,0.771805,0.485271,-0.883806
MOT20,V004,238,S_r,2098,380,2143,0,0.948476,0.220243,0.728234,-0.174496,0.011138,0.311340,-1.406469,-1.406469
MOT20,V004,239,S_r,2143,380,2143,0,0.802848,0.250137,0.552711,-0.877096,0.028407,0.531959,-1.283908,-1.283908
MOT20,V004,240,S_h,2404,81,2333,0,0.664188,0.422326,0.241862,,,0.873524,-0.914168,-0.914168
MOT20,V004,245,S_h,2333,81,2404,0,0.807954,0.366530,0.441425,,,0.782383,-1.013339,-1.013339
MOT20,V004,296,S_r,2455,169,2185,0,0.942607,0.638324,0.304283,0.762062,0.005446,0.728271,-0.413484,-0.413484
MOT20,V004,297,S_h,2451,170,2423,0,0.418731,0.171463,0.247268,,,0.826446,0.620027,-1.098190
MOT20,V004,307,S_r,2494,81,2333,0,0.798472,0.578522,0.219950,,0.059395,0.812532,-0.549876,-0.549876
MOT20,V004,316,S_c,2499,261,2277,0,0.508557,0.149226,0.359331,,,0.993613,0.379519,-1.038919
MOT20,V004,332,S_h,2185,170,2451,0,0.809379,0.420220,0.389159,,,0.613042,-0.873478,-0.873478
MOT20,V004,333,S_h,2451,170,2451,0,0.923919,0.398138,0.525781,,,0.602010,-1.046331,-1.046331
MOT20,V004,335,S_r,2481,424,2178,0,0.957651,0.648274,0.309376,0.964418,0.013627,0.387444,-0.454200,-0.454200
MOT20,V004,338,S_r,2513,224,2421,0,0.952037,0.716716,0.235321,0.455711,0.014872,0.729762,-0.228669,-0.228669
MOT20,V004,340,S_h,2421,224,2513,0,0.825000,0.321723,0.503277,,,0.710468,-1.093320,-1.093320
MOT20,V004,342,S_r,2516,170,2451,0,0.883142,0.731871,0.151271,0.400819,0.026501,0.678721,0.005249,0.005249
MOT20,V004,351,S_c,2527,1167,2324,0,0.668908,0.431891,0.237017,,,0.946167,0.216930,-0.664833
MOT20,V004,365,S_r,2537,208,2512,0,0.825287,0.558702,0.266585,0.434018,0.033284,0.435831,-0.260535,-0.260535
MOT20,V004,366,S_h,2100,247,2097,0,0.428591,0.082741,0.345850,,,0.730769,0.332154,-1.051981
MOT20,V004,372,S_r,2352,26,2419,0,0.875164,0.527076,0.348088,0.027243,0.030385,0.487105,-0.272687,-0.520705
MOT20,V004,376,S_r,2419,81,2494,0,0.886479,0.664519,0.221959,,0.022179,0.727077,-0.606147,-0.606147
MOT20,V004,394,S_r,2455,170,2516,0,0.874965,0.545977,0.328987,0.478706,0.011279,0.863418,-0.434597,-0.434597
MOT20,V004,395,S_r,2516,169,2455,0,0.752935,0.476690,0.276245,0.961039,0.067513,0.794222,-0.663916,-0.663916
MOT20,V004,396,S_c,2549,81,2494,0,0.585607,0.422639,0.162968,,,0.865546,0.361804,-0.506648
MOT20,V004,408,S_r,2419,26,2352,0,0.951793,0.538196,0.413597,0.936640,0.015130,0.570226,-0.817622,-0.817622
MOT20,V004,413,S_r,2198,262,2398,0,0.945356,0.651011,0.294345,-0.437136,0.005131,0.825378,-0.080563,-0.080563
MOT20,V004,414,S_h,2544,169,2516,0,0.611346,0.351458,0.259887,,,0.806512,0.386075,-0.958520
MOT20,V004,416,S_c,2562,110,2062,0,0.511306,0.183092,0.328214,,,0.785714,0.606468,-1.249462
MOT20,V004,422,S_h,2115,1117,2097,0,0.730422,0.301207,0.429216,,,0.686237,-1.011837,-1.011837
MOT20,V004,423,S_r,2059,223,2228,0,0.962827,0.522668,0.440159,0.999996,0.012247,0.787702,-0.839973,-0.839973
MOT20,V004,423,S_h,2097,1117,2097,0,0.690680,0.413176,0.277504,,,0.668184,-0.936645,-0.936645
MOT20,V004,426,S_h,2398,262,2198,0,0.872867,0.398534,0.474333,,,0.650489,-1.004896,-1.004896
MOT20,V004,429,S_h,2198,262,2398,0,0.405336,0.063704,0.341632,,,0.688358,0.624201,-1.292112
MOT20,V004,431,S_r,2455,169,2544,0,0.962878,0.502470,0.460409,-0.153103,0.006789,0.776799,-0.915517,-0.915517
MOT20,V004,431,S_r,2544,170,2455,0,0.946279,0.496704,0.449575,0.948222,0.009406,0.886675,-0.879171,-0.879171
MOT20,V004,432,S_h,2079,195,2192,0,0.571303,0.222613,0.348689,,,0.695423,-0.333183,-1.086953
MOT20,V004,440,S_r,2276,224,2421,0,0.987708,0.662378,0.325330,0.998829,0.021133,0.673867,-0.416634,-0.416634
MOT20,V004,444,S_r,2059,222,2276,0,0.923449,0.266727,0.656723,0.939327,0.005344,0.571348,-0.425369,-1.384413
MOT20,V004,446,S_h,2134,193,2095,0,0.785627,0.367896,0.417732,,,0.953116,-0.012729,-1.112172
MOT20,V004,449,S_r,2059,224,2421,0,0.888546,0.303470,0.585075,0.991300,0.033707,0.639344,-1.224011,-1.224011
MOT20,V004,450,S_r,2065,193,2134,0,0.605827,0.506922,0.098905,-0.999436,0.121097,0.887725,0.071286,-0.582952
MOT20,V004,450,S_r,2315,194,2065,0,0.918767,0.359374,0.559394,-0.635227,0.015923,0.580753,-0.391427,-0.909381
MOT20,V004,455,S_r,2079,192,2315,0,0.770691,0.479935,0.290756,0.783498,0.028697,0.769580,-0.854751,-0.854751
MOT20,V004,459,S_r,2276,224,2059,0,0.946999,0.312874,0.634126,0.987441,0.011952,0.557735,-1.269817,-1.269817
MOT20,V004,478,S_r,2352,26,2419,0,0.931054,0.676319,0.254736,0.901909,0.039544,0.503183,-0.186410,-0.186410
MOT20,V004,479,S_h,2419,88,2352,0,0.611515,0.409048,0.202466,,,0.906144,0.424952,-0.831917
MOT20,V004,485,S_h,2077,230,2073,0,0.338949,0.065275,0.273674,,,0.652635,0.298072,-0.858734
MOT20,V004,485,S_r,2097,234,2207,0,0.936257,0.445851,0.490407,0.621575,0.001297,0.653617,-0.862256,-0.862256
MOT20,V004,485,S_r,2207,1117,2097,0,0.819462,0.484835,0.334627,0.881759,0.021429,0.638648,-0.160985,-0.913903
MOT20,V004,489,S_h,2568,228,2064,0,0.619514,0.190801,0.428713,,,0.893936,-0.019961,-0.948200
MOT20,V004,506,S_h,2499,128,2155,0,0.761861,0.461801,0.300060,,,0.788878,0.080101,-0.768344
MOT20,V004,506,S_r,2073,233,2116,0,0.874260,0.295456,0.578805,0.974922,0.031494,0.593909,-1.221582,-1.221582
MOT20,V004,508,S_r,2155,128,2155,0,0.803340,0.523646,0.279694,0.395263,0.042549,0.764037,-0.720526,-0.720526
MOT20,V004,511,S_h,2116,132,2073,0,0.456637,0.434349,0.022287,,,0.666465,0.733521,-0.806214
MOT20,V004,519,S_h,2604,164,2172,0,0.597020,0.320945,0.276075,,,0.911880,0.491941,-1.055783
MOT20,V004,529,S_h,2623,72,2405,0,0.824123,0.642467,0.181656,,,0.836819,-0.610812,-0.610812
MOT20,V004,542,S_r,2073,132,2116,0,0.844290,0.270920,0.573370,0.867359,0.009538,0.609119,-1.309669,-1.309669
MOT20,V004,555,S_r,2056,226,2281,0,0.893084,0.601412,0.291672,0.961704,0.026361,0.753031,-0.220074,-0.446028
MOT20,V004,563,S_h,2405,72,2623,0,0.813873,0.349874,0.463999,,,0.611710,-0.452974,-1.003111
MOT20,V004,564,S_h,2623,72,2623,0,0.747057,0.473933,0.273124,,,0.723982,-0.327447,-0.895422
MOT20,V004,565,S_h,2405,72,2623,0,0.827306,0.383602,0.443704,,,0.643082,-0.966496,-0.966496
MOT20,V004,574,S_h,2172,170,2544,0,0.504089,0.357699,0.146390,,,0.782155,0.372790,-0.661249
MOT20,V004,578,S_h,2432,167,2363,0,0.368555,0.278893,0.089661,,,0.760670,0.398438,-0.585263
MOT20,V004,597,S_r,2663,91,2470,0,0.886256,0.707399,0.178857,,0.019256,0.719766,-0.104782,-0.104782
MOT20,V004,599,S_h,2470,91,2663,0,0.848137,0.340299,0.507837,,,0.764045,-1.085016,-1.085016
MOT20,V004,601,S_h,2332,167,2432,0,0.259869,0.000000,0.259869,,,0.651194,0.687838,-1.207633
MOT20,V004,601,S_r,2544,169,2455,0,0.835610,0.551913,0.283697,-0.758380,0.023169,0.756539,-0.034630,-0.744540
MOT20,V004,611,S_h,2522,168,2332,0,0.398694,0.000621,0.398072,,,0.817257,0.386320,-1.261764
MOT20,V004,627,S_r,2651,159,2472,0,0.883976,0.635250,0.248726,,0.024625,0.394960,-0.161183,-0.161183
MOT20,V004,630,S_r,2472,159,2651,0,0.920817,0.561905,0.358913,,0.026292,0.313941,-0.433745,-0.433745
MOT20,V004,633,S_r,2455,170,2172,0,0.934854,0.630712,0.304141,0.999703,0.018155,0.948627,-0.248423,-0.248423
MOT20,V004,642,S_r,2697,1182,2681,0,0.771805,0.685080,0.086725,0.517764,0.073264,0.668136,0.043181,-0.088696
MOT20,V004,646,S_h,2172,170,2455,0,0.511022,0.033966,0.477056,,,0.859375,0.484736,-1.362174
MOT20,V004,648,S_c,2705,1182,2697,0,0.313535,0.193203,0.120332,,,0.993614,0.478409,-0.858224
MOT20,V004,651,S_h,2455,170,2172,0,0.586179,0.168522,0.417657,,,0.913967,0.426463,-1.240560
MOT20,V004,656,S_r,2470,65,2531,0,0.938832,0.687904,0.250928,0.724345,0.025811,0.626858,-0.121856,-0.121856
MOT20,V004,658,S_r,2710,69,2615,0,0.813199,0.804152,0.009047,-0.203335,0.014124,0.642370,0.157536,-0.206006
MOT20,V004,658,S_r,2313,77,2356,0,0.840500,0.419493,0.421007,-0.522058,0.029738,0.694668,-0.885092,-0.885092
MOT20,V004,659,S_h,2713,89,2313,0,0.477716,0.442836,0.034880,,,0.693717,0.446414,-0.595032
MOT20,V004,660,S_h,2651,1117,2207,0,0.454409,0.385915,0.068494,,,0.648220,0.527828,-0.605479
MOT20,V004,661,S_r,2615,69,2710,0,0.939188,0.667899,0.271289,0.970464,0.024400,0.752976,-0.575731,-0.575731
MOT20,V004,664,S_h,2531,65,2470,0,0.810465,0.274532,0.535933,,,0.394077,-1.257885,-1.257885
MOT20,V004,665,S_r,2722,153,2510,0,0.617706,0.588769,0.028937,-0.178985,0.034083,0.361121,-0.246002,-0.246002
MOT20,V004,667,S_r,2356,77,2313,0,0.958483,0.414938,0.543546,0.988182,0.012154,0.614442,-1.100550,-1.100550
MOT20,V004,670,S_h,2470,65,2531,0,0.302089,0.165643,0.136446,,,0.418338,0.817916,-1.061795
MOT20,V004,670,S_r,2677,143,2496,0,0.835417,0.513581,0.321836,0.980045,0.016421,0.759001,-0.514925,-0.514925
MOT20,V004,671,S_r,2402,146,2391,0,0.686748,0.404554,0.282194,-0.517703,0.053967,0.633982,-0.735297,-0.735297
MOT20,V004,671,S_h,2716,174,2402,0,0.677064,0.366464,0.310600,,,0.891091,0.365865,-0.824165
MOT20,V004,672,S_c,2727,125,2317,0,0.706189,0.232411,0.473778,,,0.808929,0.029678,-1.090301
MOT20,V004,673,S_h,2510,153,2722,0,0.691793,0.144090,0.547703,,,0.729218,0.017985,-1.209189
MOT20,V004,690,S_h,2496,143,2677,0,0.399073,0.353590,0.045482,,,0.651384,0.728352,-0.670159
MOT20,V004,693,S_r,2710,69,2615,0,0.742948,0.736769,0.006179,,0.052295,0.589081,0.147781,-0.250668
MOT20,V004,694,S_h,2615,69,2615,0,0.795173,0.526132,0.269041,,,0.695144,-0.676749,-0.747045
MOT20,V004,694,S_h,2677,146,2402,0,0.620029,0.187876,0.432154,,,0.785565,0.317296,-1.202242
MOT20,V004,696,S_r,2409,126,2314,0,0.959071,0.390542,0.568530,0.992760,0.016231,0.775185,-1.164106,-1.164106
MOT20,V004,697,S_h,2314,126,2314,0,0.431994,0.161849,0.270145,,,0.771167,0.236703,-0.840344
MOT20,V004,697,S_r,2375,146,2677,0,0.992093,0.407446,0.584647,0.998491,0.018744,0.580525,-1.150037,-1.150037
MOT20,V004,698,S_h,2479,172,2232,0,0.786535,0.457360,0.329175,,,0.594269,-0.007984,-0.921812
MOT20,V004,698,S_h,2677,173,2375,0,0.411925,0.150521,0.261404,,,0.636907,0.298172,-0.819538
MOT20,V004,698,S_h,2402,1118,2558,0,0.044249,0.036482,0.007767,,,0.090877,0.220635,-0.338592
MOT20,V004,699,S_r,2639,175,2670,0,0.710187,0.583792,0.126395,-0.947599,0.051750,0.127164,-0.085895,-0.085895
MOT20,V004,700,S_r,2479,171,2189,0,0.774973,0.609735,0.165238,0.917104,0.028418,0.568972,-0.488711,-0.488711
MOT20,V004,701,S_h,2232,172,2232,0,0.432722,0.429369,0.003352,,,0.729904,0.699040,-0.688085
MOT20,V004,702,S_r,2739,78,2634,0,0.862024,0.493730,0.368294,-0.300214,0.012167,0.493286,-0.697901,-0.697901
MOT20,V004,703,S_h,2670,175,2639,0,0.587907,0.001152,0.586756,,,0.722571,0.038938,-1.539940
MOT20,V004,709,S_r,2232,171,2479,0,0.670839,0.523573,0.147266,0.984305,0.084024,0.788059,-0.020558,-0.020558
MOT20,V004,710,S_r,2746,69,2615,0,0.948949,0.552792,0.396158,-0.341226,0.004569,0.740757,-0.806798,-0.806798
MOT20,V004,710,S_r,2722,153,2510,0,0.823024,0.751488,0.071536,-0.970819,0.037403,0.136646,-0.059102,-0.059102
MOT20,V004,711,S_r,2207,176,2525,0,0.970860,0.294031,0.676829,0.989949,0.016076,0.411148,-1.359728,-1.359728
MOT20,V004,712,S_r,2738,1060,2680,0,0.841072,0.647390,0.193682,0.993805,0.066944,0.321025,-0.289302,-0.289302
MOT20,V004,714,S_r,2752,143,2496,0,0.845533,0.402216,0.443318,-0.834782,0.026548,0.692502,-0.887579,-0.887579
MOT20,V004,718,S_h,2207,147,2319,0,0.855462,0.235438,0.620024,,,0.471907,-1.330441,-1.330441
MOT20,V004,719,S_h,2319,147,2319,0,0.772743,0.289195,0.483548,,,0.453983,-1.228479,-1.228479
MOT20,V004,719,S_r,2752,174,2716,0,0.765986,0.749581,0.016405,,0.099861,0.317206,-0.062857,-0.062857
MOT20,V004,720,S_h,2207,147,2319,0,0.833747,0.261309,0.572438,,,0.473575,-1.259647,-1.259647
MOT20,V004,720,S_h,2716,174,2716,0,0.652389,0.144926,0.507463,,,0.267233,-1.337250,-1.337250
MOT20,V004,721,S_c,2760,143,2752,0,0.338955,0.268043,0.070912,,,0.560149,0.821726,-0.964723
MOT20,V004,734,S_r,2727,112,2605,0,0.882942,0.546648,0.336294,,0.026159,0.990515,-0.171145,-0.171145
MOT20,V004,741,S_c,2777,98,2765,0,0.225467,0.165968,0.059499,,,0.485166,0.906078,-0.997270
MOT20,V004,741,S_r,2604,170,2455,0,0.963267,0.065883,0.897384,0.768708,0.011031,0.023847,-1.624688,-1.624688
MOT20,V004,754,S_h,2756,88,2419,0,0.590106,0.249954,0.340153,,,0.871849,0.462078,-1.153667
MOT20,V004,766,S_h,2739,1174,2643,0,0.444129,0.369459,0.074670,,,0.655188,0.738336,-0.910719
MOT20,V004,767,S_r,2786,89,2713,0,0.956208,0.543495,0.412712,0.993924,0.011363,0.733967,-0.764300,-0.764300
MOT20,V004,768,S_h,2643,78,2739,0,0.568928,0.205611,0.363317,,,0.713153,0.420363,-1.191586
MOT20,V004,775,S_r,2795,1182,2705,0,0.926403,0.751663,0.174740,0.615345,0.010728,0.633147,-0.086247,-0.086247
MOT20,V004,776,S_r,2797,176,2525,0,0.904473,0.607548,0.296925,0.977175,0.042552,0.872789,-0.687109,-0.687109
MOT20,V004,779,S_h,2083,44,2084,0,0.839316,0.358365,0.480951,,,0.548841,-1.036727,-1.036727
MOT20,V004,779,S_r,2473,160,2601,0,0.701386,0.621833,0.079554,0.999349,0.096731,0.345377,0.052507,0.052507
MOT20,V004,781,S_h,2601,156,2473,0,0.542714,0.345945,0.196769,,,0.536076,0.565887,-1.024069
MOT20,V004,786,S_c,2812,1066,2642,0,0.438094,0.437887,0.000207,,,0.699681,0.759016,-0.769543
MOT20,V004,789,S_h,2810,98,2777,0,0.420231,0.000000,0.420231,,,0.000000,-0.392291,-1.329890
MOT20,V004,792,S_r,2084,44,2083,0,0.896178,0.647262,0.248916,,0.033874,0.568055,-0.204682,-0.204682
MOT20,V004,794,S_r,2536,75,2467,0,0.944897,0.528333,0.416564,0.998331,0.018187,0.557153,-0.225350,-0.622347
MOT20,V004,794,S_r,2467,76,2536,0,0.866626,0.390970,0.475656,0.867024,0.046214,0.610545,-1.001779,-1.001779
MOT20,V004,796,S_r,2690,155,2652,0,0.846717,0.568326,0.278390,0.822899,0.035560,0.375830,-0.112530,-0.264509
MOT20,V004,797,S_c,2827,78,2643,0,0.696469,0.225097,0.471372,,,0.801985,0.333328,-1.244140
MOT20,V004,803,S_r,2470,51,2325,0,0.957347,0.526896,0.430451,0.969796,0.006574,0.691790,-0.888119,-0.888119
MOT20,V004,803,S_r,2325,65,2470,0,0.936703,0.479035,0.457668,-0.127971,0.010194,0.638401,-0.888119,-0.888119
MOT20,V004,805,S_r,2672,103,2673,0,0.834169,0.370016,0.464154,0.642964,0.055935,1.000000,-1.121731,-1.121731
MOT20,V004,806,S_r,2601,159,2472,0,0.887693,0.482069,0.405624,-0.120732,0.006673,0.753414,-0.922462,-0.922462
MOT20,V004,809,S_h,2784,83,2622,0,0.557302,0.384314,0.172988,,,0.831160,0.303975,-0.638133
MOT20,V004,815,S_r,2784,39,2622,0,0.588737,0.374801,0.213936,0.946197,0.046562,0.578648,-0.429757,-0.429757
MOT20,V004,816,S_h,2622,83,2784,0,0.528925,0.330145,0.198780,,,0.728009,0.358571,-0.858358
MOT20,V004,821,S_h,2536,87,2438,0,0.717982,0.329104,0.388878,,,0.798561,0.174991,-0.669387
MOT20,V004,821,S_r,2438,91,2470,0,0.723068,0.442559,0.280509,0.987196,0.058629,0.632598,-0.013478,-0.844378
MOT20,V004,823,S_c,2847,88,2756,0,0.616297,0.142795,0.473502,,,0.935098,0.342522,-1.296701
MOT20,V004,827,S_r,2438,75,2536,0,0.980050,0.438168,0.541882,0.984423,0.021227,0.651361,-1.029512,-1.029512
MOT20,V004,829,S_r,2643,51,2470,0,0.885247,0.840817,0.044430,0.863742,0.037085,0.624295,0.074515,0.074515
MOT20,V004,830,S_h,2470,51,2470,0,0.878950,0.379671,0.499279,,,0.612086,-1.106585,-1.106585
MOT20,V004,835,S_r,2375,173,2677,0,0.935635,0.665276,0.270359,0.823610,0.005881,0.981366,-0.576357,-0.576357
MOT20,V004,847,S_r,2651,83,2622,0,0.947069,0.540308,0.406761,0.907216,0.010212,0.389088,-0.261100,-0.551486
MOT20,V004,847,S_c,2866,91,2438,0,0.433183,0.190152,0.243031,,,0.697266,0.317260,-0.806072
MOT20,V004,854,S_h,2643,89,2786,0,0.187598,0.178776,0.008821,,,0.358356,0.926960,-0.950454
MOT20,V004,856,S_h,2383,143,2760,0,0.813004,0.323448,0.489555,,,0.637250,-1.052816,-1.052816
MOT20,V004,856,S_r,2864,1001,2831,0,0.961408,0.474350,0.487057,0.997974,0.007204,0.782939,-0.216267,-1.016076
MOT20,V004,857,S_r,2872,674,2131,0,0.939031,0.674220,0.264811,,0.015770,0.335304,-0.197083,-0.377212
MOT20,V004,858,S_r,2536,65,2325,0,0.924838,0.613659,0.311179,0.749742,0.017328,0.757428,-0.627502,-0.627502
MOT20,V004,858,S_r,2325,87,2536,0,0.943958,0.627635,0.316323,0.871834,0.014664,0.724663,-0.627502,-0.627502
MOT20,V004,858,S_r,2760,143,2383,0,0.993041,0.710592,0.282448,,0.001383,0.755732,-0.161979,-0.161979
MOT20,V004,861,S_h,2383,143,2383,0,0.662949,0.195837,0.467112,,,0.872650,0.390006,-1.281236
MOT20,V004,868,S_r,2622,83,2651,0,0.971486,0.516705,0.454781,0.785166,0.007196,0.593360,-0.903170,-0.903170
MOT20,V004,869,S_c,2882,8,2876,0,0.341521,0.253693,0.087828,,,0.417836,0.720060,-0.957170
MOT20,V004,870,S_r,2878,143,2383,0,0.967574,0.314297,0.653277,0.992734,0.013872,0.757292,-1.285290,-1.285290
MOT20,V004,872,S_h,2131,674,2872,0,0.324419,0.243513,0.080907,,,0.494285,0.606090,-0.767558
MOT20,V004,880,S_c,2894,1117,2651,0,0.322296,0.103853,0.218443,,,0.637387,0.755804,-1.138923
MOT20,V004,882,S_r,2890,997,2889,0,0.931694,0.485382,0.446312,0.999604,0.045761,0.614745,-0.266113,-0.266113
MOT20,V004,899,S_r,2643,54,2468,0,0.961066,0.249522,0.711544,0.905511,0.013133,0.700210,-0.274321,-1.446739
MOT20,V004,899,S_r,2468,71,2561,0,0.408849,0.392711,0.016138,-0.136061,0.352438,0.715353,0.631948,-0.356695
MOT20,V004,899,S_c,2909,89,2643,0,0.567377,0.175191,0.392185,,,0.710969,0.526053,-0.930560
MOT20,V004,901,S_r,2866,75,2438,0,0.805092,0.579610,0.225482,-0.956892,0.026226,0.475479,-0.480246,-0.480246
MOT20,V004,903,S_r,2335,48,2353,0,0.953015,0.701619,0.251396,,0.009221,0.477938,-0.300265,-0.300265
MOT20,V004,916,S_r,2438,75,2866,0,0.851534,0.452443,0.399091,0.885958,0.053250,0.667791,-0.718618,-0.718618
MOT20,V004,919,S_h,2917,1184,2807,0,0.575246,0.045120,0.530127,,,0.616920,0.273951,-0.530127
MOT20,V004,922,S_r,2927,83,2622,0,0.892377,0.669660,0.222716,0.769190,0.018057,0.544554,-0.247333,-0.247333
MOT20,V004,927,S_h,2622,83,2927,0,0.662388,0.164737,0.497652,,,0.937500,0.287272,-1.291723
MOT20,V004,933,S_r,2866,76,2467,0,0.954704,0.634033,0.320671,0.998568,0.009050,0.493148,-0.502074,-0.502074
MOT20,V004,934,S_h,2549,88,2847,0,0.563603,0.387261,0.176341,,,0.786028,0.588802,-0.916782
MOT20,V004,941,S_r,2467,91,2866,0,0.911551,0.503335,0.408216,0.838376,0.038453,0.691489,-0.825320,-0.825320
MOT20,V004,945,S_r,2353,48,2335,0,0.981971,0.492785,0.489186,0.883788,0.005123,0.619563,-0.960753,-0.960753
MOT20,V004,957,S_r,2600,87,2325,0,0.743432,0.634095,0.109337,0.549846,0.065076,0.549520,-0.034381,-0.270612
MOT20,V004,959,S_r,2325,87,2600,0,0.803042,0.597304,0.205739,,0.055921,0.657546,-0.391363,-0.391363
MOT20,V004,965,S_h,2942,921,2825,0,0.623672,0.412845,0.210826,,,0.837391,0.396979,-0.835194
MOT20,V004,966,S_h,2323,91,2467,0,0.651494,0.424102,0.227393,,,0.938509,0.434814,-0.878913
MOT20,V004,969,S_r,2468,87,2325,0,0.902501,0.330939,0.571562,0.592156,0.020325,0.507672,-1.188204,-1.188204
MOT20,V004,969,S_r,2744,1117,2894,0,0.937412,0.412624,0.524788,0.748722,0.023092,0.617347,-1.028201,-1.028201
MOT20,V004,969,S_r,2962,1165,2744,0,0.919137,0.473721,0.445416,,0.016018,0.728817,-0.915507,-0.915507
MOT20,V004,972,S_r,2967,1175,2607,0,0.772389,0.705454,0.066936,0.926361,0.057520,0.675516,0.158474,-0.234970
MOT20,V004,979,S_h,2774,12,2829,0,0.205154,0.000000,0.205154,,,0.393782,0.743607,-1.115184
MOT20,V004,983,S_h,2504,76,2866,0,0.560695,0.166126,0.394570,,,0.742331,0.260913,-1.192554
MOT20,V004,992,S_r,2607,1175,2967,0,0.809923,0.579296,0.230627,,0.085593,0.652388,0.081274,-0.468279
MOT20,V004,996,S_r,2643,87,2468,0,0.577059,0.312008,0.265051,-0.647846,0.487220,0.820069,0.191998,-0.792109
MOT20,V004,1003,S_c,2991,922,2830,0,0.808165,0.474351,0.333814,,,0.923214,0.247002,-0.912676
MOT20,V004,1004,S_r,2504,65,2536,0,0.910315,0.413575,0.496740,0.999997,0.039501,0.482476,-1.052938,-1.052938
MOT20,V004,1004,S_r,2536,76,2504,0,0.933956,0.377758,0.556199,0.861763,0.011996,0.673204,-1.052938,-1.052938
MOT20,V004,1009,S_r,2349,88,2549,0,0.854509,0.442740,0.411769,0.468630,0.044165,0.857143,-0.958371,-0.958371
MOT20,V004,1011,S_c,2994,87,2643,0,0.536929,0.431627,0.105301,,,0.671006,0.413056,-0.599841
MOT20,V004,1015,S_r,2942,814,2823,0,0.913288,0.485030,0.428258,-0.631217,0.015495,0.620830,-0.843691,-0.843691
MOT20,V004,1015,S_r,2823,921,2942,0,0.945889,0.530456,0.415433,-0.997362,0.006801,0.730316,-0.843691,-0.843691
MOT20,V004,1017,S_r,2549,88,2349,0,0.926558,0.303035,0.623522,0.002481,0.018500,0.743429,-1.324138,-1.324138
MOT20,V004,1018,S_c,2998,86,2565,0,0.537038,0.005975,0.531063,,,0.864902,0.372744,-1.415458
MOT20,V004,1026,S_r,2415,90,2467,0,0.959471,0.439007,0.520464,-0.774921,0.007128,0.685741,-1.056530,-1.056530
MOT20,V004,1037,S_c,3012,1171,3003,0,0.236496,0.122925,0.113572,,,0.579963,0.672208,-1.049376
MOT20,V004,1038,S_r,3003,1,3009,0,0.618890,0.398195,0.220695,0.999247,0.238089,0.250053,-0.050700,-0.050700
MOT20,V004,1042,S_c,3014,63,2627,0,0.550365,0.203311,0.347055,,,0.777117,0.524319,-1.242483
MOT20,V004,1045,S_h,2467,91,2323,0,0.638473,0.385190,0.253283,,,0.851213,0.478324,-0.966175
MOT20,V004,1049,S_h,2755,1196,2754,0,0.557988,0.340932,0.217056,,,0.493057,-0.918965,-0.918965
MOT20,V004,1053,S_r,2668,1155,2703,0,0.942147,0.750545,0.191602,0.895286,0.020410,0.537347,-0.110120,-0.110120
MOT20,V004,1054,S_h,2703,1155,2703,0,0.602403,0.369755,0.232648,,,0.589264,0.328806,-0.998606
MOT20,V004,1056,S_r,3002,1090,2879,0,0.911150,0.641354,0.269796,0.918788,0.009598,0.350201,-0.202247,-0.343002
MOT20,V004,1059,S_r,3020,16,2737,0,0.901664,0.650376,0.251288,0.839966,0.027445,0.810426,-0.493374,-0.493374
MOT20,V004,1061,S_r,3020,86,2998,0,0.896408,0.366384,0.530023,0.513036,0.027749,0.857143,-1.060048,-1.060048
MOT20,V004,1062,S_r,3018,1176,2714,0,0.962647,0.523203,0.439444,0.985387,0.005860,0.596142,-0.563245,-0.563245
MOT20,V004,1065,S_h,2737,16,3020,0,0.459515,0.351952,0.107563,,,0.723837,0.423406,-0.868993
MOT20,V004,1065,S_h,2998,86,3020,0,0.789138,0.258169,0.530969,,,0.891775,-0.423406,-1.292399
MOT20,V004,1065,S_c,3026,1211,3017,0,0.394657,0.289858,0.104799,,,0.685891,0.730622,-0.960632
MOT20,V004,1072,S_r,2590,70,2588,0,0.957764,0.479575,0.478189,0.998954,0.016220,0.636562,-0.913562,-0.913562
MOT20,V004,1072,S_c,3031,1211,3026,0,0.569775,0.276855,0.292920,,,0.799739,0.550455,-0.882550
MOT20,V004,1077,S_h,2983,1182,2795,0,0.620011,0.293683,0.326329,,,0.937778,0.236959,-0.926203
MOT20,V004,1079,S_c,3041,1107,3016,0,0.306650,0.100457,0.206193,,,0.997996,0.446839,-1.024218
MOT20,V004,1079,S_r,2674,1175,2607,0,0.762968,0.581382,0.181586,0.967713,0.058758,0.680321,-0.403545,-0.403545
MOT20,V004,1080,S_h,2607,1175,2607,0,0.688828,0.657041,0.031787,,,0.672031,-0.507040,-0.507040
MOT20,V004,1092,S_h,2703,1159,2674,0,0.679033,0.368136,0.310897,,,0.871213,0.221560,-0.882376
MOT20,V004,1100,S_c,3053,921,2823,0,0.597540,0.187764,0.409776,,,0.947109,0.194067,-1.042849
MOT20,V004,1101,S_h,2588,1159,2674,0,0.664362,0.416694,0.247668,,,0.829126,0.376830,-0.842112
MOT20,V004,1106,S_h,2714,63,3014,0,0.355650,0.295398,0.060252,,,0.529618,0.630413,-0.843572
MOT20,V004,1107,S_r,2588,1177,2668,0,0.485320,0.467243,0.018076,,0.266877,0.654468,0.268478,-0.672498
MOT20,V004,1108,S_r,3014,63,2714,0,0.879614,0.288324,0.591291,,0.022069,0.506959,-1.215603,-1.215603
MOT20,V004,1115,S_r,3057,1041,2339,0,0.890569,0.694989,0.195579,-0.999852,0.011227,0.676582,-0.344737,-0.344737
MOT20,V004,1116,S_h,3034,22,2570,0,0.709788,0.186974,0.522814,,,0.839941,-0.021341,-1.229398
MOT20,V004,1121,S_r,3064,85,2646,0,0.768312,0.354965,0.413347,0.840371,0.052769,0.731250,-0.842463,-0.842463
MOT20,V004,1133,S_r,2714,63,3014,0,0.789954,0.694906,0.095048,0.884794,0.036389,0.625857,-0.100767,-0.100767
MOT20,V004,1138,S_c,3074,1173,3067,0,0.258997,0.086243,0.172754,,,0.445444,0.418574,-0.855278
MOT20,V004,1140,S_c,3076,1036,2161,0,0.676709,0.261245,0.415463,,,0.805796,0.366751,-1.208636
MOT20,V004,1157,S_r,3014,63,2714,0,0.868797,0.712974,0.155823,,0.026971,0.796747,0.101452,-0.393606
MOT20,V004,1169,S_r,3090,1154,2656,0,0.817456,0.593970,0.223486,0.488903,0.050703,0.237008,-0.165989,-0.355618
MOT20,V004,1175,S_c,3103,921,3053,0,0.542137,0.288223,0.253915,,,0.872093,0.550853,-1.064573
MOT20,V004,1175,S_h,2572,996,2939,0,0.124830,0.096873,0.027957,,,0.251667,0.947454,-1.002753
MOT20,V004,1182,S_h,3051,1001,2864,0,0.628232,0.344226,0.284006,,,0.957430,0.171300,-0.732123
MOT20,V004,1184,S_h,3023,1001,2864,0,0.701233,0.327364,0.373870,,,0.924383,0.095958,-0.835670
MOT20,V004,1185,S_c,3111,1142,3105,0,0.142816,0.131231,0.011585,,,0.505049,0.853611,-0.988965
MOT20,V004,1194,S_h,3018,1159,2588,0,0.727153,0.549161,0.177991,,,0.809023,0.141425,-0.517108
MOT20,V004,1196,S_r,2983,1176,3018,0,0.827706,0.540999,0.286707,0.824871,0.047968,0.774360,-0.135286,-0.699430
MOT20,V004,1197,S_r,3118,1147,3055,0,0.617339,0.561255,0.056084,-0.994269,0.100871,0.825447,-0.174778,-0.174778
MOT20,V004,1201,S_h,3075,1182,2983,0,0.837483,0.560671,0.276812,,,0.774074,0.100838,-0.728249
MOT20,V004,1208,S_r,3130,1160,2282,0,0.616985,0.276220,0.340764,-0.997246,0.090907,0.888154,-0.466543,-0.979841
MOT20,V004,1211,S_r,2729,24,2751,0,0.913051,0.539836,0.373215,-0.751361,0.014755,0.995000,-0.800544,-0.800544
MOT20,V004,1211,S_r,3078,1147,3118,0,0.928034,0.327480,0.600555,0.399338,0.017852,0.472351,-1.235053,-1.235053
MOT20,V004,1218,S_r,2671,1172,3033,0,0.883126,0.577138,0.305988,0.184812,0.011007,0.898936,-0.588173,-0.588173
MOT20,V004,1220,S_r,3033,1170,3067,0,0.758593,0.344750,0.413843,-0.813604,0.020018,0.578218,-0.750154,-0.750154
MOT20,V004,1220,S_r,3067,1173,3074,0,0.861919,0.525609,0.336310,0.982435,0.011573,0.662162,-0.750154,-0.750154
MOT20,V004,1222,S_r,2901,1091,2849,0,0.956456,0.156384,0.800072,0.945576,0.017673,0.281264,-1.609040,-1.609040
MOT20,V004,1223,S_r,2792,1041,3057,0,0.843432,0.449556,0.393875,0.882010,0.048916,0.573098,-0.790819,-0.790819
MOT20,V004,1223,S_r,3057,1093,2792,0,0.868421,0.643137,0.225283,-0.707107,0.013305,0.745266,-0.464486,-0.464486
MOT20,V004,1226,S_r,2854,979,2851,0,0.934522,0.609930,0.324593,-0.900500,0.007406,0.692436,-0.689282,-0.689282
MOT20,V004,1227,S_r,3127,1125,2867,0,0.927080,0.686189,0.240891,0.911922,0.015193,0.479339,-0.328721,-0.328721
MOT20,V004,1231,S_r,3033,1172,3033,0,0.926410,0.354578,0.571832,0.741846,0.013155,0.644781,-1.134908,-1.134908
MOT20,V004,1235,S_r,2729,1170,3033,0,0.829090,0.374374,0.454716,0.691410,0.014799,0.825095,-0.976196,-0.976196
MOT20,V004,1236,S_r,2497,1077,2782,0,0.890590,0.320467,0.570122,-0.916514,0.037591,0.700887,-1.125244,-1.125244
MOT20,V004,1239,S_h,2851,979,2854,0,0.810083,0.461095,0.348989,,,0.613189,-0.726255,-0.726255
MOT20,V004,1240,S_h,2854,979,2854,0,0.843399,0.574160,0.269238,,,0.687729,-0.758499,-0.758499
MOT20,V004,1240,S_c,3156,1162,2497,0,0.604827,0.243423,0.361404,,,0.928257,0.300824,-1.053747
MOT20,V004,1242,S_c,3159,937,3139,0,0.260722,0.240172,0.020550,,,1.000000,0.732658,-0.777446
MOT20,V004,1244,S_r,2751,1170,2729,0,0.904011,0.314376,0.589634,0.996616,0.038401,0.654941,-0.664994,-0.664994
MOT20,V004,1245,S_c,3161,1045,2899,0,0.678748,0.487710,0.191037,,,0.829561,0.415538,-0.687659
MOT20,V004,1245,S_c,3162,1164,3155,0,0.490459,0.302774,0.187685,,,0.675960,0.495617,-0.839943
MOT20,V004,1246,S_r,3160,426,3151,0,0.542420,0.409489,0.132931,-0.990694,0.088942,0.772850,-0.801357,-0.801357
MOT20,V004,1250,S_c,3166,791,3028,0,0.414911,0.261599,0.153312,,,0.568478,0.635646,-0.994662
MOT20,V004,1250,S_h,3129,1153,2622,0,0.839391,0.403516,0.435875,,,0.556025,-0.986168,-0.986168
MOT20,V004,1252,S_c,3172,1151,2981,0,0.454485,0.432565,0.021920,,,0.760490,0.746257,-0.696700
MOT20,V004,1253,S_r,2844,997,2890,0,0.964212,0.419869,0.544344,0.348100,0.007346,0.483947,-1.102863,-1.102863
MOT20,V004,1253,S_r,2890,1081,2844,0,0.979281,0.446760,0.532521,0.927110,0.005172,0.736244,-1.064452,-1.064452
MOT20,V004,1262,S_r,2527,1074,3156,0,0.909408,0.240917,0.668491,0.915128,0.015545,0.704429,-0.474180,-1.418118
MOT20,V004,1263,S_r,3156,1167,2527,0,0.718595,0.435684,0.282912,,0.131634,0.822377,-0.106197,-0.899475
MOT20,V004,1265,S_r,2851,983,2854,0,0.948633,0.540025,0.408608,0.939342,0.011669,0.709696,-0.847977,-0.847977
MOT20,V004,1276,S_r,3046,1116,3021,0,0.543351,0.520406,0.022945,0.999947,0.415006,0.966102,0.536281,0.536281
MOT20,V004,1276,S_h,2739,1179,3118,0,0.437698,0.068070,0.369628,,,0.595000,0.562406,-1.362777
MOT20,V004,1279,S_r,2792,1040,2093,0,0.959298,0.370420,0.588878,0.090800,0.006116,0.467945,-0.583619,-1.045132
MOT20,V004,1279,S_r,2093,1041,2792,0,0.766157,0.309904,0.456253,0.433816,0.058900,0.532831,-1.045132,-1.045132
MOT20,V004,1280,S_r,3190,1039,2348,0,0.884722,0.647434,0.237288,-0.881210,0.026002,0.783179,-0.460333,-0.460333
MOT20,V004,1282,S_h,2918,1151,3172,0,0.575990,0.201942,0.374049,,,0.996364,-0.228591,-1.065340
MOT20,V004,1289,S_h,3156,1041,2093,0,0.396494,0.228550,0.167944,,,0.940559,0.481650,-0.879378
MOT20,V004,1304,S_r,3174,1166,3186,0,0.940235,0.552833,0.387402,0.283406,0.009030,0.752571,-0.775392,-0.775392
MOT20,V004,1304,S_r,3186,1181,3174,0,0.964788,0.576798,0.387990,0.591017,0.005530,0.742485,-0.775392,-0.775392
MOT20,V004,1306,S_r,2751,1145,3042,0,0.793244,0.592973,0.200271,,0.042715,0.790486,-0.034506,-0.034506
MOT20,V004,1308,S_h,3046,1161,2498,0,0.706358,0.152142,0.554216,,,0.846532,0.222570,-1.402063
MOT20,V004,1320,S_h,2093,979,2854,0,0.534120,0.404342,0.129778,,,0.709086,0.641074,-0.810966
MOT20,V004,1323,S_r,2832,427,2163,0,0.963491,0.449757,0.513733,0.928910,0.023397,0.623338,-1.016370,-1.016370
MOT20,V004,1323,S_r,2163,1095,2832,0,0.973546,0.470909,0.502637,0.529064,0.005881,0.628557,-1.016370,-1.016370
MOT20,V004,1328,S_c,3215,1003,2745,0,0.488282,0.438972,0.049310,,,0.662334,0.483624,-0.515574
MOT20,V004,1335,S_r,3012,1133,2946,0,0.497835,0.332862,0.164972,0.932357,0.080946,0.660364,-0.490293,-0.490293
MOT20,V004,1339,S_r,2962,1176,2983,0,0.921132,0.453630,0.467502,-0.424225,0.002634,0.987805,-0.791435,-0.791435
MOT20,V004,1343,S_r,2917,1042,2061,0,0.949896,0.486975,0.462921,0.090439,0.014460,0.706335,-0.949867,-0.949867
MOT20,V004,1343,S_r,2061,1085,2917,0,0.929147,0.495969,0.433178,0.734143,0.018184,0.692148,-0.441617,-0.928738
MOT20,V004,1359,S_h,2751,1133,3012,0,0.431773,0.421149,0.010625,,,0.776082,0.561191,0.561191
MOT20,V004,1377,S_h,3232,542,3101,0,0.742602,0.525821,0.216782,,,0.768039,-0.765754,-0.765754
MOT20,V004,1395,S_c,3250,1097,2914,0,0.245530,0.243776,0.001753,,,0.470576,0.961820,-0.971213
MOT20,V004,1418,S_r,3272,1000,3268,0,0.857988,0.622220,0.235768,,0.041291,0.546999,-0.147590,-0.147590
MOT20,V004,1428,S_c,3278,542,3232,0,0.311372,0.237485,0.073887,,,0.609800,0.744932,-0.883224
MOT20,V004,1429,S_c,3279,962,2948,0,0.695526,0.000000,0.695526,,,0.832084,0.285991,-1.644232
MOT20,V004,1430,S_c,3281,1097,3250,0,0.441611,0.313238,0.128373,,,0.602351,0.728229,-0.982864
MOT20,V004,1434,S_r,2741,913,2775,0,0.929692,0.579104,0.350588,0.996617,0.024169,0.742442,-0.693421,-0.693421
MOT20,V004,1434,S_r,2775,1113,2741,0,0.889583,0.371471,0.518112,0.528126,0.024100,0.831995,-1.051220,-1.051220
MOT20,V004,1441,S_h,2871,1045,3161,0,0.638276,0.203390,0.434886,,,0.460999,-1.152496,-1.152496
MOT20,V004,1462,S_r,3300,936,3066,0,0.811551,0.764364,0.047187,0.056334,0.053547,0.488097,-0.075020,-0.075020
MOT20,V004,1464,S_r,3161,1072,2871,0,0.949263,0.600782,0.348481,0.936824,0.010120,0.592549,-0.208251,-0.208251
MOT20,V004,1468,S_h,3299,983,2851,0,0.747305,0.283669,0.463636,,,0.446739,-0.208726,-1.219674
MOT20,V004,1468,S_r,3111,1078,2931,0,0.950137,0.337283,0.612854,0.748162,0.015309,0.663230,-1.268873,-1.268873
MOT20,V004,1470,S_r,2992,1079,2955,0,0.714099,0.378334,0.335765,0.136918,0.084184,0.766371,-0.893718,-0.893718
MOT20,V004,1470,S_r,3302,1101,3046,0,0.878061,0.759323,0.118737,,0.021234,0.699170,-0.246292,-0.246292
MOT20,V004,1477,S_r,3086,1141,3055,0,0.922822,0.704255,0.218567,0.878587,0.036892,0.787257,-0.374845,-0.374845
MOT20,V004,1478,S_h,2851,983,3299,0,0.227257,0.174091,0.053166,,,0.360195,0.704262,-0.819513
MOT20,V004,1479,S_r,2931,1079,2992,0,0.902904,0.267356,0.635548,0.933605,0.024463,0.448161,-1.281494,-1.281494
MOT20,V004,1484,S_r,2118,922,2991,0,0.941361,0.395830,0.545531,-0.967617,0.001487,0.766423,-1.131564,-1.131564
MOT20,V004,1484,S_r,2991,977,2118,0,0.991506,0.405473,0.586033,0.975419,0.014833,0.447687,-1.131564,-1.131564
MOT20,V004,1487,S_c,3310,921,3103,0,0.472403,0.111613,0.360790,,,0.779835,0.496239,-1.208927
MOT20,V004,1506,S_r,3321,1086,2754,0,0.534785,0.476277,0.058508,,0.253334,0.688516,-0.494607,-0.494607
MOT20,V004,1515,S_r,3329,1078,3111,0,0.890844,0.362074,0.528770,,0.029113,0.315195,-1.035348,-1.035348
MOT20,V004,1523,S_r,3328,999,3326,0,0.649475,0.474356,0.175118,0.958541,0.040788,0.689021,-0.671685,-0.671685
MOT20,V004,1523,S_r,3055,1083,2902,0,0.977683,0.664497,0.313186,0.957502,0.009069,0.780227,-0.628965,-0.628965
MOT20,V004,1531,S_h,3339,949,3338,0,0.714901,0.169388,0.545513,,,0.503972,-0.637458,-1.327262
MOT20,V004,1534,S_r,3326,1096,3328,0,0.846331,0.423926,0.422405,0.944858,0.011945,0.860870,-1.027538,-1.027538
MOT20,V004,1535,S_r,3359,989,3307,0,0.971421,0.649275,0.322146,,0.005574,0.196839,-0.231282,-0.334324
MOT20,V004,1548,S_r,3046,1101,3302,0,0.811997,0.520785,0.291212,,0.036142,0.864747,-0.604150,-0.604150
MOT20,V004,1561,S_h,2754,1097,3281,0,0.685804,0.665773,0.020031,,,0.882212,0.419566,-0.383883
MOT20,V004,1570,S_r,3363,968,3245,0,0.950727,0.674546,0.276182,,0.015472,0.807084,-0.161184,-0.161184
MOT20,V004,1572,S_h,3245,968,3363,0,0.825981,0.268269,0.557712,,,0.697959,-1.182679,-1.182679
MOT20,V004,1573,S_r,3351,1101,3046,0,0.916509,0.632460,0.284049,,0.018459,0.783945,-0.319025,-0.319025
MOT20,V004,1578,S_r,2726,1084,2731,0,0.947339,0.536196,0.411144,0.959180,0.027790,0.906409,-0.865485,-0.865485
MOT20,V004,1584,S_r,2731,1102,3210,0,0.742919,0.510946,0.231973,0.734611,0.054459,0.923766,-0.635163,-0.635163
MOT20,V004,1585,S_r,2754,1095,2163,0,0.927756,0.501842,0.425914,0.919145,0.014713,0.728869,-0.843487,-0.843487
MOT20,V004,1585,S_r,2163,1097,2754,0,0.943096,0.457482,0.485613,0.885762,0.017062,0.669713,-0.955360,-0.955360
MOT20,V004,1587,S_h,3046,1101,3351,0,0.606122,0.326298,0.279823,,,0.875050,0.317972,-0.913612
MOT20,V004,1588,S_r,2781,1066,2812,0,0.841314,0.562245,0.279069,0.990029,0.039336,1.000000,-0.115937,-0.115937
MOT20,V004,1589,S_r,2726,1075,3204,0,0.988806,0.346926,0.641880,0.903064,0.004007,0.631632,-1.270778,-1.270778
MOT20,V004,1590,S_r,2731,1098,2726,0,0.790156,0.424493,0.365663,0.996097,0.069040,0.848754,-0.829496,-0.829496
MOT20,V004,1591,S_r,2731,1084,2726,0,0.511850,0.495647,0.016203,0.509038,0.217387,0.725378,0.158180,-0.725928
MOT20,V004,1604,S_c,3402,1102,2731,0,0.471804,0.269618,0.202186,,,0.791444,0.552993,-0.986164
MOT20,V004,1610,S_r,2820,1095,2754,0,0.577856,0.307732,0.270124,0.997431,0.212108,0.894837,0.382107,-0.731484
MOT20,V004,1612,S_c,3408,1094,2820,0,0.556978,0.550687,0.006291,,,0.800000,0.590713,-0.569600
MOT20,V004,1614,S_r,2820,1091,2901,0,0.971864,0.385495,0.586369,0.976307,0.021339,0.554522,-1.189493,-1.189493
MOT20,V004,1614,S_r,2901,1095,2820,0,0.978696,0.375573,0.603124,0.993956,0.016174,0.548868,-1.189493,-1.189493
MOT20,V004,1619,S_c,3417,1094,3408,0,0.574460,0.313552,0.260908,,,0.772239,0.493896,-1.017470
MOT20,V004,1627,S_c,3424,1088,2905,0,0.433343,0.429228,0.004115,,,0.676113,0.635695,-0.734398
MOT20,V004,1629,S_r,2754,1091,2820,0,0.823786,0.710463,0.113324,,0.039346,0.612911,-0.077344,-0.077344
MOT20,V004,1635,S_h,3403,1092,2839,0,0.908029,0.574676,0.333353,,,0.750819,-0.708710,-0.708710
MOT20,V004,1636,S_r,3397,1090,3002,0,0.916761,0.300472,0.616290,-0.372558,0.013772,0.436654,-1.299480,-1.299480
MOT20,V004,1636,S_r,2820,1092,2839,0,0.792237,0.538080,0.254157,-0.414401,0.029315,0.476995,-0.252454,-0.326629
MOT20,V004,1637,S_h,2839,1092,2839,0,0.460719,0.433428,0.027291,,,0.597040,0.562515,-0.657987
MOT20,V004,1642,S_r,3333,884,2589,0,0.910469,0.468041,0.442428,0.998182,0.030177,0.697013,-0.941481,-0.941481
MOT20,V004,1643,S_h,3002,1090,3002,0,0.298594,0.254099,0.044496,,,0.449144,0.824369,-0.965277
MOT20,V004,1646,S_r,3209,1102,3402,0,0.517875,0.227071,0.290804,-0.999378,0.170123,0.433082,-0.560684,-0.560684
MOT20,V004,1648,S_c,3445,1015,3439,0,0.467411,0.308345,0.159066,,,0.674261,0.453362,-0.992682
MOT20,V004,1658,S_r,3449,1080,3130,0,0.879345,0.417197,0.462148,0.998881,0.040049,0.391637,-0.818266,-0.818266
MOT20,V004,1660,S_c,3457,508,3333,0,0.605237,0.385532,0.219705,,,0.804959,0.517554,-0.932566
MOT20,V004,1661,S_r,3454,950,3426,0,0.884869,0.730317,0.154551,0.999704,0.055713,0.727072,-0.027479,-0.027479
MOT20,V004,1662,S_c,3461,1047,3268,0,0.532171,0.019083,0.513088,,,0.918524,0.340997,-1.275910
MOT20,V004,1667,S_c,3467,1065,2906,0,0.406957,0.406401,0.000556,,,0.583087,0.858695,-0.675612
MOT20,V004,1677,S_r,2916,1094,3417,0,0.984141,0.258856,0.725285,0.981097,0.009974,0.409216,-1.445811,-1.445811
MOT20,V004,1678,S_r,2698,477,3227,0,0.976877,0.407131,0.569746,0.918159,0.017663,0.493234,-1.128238,-1.128238
MOT20,V004,1678,S_r,3227,642,2698,0,0.973084,0.414592,0.558492,0.461353,0.009739,0.724881,-1.128238,-1.128238
MOT20,V004,1678,S_h,3424,1087,2916,0,0.604041,0.329581,0.274461,,,0.552724,0.356801,-0.954213
MOT20,V004,1679,S_h,3268,1046,3347,0,0.263727,0.188608,0.075119,,,0.416549,0.866152,-0.993106
MOT20,V004,1687,S_r,3461,999,3328,0,0.945618,0.424690,0.520928,0.864544,0.014435,0.724121,-0.938884,-0.938884
MOT20,V004,1687,S_r,3328,1047,3461,0,0.876051,0.458096,0.417955,-0.567602,0.007302,0.569761,-0.938884,-0.938884
MOT20,V004,1688,S_h,3473,1097,2163,0,0.611532,0.572155,0.039377,,,0.660871,0.499833,-0.414069
MOT20,V004,1690,S_r,2163,1090,3002,0,0.866913,0.679454,0.187460,,0.037477,0.648160,-0.006596,-0.006596
MOT20,V004,1706,S_c,3496,1020,3493,0,0.403164,0.269395,0.133769,,,0.623960,0.727238,-0.984342
MOT20,V004,1711,S_c,3499,921,3310,0,0.468980,0.173355,0.295626,,,0.569158,0.509646,-1.230805
MOT20,V004,1712,S_r,3310,990,3332,0,0.831384,0.238099,0.593285,0.721873,0.072551,0.396338,-1.223241,-1.223241
MOT20,V004,1715,S_c,3502,991,3498,0,0.509721,0.060479,0.449242,,,0.572994,0.417489,-1.403053
MOT20,V004,1722,S_r,3030,791,3166,0,0.936951,0.479912,0.457038,0.379544,0.020438,0.566915,-0.239423,-0.755106
MOT20,V004,1729,S_c,3508,542,3278,0,0.438751,0.266441,0.172310,,,0.805825,0.249873,-0.598057
MOT20,V004,1737,S_r,3166,792,3030,0,0.712632,0.498586,0.214046,0.100625,0.066369,0.589518,0.194595,-0.742837
MOT20,V004,1741,S_r,3359,921,3499,0,0.853693,0.543720,0.309973,,0.028541,0.339874,-0.127498,-0.219939
MOT20,V004,1742,S_h,3499,989,3359,0,0.413634,0.109549,0.304085,,,0.522932,0.404585,-1.094983
MOT20,V004,1747,S_r,3202,1051,2498,0,0.957574,0.438212,0.519362,-0.156810,0.013739,0.742118,-1.052730,-1.052730
MOT20,V004,1749,S_r,3511,941,3391,0,0.959648,0.689220,0.270428,0.766069,0.006456,0.686519,-0.305231,-0.305231
MOT20,V004,1755,S_r,3202,1101,3046,0,0.967473,0.532461,0.435011,0.956674,0.010880,0.758529,-0.903885,-0.903885
MOT20,V004,1761,S_r,3029,962,3279,0,0.898200,0.567348,0.330852,0.870631,0.007388,0.572127,-0.601657,-0.601657
MOT20,V004,1762,S_c,3521,403,3345,0,0.715857,0.306335,0.409522,,,0.857908,0.221997,-1.060623
MOT20,V004,1763,S_c,3523,552,3516,0,0.468290,0.312657,0.155634,,,0.448759,-0.118647,-0.834062
MOT20,V004,1765,S_h,2061,958,3098,0,0.843064,0.385022,0.458042,,,0.638097,-1.060551,-1.060551
MOT20,V004,1769,S_r,3166,791,3030,0,0.963551,0.490019,0.473532,0.977281,0.034466,0.533906,-0.939784,-0.939784
MOT20,V004,1769,S_r,3030,792,3030,0,0.906172,0.439920,0.466252,0.989537,0.052555,0.764347,-0.939784,-0.939784
MOT20,V004,1780,S_r,3513,990,3310,0,0.946615,0.674495,0.272119,0.959180,0.013598,0.423291,-0.301522,-0.301522
MOT20,V004,1782,S_h,3098,958,2061,0,0.548415,0.126958,0.421457,,,1.000000,0.263399,-1.157962
MOT20,V004,1782,S_h,3310,990,3513,0,0.920668,0.175326,0.745342,,,0.254300,-1.457412,-1.457412
MOT20,V004,1783,S_r,3035,961,3027,0,0.866633,0.695379,0.171254,0.925973,0.031982,0.845951,-0.081395,-0.081395
MOT20,V004,1784,S_r,3070,960,3145,0,0.862026,0.793325,0.068701,0.160272,0.029103,0.770146,-0.291857,-0.291857
MOT20,V004,1785,S_r,2865,979,2093,0,0.957625,0.415011,0.542614,,0.000379,0.513901,-0.473667,-0.984620
MOT20,V004,1785,S_r,2093,981,2865,0,0.666762,0.369708,0.297054,-0.891924,0.025646,0.903893,-0.318566,-0.983074
MOT20,V004,1787,S_r,3145,960,3070,0,0.939575,0.615470,0.324105,,0.017177,0.766648,-0.647546,-0.647546
MOT20,V004,1808,S_h,3027,960,3145,0,0.801178,0.414758,0.386420,,,0.626915,-1.070142,-1.070142
MOT20,V004,1811,S_h,3145,1055,3070,0,0.539603,0.362550,0.177052,,,0.866187,0.189756,-0.593626
MOT20,V004,1812,S_h,3540,552,3523,0,0.708597,0.354462,0.354135,,,0.506588,-0.826586,-0.826586
MOT20,V004,1816,S_r,3557,527,3553,0,0.864622,0.539584,0.325038,,0.046814,1.000000,-0.472756,-0.472756
MOT20,V004,1817,S_h,3547,956,3093,0,0.597466,0.377586,0.219880,,,0.463889,-0.830740,-0.830740
MOT20,V004,1821,S_r,3523,552,3540,0,0.843569,0.477929,0.365640,0.604259,0.061701,0.643602,-0.914681,-0.914681
MOT20,V004,1824,S_r,3279,959,3110,0,0.967125,0.641463,0.325662,0.961524,0.008792,0.881900,-0.650331,-0.650331
MOT20,V004,1826,S_r,3540,552,3523,0,0.885871,0.665533,0.220338,0.770276,0.044054,0.677407,0.002105,0.002105
MOT20,V004,1826,S_r,3110,959,3279,0,0.652966,0.631416,0.021550,0.835845,0.097821,1.000000,-0.081808,-0.081808
MOT20,V004,1833,S_r,3145,962,3029,0,0.805051,0.618801,0.186250,0.956348,0.052916,0.560051,-0.104806,-0.329304
MOT20,V004,1838,S_r,3523,552,3540,0,0.966362,0.686656,0.279706,0.909953,0.024332,0.597550,-0.389217,-0.389217
MOT20,V004,1843,S_r,3540,552,3523,0,0.870329,0.634645,0.235685,0.297838,0.045081,0.554814,-0.234070,-0.234070
MOT20,V004,1843,S_r,3029,959,3110,0,0.915078,0.539684,0.375394,,0.018658,1.000000,-0.714164,-0.714164
MOT20,V004,1844,S_r,3110,959,3110,0,0.617944,0.459949,0.157995,-0.983059,0.025780,0.728941,-0.278720,-0.278720
MOT20,V004,1845,S_h,3029,959,3110,0,0.621259,0.210395,0.410864,,,0.755741,0.335849,-1.186530
MOT20,V004,1850,S_r,3279,962,3145,0,0.927514,0.559810,0.367704,0.994704,0.044932,0.609420,-0.279090,-0.761447
MOT20,V004,1850,S_r,2844,996,2572,0,0.948042,0.420288,0.527754,0.989299,0.019720,0.664151,-1.052983,-1.052983
MOT20,V004,1850,S_r,3583,997,2844,0,0.969560,0.444331,0.525229,-0.747409,0.006006,0.534898,-1.052983,-1.052983
MOT20,V004,1851,S_r,3110,959,3029,0,0.877490,0.470356,0.407135,0.254493,0.003502,0.981132,-0.198963,-0.709843
MOT20,V004,1854,S_r,3279,959,3110,0,0.713500,0.468129,0.245370,0.458643,0.018276,0.926558,-0.094427,-0.094427
MOT20,V004,1855,S_h,3110,959,3110,0,0.703940,0.274721,0.429219,,,0.829304,-1.177469,-1.177469
MOT20,V004,1856,S_r,3523,552,3540,0,0.829237,0.716417,0.112820,0.307949,0.074051,0.480263,-0.293596,-0.293596
MOT20,V004,1862,S_c,3595,443,3555,0,0.221420,0.000000,0.221420,,,0.468241,0.731457,-1.188463
MOT20,V004,1865,S_r,3231,993,2871,0,0.771165,0.746112,0.025053,0.796281,0.089783,0.689447,0.230224,0.230224
MOT20,V004,1867,S_h,3540,552,3523,0,0.851387,0.662595,0.188791,,,0.809223,-0.357323,-0.357323
MOT20,V004,1874,S_h,3523,552,3540,0,0.805901,0.426828,0.379073,,,0.606338,-0.163678,-0.972320
MOT20,V004,1875,S_c,3609,571,3335,0,0.526771,0.514693,0.012078,,,0.644316,0.624737,-0.681210
MOT20,V004,1881,S_c,3617,443,3595,0,0.648905,0.236872,0.412033,,,0.982879,0.271790,-1.160554
MOT20,V004,1885,S_r,3619,443,3595,0,0.876394,0.298007,0.578387,0.861200,0.011164,0.696177,-1.250992,-1.250992
MOT20,V004,1889,S_r,2871,993,3231,0,0.818619,0.288321,0.530298,0.999146,0.030066,0.584453,-1.135840,-1.135840
MOT20,V004,1893,S_r,3231,993,2871,0,0.872892,0.222715,0.650176,-0.363294,0.013630,0.401487,-0.513133,-0.756056
MOT20,V004,1895,S_h,3595,443,3619,0,0.589336,0.156207,0.433130,,,0.983692,0.193139,-1.152134
MOT20,V004,1895,S_r,3540,552,3523,0,0.926003,0.499875,0.426128,0.999882,0.028552,0.614161,-0.239491,-0.239491
MOT20,V004,1897,S_r,3523,552,3540,0,0.867465,0.716881,0.150584,,0.026999,0.540956,-0.265154,-0.265154
MOT20,V004,1899,S_r,3617,443,3595,0,0.876021,0.760193,0.115827,,0.022685,0.731494,-0.035672,-0.035672
MOT20,V004,1903,S_c,3628,539,3555,0,0.700376,0.341022,0.359354,,,0.879384,0.039259,-0.803462
MOT20,V004,1906,S_r,3184,968,3245,0,0.953377,0.585467,0.367909,-0.967617,0.005991,0.577015,-0.344388,-0.441975
MOT20,V004,1908,S_h,3595,443,3617,0,0.788841,0.558092,0.230749,,,0.908943,-0.507459,-0.507459
MOT20,V004,1908,S_h,3268,993,3231,0,0.259842,0.038144,0.221698,,,0.593953,0.302598,-0.838749
MOT20,V004,1911,S_r,3540,427,2832,0,0.912505,0.520926,0.391579,,0.017267,0.662681,-0.092931,-0.875080
MOT20,V004,1911,S_r,3619,443,3595,0,0.952920,0.491793,0.461127,0.986588,0.010631,0.724871,-0.347557,-0.347557
MOT20,V004,1913,S_r,3102,967,3188,0,0.957154,0.382732,0.574422,0.994661,0.086552,0.870410,-1.166874,-1.166874
MOT20,V004,1915,S_h,3258,993,3268,0,0.546016,0.093537,0.452479,,,0.995798,0.139676,-1.220043
MOT20,V004,1917,S_r,3145,1021,3276,0,0.868106,0.686180,0.181926,-0.572552,0.022084,0.643030,0.054426,-0.311902
MOT20,V004,1918,S_r,3261,1021,3276,0,0.749310,0.497001,0.252309,-0.088052,0.066910,0.678091,-0.401392,-0.401392
MOT20,V004,1919,S_r,3102,969,3197,0,0.860622,0.544167,0.316454,-0.191825,0.035883,1.000000,-0.284128,-0.284128
MOT20,V004,1921,S_r,3197,969,3102,0,0.519323,0.373980,0.145343,0.476786,0.018256,0.736948,-0.700689,-0.700689
MOT20,V004,1923,S_r,3102,969,3197,0,0.823817,0.614461,0.209356,,0.047625,0.636853,-0.119177,-0.119177
MOT20,V004,1925,S_r,3279,1021,3261,0,0.614616,0.524244,0.090372,-0.729944,0.106237,0.883036,-0.627077,-0.627077
MOT20,V004,1926,S_h,3258,997,3583,0,0.746113,0.351322,0.394792,,,0.624164,-1.081991,-1.081991
MOT20,V004,1929,S_h,3583,997,3258,0,0.571264,0.357141,0.214123,,,0.805423,-0.671323,-0.671323
MOT20,V004,1931,S_r,3261,1021,3279,0,0.977848,0.440478,0.537370,0.956635,0.030261,0.764279,-1.055094,-1.055094
MOT20,V004,1936,S_c,3641,947,3412,0,0.633503,0.497955,0.135547,,,0.912175,0.493268,-0.692298
MOT20,V004,1940,S_h,3145,965,3261,0,0.517399,0.350699,0.166700,,,0.813364,0.515577,-0.831256
MOT20,V004,1946,S_h,3640,903,2862,0,0.766266,0.263947,0.502319,,,0.339932,-1.175767,-1.175767
MOT20,V004,1946,S_r,3261,985,3190,0,0.921053,0.402500,0.518552,,0.020948,0.620589,-0.556319,-0.556319
MOT20,V004,1947,S_h,2862,903,2862,0,0.781178,0.319528,0.461650,,,0.428136,-1.182678,-1.182678
MOT20,V004,1947,S_r,3190,1021,3261,0,0.566111,0.389845,0.176266,-0.656247,0.094717,0.726562,-0.463574,-0.463574
MOT20,V004,1948,S_h,3640,903,2862,0,0.788016,0.271906,0.516109,,,0.340225,-1.174250,-1.174250
MOT20,V004,1949,S_h,2862,903,2862,0,0.795086,0.311102,0.483984,,,0.422235,-1.196116,-1.196116
MOT20,V004,1955,S_r,3656,1020,3496,0,0.917014,0.635288,0.281726,0.047277,0.006917,0.681317,-0.249316,-0.547092
MOT20,V004,1960,S_h,3628,541,3601,0,0.592090,0.357003,0.235088,,,0.916042,0.302039,-0.743458
MOT20,V004,1961,S_h,3601,539,3628,0,0.582870,0.514035,0.068836,,,0.894501,0.444207,-0.598315
MOT20,V004,1985,S_h,3531,466,3493,0,0.787664,0.577472,0.210192,,,0.817147,-0.629955,-0.629955
MOT20,V004,1990,S_h,3493,466,3531,0,0.837181,0.333437,0.503744,,,0.635329,-0.475284,-1.074499
MOT20,V004,1998,S_r,3506,939,3531,0,0.922853,0.466842,0.456011,0.122740,0.015103,0.765418,-0.940324,-0.940324
MOT20,V004,1999,S_r,3641,944,3384,0,0.871707,0.463294,0.408413,0.992075,0.033874,0.897959,-0.794546,-0.794546
MOT20,V004,2002,S_r,3628,539,3601,0,0.848877,0.709568,0.139309,-0.137640,0.051098,0.744717,0.101728,0.101728
MOT20,V004,2004,S_c,3684,541,3628,0,0.400643,0.333903,0.066740,,,0.717230,0.284697,-0.489146
MOT20,V004,2007,S_h,3681,903,2862,0,0.665558,0.312142,0.353416,,,0.395651,-1.011480,-1.011480
MOT20,V004,2007,S_r,3339,947,3641,0,0.968289,0.429665,0.538624,0.959304,0.010101,0.655040,-1.025170,-1.025170
MOT20,V004,2010,S_h,3601,541,3684,0,0.672386,0.516214,0.156172,,,0.787085,0.264581,-0.623091
MOT20,V004,2011,S_r,3641,949,3339,0,0.881480,0.309008,0.572472,0.186929,0.019179,0.828784,-1.271996,-1.271996
MOT20,V004,2013,S_c,3687,939,3531,0,0.378493,0.258671,0.119822,,,0.706161,0.738448,-0.992519
MOT20,V004,2015,S_r,3511,1020,3656,0,0.781065,0.560950,0.220115,0.993658,0.027182,0.682187,-0.280814,-0.280814
MOT20,V004,2021,S_r,2099,1012,3185,0,0.891297,0.601460,0.289837,0.800000,0.025432,0.269069,-0.336849,-0.336849
MOT20,V004,2024,S_c,3697,509,3375,0,0.413906,0.299709,0.114197,,,0.823248,0.638615,-0.857360
MOT20,V004,2027,S_r,3185,976,2099,0,0.608702,0.427124,0.181578,,0.128839,0.543284,-0.451225,-0.451225
MOT20,V004,2032,S_h,3701,918,3700,0,0.554200,0.274682,0.279517,,,0.507372,-1.084368,-1.084368
MOT20,V004,2033,S_c,3703,939,3687,0,0.426526,0.162651,0.263875,,,0.770270,0.646712,-1.186174
MOT20,V004,2033,S_r,3493,1015,3445,0,0.908103,0.309691,0.598411,0.810807,0.033360,0.651628,-1.292371,-1.292371
MOT20,V004,2034,S_h,3445,1015,3445,0,0.687773,0.331922,0.355851,,,0.823597,-0.964980,-0.964980
MOT20,V004,2036,S_r,3506,939,3687,0,0.740446,0.294723,0.445723,-0.748397,0.008842,0.685022,-1.013315,-1.013315
MOT20,V004,2038,S_r,3589,539,3628,0,0.965145,0.584915,0.380230,0.959159,0.023764,0.796535,-0.794011,-0.794011
MOT20,V004,2038,S_r,3628,540,3589,0,0.971640,0.557860,0.413781,0.823084,0.012213,0.674976,-0.794011,-0.794011
MOT20,V004,2041,S_r,3474,466,3493,0,0.535857,0.344352,0.191505,-0.301658,0.287596,0.757387,0.506676,0.506676
MOT20,V004,2041,S_r,3445,467,3506,0,0.819033,0.454641,0.364392,0.667728,0.015872,0.735978,-0.916970,-0.916970
MOT20,V004,2043,S_r,3506,1015,3445,0,0.743712,0.298969,0.444743,0.996160,0.061209,0.923393,-1.119210,-1.119210
MOT20,V004,2047,S_r,2099,976,3185,0,0.981732,0.599930,0.381802,0.989949,0.019739,0.000000,-0.381802,-0.381802
MOT20,V004,2049,S_r,3445,939,3506,0,0.806661,0.363562,0.443099,0.557232,0.028362,0.694422,-1.073260,-1.073260
MOT20,V004,2054,S_c,3719,542,3508,0,0.337578,0.101470,0.236108,,,0.812500,0.512168,-0.995760
MOT20,V004,2055,S_h,3203,977,2991,0,0.355587,0.269297,0.086290,,,0.429789,-0.299957,-0.299957
MOT20,V004,2063,S_c,3723,939,3445,0,0.305455,0.258710,0.046745,,,0.586216,0.426763,-0.539457
MOT20,V004,2070,S_c,3728,876,3726,0,0.610642,0.403090,0.207552,,,0.588139,0.112056,-0.656870
MOT20,V004,2075,S_r,3715,504,3400,0,0.818745,0.634330,0.184416,-0.923181,0.017081,0.615144,0.050651,-0.283619
MOT20,V004,2076,S_r,3729,466,3474,0,0.502193,0.392039,0.110154,-0.484067,0.218287,0.731787,0.496653,-0.713666
MOT20,V004,2094,S_r,3740,552,3523,0,0.884032,0.674486,0.209546,-0.999930,0.033044,0.388147,-0.051987,-0.373468
MOT20,V004,2122,S_r,3126,542,3719,0,0.868357,0.000000,0.868357,0.170464,0.009032,0.000000,-1.848723,-1.848723
MOT20,V004,2141,S_r,3523,477,2698,0,0.968355,0.304030,0.664325,0.779548,0.008705,0.630782,-1.193912,-1.193912
MOT20,V004,2141,S_r,3757,593,3753,0,0.902390,0.780469,0.121920,,0.033371,0.555584,-0.129258,-0.129258
MOT20,V004,2142,S_h,3753,593,3753,0,0.793599,0.256911,0.536689,,,0.497567,-1.236503,-1.236503
MOT20,V004,2144,S_h,3766,453,3465,0,0.729613,0.345587,0.384026,,,0.795411,-1.012149,-1.012149
MOT20,V004,2146,S_r,2698,552,3740,0,0.890692,0.571238,0.319454,,0.026415,0.328909,-0.189518,-0.490425
MOT20,V004,2148,S_r,3589,394,3764,0,0.958043,0.624123,0.333919,0.945910,0.018946,0.964505,-0.670296,-0.670296
MOT20,V004,2150,S_r,2060,535,2141,0,0.816034,0.803551,0.012483,,0.048298,0.698232,-0.102672,-0.102672
MOT20,V004,2155,S_h,3465,453,3766,0,0.629600,0.393888,0.235712,,,0.839416,-0.191310,-0.858230
MOT20,V004,2155,S_h,3768,885,3663,0,0.118458,0.008883,0.109575,,,0.388605,0.661150,-0.935113
MOT20,V004,2156,S_h,3766,453,3766,0,0.686608,0.349619,0.336990,,,0.809925,-0.908235,-0.908235
MOT20,V004,2160,S_r,3768,532,3782,0,0.644505,0.351769,0.292736,-0.948611,0.061725,0.537931,-0.644869,-0.644869
MOT20,V004,2163,S_r,3675,540,3628,0,0.856054,0.239782,0.616272,,0.010565,0.679825,-0.693694,-1.384112
MOT20,V004,2169,S_c,3799,885,3768,0,0.307071,0.000000,0.307071,,,0.493274,0.633205,-1.265709
MOT20,V004,2196,S_r,3773,433,2046,0,0.951708,0.432986,0.518722,0.758707,0.019808,0.610593,-0.995376,-0.995376
MOT20,V004,2199,S_r,3394,465,3538,0,0.723823,0.472964,0.250859,0.912874,0.055572,0.641793,-0.772306,-0.772306
MOT20,V004,2204,S_h,3556,488,3431,0,0.769994,0.321875,0.448119,,,0.624384,-0.989700,-0.989700
MOT20,V004,2208,S_r,3431,488,3556,0,0.890877,0.677062,0.213815,0.395687,0.030316,0.810271,-0.196153,-0.321153
MOT20,V004,2211,S_h,2046,425,2066,0,0.569067,0.436685,0.132382,,,0.725970,0.025697,0.025697
MOT20,V004,2211,S_r,3826,480,3286,0,0.860235,0.394145,0.466090,-0.692485,0.027691,0.652361,-0.964186,-0.964186
MOT20,V004,2211,S_r,3286,482,3620,0,0.941230,0.443134,0.498095,0.855539,0.022213,0.468953,-0.964186,-0.964186
MOT20,V004,2216,S_h,3392,503,3377,0,0.414828,0.229915,0.184913,,,0.826923,0.703840,-0.791660
MOT20,V004,2219,S_r,3529,469,3518,0,0.851474,0.260277,0.591196,0.519947,0.045375,0.530841,-0.326368,-1.342687
MOT20,V004,2220,S_r,3636,500,3731,0,0.811944,0.661429,0.150515,0.903704,0.064676,0.519478,-0.230834,-0.230834
MOT20,V004,2223,S_r,3392,469,3518,0,0.914489,0.423393,0.491096,0.404164,0.010063,0.703959,-1.014599,-1.014599
MOT20,V004,2224,S_r,3731,500,3636,0,0.903668,0.723068,0.180599,0.999133,0.053094,0.601066,-0.112050,-0.112050
MOT20,V004,2224,S_c,3832,547,3749,0,0.361384,0.205989,0.155395,,,0.691057,0.509990,-0.718431
MOT20,V004,2233,S_h,3636,500,3731,0,0.910714,0.304164,0.606550,,,0.614266,-1.302809,-1.302809
MOT20,V004,2238,S_c,3842,425,2046,0,0.634536,0.476136,0.158399,,,0.629359,0.109879,-0.494280
MOT20,V004,2251,S_r,3832,410,3735,0,0.908377,0.464311,0.444067,0.995679,0.037056,0.647871,-0.850848,-0.850848
MOT20,V004,2259,S_r,2046,400,3543,0,0.954839,0.439611,0.515227,0.852446,0.016413,0.391264,-0.370074,-0.370074
MOT20,V004,2260,S_h,3735,547,3832,0,0.832123,0.466975,0.365148,,,0.851765,0.052673,-0.926955
MOT20,V004,2266,S_c,3857,505,3466,0,0.384631,0.029368,0.355263,,,0.544153,0.573017,-1.315874
MOT20,V004,2270,S_h,3845,547,3735,0,0.608525,0.261309,0.347217,,,0.812905,0.264704,-1.028209
MOT20,V004,2270,S_r,3735,548,3743,0,0.878724,0.389206,0.489517,0.845115,0.036408,0.606101,-1.099345,-1.099345
MOT20,V004,2271,S_r,3859,532,3768,0,0.837418,0.490669,0.346748,,0.037548,0.830969,-0.452406,-0.452406
MOT20,V004,2272,S_h,3631,500,3636,0,0.368038,0.299383,0.068655,,,0.518848,0.716445,-0.891641
MOT20,V004,2275,S_h,3743,529,3836,0,0.132519,0.000620,0.131900,,,0.205861,0.807800,-1.114929
MOT20,V004,2279,S_r,3845,408,3539,0,0.881722,0.403162,0.478560,0.586696,0.023842,0.541438,-0.941118,-0.941118
MOT20,V004,2279,S_r,3539,547,3845,0,0.828030,0.365472,0.462557,-0.841067,0.026578,0.639666,-0.941118,-0.941118
MOT20,V004,2298,S_r,3539,548,3735,0,0.733507,0.422372,0.311135,-0.444634,0.064063,0.889534,0.305808,-0.520530
MOT20,V004,2302,S_r,3539,410,3832,0,0.911131,0.266718,0.644413,,0.013264,0.457854,-1.034908,-1.034908
MOT20,V004,2302,S_r,3832,547,3539,0,0.711964,0.321469,0.390495,0.986371,0.049362,0.716024,-0.020482,-1.034908
MOT20,V004,2305,S_r,3866,408,3845,0,0.902760,0.553982,0.348778,0.959542,0.050447,0.583010,-0.288695,-0.288695
MOT20,V004,2320,S_h,3768,530,3810,0,0.742030,0.400915,0.341115,,,0.723059,-0.798691,-0.798691
MOT20,V004,2323,S_r,3810,530,3768,0,0.830963,0.561605,0.269358,-0.988035,0.014852,0.815364,-0.713828,-0.713828
MOT20,V004,2324,S_r,3881,876,3728,0,0.975630,0.627980,0.347650,0.998250,0.021822,0.784420,-0.342425,-0.342425
MOT20,V004,2329,S_h,3845,532,3859,0,0.370154,0.203953,0.166201,,,0.852778,0.607118,-0.919229
MOT20,V004,2332,S_h,3832,548,3735,0,0.721655,0.327202,0.394453,,,0.936577,0.253241,-1.083627
MOT20,V004,2333,S_c,3895,918,3701,0,0.396057,0.275077,0.120979,,,0.593295,0.363923,-0.666730
MOT20,V004,2335,S_r,3832,410,3539,0,0.781469,0.613412,0.168057,0.954035,0.078518,0.657591,-0.442734,-0.442734
MOT20,V004,2335,S_r,3539,548,3735,0,0.745848,0.471172,0.274677,0.364933,0.044895,0.653670,-0.442734,-0.442734
MOT20,V004,2344,S_h,3521,402,2042,0,0.448462,0.119562,0.328900,,,0.300341,-1.145232,-1.145232
MOT20,V004,2360,S_r,3605,520,3618,0,0.925757,0.128040,0.797717,0.406138,0.016172,0.397381,-1.620345,-1.620345
MOT20,V004,2364,S_c,3915,547,3832,0,0.643705,0.328026,0.315679,,,0.885000,0.363713,-1.003953
MOT20,V004,2365,S_r,3903,1206,3908,0,0.914379,0.729986,0.184393,-0.996750,0.009403,0.000000,-0.184393,-0.184393
MOT20,V004,2367,S_h,3743,527,3557,0,0.445093,0.319383,0.125710,,,0.851775,0.509838,-0.742172
MOT20,V004,2387,S_r,3915,548,3539,0,0.432689,0.357349,0.075340,-0.725969,0.192475,0.618093,0.675211,0.675211
MOT20,V004,2388,S_h,3539,547,3915,0,0.215828,0.176550,0.039277,,,0.478305,0.914424,-0.980732
MOT20,V004,2404,S_r,3552,408,3866,0,0.921587,0.647005,0.274581,0.968427,0.016653,0.814262,-0.500429,-0.500429
MOT20,V004,2406,S_r,3927,603,3848,0,0.961291,0.486391,0.474900,0.994757,0.004258,0.379370,-0.632910,-0.632910
MOT20,V004,2408,S_c,3932,726,3924,0,0.406373,0.187942,0.218431,,,0.589772,0.585658,-1.065688
MOT20,V004,2413,S_r,3848,603,3927,0,0.979251,0.308120,0.671131,0.981425,0.011736,0.550889,-1.304327,-1.304327
MOT20,V004,2414,S_c,3936,580,3814,0,0.427535,0.304137,0.123399,,,0.611028,0.704491,-0.970733
MOT20,V004,2436,S_c,3944,626,3904,0,0.570380,0.218042,0.352337,,,1.000000,0.223302,-0.917783
MOT20,V004,2459,S_r,3955,1206,3903,0,0.909499,0.672672,0.236827,0.999554,0.002497,0.751966,-0.097045,-0.317664
MOT20,V004,2472,S_r,3847,724,3856,0,0.641528,0.386576,0.254952,0.995162,0.078261,0.521117,-0.794279,-0.794279
MOT20,V004,2479,S_r,3646,449,3643,0,0.774016,0.396602,0.377414,0.999052,0.040561,0.805427,-0.568776,-0.568776
MOT20,V004,2498,S_c,3975,597,3937,0,0.300461,0.266064,0.034398,,,0.539639,0.876644,-0.943067
MOT20,V004,2500,S_r,3972,390,3734,0,0.832228,0.297513,0.534715,0.519712,0.009927,0.668987,-0.785147,-0.785147
MOT20,V004,2501,S_r,3977,1206,3955,0,0.937155,0.666566,0.270590,-0.980581,0.001273,0.391948,-0.358003,-0.358003
MOT20,V004,2504,S_c,3979,602,3847,0,0.357423,0.275963,0.081460,,,0.702560,0.620299,-0.821579
MOT20,V004,2519,S_r,3972,388,3807,0,0.756219,0.253672,0.502546,0.999651,0.068736,0.885366,-1.232792,-1.232792
MOT20,V004,2519,S_c,3988,900,3677,0,0.503604,0.386694,0.116910,,,0.725575,0.349427,-0.636281
MOT20,V004,2535,S_r,3651,448,3646,0,0.963164,0.491403,0.471762,1.000000,0.021817,1.000000,-0.976708,-0.976708
MOT20,V004,2551,S_r,3773,440,3711,0,0.724530,0.598815,0.125715,0.999742,0.026393,0.865199,-0.170530,-0.170530
MOT20,V004,2553,S_h,3711,440,3773,0,0.821033,0.406507,0.414526,,,0.845654,-0.958534,-0.958534
MOT20,V004,2553,S_r,4008,571,3609,0,0.940896,0.646379,0.294517,,0.010433,0.620556,-0.091424,-0.422969
MOT20,V004,2556,S_c,4011,433,3773,0,0.379776,0.291064,0.088712,,,0.767486,0.747503,-0.913073
MOT20,V004,2565,S_r,4014,622,3865,0,0.781680,0.435106,0.346573,-0.643933,0.045631,0.710053,-0.047678,-0.864360
MOT20,V004,2574,S_h,3865,622,4014,0,0.441086,0.144187,0.296899,,,0.739823,0.676332,-1.267864
MOT20,V004,2582,S_h,3609,571,4008,0,0.443213,0.055929,0.387284,,,0.646893,0.356810,-1.155293
MOT20,V004,2594,S_r,3959,644,4005,0,0.964994,0.392295,0.572699,0.950724,0.006515,0.668464,-1.085788,-1.085788
MOT20,V004,2594,S_r,4005,830,3959,0,0.920951,0.407862,0.513089,0.908631,0.024758,0.540045,-1.085788,-1.085788
MOT20,V004,2596,S_r,3937,622,3865,0,0.965343,0.616572,0.348771,,0.009453,0.934515,-0.690711,-0.690711
MOT20,V004,2611,S_h,3757,573,2254,0,0.469681,0.407126,0.062556,,,0.594278,0.242997,-0.370195
MOT20,V004,2611,S_c,4041,1206,3977,0,0.134937,0.021562,0.113375,,,0.461342,0.745905,-1.018913
MOT20,V004,2612,S_h,2254,573,2254,0,0.652522,0.565583,0.086939,,,0.718025,0.173542,-0.685844
MOT20,V004,2631,S_h,3562,583,3787,0,0.388362,0.353263,0.035099,,,0.586542,0.663140,-0.787105
MOT20,V004,2634,S_c,4053,621,3937,0,0.369480,0.267710,0.101771,,,0.753363,0.711725,-0.911483
MOT20,V004,2636,S_r,4055,600,4046,0,0.921591,0.404677,0.516914,0.887533,0.025476,0.584514,-1.067577,-1.067577
MOT20,V004,2640,S_c,4060,910,3562,0,0.475472,0.079673,0.395799,,,0.676256,0.381673,-1.149957
MOT20,V004,2649,S_r,3619,442,3546,0,0.965582,0.462900,0.502682,0.981670,0.018130,0.702660,-1.040823,-1.040823
MOT20,V004,2676,S_r,4077,1206,4041,0,0.915519,0.700727,0.214792,-0.751041,0.005955,0.514953,-0.137390,-0.137390
MOT20,V004,2679,S_r,3946,398,3965,0,0.741045,0.424598,0.316447,-0.993346,0.094710,0.994361,-0.920739,-0.920739
MOT20,V004,2679,S_h,4041,1206,4077,0,0.708220,0.078902,0.629318,,,0.424544,-1.442458,-1.442458
MOT20,V004,2692,S_r,4082,604,3834,0,0.894702,0.681382,0.213320,-0.996347,0.005280,0.628587,-0.132153,-0.132153
MOT20,V004,2704,S_r,4087,725,3989,0,0.842505,0.766188,0.076317,0.912820,0.060042,0.639133,-0.029776,-0.029776
MOT20,V004,2705,S_r,3834,611,3870,0,0.880284,0.782793,0.097491,-0.847156,0.025517,0.628886,0.004741,-0.136748
MOT20,V004,2714,S_r,3619,436,3235,0,0.875372,0.358715,0.516657,-0.992970,0.019662,0.700509,-1.140293,-1.140293
MOT20,V004,2714,S_r,3235,594,3259,0,0.952770,0.329134,0.623637,0.283346,0.011385,0.434508,-1.140293,-1.140293
MOT20,V004,2715,S_r,3870,610,3986,0,0.826378,0.460524,0.365854,0.236981,0.021232,0.855140,-0.421058,-0.421058
MOT20,V004,2717,S_r,4053,622,3937,0,0.929097,0.357669,0.571428,0.991875,0.032766,0.754886,-1.196817,-1.196817
MOT20,V004,2718,S_h,3937,622,3937,0,0.534493,0.515246,0.019248,,,0.883436,0.309248,-0.663009
MOT20,V004,2731,S_r,4107,906,2140,0,0.883413,0.508291,0.375122,0.385681,0.024082,0.459835,-0.235923,-0.561518
MOT20,V004,2732,S_r,3927,598,4040,0,0.789428,0.307367,0.482061,0.476340,0.048703,0.709581,-0.093055,-1.056884
MOT20,V004,2732,S_c,4120,619,3941,0,0.503176,0.177328,0.325848,,,0.855302,0.359044,-0.969610
MOT20,V004,2738,S_r,4121,792,3030,0,0.928466,0.696629,0.231837,0.397787,0.003070,0.869472,-0.161136,-0.161136
MOT20,V004,2740,S_c,4129,917,4067,0,0.452100,0.000000,0.452100,,,0.927632,0.532791,-1.399671
MOT20,V004,2744,S_r,3989,725,4087,0,0.818951,0.587190,0.231761,-0.929031,0.031864,0.784095,-0.709911,-0.709911
MOT20,V004,2746,S_r,4046,631,3927,0,0.970074,0.265168,0.704907,0.999217,0.013192,0.363867,-1.427289,-1.427289
MOT20,V004,2750,S_h,2140,787,3928,0,0.411659,0.384541,0.027118,,,0.683298,0.485471,-0.545770
MOT20,V004,2761,S_c,4140,601,4046,0,0.412901,0.145457,0.267443,,,0.841270,0.666197,-1.187622
MOT20,V004,2803,S_r,3780,578,3951,0,0.899770,0.168236,0.731533,-0.853147,0.018261,0.436101,-1.524080,-1.524080
MOT20,V004,2804,S_c,4178,840,4171,0,0.601365,0.006563,0.594802,,,1.000000,0.019527,-1.493268
MOT20,V004,2810,S_c,4180,678,4091,0,0.495121,0.436949,0.058172,,,0.715932,0.268605,-0.311958
MOT20,V004,2812,S_r,4180,625,3871,0,0.949885,0.430470,0.519415,0.993953,0.015231,0.694190,-1.079857,-1.079857
MOT20,V004,2812,S_r,3871,678,4091,0,0.976246,0.584184,0.392062,0.984957,0.004059,0.751029,-0.806402,-0.806402
MOT20,V004,2820,S_h,4053,619,4120,0,0.833495,0.607932,0.225563,,,0.908270,-0.358064,-0.576458
MOT20,V004,2821,S_r,3937,621,4053,0,0.776901,0.675555,0.101346,0.999994,0.041254,0.927909,-0.516980,-0.516980
MOT20,V004,2823,S_r,3734,575,3974,0,0.938950,0.248782,0.690169,0.952565,0.014103,0.410802,-1.373470,-1.373470
MOT20,V004,2828,S_h,4183,597,3975,0,0.767471,0.340910,0.426560,,,0.923518,0.107190,-1.006530
MOT20,V004,2832,S_r,4158,604,4082,0,0.894376,0.707468,0.186908,,0.008250,0.788920,-0.209648,-0.209648
MOT20,V004,2838,S_r,3909,626,3944,0,0.933663,0.244935,0.688729,0.999117,0.020364,0.378572,-1.397034,-1.397034
MOT20,V004,2845,S_r,4091,597,4183,0,0.849075,0.366877,0.482198,,0.029820,0.566647,-0.951975,-0.951975
MOT20,V004,2847,S_r,2236,571,3609,0,0.938556,0.373852,0.564704,0.932403,0.005417,0.401737,-1.167351,-1.167351
MOT20,V004,2847,S_r,3806,580,3936,0,0.966836,0.521210,0.445625,-0.438835,0.005124,0.810703,-0.867250,-0.867250
MOT20,V004,2850,S_h,3609,572,2236,0,0.678900,0.404197,0.274703,,,0.958261,0.275380,-0.866389
MOT20,V004,2851,S_c,4200,661,4091,0,0.503426,0.395671,0.107755,,,0.749015,0.262611,-0.525857
MOT20,V004,2852,S_r,2118,806,2169,0,0.964742,0.486326,0.478416,0.989119,0.009020,0.604643,-0.869100,-0.869100
MOT20,V004,2852,S_r,2169,922,2118,0,0.885236,0.494552,0.390684,0.999227,0.011650,0.770244,-0.869100,-0.869100
MOT20,V004,2861,S_r,3609,571,2236,0,0.832070,0.524418,0.307652,-0.866622,0.015420,0.496742,-0.406667,-0.406667
MOT20,V004,2867,S_h,2704,677,4001,0,0.510419,0.296593,0.213826,,,0.607176,0.633010,-1.084228
MOT20,V004,2874,S_h,2236,571,3609,0,0.693592,0.380575,0.313017,,,0.755126,0.329573,-0.976677
MOT20,V004,2876,S_c,4208,620,3919,0,0.511324,0.219334,0.291990,,,0.859056,0.489839,-1.030886
MOT20,V004,2886,S_r,4023,605,4056,0,0.955796,0.431141,0.524655,0.062797,0.007251,0.510607,-1.042952,-1.042952
MOT20,V004,2886,S_r,4211,839,4171,0,0.880118,0.417538,0.462580,,0.022857,0.602959,-0.242050,-0.867017
MOT20,V004,2888,S_c,4217,643,2704,0,0.552610,0.485639,0.066972,,,0.674823,0.503424,-0.608055
MOT20,V004,2888,S_c,4218,725,3989,0,0.345647,0.186581,0.159066,,,0.676636,0.688828,-0.996163
MOT20,V004,2892,S_h,4171,699,4187,0,0.382599,0.363914,0.018685,,,0.696655,0.657782,-0.658007
MOT20,V004,2893,S_r,4091,622,3937,0,0.921083,0.263097,0.657987,0.879137,0.005432,0.454098,-1.324368,-1.324368
MOT20,V004,2925,S_r,4091,618,3593,0,0.840579,0.505739,0.334840,-0.761328,0.032092,0.887324,-0.789053,-0.789053
MOT20,V004,2928,S_r,3909,622,4091,0,0.600817,0.506589,0.094228,0.978635,0.084538,0.597791,-0.378135,-0.378135
MOT20,V004,2929,S_h,3593,621,4053,0,0.452472,0.249272,0.203200,,,0.655256,0.727036,-1.144390
MOT20,V004,2929,S_c,4237,722,4128,0,0.452388,0.357734,0.094654,,,0.613887,0.656617,-0.833183
MOT20,V004,2939,S_h,4222,642,3227,0,0.673853,0.465053,0.208800,,,0.838160,0.283017,-0.697771
MOT20,V004,2940,S_r,4243,665,4224,0,0.950197,0.348299,0.601899,-0.680451,0.011226,0.428372,-1.185107,-1.185107
MOT20,V004,2940,S_r,4224,667,4243,0,0.914667,0.331459,0.583208,0.998769,0.034033,0.656569,-1.185107,-1.185107
MOT20,V004,2961,S_r,3829,625,4180,0,0.931400,0.537465,0.393935,0.997819,0.008361,0.604080,-0.278602,-0.278602
MOT20,V004,2964,S_r,4041,666,4253,0,0.949109,0.371456,0.577654,0.999687,0.012994,0.319696,-0.500584,-0.577654
MOT20,V004,2968,S_r,4180,625,3829,0,0.929266,0.445382,0.483884,0.855116,0.023106,0.922179,-0.474420,-0.813218
MOT20,V004,2971,S_r,3829,626,3909,0,0.943415,0.641009,0.302405,,0.013227,0.710367,-0.563411,-0.563411
MOT20,V004,2972,S_c,4257,676,4030,0,0.458659,0.306018,0.152641,,,0.599937,0.632500,-0.898483
MOT20,V004,2973,S_r,3909,626,3829,0,0.799613,0.626024,0.173589,0.998942,0.045930,0.819717,-0.328228,-0.328228
MOT20,V004,2974,S_h,3829,631,4046,0,0.605498,0.589497,0.016001,,,0.755503,0.360891,-0.443594
MOT20,V004,2976,S_r,3829,626,3909,0,0.879031,0.490718,0.388313,0.929100,0.010306,0.759632,-0.818433,-0.818433
MOT20,V004,2979,S_r,3909,620,4208,0,0.869940,0.515934,0.354007,,0.031826,0.951884,-0.408115,-0.408115
MOT20,V004,2981,S_r,3829,620,3909,0,0.896743,0.455531,0.441212,0.830674,0.022980,0.796813,-0.324316,-0.324316
MOT20,V004,2981,S_h,4208,626,3829,0,0.631451,0.514555,0.116896,,,0.756430,0.324316,0.324316
MOT20,V004,2982,S_r,3829,627,3894,0,0.890973,0.614033,0.276940,0.421408,0.024555,0.725321,-0.550496,-0.550496
MOT20,V004,2983,S_h,3909,620,3909,0,0.598263,0.322412,0.275850,,,0.988024,-0.317387,-0.979452
MOT20,V004,2986,S_r,4208,620,3909,0,0.731891,0.454185,0.277706,-0.649078,0.047950,0.608166,0.093049,-0.909250
MOT20,V004,2986,S_r,3909,626,4208,0,0.662315,0.472298,0.190017,0.994463,0.056957,0.732653,0.062919,-0.647953
MOT20,V004,2987,S_r,3894,619,4053,0,0.685379,0.296613,0.388766,0.112190,0.083956,0.687075,-0.073460,-1.116916
MOT20,V004,2987,S_c,4265,725,4218,0,0.451466,0.275943,0.175523,,,0.605193,0.237745,-0.532130
MOT20,V004,2991,S_r,4268,1206,4041,0,0.711219,0.062480,0.648738,-0.777121,0.037384,0.252982,-1.521901,-1.521901
MOT20,V004,2994,S_r,4208,627,3829,0,0.457794,0.239284,0.218510,-0.962351,0.236539,0.532465,-0.103023,-1.038013
MOT20,V004,2999,S_h,3894,631,3829,0,0.434709,0.415096,0.019613,,,0.562533,0.773387,-0.769344
MOT20,V004,3003,S_r,4046,619,3894,0,0.668786,0.152780,0.516006,0.970143,0.088854,0.552833,-0.495166,-1.309541
MOT20,V004,3005,S_r,3873,631,3894,0,0.809144,0.566686,0.242458,-0.982739,0.007189,0.468472,-0.038887,-0.332360
MOT20,V004,3006,S_h,3894,570,3873,0,0.639926,0.463779,0.176147,,,0.491411,0.251579,-0.798753
MOT20,V004,3007,S_h,3978,570,3873,0,0.593657,0.480434,0.113224,,,0.653946,0.319408,-0.588632
MOT20,V004,3008,S_r,3873,621,3593,0,0.704060,0.385186,0.318874,0.881222,0.094597,0.951594,-0.208757,-0.652230
MOT20,V004,3008,S_r,3894,631,3873,0,0.803973,0.521766,0.282207,0.989599,0.018932,0.652610,-0.395335,-0.617396
MOT20,V004,3009,S_r,3593,570,3978,0,0.627444,0.436050,0.191394,-0.996605,0.096670,0.738355,-0.242688,-0.575596
MOT20,V004,3010,S_h,3978,570,3978,0,0.543625,0.493057,0.050567,,,0.739376,0.543554,-0.423315
MOT20,V004,3013,S_h,3686,625,4180,0,0.667472,0.090282,0.577189,,,0.359580,-1.490450,-1.490450
MOT20,V004,3014,S_h,4180,625,4180,0,0.795145,0.079402,0.715743,,,0.329795,-1.578961,-1.578961
MOT20,V004,3016,S_h,3686,625,4180,0,0.100970,0.000000,0.100970,,,0.447049,0.873652,-1.087825
MOT20,V004,3018,S_r,3870,602,3979,0,0.899774,0.268128,0.631646,,0.023332,0.561157,-0.612774,-1.289406
MOT20,V004,3023,S_h,4029,625,3686,0,0.541387,0.203659,0.337728,,,0.979550,-0.201534,-0.956475
MOT20,V004,3028,S_c,4292,725,4265,0,0.325167,0.262293,0.062875,,,0.599309,0.630057,-0.752632
MOT20,V004,3043,S_h,3829,627,4208,0,0.488855,0.280211,0.208645,,,0.804348,-0.647665,-0.647665
MOT20,V004,3045,S_c,4301,725,4292,0,0.190179,0.086852,0.103327,,,0.426087,0.839245,-1.087956
MOT20,V004,3046,S_r,3994,826,3992,0,0.966674,0.632164,0.334510,-0.999056,0.004699,0.263401,-0.270922,-0.376526
MOT20,V004,3051,S_r,3894,628,3886,0,0.670010,0.436927,0.233083,0.996417,0.079832,0.849604,-0.713918,-0.713918
MOT20,V004,3051,S_r,4304,725,4301,0,0.872434,0.420826,0.451608,,0.026184,0.555055,-0.751427,-0.751427
MOT20,V004,3051,S_h,3992,825,3994,0,0.533308,0.137768,0.395540,,,0.749027,0.368026,-1.153129
MOT20,V004,3054,S_r,4258,715,4249,0,0.967783,0.512200,0.455582,0.970679,0.027579,0.777023,-0.865630,-0.865630
MOT20,V004,3054,S_r,4249,783,4258,0,0.937208,0.527160,0.410048,0.883529,0.021603,0.596705,-0.865630,-0.865630
MOT20,V004,3055,S_r,3886,631,3894,0,0.787527,0.389123,0.398404,-0.964684,0.021604,0.826037,-0.775991,-0.775991
MOT20,V004,3060,S_c,4309,905,3923,0,0.632791,0.146312,0.486478,,,0.796080,0.376959,-1.402411
MOT20,V004,3063,S_r,4301,631,3886,0,0.924176,0.724573,0.199603,,0.022616,0.467594,-0.305718,-0.305718
MOT20,V004,3064,S_r,4311,825,3992,0,0.953714,0.777569,0.176145,,0.012747,0.704727,-0.341715,-0.341715
MOT20,V004,3065,S_r,4133,841,4148,0,0.883831,0.385393,0.498437,-0.772592,0.017249,0.608361,-1.104914,-1.104914
MOT20,V004,3067,S_r,2109,766,2808,0,0.931244,0.315828,0.615416,0.143091,0.003144,0.461600,-1.292549,-1.292549
MOT20,V004,3067,S_h,4148,841,4133,0,0.814525,0.338370,0.476155,,,0.745182,-0.275775,-1.055136
MOT20,V004,3069,S_c,4314,834,2109,0,0.473523,0.361286,0.112237,,,0.611679,0.506438,-0.768252
MOT20,V004,3074,S_h,3886,631,3886,0,0.659328,0.449377,0.209951,,,0.782697,0.348125,-0.736947
MOT20,V004,3081,S_r,3978,631,3886,0,0.793705,0.480666,0.313039,0.999786,0.057447,0.683126,-0.803121,-0.803121
MOT20,V004,3083,S_r,3886,865,3940,0,0.831253,0.601403,0.229850,0.413694,0.024805,0.712049,-0.068376,-0.068376
MOT20,V004,3083,S_r,4309,904,2149,0,0.966688,0.402335,0.564353,0.956306,0.007415,0.618371,-0.983523,-0.983523
MOT20,V004,3083,S_r,2149,905,4309,0,0.883704,0.464534,0.419170,0.098287,0.002279,0.639099,-0.983523,-0.983523
MOT20,V004,3087,S_r,3886,631,3978,0,0.958568,0.384495,0.574073,0.998122,0.035275,0.610954,-0.255583,-1.126166
MOT20,V004,3096,S_c,4326,865,3886,0,0.417626,0.357625,0.060001,,,0.670154,0.568574,-0.669920
MOT20,V004,3106,S_r,4332,631,3886,0,0.864608,0.774174,0.090434,0.942302,0.052657,0.596375,-0.230022,-0.230022
MOT20,V004,3120,S_c,4340,825,4311,0,0.485367,0.013199,0.472168,,,0.850000,0.490069,-1.435824
MOT20,V004,3131,S_r,4326,637,3987,0,0.454025,0.396369,0.057656,0.978034,0.262733,0.623507,0.303741,-0.658179
MOT20,V004,3133,S_r,3940,865,4326,0,0.572892,0.298992,0.273900,-0.623991,0.227073,0.750243,0.478154,-0.562671
MOT20,V004,3137,S_r,2149,904,4309,0,0.963153,0.544443,0.418710,0.756823,0.008607,0.609010,-0.738840,-0.738840
MOT20,V004,3137,S_r,4355,905,2149,0,0.752038,0.431909,0.320129,-0.669926,0.032729,0.569526,-0.738840,-0.738840
MOT20,V004,3137,S_r,4357,921,3359,0,0.916810,0.484723,0.432086,,0.016730,0.600969,-0.824853,-0.824853
MOT20,V004,3142,S_h,3359,806,2118,0,0.317051,0.299847,0.017204,,,0.553978,0.870233,-0.907945
MOT20,V004,3143,S_r,2118,921,4357,0,0.905560,0.513001,0.392559,0.238185,0.022379,0.512755,-0.814771,-0.814771
MOT20,V004,3150,S_r,3987,631,4332,0,0.809378,0.584930,0.224448,-0.574025,0.050848,0.569439,-0.566870,-0.566870
MOT20,V004,3152,S_r,4332,631,3987,0,0.979426,0.620832,0.358594,,0.003718,0.489410,-0.488547,-0.488547
MOT20,V004,3152,S_r,4368,866,4347,0,0.868673,0.499746,0.368927,,0.019129,0.544137,-0.340932,-0.340932
MOT20,V004,3158,S_r,4024,643,4217,0,0.877014,0.732968,0.144045,,0.040929,0.847946,-0.004225,-0.004225
MOT20,V004,3160,S_h,4369,724,3847,0,0.764272,0.254097,0.510175,,,0.451618,-0.438023,-0.896054
MOT20,V004,3161,S_h,3889,655,4024,0,0.648067,0.462301,0.185765,,,0.661531,0.310137,-0.720077
MOT20,V004,3171,S_r,4332,632,3976,0,0.919790,0.409772,0.510018,0.943338,0.023475,0.721722,-1.084873,-1.084873
MOT20,V004,3193,S_r,4069,655,3889,0,0.928028,0.542065,0.385963,0.863246,0.023085,0.626581,-0.155911,-0.321089
MOT20,V004,3197,S_h,3982,724,4369,0,0.482580,0.339424,0.143156,,,0.631096,0.711868,-0.977350
MOT20,V004,3200,S_r,4192,891,3924,0,0.698401,0.468303,0.230098,-0.736358,0.042537,0.679555,-0.428861,-0.428861
MOT20,V004,3201,S_h,3924,724,3982,0,0.691938,0.323293,0.368645,,,0.447989,-0.985337,-0.985337
MOT20,V004,3201,S_r,4375,800,4396,0,0.923199,0.225375,0.697824,0.993818,0.035502,0.411705,-1.477029,-1.477029
MOT20,V004,3202,S_r,4021,650,4068,0,0.954847,0.286536,0.668311,-0.822192,0.002672,0.495008,-1.320786,-1.320786
MOT20,V004,3203,S_h,3889,655,4069,0,0.676444,0.490626,0.185818,,,0.817152,0.261500,-0.770398
MOT20,V004,3204,S_r,4340,826,3994,0,0.976514,0.283596,0.692918,0.937431,0.011888,0.445331,-1.354439,-1.354439
MOT20,V004,3205,S_r,4369,633,3982,0,0.891850,0.199905,0.691945,,0.011609,0.702807,-1.469372,-1.469372
MOT20,V004,3206,S_r,4332,639,3971,0,0.638714,0.282252,0.356462,-0.932175,0.199853,0.990588,0.218377,-0.727479
MOT20,V004,3207,S_h,3994,825,4340,0,0.581001,0.518887,0.062114,,,0.876144,0.341292,-0.457149
MOT20,V004,3208,S_r,4396,756,4375,0,0.838214,0.228093,0.610121,0.998931,0.035099,0.678635,-1.367127,-1.367127
MOT20,V004,3210,S_r,3924,638,3855,0,0.920322,0.718868,0.201455,0.599173,0.020113,0.383298,-0.147179,-0.289333
MOT20,V004,3211,S_r,4369,631,4332,0,0.747438,0.473986,0.273452,0.559820,0.026221,0.825635,-0.707394,-0.707394
MOT20,V004,3211,S_h,4192,724,3924,0,0.252864,0.118966,0.133898,,,0.577755,0.852844,-1.025352
MOT20,V004,3213,S_r,4021,871,4206,0,0.693364,0.258757,0.434607,-0.707499,0.482951,0.848295,0.180183,-1.091759
MOT20,V004,3214,S_r,3994,826,4340,0,0.923336,0.498069,0.425267,0.999908,0.005535,0.713207,-0.864731,-0.864731
MOT20,V004,3215,S_h,3855,638,3924,0,0.271029,0.231014,0.040014,,,0.521210,0.766847,-0.812341
MOT20,V004,3216,S_h,4069,655,3889,0,0.644180,0.434292,0.209888,,,0.721236,0.134648,-0.641035
MOT20,V004,3220,S_h,4340,826,3994,0,0.684932,0.276733,0.408199,,,0.862111,0.328938,-1.202765
MOT20,V004,3238,S_h,4069,641,3945,0,0.692502,0.687844,0.004658,,,0.537180,0.171210,-0.332358
MOT20,V004,3263,S_r,4108,680,4137,0,0.988166,0.359362,0.628804,0.995950,0.008016,0.509588,-1.236002,-1.236002
MOT20,V004,3265,S_r,3750,924,3993,0,0.906230,0.478928,0.427302,0.912567,0.024446,0.680949,-0.875642,-0.875642
MOT20,V004,3266,S_h,3993,673,3750,0,0.623972,0.438699,0.185273,,,0.665123,0.265962,-0.764380
MOT20,V004,3270,S_r,4192,638,3855,0,0.979489,0.267784,0.711705,0.981296,0.027864,0.361846,-1.302866,-1.302866
MOT20,V004,3270,S_r,4427,651,4101,0,0.840533,0.625851,0.214682,0.889984,0.058009,0.481777,-0.046777,-0.460638
MOT20,V004,3270,S_r,4219,891,4192,0,0.871249,0.280088,0.591161,0.570219,0.020235,0.572581,-1.302866,-1.302866
MOT20,V004,3273,S_r,4160,663,4108,0,0.500863,0.480049,0.020814,0.998438,0.117949,0.855911,0.639016,0.639016
MOT20,V004,3276,S_r,4108,681,4160,0,0.913567,0.371899,0.541668,0.755898,0.033694,0.776033,-1.137611,-1.137611
MOT20,V004,3281,S_h,3855,638,4192,0,0.392680,0.257845,0.134836,,,0.995585,0.274240,-0.709894
MOT20,V004,3282,S_r,4192,891,4219,0,0.992473,0.427436,0.565037,1.000000,0.017094,0.321615,-0.813300,-0.813300
MOT20,V004,3283,S_c,4436,905,4355,0,0.519971,0.415311,0.104660,,,0.735888,0.195484,-0.434050
MOT20,V004,3284,S_c,4438,848,4169,0,0.606960,0.380143,0.226817,,,0.878632,0.243800,-0.687285
MOT20,V004,3288,S_r,4069,659,4076,0,0.731847,0.434286,0.297562,,0.068233,0.630326,0.283582,-0.638979
MOT20,V004,3298,S_c,4444,663,4160,0,0.529944,0.202302,0.327643,,,0.967807,0.107063,-0.889369
MOT20,V004,3298,S_r,4069,892,4256,0,0.955731,0.471097,0.484633,0.763826,0.005841,0.519246,-0.863405,-0.863405
MOT20,V004,3301,S_r,4431,867,4345,0,0.904390,0.438438,0.465952,0.415133,0.024072,0.992965,-0.891009,-0.891009
MOT20,V004,3303,S_h,4160,663,4444,0,0.739407,0.292400,0.447007,,,0.572192,-0.280586,-1.225888
MOT20,V004,3304,S_h,4345,867,4431,0,0.267363,0.181263,0.086100,,,0.504319,0.778786,-1.014536
MOT20,V004,3308,S_r,4377,861,4441,0,0.404187,0.250245,0.153942,0.771140,0.248035,0.611043,0.559269,-0.394220
MOT20,V004,3310,S_c,4446,875,4377,0,0.185201,0.174593,0.010608,,,0.445068,0.908447,-0.957317
MOT20,V004,3314,S_r,4269,894,4203,0,0.918024,0.622857,0.295167,,0.010268,0.521581,-0.340601,-0.340601
MOT20,V004,3315,S_h,4076,660,4075,0,0.155443,0.148101,0.007342,,,0.441423,0.963776,-0.926047
SportsMOT,V001,227,S_c,11,5,8,0,0.000000,0.000000,0.000000,,,0.000000,0.921985,-0.941552
SportsMOT,V001,235,S_c,12,6,9,0,0.016595,0.000000,0.016595,,,0.029600,0.952237,-0.928844
SportsMOT,V001,686,S_c,14,6,12,0,0.000000,0.000000,0.000000,,,0.000000,0.468314,-0.659675
SportsMOT,V001,690,S_c,15,6,12,0,0.000000,0.000000,0.000000,,,0.000000,0.563810,-0.586877
SportsMOT,V001,694,S_c,16,4,5,0,0.050000,0.000000,0.050000,,,0.096746,0.885719,-0.969939
SportsMOT,V001,755,S_r,15,1,3,0,0.760448,0.163671,0.596777,-0.854561,0.013607,0.488654,-1.287614,-1.287614
SportsMOT,V001,756,S_h,3,1,3,0,0.692834,0.329200,0.363634,,,0.425096,-0.153387,-1.120215
SportsMOT,V001,764,S_r,6,0,1,0,0.950027,0.414693,0.535334,0.969481,0.033951,0.673846,-1.108588,-1.108588
SportsMOT,V001,764,S_r,1,3,6,0,0.978450,0.405196,0.573254,0.998451,0.046871,0.512650,-1.108588,-1.108588
SportsMOT,V001,798,S_r,6,2,4,0,0.943015,0.548089,0.394926,0.992577,0.029464,0.671623,-0.064219,-0.274023
SportsMOT,V001,801,S_r,1,2,4,0,0.928338,0.514663,0.413675,0.972404,0.018683,0.649053,-0.849942,-0.849942
SportsMOT,V001,801,S_h,6,3,1,0,0.716616,0.415171,0.301445,,,0.529639,-0.521210,-0.987123
SportsMOT,V001,803,S_h,4,3,6,0,0.576598,0.244085,0.332513,,,0.490728,-0.973337,-0.973337
SportsMOT,V002,99,S_r,19,3,24,0,0.908854,0.596438,0.312416,0.988169,0.021630,0.662791,-0.593033,-0.593033
SportsMOT,V002,99,S_r,24,9,19,0,0.867928,0.587311,0.280617,0.943119,0.054840,0.796512,-0.593033,-0.593033
SportsMOT,V002,213,S_r,26,0,18,0,0.948559,0.551228,0.397331,,0.014962,0.632088,-0.815035,-0.815035
SportsMOT,V002,213,S_r,18,4,26,0,0.901854,0.370294,0.531560,0.944536,0.047916,0.718758,-1.118638,-1.118638
SportsMOT,V002,353,S_c,27,8,22,0,0.000000,0.000000,0.000000,,,0.000000,0.883390,-0.977364
SportsMOT,V002,363,S_c,28,3,19,0,0.000000,0.000000,0.000000,,,0.000000,0.879979,-0.895527
SportsMOT,V002,378,S_c,29,9,24,0,0.000000,0.000000,0.000000,,,0.000000,0.952172,-0.957297
SportsMOT,V002,392,S_c,30,7,23,0,0.000000,0.000000,0.000000,,,0.000000,0.903448,-0.843161
SportsMOT,V002,398,S_c,31,4,18,0,0.000000,0.000000,0.000000,,,0.000000,0.953872,-0.913107
SportsMOT,V003,205,S_c,42,6,38,0,0.088044,0.000000,0.088044,,,0.173235,0.763439,-0.969027
SportsMOT,V003,309,S_c,43,4,36,0,0.000000,0.000000,0.000000,,,0.000000,0.943105,-0.969265
SportsMOT,V003,377,S_r,42,4,43,0,0.935430,0.503908,0.431521,0.990122,0.115109,0.942563,-0.858049,-0.858049
SportsMOT,V003,377,S_r,43,6,42,0,0.919219,0.492691,0.426528,0.999672,0.027227,0.492746,-0.858049,-0.858049
SportsMOT,V003,390,S_r,43,4,42,0,0.775305,0.520696,0.254608,-0.066690,0.013945,0.592134,-0.495546,-0.495546
SportsMOT,V003,390,S_r,42,6,43,0,0.730016,0.489079,0.240938,0.964182,0.115631,0.590030,-0.495546,-0.495546
SportsMOT,V003,453,S_r,43,7,33,0,0.953775,0.692670,0.261106,0.935521,0.009622,0.850407,-0.535509,-0.535509
SportsMOT,V003,457,S_c,44,7,33,0,0.579224,0.506555,0.072669,,,0.756858,0.319833,-0.481210
SportsMOT,V003,461,S_r,34,4,43,0,0.947852,0.451152,0.496700,0.995197,0.032569,0.907672,-0.975943,-0.975943
SportsMOT,V003,461,S_r,43,8,34,0,0.956497,0.581036,0.375461,0.977865,0.029916,0.727041,-0.736452,-0.736452
SportsMOT,V003,466,S_c,45,7,44,0,0.570385,0.397797,0.172588,,,0.950712,0.386134,-0.792320
SportsMOT,V003,473,S_r,43,7,45,0,0.984365,0.439039,0.545326,0.991611,0.047652,0.570918,-1.017724,-1.017724
SportsMOT,V003,473,S_r,45,8,43,0,0.931870,0.459472,0.472398,0.986987,0.026456,0.703330,-1.017724,-1.017724
SportsMOT,V003,480,S_c,46,9,40,0,0.000000,0.000000,0.000000,,,0.000000,0.812333,-0.958586
SportsMOT,V004,235,S_r,49,1,51,0,0.924683,0.386634,0.538049,0.621672,0.024720,0.449109,-0.928335,-0.928335
SportsMOT,V004,235,S_r,51,8,49,0,0.799382,0.409097,0.390285,0.959273,0.097883,0.762203,-0.928335,-0.928335
SportsMOT,V004,386,S_c,58,6,54,0,0.550922,0.261744,0.289178,,,0.845882,0.057874,-0.519547
SportsMOT,V005,55,S_c,67,3,63,0,0.686820,0.222362,0.464458,,,0.890384,0.115361,-1.111678
SportsMOT,V005,79,S_r,67,5,65,0,0.685739,0.680443,0.005296,0.682349,0.116094,0.557116,-0.195015,-0.195015
SportsMOT,V005,80,S_c,72,3,67,0,0.198563,0.105119,0.093445,,,0.591993,0.288764,-0.682102
SportsMOT,V005,185,S_c,73,9,69,0,0.000000,0.000000,0.000000,,,0.000000,0.945298,-0.987521
SportsMOT,V005,249,S_r,67,3,72,0,0.884573,0.381602,0.502971,0.862838,0.049170,0.479235,-0.989329,-0.989329
SportsMOT,V005,249,S_r,72,5,67,0,0.932963,0.446605,0.486358,0.738943,0.015076,0.706321,-0.989329,-0.989329
SportsMOT,V005,261,S_c,74,7,66,0,0.835679,0.168193,0.667486,,,0.861284,-0.298124,-1.452265
SportsMOT,V006,28,S_c,98,11,86,0,0.026869,0.000000,0.026869,,,0.069984,0.713126,-0.780551
SportsMOT,V006,51,S_c,99,2,80,0,0.000000,0.000000,0.000000,,,0.000000,0.979420,-0.957020
SportsMOT,V006,194,S_r,101,7,77,0,0.747866,0.500744,0.247122,,0.045141,0.808468,-0.737132,-0.737132
SportsMOT,V006,205,S_c,102,6,75,0,0.578101,0.562613,0.015488,,,0.728094,0.425353,-0.487310
SportsMOT,V007,102,S_r,108,3,110,0,0.914154,0.394809,0.519344,0.421808,0.019384,0.785596,-1.050390,-1.050390
SportsMOT,V007,102,S_r,110,4,108,0,0.926872,0.395826,0.531046,0.664031,0.019834,0.480062,-1.050390,-1.050390
SportsMOT,V007,532,S_r,106,7,109,0,0.776797,0.509214,0.267583,0.407820,0.008289,0.758159,-0.793327,-0.793327
SportsMOT,V007,532,S_r,109,9,106,0,0.917566,0.391823,0.525744,0.955739,0.033983,0.576384,-0.793327,-0.793327
SportsMOT,V008,134,S_r,124,5,123,0,0.850747,0.094512,0.756235,0.935390,0.059791,0.157955,-1.591048,-1.591048
SportsMOT,V008,136,S_h,123,5,124,0,0.512854,0.059572,0.453282,,,0.978130,0.385900,-1.301480
SportsMOT,V009,212,S_c,148,0,135,0,0.000000,0.000000,0.000000,,,0.000000,-0.963641,-0.963641
SportsMOT,V009,215,S_c,149,1,131,0,0.000000,0.000000,0.000000,,,0.000000,0.929735,-0.960209
SportsMOT,V009,289,S_c,150,9,144,0,0.000000,0.000000,0.000000,,,0.000000,0.964876,-0.970371
SportsMOT,V009,305,S_c,151,17,146,0,0.000000,0.000000,0.000000,,,0.000000,0.947502,-0.977572
SportsMOT,V009,314,S_c,152,8,147,0,0.000000,0.000000,0.000000,,,0.000000,0.915954,-0.953090
SportsMOT,V009,318,S_c,154,7,145,0,0.164241,0.000000,0.164241,,,0.271235,0.407455,-1.133741
SportsMOT,V009,484,S_r,158,7,154,0,0.772609,0.584986,0.187623,,0.060385,0.000000,-0.187623,-0.187623
SportsMOT,V009,486,S_r,158,15,141,0,0.821124,0.000000,0.821124,0.998466,0.152642,0.000000,-1.720640,-1.720640
SportsMOT,V009,487,S_c,160,3,138,0,0.000000,0.000000,0.000000,,,0.000000,0.831933,-0.890416
SportsMOT,V009,491,S_c,165,7,158,0,0.152955,0.000000,0.152955,,,0.152057,0.623643,-1.031968
SportsMOT,V009,672,S_c,167,7,165,0,0.000000,0.000000,0.000000,,,0.000000,0.959234,-0.921300
SportsMOT,V009,712,S_c,168,19,155,0,0.695676,0.089179,0.606497,,,0.998489,0.255144,-1.445256
SportsMOT,V010,74,S_r,181,4,171,0,0.697784,0.000000,0.697784,,0.058322,0.000000,-1.654620,-1.654620
SportsMOT,V010,78,S_c,182,3,169,0,0.000000,0.000000,0.000000,,,0.000000,0.906410,-0.892078
SportsMOT,V010,89,S_c,183,2,172,0,0.000000,0.000000,0.000000,,,0.000000,0.895765,-0.916179
SportsMOT,V010,142,S_c,184,11,180,0,0.000000,0.000000,0.000000,,,0.000000,0.929783,-0.957737
SportsMOT,V010,196,S_c,186,2,183,0,0.000000,0.000000,0.000000,,,0.000000,0.896247,-0.876274
SportsMOT,V010,236,S_c,272,16,252,0,0.000000,0.000000,0.000000,,,0.000000,0.938021,0.000000
SportsMOT,V010,237,S_c,276,1,177,0,0.000000,0.000000,0.000000,,,0.000000,0.448230,-0.971571
SportsMOT,V010,238,S_c,279,19,252,0,0.181419,0.007601,0.173819,,,0.349021,0.599780,-0.951602
SportsMOT,V010,242,S_c,285,0,178,0,0.000000,0.000000,0.000000,,,0.000000,0.846666,-0.844086
SportsMOT,V010,280,S_c,286,18,270,0,0.471874,0.000000,0.471874,,,0.951673,0.491455,-1.412160
SportsMOT,V010,287,S_r,286,17,281,0,0.927502,0.000000,0.927502,0.973080,0.008500,0.568601,-0.421748,-1.813414
SportsMOT,V010,287,S_c,287,18,286,0,0.505754,0.000000,0.505754,,,0.726563,0.421748,-1.391666
SportsMOT,V010,298,S_c,288,3,182,0,0.000000,0.000000,0.000000,,,0.000000,0.951613,-0.954611
SportsMOT,V010,320,S_c,290,4,181,0,0.000000,0.000000,0.000000,,,0.000000,0.967325,-0.927698
SportsMOT,V010,320,S_c,289,9,174,0,0.000000,0.000000,0.000000,,,0.000000,0.967325,-0.927698
SportsMOT,V010,326,S_c,291,6,176,0,0.000000,0.000000,0.000000,,,0.000000,0.960879,-0.977625
SportsMOT,V010,350,S_c,292,7,170,0,0.000000,0.000000,0.000000,,,0.092368,0.941086,-0.965973
SportsMOT,V010,350,S_c,293,10,179,0,0.000000,0.000000,0.000000,,,0.187867,0.941086,-0.965973
SportsMOT,V010,403,S_c,294,15,238,0,0.000000,0.000000,0.000000,,,0.000000,0.988902,-0.980179
SportsMOT,V010,424,S_c,295,19,279,0,0.000000,0.000000,0.000000,,,0.000000,0.949430,-0.940505
SportsMOT,V010,441,S_c,296,20,275,0,0.000000,0.000000,0.000000,,,0.000000,0.961018,-0.944842
SportsMOT,V010,531,S_c,297,1,276,0,0.000000,0.000000,0.000000,,,0.000000,0.910215,-0.979197
SportsMOT,V010,535,S_c,298,6,291,0,0.000000,0.000000,0.000000,,,0.000000,0.940442,-0.949261
SportsMOT,V011,79,S_c,326,10,320,0,0.000000,0.000000,0.000000,,,0.000000,0.924795,-0.922828
SportsMOT,V011,231,S_c,327,14,317,0,0.000000,0.000000,0.000000,,,0.000000,0.944507,-0.927869
SportsMOT,V011,235,S_c,328,17,301,0,0.000000,0.000000,0.000000,,,0.000000,0.905830,-0.926456
SportsMOT,V011,235,S_c,329,18,310,0,0.000000,0.000000,0.000000,,,0.000000,0.905830,-0.926456
SportsMOT,V011,253,S_c,330,1,313,0,0.000000,0.000000,0.000000,,,0.000000,0.931062,-0.942399
SportsMOT,V011,263,S_c,331,3,312,0,0.000000,0.000000,0.000000,,,0.000000,0.930030,-0.978321
SportsMOT,V011,267,S_c,332,4,314,0,0.000000,0.000000,0.000000,,,0.000000,0.889569,-0.903579
SportsMOT,V011,375,S_c,334,11,306,0,0.000000,0.000000,0.000000,,,0.000000,0.932719,-0.979835
SportsMOT,V011,405,S_c,335,14,327,0,0.000000,0.000000,0.000000,,,0.000000,0.958345,-0.965449
SportsMOT,V011,421,S_c,336,4,332,0,0.000000,0.000000,0.000000,,,0.000000,0.928172,-0.940730
SportsMOT,V011,423,S_c,337,5,316,0,0.000000,0.000000,0.000000,,,0.000000,0.819648,-0.975232
SportsMOT,V011,554,S_c,338,14,335,0,0.000000,0.000000,0.000000,,,0.000000,0.942207,-0.851421
SportsMOT,V011,555,S_c,339,17,328,0,0.000000,0.000000,0.000000,,,0.000000,0.300717,-0.913721
SportsMOT,V011,557,S_c,340,20,305,0,0.000000,0.000000,0.000000,,,0.000000,0.569269,-0.917918
SportsMOT,V011,559,S_c,341,20,305,0,0.000000,0.000000,0.000000,,,0.000000,0.909320,-0.927750
SportsMOT,V011,562,S_c,347,16,302,0,0.000000,0.000000,0.000000,,,0.000000,0.939340,-0.867926
SportsMOT,V011,566,S_c,355,7,311,0,0.000000,0.000000,0.000000,,,0.000000,0.650113,-0.866625
SportsMOT,V011,572,S_c,366,5,337,0,0.000000,0.000000,0.000000,,,0.000000,0.855593,-0.891607
SportsMOT,V011,578,S_h,340,9,303,0,0.000000,0.000000,0.000000,,,0.000000,0.932357,-0.912687
SportsMOT,V011,583,S_c,378,4,336,0,0.000000,0.000000,0.000000,,,0.000000,0.937448,-0.921643
SportsMOT,V011,585,S_c,380,0,300,0,0.000000,0.000000,0.000000,,,0.000000,0.968567,-0.956955
SportsMOT,V011,595,S_c,396,4,336,0,0.000000,0.000000,0.000000,,,0.000000,0.898107,-0.938990
SportsMOT,V011,605,S_c,406,19,304,0,0.592725,0.000000,0.592725,,,0.856157,0.363774,-1.397515
SportsMOT,V011,662,S_r,408,3,331,0,0.695304,0.000000,0.695304,0.999996,0.226430,0.000000,-1.644425,-1.644425
SportsMOT,V011,673,S_r,409,18,329,0,0.894051,0.000000,0.894051,0.999972,0.192615,0.000000,-1.836863,-1.836863
SportsMOT,V011,675,S_c,410,6,307,0,0.000000,0.000000,0.000000,,,0.000000,0.904314,-0.934404
SportsMOT,V011,678,S_c,411,14,338,0,0.000000,0.000000,0.000000,,,0.000000,0.784450,-0.973633
SportsMOT,V011,715,S_c,412,21,407,0,0.000000,0.000000,0.000000,,,0.000000,0.877286,-0.968046
SportsMOT,V011,942,S_c,413,3,408,0,0.000000,0.000000,0.000000,,,0.000000,0.895234,-0.931664
SportsMOT,V011,946,S_c,414,4,396,0,0.000000,0.000000,0.000000,,,0.000000,0.949972,-0.965613
SportsMOT,V011,967,S_c,418,15,315,0,0.000000,0.000000,0.000000,,,0.000000,0.962008,-0.976844
SportsMOT,V011,968,S_c,420,8,319,0,0.166545,0.000000,0.166545,,,0.299350,0.239424,-1.101749
SportsMOT,V011,981,S_c,434,13,309,0,0.000000,0.000000,0.000000,,,0.000000,0.869872,-0.968574
SportsMOT,V011,983,S_r,428,18,409,0,0.850602,0.000000,0.850602,0.998158,0.119884,0.000000,-1.736245,-1.736245
SportsMOT,V011,984,S_c,439,13,309,0,0.000000,0.000000,0.000000,,,0.000000,0.949202,-0.960106
SportsMOT,V011,998,S_c,454,14,411,0,0.000000,0.000000,0.000000,,,0.000000,0.984317,-0.981663
SportsMOT,V011,1013,S_c,455,12,318,0,0.000000,0.000000,0.000000,,,0.000000,0.941625,-0.936395
SportsMOT,V011,1037,S_c,456,13,439,0,0.000000,0.000000,0.000000,,,0.000000,0.965033,-0.969441
SportsMOT,V011,1038,S_c,457,17,339,0,0.000000,0.000000,0.000000,,,0.000000,0.366416,-0.950243
SportsMOT,V011,1053,S_c,458,9,340,0,0.000000,0.000000,0.000000,,,0.000000,0.955544,-0.937174
SportsMOT,V011,1094,S_c,459,9,458,0,0.000000,0.000000,0.000000,,,0.000000,0.959322,-0.968307
SportsMOT,V011,1124,S_c,461,0,380,0,0.000000,0.000000,0.000000,,,0.000000,0.964466,-0.958452
SportsMOT,V011,1133,S_c,462,16,347,0,0.000000,0.000000,0.000000,,,0.000000,0.927795,-0.982776
SportsMOT,V011,1163,S_r,341,3,413,0,0.936649,0.378586,0.558064,0.991984,0.037736,0.583162,-1.190564,-1.190564
SportsMOT,V011,1163,S_r,413,20,341,0,0.980082,0.347582,0.632500,0.997054,0.004810,0.528703,-1.190564,-1.190564
SportsMOT,V012,9,S_c,478,7,470,0,0.000000,0.000000,0.000000,,,0.000000,0.985408,-0.977478
SportsMOT,V012,15,S_c,486,8,483,0,0.000000,0.000000,0.000000,,,0.000000,0.927025,-0.985365
SportsMOT,V012,106,S_c,500,1,466,0,0.000000,0.000000,0.000000,,,0.000000,0.957889,-0.939630
SportsMOT,V012,116,S_c,501,6,498,0,0.000000,0.000000,0.000000,,,0.000000,0.915463,-0.972871
SportsMOT,V012,131,S_c,502,0,467,0,0.000000,0.000000,0.000000,,,0.000000,0.906710,-0.941950
SportsMOT,V012,256,S_c,510,7,478,0,0.000000,0.000000,0.000000,,,0.000000,0.968926,-0.968680
SportsMOT,V012,302,S_c,511,12,504,0,0.000000,0.000000,0.000000,,,0.000000,0.958903,-0.945272
SportsMOT,V012,306,S_c,512,15,507,0,0.552682,0.000000,0.552682,,,0.737245,0.405736,-1.511901
SportsMOT,V012,355,S_c,513,17,509,0,0.000000,0.000000,0.000000,,,0.000000,0.855394,-0.963524
SportsMOT,V012,365,S_c,514,4,468,0,0.000000,0.000000,0.000000,,,0.000000,0.913880,-0.952781
SportsMOT,V012,422,S_c,516,9,493,0,0.000000,0.000000,0.000000,,,0.000000,0.544427,-0.952556
SportsMOT,V012,451,S_c,517,13,506,0,0.000000,0.000000,0.000000,,,0.000000,0.983974,-0.966641
SportsMOT,V012,460,S_c,518,16,508,0,0.000000,0.000000,0.000000,,,0.000000,0.934406,-0.962204
SportsMOT,V012,463,S_c,519,17,513,0,0.000000,0.000000,0.000000,,,0.000000,0.976608,-0.965076
SportsMOT,V012,511,S_c,520,9,516,0,0.000000,0.000000,0.000000,,,0.000000,0.943733,-0.969930
SportsMOT,V013,94,S_c,538,17,521,0,0.000000,0.000000,0.000000,,,0.000000,0.905954,-0.937764
SportsMOT,V013,263,S_c,543,7,529,0,0.000000,0.000000,0.000000,,,0.000000,0.934167,-0.925126
SportsMOT,V013,279,S_c,545,9,526,0,0.000000,0.000000,0.000000,,,0.000000,0.813643,-0.918546
SportsMOT,V013,280,S_r,544,10,533,0,0.894397,0.000000,0.894397,0.987576,0.087011,0.000000,-1.754818,-1.754818
SportsMOT,V013,293,S_c,546,19,542,0,0.000000,0.000000,0.000000,,,0.000000,0.842165,-0.910508
SportsMOT,V013,360,S_c,547,2,522,0,0.000000,0.000000,0.000000,,,0.000000,0.926652,-0.893989
SportsMOT,V013,362,S_c,548,9,545,0,0.000000,0.000000,0.000000,,,0.000000,0.649576,-0.786321
SportsMOT,V013,367,S_c,552,7,543,0,0.000000,0.000000,0.000000,,,0.000000,0.919735,-0.903266
SportsMOT,V013,370,S_h,548,8,531,0,0.000000,0.000000,0.000000,,,0.000000,0.961772,-0.915557
SportsMOT,V013,375,S_c,567,8,531,0,0.000000,0.000000,0.000000,,,0.000000,0.947541,-0.955862
SportsMOT,V013,377,S_c,571,6,536,0,0.000000,0.000000,0.000000,,,0.000000,0.860494,-0.890784
SportsMOT,V013,381,S_c,578,3,535,0,0.000000,0.000000,0.000000,,,0.000000,0.893847,-0.899383
SportsMOT,V013,382,S_h,560,4,527,0,0.000000,0.000000,0.000000,,,0.000000,0.304430,-0.925226
SportsMOT,V013,385,S_h,560,1,528,0,0.000000,0.000000,0.000000,,,0.000000,0.896095,-0.972584
SportsMOT,V013,389,S_c,599,0,523,0,0.000000,0.000000,0.000000,,,0.000000,0.949726,-0.577172
SportsMOT,V013,392,S_c,613,1,528,0,0.000000,0.000000,0.000000,,,0.000000,0.977202,-0.960585
SportsMOT,V013,405,S_c,654,5,534,0,0.000000,0.000000,0.000000,,,0.000000,0.880658,-0.927903
SportsMOT,V013,405,S_c,653,9,545,0,0.000000,0.000000,0.000000,,,0.000000,0.880658,-0.927903
SportsMOT,V013,406,S_c,655,4,527,0,0.000000,0.000000,0.000000,,,0.000000,0.493192,-0.980629
SportsMOT,V013,410,S_c,657,8,567,0,0.000000,0.000000,0.000000,,,0.000000,0.765417,-0.912902
SportsMOT,V013,410,S_c,656,11,524,0,0.000000,0.000000,0.000000,,,0.000000,0.765417,-0.912902
SportsMOT,V013,411,S_c,658,0,599,0,0.000000,0.000000,0.000000,,,0.000000,0.647222,0.000000
SportsMOT,V013,412,S_c,661,1,613,0,0.000000,0.000000,0.000000,,,0.000000,0.604198,-0.824308
SportsMOT,V013,412,S_c,660,6,571,0,0.000000,0.000000,0.000000,,,0.006283,0.604198,-0.824308
SportsMOT,V013,412,S_c,659,7,552,0,0.000000,0.000000,0.000000,,,0.005551,0.604198,-0.824308
SportsMOT,V013,412,S_c,662,12,530,0,0.000000,0.000000,0.000000,,,0.000000,0.604198,-0.824308
SportsMOT,V013,415,S_c,664,15,539,0,0.000000,0.000000,0.000000,,,0.000000,0.068212,-0.835698
SportsMOT,V013,418,S_h,552,2,547,0,0.694192,0.000000,0.694192,,,0.000000,-0.694192,-1.360230
SportsMOT,V013,418,S_h,613,4,655,0,0.666038,0.000000,0.666038,,,0.000000,-1.382783,-1.382783
SportsMOT,V013,420,S_c,668,4,655,0,0.000000,0.000000,0.000000,,,0.000000,0.962184,-0.856843
SportsMOT,V013,420,S_h,613,6,660,0,0.781655,0.000000,0.781655,,,0.000000,-0.781655,-1.582431
SportsMOT,V013,421,S_c,670,2,552,0,0.000000,0.000000,0.000000,,,0.000000,0.339590,-0.936888
SportsMOT,V013,421,S_h,599,4,655,0,0.339590,0.000000,0.339590,,,0.000000,-0.339590,-1.276478
SportsMOT,V013,421,S_h,655,6,660,0,0.324818,0.000000,0.324818,,,0.000000,-0.324818,-1.261706
SportsMOT,V013,422,S_h,668,6,660,0,0.128587,0.092314,0.036274,,,0.000000,-0.036274,-0.036274
SportsMOT,V013,422,S_h,567,9,653,0,0.687812,0.000000,0.687812,,,0.000000,-0.687812,-1.169612
SportsMOT,V013,423,S_c,673,4,655,0,0.000000,0.000000,0.000000,,,0.000000,0.782698,-0.855531
SportsMOT,V013,423,S_h,599,6,660,0,0.328497,0.000000,0.328497,,,0.000000,-0.328497,-1.268872
SportsMOT,V013,424,S_r,673,6,660,0,0.393935,0.105326,0.288609,,0.166814,0.000000,-0.288609,-0.289697
SportsMOT,V013,424,S_c,676,13,525,0,0.000000,0.000000,0.000000,,,0.000000,0.393935,-0.885175
SportsMOT,V013,425,S_c,678,6,660,0,0.000000,0.000000,0.000000,,,0.000000,0.279358,-0.970682
SportsMOT,V013,426,S_c,682,4,655,0,0.000000,0.000000,0.000000,,,0.335526,0.310776,-0.974448
SportsMOT,V013,427,S_r,682,6,678,0,0.785346,0.778905,0.006442,,0.042900,0.000000,-0.006442,-0.006442
SportsMOT,V013,429,S_c,691,6,678,0,0.106186,0.000000,0.106186,,,0.000000,-1.082812,-1.082812
SportsMOT,V013,430,S_c,694,4,655,0,0.063615,0.000000,0.063615,,,0.000000,-0.062702,-1.005124
SportsMOT,V013,430,S_c,695,20,541,0,0.000000,0.000000,0.000000,,,0.000000,0.063615,-0.941509
SportsMOT,V013,432,S_h,530,16,540,0,0.000000,0.000000,0.000000,,,0.000000,0.664755,-0.672383
SportsMOT,V013,432,S_c,698,20,541,0,0.000000,0.000000,0.000000,,,0.000000,0.664755,-0.672383
SportsMOT,V013,433,S_c,705,6,678,0,0.493895,0.000000,0.493895,,,0.656298,0.293529,-1.455115
SportsMOT,V013,433,S_c,703,9,653,0,0.000000,0.000000,0.000000,,,0.000000,0.386955,0.000000
SportsMOT,V013,435,S_c,707,16,530,0,0.000000,0.000000,0.000000,,,0.000000,0.799349,-0.962021
SportsMOT,V013,443,S_r,663,17,538,0,0.128608,0.000000,0.128608,,0.204947,0.000000,-0.572795,-0.572795
SportsMOT,V013,443,S_r,719,18,537,0,0.444187,0.000000,0.444187,0.999928,0.329506,0.000000,-0.572795,-0.572795
SportsMOT,V013,446,S_c,726,14,532,0,0.000000,0.000000,0.000000,,,0.000000,0.664773,-0.990624
SportsMOT,V013,447,S_c,728,17,538,0,0.000000,0.000000,0.000000,,,0.000000,-0.929103,-0.929103
SportsMOT,V013,448,S_c,729,14,532,0,0.000000,0.000000,0.000000,,,0.000000,0.362607,-0.965774
SportsMOT,V013,449,S_r,662,10,544,0,0.456804,0.453219,0.003586,0.875726,0.296234,0.000000,-0.003586,-0.003586
SportsMOT,V013,453,S_c,730,12,662,0,0.184094,0.000000,0.184094,,,0.462003,0.630693,-1.085596
SportsMOT,V013,454,S_r,694,6,705,0,0.516066,0.459921,0.056145,0.991473,0.164080,0.000000,-0.056145,-0.108814
SportsMOT,V013,455,S_c,732,4,694,0,0.110463,0.000000,0.110463,,,0.197617,0.749346,-0.547780
SportsMOT,V013,455,S_c,733,10,662,0,0.477843,0.000000,0.477843,,,0.664789,0.269617,-0.915160
SportsMOT,V013,458,S_r,732,6,694,0,0.462857,0.000000,0.462857,-0.972934,0.033831,0.000000,-0.431409,-1.314408
SportsMOT,V013,458,S_c,734,7,659,0,0.031448,0.000000,0.031448,,,0.000000,0.431409,-0.882999
SportsMOT,V013,458,S_c,736,8,657,0,0.000000,0.000000,0.000000,,,0.000000,0.854685,-0.836679
SportsMOT,V013,459,S_c,737,11,656,0,0.000000,0.000000,0.000000,,,0.000000,0.458407,-0.417962
SportsMOT,V013,459,S_c,738,13,676,0,0.168617,0.000000,0.168617,,,0.454807,0.652163,-0.586578
SportsMOT,V013,459,S_r,719,17,728,0,0.486815,0.417962,0.068854,-0.965875,0.237922,0.000000,-0.068854,-0.068854
SportsMOT,V013,460,S_c,740,18,719,0,0.081556,0.000000,0.081556,,,0.000000,-0.081556,-0.603082
SportsMOT,V013,461,S_c,742,9,703,0,0.000000,0.000000,0.000000,,,0.000000,0.789829,-0.906789
SportsMOT,V013,461,S_c,744,17,728,0,0.370895,0.000000,0.370895,,,0.611006,0.418933,-1.277684
SportsMOT,V013,461,S_c,743,20,698,0,0.000000,0.000000,0.000000,,,0.000000,0.789829,-0.906789
SportsMOT,V013,463,S_h,726,14,729,0,0.000000,0.000000,0.000000,,,0.000000,0.912378,-0.931012
SportsMOT,V013,464,S_c,751,3,578,0,0.000000,0.000000,0.000000,,,0.000000,0.877160,-0.942765
SportsMOT,V013,468,S_c,761,4,732,0,0.527689,0.119378,0.408310,,,0.569794,0.449649,-1.246434
SportsMOT,V013,469,S_h,694,1,661,0,0.000000,0.000000,0.000000,,,0.000000,0.456826,-0.853057
SportsMOT,V013,472,S_c,771,1,661,0,0.000000,0.000000,0.000000,,,0.000000,0.788508,-0.855820
SportsMOT,V013,475,S_h,659,0,658,0,0.000000,0.000000,0.000000,,,0.000000,0.915665,-0.929765
SportsMOT,V013,475,S_h,719,14,726,0,0.000000,0.000000,0.000000,,,0.000000,0.915665,-0.929765
SportsMOT,V013,476,S_c,780,5,654,0,0.142882,0.000000,0.142882,,,0.225346,0.711932,-1.128589
SportsMOT,V013,477,S_h,728,14,726,0,0.000000,0.000000,0.000000,,,0.000000,0.425010,-0.965448
SportsMOT,V013,478,S_c,782,0,659,0,0.000000,0.000000,0.000000,,,0.000000,0.849237,-0.966331
SportsMOT,V013,479,S_c,783,14,726,0,0.000000,0.000000,0.000000,,,0.000000,0.459471,-0.888936
SportsMOT,V013,488,S_c,795,14,726,0,0.000000,0.000000,0.000000,,,0.000000,0.976110,-0.942835
SportsMOT,V013,493,S_c,801,4,761,0,0.000000,0.000000,0.000000,,,0.000000,0.950462,-0.925655
SportsMOT,V014,130,S_c,818,15,817,0,0.000000,0.000000,0.000000,,,0.000000,0.906531,-0.962495
SportsMOT,V014,139,S_c,819,14,816,0,0.000000,0.000000,0.000000,,,0.000000,0.914367,-0.905788
SportsMOT,V014,290,S_c,822,0,802,0,0.000000,0.000000,0.000000,,,0.000000,0.897100,-0.888913
SportsMOT,V014,375,S_c,823,14,819,0,0.000000,0.000000,0.000000,,,0.000000,0.903530,-0.854761
SportsMOT,V014,505,S_c,824,14,823,0,0.000000,0.000000,0.000000,,,0.000000,0.917909,-0.872303
SportsMOT,V014,535,S_c,825,15,818,0,0.000000,0.000000,0.000000,,,0.000000,0.873034,-0.917180
SportsMOT,V015,131,S_r,834,8,833,0,0.869629,0.485106,0.384523,-0.133940,0.013359,0.631393,-0.122406,-0.122406
SportsMOT,V015,132,S_r,832,9,834,0,0.873487,0.346793,0.526694,0.305058,0.025042,0.529182,-1.069570,-1.069570
SportsMOT,V015,133,S_h,833,6,832,0,0.697053,0.272233,0.424820,,,0.350774,-1.022630,-1.022630
SportsMOT,V015,235,S_c,836,2,829,0,0.458484,0.000000,0.458484,,,0.798650,0.496663,-1.410845
SportsMOT,V015,245,S_r,836,4,827,0,0.910942,0.540669,0.370273,0.975252,0.035767,0.487723,-0.454622,-0.454622
SportsMOT,V015,247,S_h,827,4,827,0,0.841337,0.333219,0.508118,,,0.612239,-0.502644,-1.116600
SportsMOT,V015,305,S_c,837,6,833,0,0.000000,0.000000,0.000000,,,0.000000,0.943721,-0.886346
SportsMOT,V015,309,S_c,838,9,832,0,0.497511,0.000000,0.497511,,,0.849876,0.286892,-1.452998
SportsMOT,V015,371,S_r,834,5,826,0,0.946064,0.338062,0.608002,0.999925,0.051339,0.535155,-1.257848,-1.257848
SportsMOT,V015,371,S_h,826,8,834,0,0.630522,0.272990,0.357532,,,0.936764,0.292314,-0.965534
SportsMOT,V015,651,S_h,836,3,830,0,0.401447,0.278641,0.122806,,,0.801068,0.409100,-0.612105
SportsMOT,V015,654,S_r,830,2,836,0,0.846860,0.475540,0.371321,0.803751,0.060332,0.672449,-0.756700,-0.756700
SportsMOT,V015,669,S_r,837,5,834,0,0.686595,0.440298,0.246298,-0.475815,0.074739,0.797711,-0.514957,-0.514957
SportsMOT,V015,669,S_r,834,6,837,0,0.926833,0.658174,0.268659,0.999435,0.033621,0.547800,-0.514957,-0.514957
SportsMOT,V015,692,S_c,841,0,831,0,0.000000,0.000000,0.000000,,,0.000000,0.914306,-0.954674
SportsMOT,V015,714,S_c,842,4,827,0,0.000000,0.000000,0.000000,,,0.000000,0.946488,-0.857000
SportsMOT,V015,715,S_c,843,1,828,0,0.378151,0.000000,0.378151,,,0.467482,0.319120,-1.355324
SportsMOT,V015,748,S_r,836,8,826,0,0.754296,0.283650,0.470646,0.690282,0.075147,0.389293,-0.219048,-1.029564
SportsMOT,V015,756,S_c,844,3,836,0,0.362090,0.222920,0.139171,,,0.587935,0.740559,-0.833428
SportsMOT,V015,798,S_c,845,0,841,0,0.000000,0.000000,0.000000,,,0.000000,0.918777,-0.923703
SportsMOT,V016,29,S_c,855,8,854,0,0.152724,0.000000,0.152724,,,0.257637,0.492862,-1.093816
SportsMOT,V016,305,S_c,858,8,855,0,0.000000,0.000000,0.000000,,,0.000000,0.950718,-0.936349
SportsMOT,V016,336,S_c,859,3,849,0,0.000000,0.000000,0.000000,,,0.000000,0.930254,-0.910380
SportsMOT,V016,346,S_c,860,7,853,0,0.000000,0.000000,0.000000,,,0.000000,0.846222,-0.930129
SportsMOT,V016,681,S_c,863,6,852,0,0.350800,0.267692,0.083108,,,0.547535,0.212666,-0.414642
SportsMOT,V016,710,S_c,864,6,863,0,0.467480,0.390196,0.077284,,,0.777445,0.551691,-0.545542
SportsMOT,V016,754,S_r,848,4,846,0,0.746155,0.436132,0.310023,0.822743,0.111285,0.556869,-0.803846,-0.803846
SportsMOT,V016,755,S_h,846,1,848,0,0.507458,0.228924,0.278535,,,0.880740,0.168487,-0.780046
SportsMOT,V016,763,S_r,846,4,848,0,0.949258,0.500934,0.448324,,0.000921,0.662070,-0.833766,-0.833766
SportsMOT,V016,766,S_h,848,4,848,0,0.710113,0.533510,0.176603,,,0.841411,0.021111,-0.598367
SportsMOT,V016,769,S_r,858,1,846,0,0.848592,0.657027,0.191565,0.794187,0.022076,0.704777,-0.477790,-0.477790
SportsMOT,V016,769,S_r,846,8,858,0,0.871543,0.479200,0.392344,,0.033003,0.671906,-0.841892,-0.841892
SportsMOT,V016,798,S_c,867,5,851,0,0.000000,0.000000,0.000000,,,0.000000,0.928152,-0.949206
SportsMOT,V016,834,S_c,868,3,859,0,0.184479,0.082189,0.102290,,,0.452135,0.718765,-0.855841
SportsMOT,V016,860,S_c,869,5,867,0,0.325736,0.063117,0.262620,,,0.305100,0.635038,-1.184865
SportsMOT,V016,864,S_c,870,0,850,0,0.526578,0.000000,0.526578,,,0.673764,0.305151,-1.424645
SportsMOT,V016,867,S_r,869,0,870,0,0.897194,0.450768,0.446426,0.925785,0.026367,0.538894,-0.895741,-0.895741
SportsMOT,V016,867,S_r,870,5,869,0,0.922029,0.472714,0.449315,0.999300,0.055227,0.651794,-0.895741,-0.895741
SportsMOT,V016,927,S_c,872,9,854,0,0.000000,0.000000,0.000000,,,0.000000,0.891550,-0.915390
SportsMOT,V016,937,S_c,873,7,860,0,0.000000,0.000000,0.000000,,,0.000000,0.909527,-0.890347
SportsMOT,V016,962,S_c,874,5,870,0,0.000000,0.000000,0.000000,,,0.000000,0.874411,-0.877064
SportsMOT,V016,995,S_r,873,2,847,0,0.672527,0.347124,0.325402,0.253755,0.073339,0.673587,-0.044387,-0.874041
SportsMOT,V016,995,S_h,847,7,873,0,0.552372,0.271356,0.281016,,,0.569451,0.044387,-0.829654
SportsMOT,V016,1005,S_c,875,8,846,0,0.000000,0.000000,0.000000,,,0.000000,0.959604,-0.917325
SportsMOT,V016,1020,S_c,876,0,869,0,0.000000,0.000000,0.000000,,,0.000000,0.780573,-0.952804
SportsMOT,V017,143,S_r,887,1,885,0,0.900436,0.521392,0.379044,0.999791,0.020541,0.733269,-0.708373,-0.708373
SportsMOT,V017,143,S_r,885,7,887,0,0.860452,0.531123,0.329329,0.899117,0.067042,0.618500,-0.708373,-0.708373
SportsMOT,V017,168,S_c,890,1,887,0,0.577329,0.134194,0.443135,,,0.886029,0.284053,-1.167900
SportsMOT,V017,170,S_r,881,1,887,0,0.831546,0.511597,0.319949,0.297458,0.022317,0.526280,-0.642224,-0.642224
SportsMOT,V017,170,S_r,890,6,881,0,0.815135,0.492861,0.322275,0.333383,0.033046,0.684308,-0.642224,-0.642224
SportsMOT,V017,250,S_c,891,2,878,0,0.057787,0.000000,0.057787,,,0.042089,0.699400,-0.945931
SportsMOT,V017,300,S_c,892,1,881,0,0.000000,0.000000,0.000000,,,0.000000,0.914896,-0.972664
SportsMOT,V017,320,S_c,893,3,886,0,0.000000,0.000000,0.000000,,,0.000000,0.926577,-0.906005
SportsMOT,V017,371,S_c,894,2,891,0,0.000000,0.000000,0.000000,,,0.000000,0.701009,-0.570347
SportsMOT,V017,387,S_c,895,8,882,0,0.000000,0.000000,0.000000,,,0.000000,0.832139,-0.921402
SportsMOT,V017,469,S_c,897,9,883,0,0.000000,0.000000,0.000000,,,0.000000,0.986387,-0.959349
SportsMOT,V017,581,S_r,890,4,884,0,0.945495,0.380033,0.565462,0.939528,0.017409,0.534602,-1.126964,-1.126964
SportsMOT,V017,581,S_r,884,6,890,0,0.882696,0.342738,0.539959,0.941047,0.040195,0.475511,-0.236544,-1.124050
SportsMOT,V017,737,S_c,898,9,897,0,0.000000,0.000000,0.000000,,,0.000000,0.916971,-0.938032
SportsMOT,V017,740,S_c,899,6,884,0,0.100302,0.000000,0.100302,,,0.162609,0.880122,-1.046267
SportsMOT,V017,748,S_c,900,8,895,0,0.000000,0.000000,0.000000,,,0.014058,0.923141,-0.940875
SportsMOT,V017,755,S_r,901,3,893,0,0.920123,0.081787,0.838336,0.998605,0.131517,0.192225,-1.656786,-1.656786
SportsMOT,V017,759,S_c,902,5,880,0,0.000000,0.000000,0.000000,,,0.000000,0.871691,-0.920696
SportsMOT,V017,775,S_c,903,7,885,0,0.000000,0.000000,0.000000,,,0.000000,0.983134,-0.971980
SportsMOT,V017,846,S_c,904,1,892,0,0.000000,0.000000,0.000000,,,0.000000,0.940722,-0.975404
SportsMOT,V017,908,S_r,900,6,899,0,0.767811,0.490863,0.276947,0.903618,0.069012,0.685065,-0.094696,-0.730847
SportsMOT,V017,908,S_r,899,8,900,0,0.939719,0.475460,0.464258,0.369298,0.015855,0.485807,-0.833509,-0.833509
SportsMOT,V017,978,S_c,905,1,904,0,0.000000,0.000000,0.000000,,,0.000000,0.971925,-0.871734
SportsMOT,V017,1022,S_c,906,4,890,0,0.000000,0.000000,0.000000,,,0.160344,0.820343,-0.853287
SportsMOT,V017,1022,S_c,907,5,902,0,0.000000,0.000000,0.000000,,,0.319205,0.820343,-0.853287
SportsMOT,V017,1032,S_c,908,2,894,0,0.000000,0.000000,0.000000,,,0.312144,0.885086,-0.932435
SportsMOT,V017,1032,S_c,909,3,901,0,0.000000,0.000000,0.000000,,,0.334727,0.885086,-0.932435
SportsMOT,V017,1035,S_c,910,2,908,0,0.064817,0.000000,0.064817,,,0.104869,0.872639,-0.969232
SportsMOT,V017,1040,S_c,911,7,903,0,0.000000,0.000000,0.000000,,,0.000000,0.893646,-0.866117
SportsMOT,V017,1043,S_c,916,0,879,0,0.000000,0.000000,0.000000,,,0.000000,0.947211,-0.949759
SportsMOT,V017,1044,S_r,906,2,910,0,0.628905,0.042507,0.586398,0.667963,0.130101,0.107895,-1.161754,-1.161754
SportsMOT,V017,1045,S_c,919,0,879,0,0.000000,0.000000,0.000000,,,0.000000,0.643212,-0.812146
SportsMOT,V017,1045,S_c,918,4,906,0,0.241479,0.091021,0.150458,,,0.464836,0.455323,-0.680474
SportsMOT,V018,232,S_c,930,7,922,0,0.000000,0.000000,0.000000,,,0.000000,0.786911,-0.944128
SportsMOT,V018,245,S_c,931,6,926,0,0.000000,0.000000,0.000000,,,0.000000,0.973707,-0.942169
SportsMOT,V018,248,S_c,932,8,929,0,0.067067,0.000000,0.067067,,,0.067870,0.799102,-0.991848
SportsMOT,V018,359,S_r,930,1,925,0,0.884363,0.176839,0.707524,0.893650,0.023359,0.352794,-1.458008,-1.458008
SportsMOT,V018,362,S_r,925,7,930,0,0.828950,0.434234,0.394716,0.653814,0.053852,0.737030,-0.828482,-0.828482
SportsMOT,V018,380,S_r,927,2,924,0,0.977021,0.461147,0.515874,0.984429,0.014358,0.760090,-0.973667,-0.973667
SportsMOT,V018,380,S_r,924,5,927,0,0.942552,0.484759,0.457793,0.892078,0.012653,0.577576,-0.973667,-0.973667
SportsMOT,V018,471,S_c,935,9,928,0,0.000000,0.000000,0.000000,,,0.000000,0.894413,-0.948695
SportsMOT,V018,503,S_c,936,2,927,0,0.000000,0.000000,0.000000,,,0.000000,0.887244,-0.840246
SportsMOT,V018,514,S_c,937,8,932,0,0.010126,0.000000,0.010126,,,0.001639,0.840601,-0.865956
SportsMOT,V018,523,S_c,938,0,920,0,0.000000,0.000000,0.000000,,,0.000000,0.906048,-0.911566
SportsMOT,V018,534,S_c,939,6,931,0,0.000000,0.000000,0.000000,,,0.000000,0.752808,-0.918025
SportsMOT,V018,537,S_r,940,4,923,0,0.970335,0.359553,0.610782,0.999206,0.068007,0.561940,-0.886339,-0.886339
SportsMOT,V019,278,S_r,951,1,943,0,0.933408,0.223592,0.709817,0.882858,0.024548,0.438577,-1.156796,-1.156796
SportsMOT,V019,281,S_r,949,9,951,0,0.728882,0.470686,0.258196,-0.034518,0.018847,0.799577,-0.812469,-0.812469
SportsMOT,V019,282,S_c,952,7,949,0,0.407327,0.228588,0.178739,,,0.635062,0.305742,-0.701491
SportsMOT,V019,296,S_r,949,7,952,0,0.939094,0.564880,0.374214,0.928137,0.019092,0.693374,-0.777974,-0.777974
SportsMOT,V019,296,S_r,952,9,949,0,0.693853,0.511591,0.182263,0.594461,0.096081,0.599591,0.060746,0.060746
SportsMOT,V019,328,S_r,950,7,949,0,0.897001,0.608630,0.288371,0.693727,0.034362,0.829911,-0.608609,-0.608609
SportsMOT,V019,341,S_h,949,6,948,0,0.690085,0.542213,0.147872,,,0.690857,-0.641333,-0.641333
SportsMOT,V019,343,S_h,948,8,950,0,0.704401,0.512806,0.191595,,,0.846503,0.037417,-0.329594
SportsMOT,V019,388,S_c,953,4,946,0,0.000000,0.000000,0.000000,,,0.000000,0.813521,-0.766185
SportsMOT,V019,408,S_c,954,2,945,0,0.000000,0.000000,0.000000,,,0.000000,0.879879,-0.895831
SportsMOT,V019,447,S_c,955,0,942,0,0.000000,0.000000,0.000000,,,0.000000,0.873726,-0.923041
SportsMOT,V019,456,S_r,956,1,951,0,0.907179,0.000000,0.907179,,0.016968,0.000000,-1.801077,-1.801077
SportsMOT,V019,477,S_r,953,0,955,0,0.943141,0.564248,0.378893,0.999881,0.062445,0.571681,-0.796958,-0.796958
SportsMOT,V019,478,S_h,955,0,955,0,0.541213,0.167179,0.374034,,,0.513007,-0.229248,-0.725452
SportsMOT,V019,600,S_c,957,7,950,0,0.000000,0.000000,0.000000,,,0.000000,0.984891,-0.944879
SportsMOT,V019,606,S_c,958,6,949,0,0.000000,0.000000,0.000000,,,0.000000,0.927606,-0.920508
SportsMOT,V019,616,S_c,959,9,952,0,0.000000,0.000000,0.000000,,,0.000000,0.919198,-0.978619
SportsMOT,V019,628,S_c,960,3,944,0,0.000000,0.000000,0.000000,,,0.000000,0.962903,-0.914359
SportsMOT,V019,639,S_r,961,1,956,0,0.877007,0.072943,0.804064,0.911843,0.036470,0.072256,-1.548428,-1.548428
SportsMOT,V019,666,S_r,962,9,959,0,0.939606,0.000000,0.939606,,0.003468,0.000000,-1.901131,-1.901131
SportsMOT,V019,682,S_c,963,8,948,0,0.105834,0.000000,0.105834,,,0.291113,0.848273,-0.968464
SportsMOT,V019,707,S_r,960,0,955,0,0.625568,0.614444,0.011124,0.924272,0.194935,0.804228,0.511403,-0.236717
SportsMOT,V019,707,S_r,955,3,960,0,0.977145,0.456322,0.520823,0.999531,0.015116,0.402023,-0.855120,-0.855120
SportsMOT,V019,751,S_r,958,3,955,0,0.864351,0.417153,0.447198,0.770433,0.052585,0.720786,-0.933131,-0.933131
SportsMOT,V019,751,S_r,955,6,958,0,0.938824,0.452891,0.485933,-0.391539,0.012127,0.516648,-0.933131,-0.933131
SportsMOT,V019,765,S_c,964,2,954,0,0.000000,0.000000,0.000000,,,0.000000,0.923398,-0.960515
SportsMOT,V019,821,S_c,965,6,955,0,0.620507,0.000000,0.620507,,,0.699324,0.313336,-1.544988
SportsMOT,V019,824,S_r,965,5,947,0,0.942837,0.412773,0.530065,0.984165,0.026800,0.542386,-1.079956,-1.079956
SportsMOT,V019,824,S_r,947,6,965,0,0.984630,0.434738,0.549892,0.995857,0.011223,0.635776,-1.079956,-1.079956
SportsMOT,V019,940,S_c,967,9,962,0,0.000000,0.000000,0.000000,,,0.000000,0.739504,-0.776592
SportsMOT,V019,963,S_c,968,2,964,0,0.000000,0.000000,0.000000,,,0.000000,0.973859,-0.978696
SportsMOT,V019,983,S_c,969,3,958,0,0.000000,0.000000,0.000000,,,0.000000,0.956540,-0.951755
SportsMOT,V019,987,S_c,970,0,960,0,0.202240,0.000000,0.202240,,,0.406362,0.532002,-1.011521
SportsMOT,V019,1327,S_c,972,3,969,0,0.000000,0.000000,0.000000,,,0.000000,0.859775,-0.953301
SportsMOT,V019,1376,S_r,972,0,970,0,0.924385,0.426082,0.498303,0.505084,0.013613,0.710765,-0.958916,-0.958916
SportsMOT,V019,1376,S_r,970,3,972,0,0.940933,0.480320,0.460614,0.939842,0.021710,0.538507,-0.958916,-0.958916
SportsMOT,V019,1440,S_c,975,3,970,0,0.000000,0.000000,0.000000,,,0.000000,0.891525,-0.982131
SportsMOT,V019,1441,S_r,957,0,972,0,0.947243,0.413475,0.533768,0.953476,0.039464,0.479978,-1.032526,-1.032526
SportsMOT,V019,1441,S_r,972,7,957,0,0.867301,0.368543,0.498758,0.316480,0.011304,0.626634,-1.032526,-1.032526
SportsMOT,V019,1469,S_c,976,1,961,0,0.000000,0.000000,0.000000,,,0.000000,0.946101,-0.801931
SportsMOT,V019,1571,S_r,947,4,953,0,0.673913,0.505308,0.168605,-0.939691,0.037418,0.664706,-0.779083,-0.779083
SportsMOT,V019,1571,S_r,953,6,947,0,0.910795,0.300317,0.610478,0.826084,0.016301,0.626153,-0.779083,-0.779083
SportsMOT,V019,1619,S_c,979,2,968,0,0.000000,0.000000,0.000000,,,0.000000,0.908472,-0.962383
SportsMOT,V019,1656,S_c,980,5,965,0,0.000000,0.000000,0.000000,,,0.000000,0.809818,-0.932461
SportsMOT,V019,1659,S_c,981,9,967,0,0.138474,0.000000,0.138474,,,0.234609,0.788604,-1.082815
SportsMOT,V019,1739,S_c,982,6,953,0,0.000000,0.000000,0.000000,,,0.000000,0.937276,-0.976655
SportsMOT,V019,1745,S_c,983,0,957,0,0.000000,0.000000,0.000000,,,0.000000,0.662118,-0.931376
SportsMOT,V020,136,S_c,994,1,987,0,0.374234,0.246807,0.127427,,,0.558492,0.374125,-0.420124
SportsMOT,V020,204,S_c,995,1,994,0,0.463012,0.394662,0.068349,,,0.788164,0.618195,-0.699608
SportsMOT,V020,234,S_c,996,1,995,0,0.497143,0.000000,0.497143,,,0.749346,0.384780,-1.466040
SportsMOT,V020,285,S_r,993,1,996,0,0.953171,0.409041,0.544130,0.930751,0.031134,0.534330,-1.061300,-1.061300
SportsMOT,V020,285,S_r,996,9,993,0,0.937240,0.420070,0.517170,0.757459,0.029080,0.621145,-1.061300,-1.061300
SportsMOT,V020,407,S_c,997,1,993,0,0.000000,0.000000,0.000000,,,0.004341,0.914060,-0.927421
SportsMOT,V020,411,S_c,998,2,986,0,0.000000,0.000000,0.000000,,,0.000000,0.864735,-0.909349
SportsMOT,V020,447,S_c,999,0,984,0,0.000000,0.000000,0.000000,,,0.000000,0.977295,-0.894404
SportsMOT,V020,454,S_c,1000,5,989,0,0.121892,0.000000,0.121892,,,0.141336,0.662853,-1.025245
SportsMOT,V020,470,S_c,1001,4,988,0,0.000000,0.000000,0.000000,,,0.000000,0.925113,-0.959586
SportsMOT,V020,645,S_c,1005,9,996,0,0.634827,0.000000,0.634827,,,0.880613,0.334284,-1.597475
SportsMOT,V021,104,S_c,1016,3,1014,0,0.639573,0.399020,0.240554,,,0.929385,0.319071,-0.742442
SportsMOT,V021,118,S_c,1017,9,1007,0,0.000000,0.000000,0.000000,,,0.000000,0.796776,-0.819025
SportsMOT,V021,209,S_c,1019,0,1013,0,0.000000,0.000000,0.000000,,,0.000000,0.895612,-0.813743
SportsMOT,V021,210,S_c,1020,1,1011,0,0.000000,0.000000,0.000000,,,0.000000,0.766571,-0.817781
SportsMOT,V021,238,S_r,1009,4,1008,0,0.706461,0.266610,0.439851,0.497701,0.089525,0.510057,-1.038372,-1.038372
SportsMOT,V021,238,S_r,1008,6,1009,0,0.950096,0.351575,0.598521,0.999852,0.031340,0.333833,-1.038372,-1.038372
SportsMOT,V021,288,S_c,1021,1,1020,0,0.047492,0.000000,0.047492,,,0.145086,0.905632,-0.999724
SportsMOT,V021,305,S_c,1022,8,1015,0,0.137367,0.000000,0.137367,,,0.361711,0.744949,-1.103093
SportsMOT,V021,310,S_c,1023,0,1019,0,0.008957,0.000000,0.008957,,,0.060732,0.843780,-0.870297
SportsMOT,V021,313,S_c,1024,2,1010,0,0.332868,0.047884,0.284983,,,0.516617,0.573815,-1.198083
SportsMOT,V021,340,S_c,1025,3,1016,0,0.020107,0.000000,0.020107,,,0.000000,0.857277,-0.901091
SportsMOT,V021,346,S_c,1026,6,1008,0,0.000000,0.000000,0.000000,,,0.000000,0.891629,-0.963591
SportsMOT,V021,477,S_r,1026,3,1025,0,0.971308,0.433413,0.537895,0.984296,0.034358,0.530922,-0.259814,-0.938022
SportsMOT,V021,477,S_r,1025,6,1026,0,0.911128,0.447506,0.463622,0.130811,0.012687,0.753321,-1.018019,-1.018019
SportsMOT,V021,509,S_r,1022,7,1006,0,0.970225,0.490687,0.479538,0.994117,0.016794,0.528062,-0.929038,-0.929038
SportsMOT,V021,509,S_r,1006,8,1022,0,0.883000,0.433499,0.449501,0.992651,0.047253,0.722574,-0.929038,-0.929038
SportsMOT,V021,583,S_r,1006,7,1022,0,0.947234,0.313238,0.633997,0.998873,0.063364,0.403057,-1.135545,-1.135545
SportsMOT,V021,583,S_r,1022,8,1006,0,0.853845,0.352297,0.501548,0.974330,0.019978,0.655122,-1.135545,-1.135545
SportsMOT,V021,688,S_c,1027,5,1012,0,0.026944,0.000000,0.026944,,,0.122099,0.882323,-0.948360
SportsMOT,V021,728,S_c,1028,9,1017,0,0.000000,0.000000,0.000000,,,0.000000,0.956761,-0.894138
SportsMOT,V021,776,S_c,1029,4,1009,0,0.000000,0.000000,0.000000,,,0.000000,0.961751,-0.967491
SportsMOT,V021,813,S_r,1023,6,1025,0,0.815572,0.649785,0.165787,0.422722,0.034978,0.534655,-0.152179,-0.152179
SportsMOT,V021,821,S_h,1025,6,1023,0,0.756698,0.551771,0.204928,,,0.657131,-0.667430,-0.667430
SportsMOT,V021,823,S_h,1023,6,1025,0,0.620966,0.436002,0.184963,,,0.645566,-0.585526,-0.585526
SportsMOT,V021,828,S_r,1027,0,1023,0,0.752719,0.180294,0.572424,0.597276,0.049789,0.570255,-1.312068,-1.312068
SportsMOT,V021,829,S_c,1030,5,1027,0,0.308998,0.278525,0.030473,,,0.436158,0.862126,-0.937400
SportsMOT,V022,51,S_c,1041,5,1040,0,0.000000,0.000000,0.000000,,,0.000000,0.848167,-0.836148
SportsMOT,V022,334,S_c,1043,6,1036,0,0.000000,0.000000,0.000000,,,0.000000,0.907807,-0.968747
SportsMOT,V022,345,S_c,1044,9,1033,0,0.000000,0.000000,0.000000,,,0.000000,0.407290,-0.705695
SportsMOT,V022,512,S_r,1034,4,1037,0,0.866820,0.402152,0.464667,0.894961,0.068091,0.478866,-0.684062,-0.684062
SportsMOT,V022,512,S_r,1037,7,1034,0,0.690606,0.471212,0.219395,0.086423,0.023291,0.719205,-0.006417,-0.684062
SportsMOT,V022,561,S_c,1046,3,1038,0,0.000000,0.000000,0.000000,,,0.000000,0.925186,-0.951011
SportsMOT,V022,590,S_c,1047,0,1031,0,0.000000,0.000000,0.000000,,,0.000000,0.856210,-0.813363
SportsMOT,V022,590,S_c,1048,3,1046,0,0.000000,0.000000,0.000000,,,0.000000,0.856210,-0.813363
SportsMOT,V022,599,S_c,1049,1,1035,0,0.000000,0.000000,0.000000,,,0.000000,0.909534,-0.953160
SportsMOT,V022,637,S_r,1044,1,1049,0,0.807302,0.538815,0.268487,0.101826,0.052347,0.623758,-0.475108,-0.475108
SportsMOT,V022,637,S_r,1049,9,1044,0,0.726841,0.520220,0.206621,-0.697286,0.063381,0.689727,-0.475108,-0.475108
SportsMOT,V022,684,S_r,1037,3,1048,0,0.951260,0.353185,0.598075,0.926835,0.031574,0.680555,-0.973841,-0.973841
SportsMOT,V022,684,S_r,1048,7,1037,0,0.829575,0.453809,0.375766,-0.855890,0.018152,0.544172,0.067262,-0.973841
SportsMOT,V023,214,S_c,1062,0,1056,0,0.000000,0.000000,0.000000,,,0.000000,0.881608,-0.907690
SportsMOT,V023,221,S_c,1063,6,1053,0,0.060671,0.000000,0.060671,,,0.053819,0.702724,-0.941373
SportsMOT,V023,228,S_c,1064,5,1055,0,0.000000,0.000000,0.000000,,,0.000000,0.846361,-0.929576
SportsMOT,V023,270,S_r,1054,2,1057,0,0.821459,0.722045,0.099414,0.629895,0.053431,0.844365,-0.432690,-0.432690
SportsMOT,V023,276,S_r,1057,9,1054,0,0.696893,0.645444,0.051449,,0.079274,0.991045,-0.249526,-0.249526
SportsMOT,V023,296,S_r,1054,0,1062,0,0.839455,0.586270,0.253185,0.444038,0.041860,0.782387,-0.452916,-0.452916
SportsMOT,V023,296,S_r,1062,2,1054,0,0.751396,0.587169,0.164227,-0.626309,0.044805,0.809506,0.137761,-0.603474
SportsMOT,V023,299,S_r,1057,2,1062,0,0.960963,0.505889,0.455074,0.953968,0.008469,0.539148,-0.679075,-0.679075
SportsMOT,V023,299,S_r,1062,9,1057,0,0.747970,0.523969,0.224001,-0.814750,0.035948,0.923873,-0.679075,-0.679075
SportsMOT,V023,322,S_c,1067,4,1060,0,0.000000,0.000000,0.000000,,,0.000000,0.892124,-0.920639
SportsMOT,V023,357,S_c,1069,3,1059,0,0.000000,0.000000,0.000000,,,0.000000,0.731289,-0.911784
SportsMOT,V023,413,S_r,1052,5,1064,0,0.769211,0.496391,0.272820,-0.988379,0.029633,0.762903,-0.586778,-0.586778
SportsMOT,V023,413,S_r,1064,7,1052,0,0.903198,0.589240,0.313959,,0.015149,0.521149,-0.586778,-0.586778
SportsMOT,V023,491,S_h,1062,7,1064,0,0.684275,0.384818,0.299457,,,0.584689,-0.890924,-0.890924
SportsMOT,V023,500,S_r,1064,7,1062,0,0.682527,0.531020,0.151508,,0.060019,0.854167,-0.726089,-0.726089
SportsMOT,V023,512,S_r,1064,6,1063,0,0.908506,0.582594,0.325913,0.999680,0.040934,0.610889,-0.688125,-0.688125
SportsMOT,V023,512,S_r,1063,7,1064,0,0.848141,0.485928,0.362213,0.990048,0.075314,0.746515,-0.688125,-0.688125
SportsMOT,V024,233,S_r,1072,5,1070,0,0.838413,0.526808,0.311605,,0.055697,0.824369,-0.654570,-0.654570
SportsMOT,V024,237,S_r,1070,1,1072,0,0.782108,0.385599,0.396509,,0.056953,0.708609,-0.766644,-0.766644
SportsMOT,V024,332,S_c,1080,1,1070,0,0.000000,0.000000,0.000000,,,0.000000,0.974599,-0.934057
SportsMOT,V024,334,S_c,1081,4,1079,0,0.108393,0.000000,0.108393,,,0.318223,0.760585,-1.037946
SportsMOT,V024,344,S_c,1082,0,1074,0,0.000000,0.000000,0.000000,,,0.000000,0.955929,-0.894481
SportsMOT,V024,368,S_c,1083,2,1073,0,0.000000,0.000000,0.000000,,,0.000000,0.905157,-0.970320
SportsMOT,V024,369,S_c,1084,7,1071,0,0.189581,0.000000,0.189581,,,0.220380,0.613304,-1.134889
SportsMOT,V024,371,S_c,1085,6,1075,0,0.294221,0.069809,0.224412,,,0.407014,0.479786,-0.974894
SportsMOT,V024,377,S_r,1086,3,1077,0,0.929450,0.353873,0.575578,,0.011438,0.658474,-1.187805,-1.187805
SportsMOT,V024,586,S_r,1087,9,1076,0,0.796558,0.000000,0.796558,,0.038396,0.000000,-1.765629,-1.765629
SportsMOT,V024,589,S_r,1084,1,1080,0,0.814723,0.181869,0.632855,0.996210,0.051007,0.726775,-0.500962,-1.446990
SportsMOT,V024,589,S_c,1088,7,1084,0,0.471900,0.340008,0.131893,,,0.731862,0.500962,-0.946028
SportsMOT,V024,638,S_h,1082,9,1087,0,0.285088,0.000000,0.285088,,,0.319867,0.685956,-1.249260
SportsMOT,V024,641,S_r,1089,0,1082,0,0.638087,0.426344,0.211743,0.552183,0.117332,0.893750,-0.791512,-0.791512
SportsMOT,V024,766,S_c,1090,1,1084,0,0.000000,0.000000,0.000000,,,0.000000,0.970615,-0.911116
SportsMOT,V024,767,S_c,1091,9,1082,0,0.373249,0.000000,0.373249,,,0.528374,0.394661,-1.354531
SportsMOT,V024,794,S_c,1092,6,1085,0,0.000000,0.000000,0.000000,,,0.000000,0.980597,-0.960017
SportsMOT,V024,806,S_c,1093,5,1072,0,0.000000,0.000000,0.000000,,,0.000000,0.852191,-0.845553
SportsMOT,V024,810,S_c,1094,7,1088,0,0.000000,0.000000,0.000000,,,0.042597,0.913639,-0.977058
SportsMOT,V024,867,S_c,1095,8,1078,0,0.000000,0.000000,0.000000,,,0.000000,0.902007,-0.966458
SportsMOT,V024,874,S_c,1096,3,1086,0,0.000000,0.000000,0.000000,,,0.000000,0.960392,-0.949746
SportsMOT,V025,102,S_c,1107,1,1098,0,0.000000,0.000000,0.000000,,,0.000000,0.855013,-0.974773
SportsMOT,V025,153,S_c,1108,2,1097,0,0.000000,0.000000,0.000000,,,0.000000,0.958153,-0.967153
SportsMOT,V025,419,S_c,1111,5,1100,0,0.000000,0.000000,0.000000,,,0.000000,0.931613,-0.863319
SportsMOT,V025,421,S_c,1112,1,1107,0,0.084481,0.000000,0.084481,,,0.182261,0.785583,-1.014876
SportsMOT,V025,429,S_c,1113,6,1104,0,0.000000,0.000000,0.000000,,,0.000000,0.792680,-0.934488
SportsMOT,V025,454,S_c,1114,2,1108,0,0.000000,0.000000,0.000000,,,0.000000,0.902162,-0.837381
SportsMOT,V025,463,S_c,1115,0,1099,0,0.000000,0.000000,0.000000,,,0.000000,0.730947,-0.885502
SportsMOT,V025,676,S_r,1106,1,1112,0,0.846665,0.590525,0.256140,0.920592,0.045765,0.631136,-0.509310,-0.509310
SportsMOT,V025,676,S_r,1112,9,1106,0,0.765217,0.512047,0.253170,0.662673,0.086289,0.701398,-0.509310,-0.509310
SportsMOT,V025,719,S_r,1113,8,1105,0,0.941496,0.314830,0.626667,0.882717,0.013349,0.467536,-1.265636,-1.265636
SportsMOT,V025,721,S_c,1116,8,1105,0,0.475934,0.436165,0.039770,,,0.627325,0.752987,-0.745832
SportsMOT,V026,93,S_r,1121,3,1119,0,0.812455,0.233065,0.579390,-0.830974,0.059219,0.398306,-0.757026,-0.757026
SportsMOT,V026,93,S_r,1119,4,1124,0,0.454441,0.276806,0.177636,-0.904679,0.179667,0.522913,-0.757026,-0.757026
SportsMOT,V026,94,S_c,1127,2,1121,0,0.169895,0.024630,0.145266,,,0.405912,0.385520,-0.479211
SportsMOT,V026,94,S_c,1125,9,1122,0,0.000000,0.000000,0.000000,,,0.000000,0.671495,-0.683159
SportsMOT,V026,118,S_r,1118,5,1120,0,0.946014,0.389711,0.556303,0.992578,0.051836,0.609524,-1.111878,-1.111878
SportsMOT,V026,118,S_r,1120,6,1118,0,0.848861,0.293286,0.555576,0.999894,0.102408,0.389014,-1.111878,-1.111878
SportsMOT,V026,176,S_c,1140,9,1125,0,0.000000,0.000000,0.000000,,,0.000000,0.272521,-0.524833
SportsMOT,V026,178,S_r,1139,4,1119,0,0.666248,0.616661,0.049587,,0.054012,1.000000,0.125143,0.125143
SportsMOT,V026,204,S_r,1139,3,1121,0,0.922688,0.403360,0.519328,0.989257,0.088241,0.579062,-1.042636,-1.042636
SportsMOT,V026,204,S_r,1121,4,1139,0,0.863424,0.340116,0.523308,0.859363,0.042699,0.477290,-1.042636,-1.042636
SportsMOT,V027,64,S_c,1159,1,1149,0,0.000000,0.000000,0.000000,,,0.000000,0.926713,-0.943033
SportsMOT,V027,231,S_c,1161,6,1150,0,0.414732,0.000000,0.414732,,,0.928230,0.485213,-1.393053
SportsMOT,V028,4,S_h,1167,5,1169,0,0.639466,0.394373,0.245093,,,0.638360,-0.275720,-0.275720
SportsMOT,V028,10,S_c,1182,11,1179,0,0.000000,0.000000,0.000000,,,0.000000,0.970920,-0.898466
SportsMOT,V028,13,S_c,1185,3,1167,0,0.000000,0.000000,0.000000,,,0.000000,0.870302,-0.943656
SportsMOT,V028,21,S_h,1169,7,1165,0,0.654360,0.000000,0.654360,,,0.000000,-0.654360,-1.457034
SportsMOT,V028,27,S_r,1167,4,1163,0,0.960784,0.664092,0.296692,0.973702,0.010315,0.633899,-0.468136,-0.468136
SportsMOT,V028,27,S_h,1165,5,1167,0,0.692690,0.521245,0.171445,,,0.785582,-0.468136,-0.468136
SportsMOT,V028,37,S_c,1186,0,1168,0,0.000000,0.000000,0.000000,,,0.000000,0.698284,-0.677839
SportsMOT,V028,111,S_r,1165,1,1162,0,0.870234,0.793046,0.077188,0.959854,0.035949,0.000000,-0.077188,-0.077188
SportsMOT,V028,113,S_r,1162,1,1165,0,0.855554,0.393236,0.462317,,0.045171,0.440374,-0.860253,-0.860253
SportsMOT,V028,322,S_r,1167,1,1162,0,0.913738,0.409217,0.504521,1.000000,0.020058,0.530017,-1.031185,-1.031185
SportsMOT,V028,322,S_r,1162,4,1167,0,0.861492,0.334828,0.526664,0.971761,0.067710,0.504165,-1.031185,-1.031185
SportsMOT,V028,458,S_c,1188,3,1185,0,0.585802,0.000000,0.585802,,,0.747910,0.329636,-1.505063
SportsMOT,V028,471,S_r,1162,3,1188,0,0.920385,0.501701,0.418683,0.998635,0.041003,0.558583,-0.827407,-0.827407
SportsMOT,V028,471,S_r,1188,4,1162,0,0.885358,0.476634,0.408724,0.884734,0.048723,0.712351,-0.827407,-0.827407
SportsMOT,V028,498,S_r,1166,6,1170,0,0.817133,0.000000,0.817133,-0.965471,0.014421,0.790573,-0.025564,-1.759317
SportsMOT,V028,498,S_h,1170,8,1166,0,0.791569,0.000000,0.791569,,,0.879922,0.025564,-1.733753
SportsMOT,V029,147,S_c,1216,0,1192,0,0.000000,0.000000,0.000000,,,0.000000,0.929413,-0.910227
SportsMOT,V029,158,S_r,1191,4,1195,0,0.652809,0.632322,0.020488,0.498085,0.119540,0.630328,-0.004655,-0.004655
SportsMOT,V029,159,S_c,1217,2,1191,0,0.252303,0.178692,0.073610,,,0.463969,0.570092,-0.338181
SportsMOT,V029,176,S_c,1218,0,1192,0,0.000000,0.000000,0.000000,,,0.000000,0.294035,-0.293517
SportsMOT,V029,177,S_c,1219,11,1194,0,0.307614,0.000000,0.307614,,,0.561096,0.362020,-1.123017
SportsMOT,V029,205,S_c,1220,4,1191,0,0.457894,0.057263,0.400631,,,0.689655,0.405072,-1.377929
SportsMOT,V029,210,S_r,1220,2,1217,0,0.859801,0.478795,0.381007,0.877265,0.055245,0.609137,-0.810985,-0.810985
SportsMOT,V029,210,S_r,1217,4,1220,0,0.784736,0.354757,0.429979,0.906962,0.047118,0.521512,-0.810985,-0.810985
SportsMOT,V029,215,S_c,1221,8,1199,0,0.298578,0.000000,0.298578,,,0.664523,0.663603,-1.176187
SportsMOT,V030,28,S_r,1232,3,1229,0,0.458999,0.442384,0.016615,0.893300,0.088847,0.000000,0.082649,-0.016615
SportsMOT,V030,29,S_h,1229,4,1225,0,0.625415,0.288460,0.336956,,,0.211920,-0.336956,-0.909436
SportsMOT,V030,36,S_c,1241,5,1232,0,0.018506,0.000000,0.018506,,,0.000000,0.845406,-0.979821
SportsMOT,V030,57,S_h,1225,3,1232,0,0.794707,0.453918,0.340789,,,0.955051,-0.959157,-0.959157
SportsMOT,V030,95,S_c,1242,1,1226,0,0.000000,0.000000,0.000000,,,0.000000,0.947464,-0.981361
SportsMOT,V030,109,S_c,1243,2,1224,0,0.000000,0.000000,0.000000,,,0.000000,0.949169,-0.880780
SportsMOT,V030,113,S_c,1244,0,1222,0,0.000000,0.000000,0.000000,,,0.000000,0.923458,-0.965246
SportsMOT,V030,149,S_r,1241,4,1229,0,0.842437,0.507662,0.334775,0.974489,0.037988,0.599472,-0.672389,-0.672389
SportsMOT,V030,154,S_r,1225,5,1241,0,0.858208,0.445418,0.412790,0.890330,0.041270,0.817431,-0.893154,-0.893154
SportsMOT,V030,165,S_c,1245,3,1225,0,0.489044,0.249288,0.239757,,,0.619500,0.547416,-1.047032
SportsMOT,V030,216,S_c,1248,11,1230,0,0.659635,0.055546,0.604089,,,0.886324,0.240588,-1.448212
SportsMOT,V030,315,S_c,1249,0,1244,0,0.000000,0.000000,0.000000,,,0.000000,0.946624,-0.937383
SportsMOT,V030,322,S_c,1250,2,1243,0,0.019793,0.000000,0.019793,,,0.018269,0.797134,-0.781472
SportsMOT,V030,333,S_r,1225,4,1241,0,0.896864,0.577579,0.319285,0.880691,0.066449,0.611749,-0.637001,-0.637001
SportsMOT,V030,333,S_r,1241,5,1225,0,0.827372,0.529580,0.297792,0.901682,0.030213,0.700579,-0.111177,-0.763489
SportsMOT,V031,28,S_c,1264,11,1262,0,0.304678,0.000000,0.304678,,,0.000000,-1.279382,-1.279382
SportsMOT,V031,30,S_c,1266,10,1262,0,0.163576,0.000000,0.163576,,,0.219644,0.555072,-0.755696
SportsMOT,V031,32,S_r,1256,4,1258,0,0.706559,0.202629,0.503930,0.776354,0.110129,0.000000,-0.503930,-0.503930
SportsMOT,V031,32,S_r,1266,11,1264,0,0.474358,0.223166,0.251193,0.429354,0.252307,0.000000,-0.251193,-0.251193
SportsMOT,V031,33,S_c,1273,2,1253,0,0.000000,0.000000,0.000000,,,0.000000,0.599480,-0.876902
SportsMOT,V031,33,S_c,1267,3,1256,0,0.133532,0.000000,0.133532,,,0.445727,0.529009,-1.010434
SportsMOT,V031,33,S_c,1271,5,1257,0,0.360150,0.000000,0.360150,,,0.619515,0.302391,-1.237053
SportsMOT,V031,33,S_c,1270,8,1260,0,0.000000,0.000000,0.000000,,,0.000000,0.599480,-0.876902
SportsMOT,V031,35,S_c,1277,9,1261,0,0.000000,0.000000,0.000000,,,0.000000,0.812633,-0.959061
SportsMOT,V031,38,S_c,1284,10,1266,0,0.070803,0.000000,0.070803,,,0.198563,0.894199,-1.016473
SportsMOT,V031,42,S_c,1289,1,1254,0,0.000000,0.000000,0.000000,,,0.000000,0.879982,-0.937180
SportsMOT,V031,47,S_h,1254,2,1273,0,0.704670,0.000000,0.704670,,,0.000000,-0.704670,-1.602836
SportsMOT,V031,51,S_h,1273,1,1289,0,0.678734,0.000000,0.678734,,,0.000000,-0.678734,-1.606152
SportsMOT,V031,52,S_h,1258,4,1256,0,0.620466,0.348350,0.272116,,,0.599035,-0.841618,-0.841618
SportsMOT,V031,53,S_h,1257,5,1271,0,0.911721,0.279262,0.632459,,,0.543321,-1.229721,-1.229721
SportsMOT,V031,55,S_c,1290,1,1273,0,0.000000,0.000000,0.000000,,,0.000000,0.944691,-0.444256
SportsMOT,V031,55,S_r,1258,5,1257,0,0.444256,0.383709,0.060546,0.501514,0.243385,0.248351,-0.363747,-0.363747
SportsMOT,V031,56,S_c,1291,4,1258,0,0.319511,0.016745,0.302766,,,0.539690,0.639277,-0.662196
SportsMOT,V031,60,S_h,1289,0,1255,0,0.000000,0.000000,0.000000,,,0.000000,0.933495,-0.949944
SportsMOT,V031,60,S_h,1256,2,1254,0,0.715226,0.000000,0.715226,,,0.000000,-1.665170,-1.665170
SportsMOT,V031,60,S_h,1260,7,1259,0,0.711781,0.000000,0.711781,,,0.000000,-1.661725,-1.661725
SportsMOT,V031,61,S_h,1271,2,1254,0,0.574297,0.000000,0.574297,,,0.000000,-0.574297,-1.540660
SportsMOT,V031,61,S_h,1259,7,1259,0,0.744263,0.000000,0.744263,,,0.000000,-0.744263,-1.710625
SportsMOT,V031,62,S_h,1253,0,1289,0,0.506226,0.000000,0.506226,,,0.000000,-0.506226,-1.471967
SportsMOT,V031,63,S_h,1260,4,1291,0,0.776471,0.340075,0.436395,,,0.455388,-1.038213,-1.038213
SportsMOT,V031,64,S_h,1291,4,1291,0,0.673131,0.325015,0.348117,,,0.495359,-0.990477,-0.990477
SportsMOT,V031,167,S_c,1292,9,1277,0,0.620597,0.000000,0.620597,,,0.819254,0.220051,-1.540887
SportsMOT,V031,169,S_h,1277,5,1258,0,0.694692,0.097730,0.596962,,,0.217140,-1.454809,-1.454809
SportsMOT,V031,172,S_h,1270,5,1277,0,0.664306,0.070614,0.593692,,,0.173150,-1.466220,-1.466220
SportsMOT,V031,172,S_c,1293,8,1270,0,0.573533,0.000000,0.573533,,,0.834086,0.276039,-1.549506
SportsMOT,V031,181,S_r,1292,8,1293,0,0.920179,0.463133,0.457046,0.997640,0.102671,0.704142,-0.895149,-0.895149
SportsMOT,V031,181,S_r,1293,9,1292,0,0.940128,0.502024,0.438104,0.996680,0.101404,0.620486,-0.895149,-0.895149
SportsMOT,V032,152,S_r,1299,4,1296,0,0.942667,0.000526,0.942141,0.929753,0.059830,0.003650,-1.890959,-1.890959
SportsMOT,V032,153,S_h,1296,5,1299,0,0.787639,0.000000,0.787639,,,0.945511,0.173752,-1.689697
SportsMOT,V032,166,S_c,1306,4,1299,0,0.551554,0.000000,0.551554,,,0.922605,0.346032,-1.516176
SportsMOT,V032,262,S_c,1308,6,1294,0,0.450209,0.078640,0.371569,,,0.572865,0.540043,-1.295616
SportsMOT,V032,270,S_r,1310,7,1301,0,0.772737,0.566840,0.205897,,0.059363,0.941494,0.013695,-0.508342
SportsMOT,V032,278,S_r,1310,6,1308,0,0.897959,0.439118,0.458841,0.977171,0.035455,0.694689,-0.228515,-1.007532
SportsMOT,V032,278,S_r,1308,7,1301,0,0.948171,0.399480,0.548691,0.496139,0.011723,0.556896,-1.007532,-1.007532
SportsMOT,V032,446,S_r,1308,6,1310,0,0.898871,0.543065,0.355806,0.986083,0.056052,0.756967,-0.705742,-0.705742
SportsMOT,V032,446,S_r,1310,7,1308,0,0.947909,0.597973,0.349935,0.989820,0.061432,0.696141,-0.705742,-0.705742
SportsMOT,V033,138,S_h,1314,5,1312,0,0.815727,0.000000,0.815727,,,0.000000,-0.815727,-1.798587
SportsMOT,V033,145,S_h,1312,5,1312,0,0.693414,0.518160,0.175254,,,0.693281,0.158246,-0.458169
SportsMOT,V033,147,S_r,1316,5,1312,0,0.944865,0.553932,0.390933,0.999957,0.025116,0.735266,-0.652989,-0.652989
SportsMOT,V033,150,S_r,1312,3,1314,0,0.819030,0.505192,0.313838,0.994143,0.033997,0.811143,-0.740386,-0.740386
SportsMOT,V033,150,S_r,1314,4,1316,0,0.928747,0.454112,0.474635,0.455075,0.014937,0.591792,-0.916159,-0.916159
SportsMOT,V033,158,S_c,1323,8,1319,0,0.000000,0.000000,0.000000,,,0.000000,0.959954,-0.949403
SportsMOT,V034,73,S_r,1330,4,1329,0,0.542632,0.453353,0.089279,0.312527,0.200181,0.309462,0.042937,0.042937
SportsMOT,V034,74,S_c,1336,5,1330,0,0.042314,0.000000,0.042314,,,0.248020,0.527580,-0.960536
SportsMOT,V034,147,S_c,1337,3,1327,0,0.547716,0.141843,0.405874,,,0.621019,0.276564,-1.161387
SportsMOT,V034,201,S_r,1338,6,1324,0,0.651313,0.581938,0.069375,,0.084116,0.800661,-0.213335,-0.213335
SportsMOT,V034,203,S_h,1324,8,1334,0,0.857396,0.571452,0.285943,,,0.830963,-0.621150,-0.621150
SportsMOT,V034,229,S_h,1334,3,1337,0,0.766699,0.019732,0.746967,,,0.052234,-1.672653,-1.672653
SportsMOT,V035,210,S_r,1341,6,1346,0,0.944995,0.482090,0.462905,0.995171,0.011180,0.892424,-0.972114,-0.972114
SportsMOT,V035,210,S_r,1346,11,1341,0,0.992736,0.483527,0.509209,0.962575,0.003866,0.510292,-0.972114,-0.972114
SportsMOT,V036,36,S_c,1364,0,1356,0,0.000000,0.000000,0.000000,,,0.000000,0.975994,-0.978994
SportsMOT,V037,129,S_c,1379,2,1373,0,0.000000,0.000000,0.000000,,,0.000000,0.971840,-0.859548
SportsMOT,V037,132,S_c,1380,9,1366,0,0.003694,0.000000,0.003694,,,0.011725,0.850330,-0.947752
SportsMOT,V037,137,S_c,1381,5,1372,0,0.000000,0.000000,0.000000,,,0.000000,0.949797,-0.967375
SportsMOT,V037,158,S_c,1382,12,1377,0,0.000000,0.000000,0.000000,,,0.000000,0.950906,-0.970289
SportsMOT,V037,309,S_c,1384,7,1368,0,0.000000,0.000000,0.000000,,,0.000000,0.878386,-0.978204
SportsMOT,V037,439,S_c,1387,10,1375,0,0.000000,0.000000,0.000000,,,0.000000,0.912341,-0.945212
SportsMOT,V037,454,S_c,1388,11,1369,0,0.000000,0.000000,0.000000,,,0.000000,0.970226,-0.865745
SportsMOT,V037,498,S_c,1389,8,1371,0,0.000000,0.000000,0.000000,,,0.000000,0.957273,-0.796737
SportsMOT,V037,523,S_c,1393,10,1387,0,0.000000,0.000000,0.000000,,,1.000000,0.978250,-0.948790
SportsMOT,V037,585,S_c,1394,10,1393,0,0.000000,0.000000,0.000000,,,0.000000,0.986173,-0.873750
SportsMOT,V038,213,S_c,1413,11,1406,0,0.000000,0.000000,0.000000,,,0.000000,0.962170,-0.973846
SportsMOT,V038,237,S_c,1414,8,1412,0,0.000000,0.000000,0.000000,,,0.000000,0.970916,-0.946495
SportsMOT,V038,243,S_c,1415,12,1405,0,0.000000,0.000000,0.000000,,,0.000000,0.950366,-0.955420
SportsMOT,V038,248,S_c,1416,7,1402,0,0.000000,0.000000,0.000000,,,0.000000,0.932547,-0.963264
SportsMOT,V038,304,S_c,1418,13,1404,0,0.000000,0.000000,0.000000,,,0.000000,0.926458,-0.928576
SportsMOT,V038,340,S_c,1419,3,1399,0,0.000000,0.000000,0.000000,,,0.000000,0.964764,-0.973272
SportsMOT,V038,410,S_c,1420,3,1419,0,0.000000,0.000000,0.000000,,,0.000000,0.935861,-0.972184
SportsMOT,V038,460,S_c,1421,14,1417,0,0.000000,0.000000,0.000000,,,0.000000,0.903081,-0.954084
SportsMOT,V038,479,S_r,1422,5,1411,0,0.956900,0.000000,0.956900,0.999974,0.045110,0.000000,-1.904469,-1.904469
SportsMOT,V038,485,S_c,1423,10,1407,0,0.000000,0.000000,0.000000,,,0.000000,0.961517,-0.954181
SportsMOT,V038,508,S_c,1425,9,1400,0,0.142199,0.000000,0.142199,,,0.344764,0.782841,-0.846715
SportsMOT,V038,534,S_c,1431,11,1413,0,0.000000,0.000000,0.000000,,,0.000000,0.879056,-0.969939
SportsMOT,V038,538,S_c,1433,11,1413,0,0.000000,0.000000,0.000000,,,0.000000,0.929911,-0.866918
SportsMOT,V038,543,S_r,1434,12,1415,0,0.958215,0.000000,0.958215,,0.011120,0.000000,-1.835017,-1.835017
SportsMOT,V038,550,S_h,1431,11,1433,0,0.793339,0.000000,0.793339,,,0.000000,-0.793339,-1.693482
SportsMOT,V038,554,S_c,1435,11,1431,0,0.000000,0.000000,0.000000,,,0.000000,0.909658,-0.966004
SportsMOT,V038,555,S_c,1436,6,1410,0,0.000000,0.000000,0.000000,,,0.000000,0.513540,-0.953963
SportsMOT,V038,557,S_c,1437,2,1408,0,0.000000,0.000000,0.000000,,,0.000000,0.760549,-0.974177
SportsMOT,V038,562,S_c,1439,11,1435,0,0.000000,0.000000,0.000000,,,0.000000,0.953271,-0.955460
SportsMOT,V038,566,S_c,1440,11,1435,0,0.000000,0.000000,0.000000,,,0.000000,0.980482,-0.949151
SportsMOT,V038,575,S_c,1441,4,1409,0,0.000000,0.000000,0.000000,,,0.000000,0.995528,-0.820671
SportsMOT,V038,592,S_c,1442,5,1422,0,0.000000,0.000000,0.000000,,,0.000000,0.919040,-0.882161
SportsMOT,V038,598,S_c,1443,1,1403,0,0.000000,0.000000,0.000000,,,0.000000,0.937469,-0.985472
SportsMOT,V038,609,S_c,1444,0,1401,0,0.000000,0.000000,0.000000,,,0.000000,0.965523,-0.894274
SportsMOT,V038,729,S_c,1445,12,1434,0,0.000000,0.000000,0.000000,,,0.000000,0.939000,-0.976976
SportsMOT,V038,734,S_c,1446,7,1416,0,0.000000,0.000000,0.000000,,,0.000000,0.863326,-0.980125
SportsMOT,V038,744,S_c,1447,13,1418,0,0.000000,0.000000,0.000000,,,0.000000,0.956356,-0.885616
SportsMOT,V038,770,S_c,1448,14,1421,0,0.000000,0.000000,0.000000,,,0.000000,0.950791,-0.951659
SportsMOT,V038,891,S_c,1449,16,1426,0,0.000000,0.000000,0.000000,,,0.000000,0.958053,-0.916925
SportsMOT,V038,922,S_r,1440,2,1437,0,0.900342,0.332844,0.567498,0.984522,0.147644,0.631434,-0.872864,-0.872864
SportsMOT,V038,922,S_r,1437,11,1440,0,0.738502,0.433136,0.305366,,0.081267,0.575775,-0.872864,-0.872864
SportsMOT,V038,964,S_c,1450,0,1444,0,0.000000,0.000000,0.000000,,,0.000000,0.960231,-0.980473
SportsMOT,V038,1025,S_c,1452,16,1449,0,0.000000,0.000000,0.000000,,,0.000000,0.885761,-0.979233
SportsMOT,V038,1032,S_c,1453,9,1425,0,0.000000,0.000000,0.000000,,,0.000000,0.971772,-0.977494
SportsMOT,V038,1033,S_r,1454,17,1430,0,0.573914,0.000000,0.573914,,0.186787,0.000000,-1.497769,-1.497769
SportsMOT,V038,1035,S_c,1457,17,1430,0,0.149698,0.000000,0.149698,,,0.000000,-1.096745,-1.096745
SportsMOT,V038,1039,S_c,1470,3,1420,0,0.000000,0.000000,0.000000,,,0.000000,0.968848,-0.941246
SportsMOT,V038,1044,S_c,1483,18,1432,0,0.000000,0.000000,0.000000,,,0.000000,0.900588,-0.722098
SportsMOT,V038,1046,S_c,1489,5,1442,0,0.000000,0.000000,0.000000,,,0.000000,0.799942,-0.815373
SportsMOT,V038,1049,S_c,1505,12,1445,0,0.000000,0.000000,0.000000,,,0.000000,0.795270,-0.947682
SportsMOT,V038,1050,S_c,1508,12,1445,0,0.017408,0.000000,0.017408,,,0.025291,0.940427,-0.920176
SportsMOT,V038,1051,S_c,1511,12,1445,0,0.088295,0.070048,0.018246,,,0.149462,-0.551253,-0.551253
SportsMOT,V038,1067,S_c,1552,15,1424,0,0.009580,0.000000,0.009580,,,0.039572,0.920586,-0.955072
SportsMOT,V038,1069,S_c,1556,10,1423,0,0.000000,0.000000,0.000000,,,0.457026,0.911544,-0.946615
SportsMOT,V038,1069,S_c,1555,15,1424,0,0.040631,0.000000,0.040631,,,0.406735,0.883814,-0.987246
SportsMOT,V038,1071,S_h,1552,17,1457,0,0.739434,0.000000,0.739434,,,0.000000,-0.739434,-1.644533
SportsMOT,V038,1077,S_h,1457,15,1555,0,0.800489,0.280746,0.519743,,,0.380649,-0.293816,-1.195623
SportsMOT,V038,1078,S_h,1555,15,1555,0,0.571657,0.254951,0.316706,,,0.442384,-0.028970,-1.038011
SportsMOT,V038,1106,S_c,1557,13,1447,0,0.000000,0.000000,0.000000,,,0.000000,0.974092,-0.976053
SportsMOT,V038,1135,S_c,1558,14,1448,0,0.000000,0.000000,0.000000,,,0.000000,0.965257,-0.968007
SportsMOT,V038,1142,S_c,1559,12,1445,0,0.000000,0.000000,0.000000,,,0.000000,0.944966,-0.845447
SportsMOT,V038,1162,S_r,1560,7,1446,0,0.767178,0.000000,0.767178,0.949872,0.076692,0.000000,-1.688232,-1.688232
SportsMOT,V038,1272,S_c,1562,7,1560,0,0.000000,0.000000,0.000000,,,0.000000,0.969621,-0.984178
SportsMOT,V038,1310,S_r,1563,8,1414,0,0.978326,0.000000,0.978326,0.999892,0.146264,0.000000,-1.960624,-1.960624
SportsMOT,V039,2,S_r,1572,8,1575,0,0.402728,0.207231,0.195496,,0.216789,0.000000,-0.195496,-0.195496
SportsMOT,V039,3,S_h,1575,6,1571,0,0.008313,0.000000,0.008313,,,0.000000,0.485705,-0.960801
SportsMOT,V039,9,S_c,1593,8,1572,0,0.497966,0.000000,0.497966,,,0.823288,0.387214,-1.447083
SportsMOT,V039,11,S_c,1602,6,1571,0,0.000000,0.000000,0.000000,,,0.000000,0.899708,-0.927578
SportsMOT,V039,13,S_c,1607,9,1573,0,0.000000,0.000000,0.000000,,,0.000000,0.873079,-0.938253
SportsMOT,V039,14,S_c,1609,2,1574,0,0.000000,0.000000,0.000000,,,0.000000,0.383040,-0.924469
SportsMOT,V039,180,S_c,1611,6,1602,0,0.000000,0.000000,0.000000,,,0.000000,0.900222,-0.981258
SportsMOT,V039,222,S_c,1612,7,1572,0,0.000000,0.000000,0.000000,,,0.000000,0.932409,-0.979379
SportsMOT,V039,318,S_c,1615,8,1593,0,0.000000,0.000000,0.000000,,,0.000000,0.979931,-0.909224
SportsMOT,V039,349,S_r,1618,11,1569,0,0.925282,0.068866,0.856415,,0.013581,0.140029,-1.754781,-1.754781
SportsMOT,V039,360,S_c,1620,12,1610,0,0.000000,0.000000,0.000000,,,0.000000,0.962465,-0.864049
SportsMOT,V039,476,S_c,1623,12,1620,0,0.000000,0.000000,0.000000,,,0.000000,0.968690,-0.926583
SportsMOT,V039,543,S_r,1624,3,1565,0,0.799277,0.000000,0.799277,0.986286,0.037162,0.000000,-1.774238,-1.774238
SportsMOT,V039,562,S_c,1626,15,1616,0,0.000000,0.000000,0.000000,,,0.000000,0.763877,-0.938515
SportsMOT,V039,582,S_c,1627,19,1622,0,0.000000,0.000000,0.000000,,,0.000000,0.941290,-0.970671
SportsMOT,V039,635,S_c,1628,13,1613,0,0.000000,0.000000,0.000000,,,0.000000,0.989534,-0.957731
SportsMOT,V039,703,S_r,1629,5,1570,0,0.664457,0.000000,0.664457,,0.048742,0.000000,-1.584907,-1.584907
SportsMOT,V039,706,S_r,1623,6,1611,0,0.629286,0.512825,0.116461,0.200382,0.109972,0.495937,-0.469122,-0.469122
SportsMOT,V039,706,S_r,1614,12,1623,0,0.572316,0.417418,0.154899,0.035443,0.175852,0.643672,0.191320,0.191320
SportsMOT,V039,707,S_r,1621,11,1618,0,0.534614,0.396959,0.137655,-0.828728,0.038314,0.000000,-0.137655,-0.137655
SportsMOT,V039,708,S_c,1631,18,1621,0,0.000000,0.000000,0.000000,,,0.270888,0.894866,-0.899907
SportsMOT,V039,709,S_r,1631,11,1621,0,0.790634,0.436812,0.353822,,0.063114,0.000000,-0.353822,-0.371683
SportsMOT,V039,709,S_c,1633,12,1614,0,0.428821,0.130037,0.298784,,,0.370814,-0.803293,-0.803293
SportsMOT,V039,710,S_c,1635,12,1614,0,0.144547,0.133599,0.010948,,,0.355149,0.421627,0.421627
SportsMOT,V039,710,S_c,1634,18,1621,0,0.000000,0.000000,0.000000,,,0.371828,0.474533,-0.916780
SportsMOT,V039,711,S_r,1634,11,1631,0,0.793244,0.512419,0.280825,,0.067698,0.002970,-0.280825,-0.300482
SportsMOT,V039,711,S_c,1636,12,1614,0,0.160014,0.137789,0.022225,,,0.371129,0.449807,0.449807
SportsMOT,V039,712,S_c,1638,12,1614,0,0.153871,0.096909,0.056962,,,0.346017,0.425167,0.425167
SportsMOT,V039,712,S_c,1637,18,1621,0,0.072506,0.000000,0.072506,,,0.472678,0.433509,-0.946538
SportsMOT,V039,713,S_r,1637,11,1634,0,0.755068,0.554513,0.200555,,0.080088,0.025251,-0.215726,-0.215726
SportsMOT,V039,713,S_c,1639,12,1614,0,0.159651,0.118802,0.040848,,,0.288356,0.428619,0.428619
SportsMOT,V039,713,S_h,1618,14,1614,0,0.000000,0.000000,0.000000,,,0.167163,0.471403,-0.889854
SportsMOT,V039,714,S_r,1618,12,1614,0,0.474853,0.158207,0.316645,,0.314718,0.241040,-0.717710,-0.717710
SportsMOT,V039,714,S_c,1640,18,1621,0,0.104515,0.000000,0.104515,,,0.626484,0.353383,-1.062746
SportsMOT,V039,715,S_r,1640,11,1637,0,0.678650,0.590201,0.088449,,0.117443,0.033350,-0.095733,-0.095733
SportsMOT,V039,715,S_h,1621,14,1614,0,0.000000,0.000000,0.000000,,,0.000000,0.590201,-0.248913
SportsMOT,V039,716,S_r,1621,12,1618,0,0.433446,0.249477,0.183969,,0.339964,0.205870,0.002915,-0.364550
SportsMOT,V039,716,S_h,1631,14,1614,0,0.186884,0.000000,0.186884,,,0.189152,0.246562,-1.127056
SportsMOT,V039,717,S_c,1643,18,1621,0,0.318186,0.000000,0.318186,,,0.588504,0.505588,-1.270743
SportsMOT,V039,718,S_r,1631,12,1621,0,0.326496,0.253280,0.073216,0.124172,0.294668,0.121824,0.114928,-0.073216
SportsMOT,V039,719,S_h,1634,14,1631,0,0.000000,0.000000,0.000000,,,0.136730,0.000000,-0.922048
SportsMOT,V039,721,S_c,1647,9,1607,0,0.000000,0.000000,0.000000,,,0.000000,0.956041,-0.936200
SportsMOT,V039,725,S_c,1648,3,1624,0,0.000000,0.000000,0.000000,,,0.000000,0.878297,-0.800232
SportsMOT,V039,726,S_h,1637,14,1634,0,0.754447,0.075280,0.679167,,,0.099548,-1.470924,-1.470924
SportsMOT,V039,727,S_c,1649,3,1624,0,0.000000,0.000000,0.000000,,,0.000000,0.809888,-0.872520
SportsMOT,V039,730,S_c,1650,11,1640,0,0.554468,0.031680,0.522788,,,0.908019,0.368623,-1.400055
SportsMOT,V039,738,S_h,1638,4,1568,0,0.644708,0.000000,0.644708,,,0.000000,-0.644708,-1.520459
SportsMOT,V039,738,S_c,1651,11,1650,0,0.336317,0.017433,0.318884,,,0.598329,0.293633,-1.184361
SportsMOT,V039,738,S_r,1650,18,1643,0,0.612517,0.000000,0.612517,-0.252292,0.048366,0.807360,-0.276200,-1.488268
SportsMOT,V039,740,S_c,1652,12,1631,0,0.004041,0.000000,0.004041,,,0.047796,0.194728,-0.855457
SportsMOT,V039,740,S_r,1617,14,1637,0,0.493323,0.367110,0.126214,-0.192043,0.232408,0.203821,-0.126214,-0.512941
SportsMOT,V039,740,S_r,1615,16,1617,0,0.386727,0.198769,0.187958,-0.987110,0.220097,0.189312,0.179152,-0.191999
SportsMOT,V039,741,S_c,1653,8,1615,0,0.000000,0.000000,0.000000,,,0.000000,0.492556,-0.906896
SportsMOT,V039,741,S_c,1655,19,1627,0,0.000000,0.000000,0.000000,,,0.000000,0.492556,-0.906896
SportsMOT,V039,742,S_c,1658,9,1647,0,0.000000,0.000000,0.000000,,,0.000000,0.527977,-0.920740
SportsMOT,V039,742,S_r,1615,14,1617,0,0.526779,0.348398,0.178381,-0.859700,0.221315,0.029318,-0.178381,-0.178381
SportsMOT,V039,742,S_c,1656,17,1619,0,0.000000,0.000000,0.000000,,,0.000000,0.527977,-0.920740
SportsMOT,V039,743,S_h,1647,2,1609,0,0.000000,0.000000,0.000000,,,0.000000,0.419897,-0.921244
SportsMOT,V039,743,S_c,1659,14,1617,0,0.178829,0.031696,0.147133,,,0.043404,-0.147133,-1.043335
SportsMOT,V039,744,S_c,1662,16,1615,0,0.056770,0.000000,0.056770,,,0.331758,0.305853,-0.900987
SportsMOT,V039,745,S_c,1664,5,1629,0,0.287442,0.000000,0.287442,,,0.428208,0.667282,-0.647051
SportsMOT,V039,745,S_h,1643,19,1627,0,0.652142,0.000000,0.652142,,,0.000000,-1.546530,-1.546530
SportsMOT,V039,746,S_h,1648,3,1649,0,0.579312,0.000000,0.579312,,,0.000000,-0.579312,-1.037005
SportsMOT,V039,746,S_h,1655,19,1627,0,0.291990,0.000000,0.291990,,,0.000000,-0.291990,-0.871301
SportsMOT,V039,747,S_c,1669,17,1656,0,0.000000,0.000000,0.000000,,,0.000000,0.822221,-0.800856
SportsMOT,V039,747,S_h,1637,18,1650,0,0.800856,0.157688,0.643168,,,0.298869,-1.544825,-1.544825
SportsMOT,V039,748,S_h,1615,18,1650,0,0.356887,0.122571,0.234317,,,0.215906,-1.203488,-1.203488
SportsMOT,V039,754,S_c,1683,2,1609,0,0.000000,0.000000,0.000000,,,0.000000,0.945164,-0.896532
SportsMOT,V039,755,S_h,1647,6,1623,0,0.817763,0.000000,0.817763,,,0.000000,-0.817763,-1.766522
SportsMOT,V039,755,S_c,1687,18,1650,0,0.000000,0.000000,0.000000,,,0.000000,0.360475,-0.948759
SportsMOT,V039,756,S_h,1623,6,1623,0,0.432439,0.000000,0.432439,,,0.000000,-0.432439,-0.765829
SportsMOT,V039,756,S_c,1688,13,1628,0,0.000000,0.000000,0.000000,,,0.000000,0.333390,-0.968716
SportsMOT,V039,811,S_c,1690,4,1638,0,0.000000,0.000000,0.000000,,,0.000000,0.973833,-0.887951
SportsMOT,V039,811,S_c,1689,8,1653,0,0.374978,0.062678,0.312300,,,0.681755,0.582243,-1.226393
SportsMOT,V039,812,S_r,1689,16,1662,0,0.778880,0.712740,0.066140,,0.038420,0.088283,-0.094059,-0.094059
SportsMOT,V039,813,S_c,1691,8,1653,0,0.214076,0.166578,0.047498,,,0.429995,0.838872,-0.684143
SportsMOT,V039,814,S_r,1691,16,1689,0,0.862159,0.604522,0.257636,,0.025654,0.062054,-0.204137,-0.314949
SportsMOT,V039,815,S_c,1692,8,1653,0,0.249873,0.074773,0.175100,,,0.406161,0.744541,-0.636615
SportsMOT,V039,816,S_r,1692,16,1691,0,0.833186,0.603693,0.229493,,0.036130,0.074294,-0.158175,-0.289348
SportsMOT,V039,817,S_c,1693,8,1653,0,0.257318,0.024127,0.233191,,,0.341443,0.719166,-0.722858
SportsMOT,V039,817,S_h,1653,15,1626,0,0.753523,0.000000,0.753523,,,0.000000,-0.753523,-1.248521
SportsMOT,V039,818,S_h,1662,15,1626,0,0.260094,0.000000,0.260094,,,0.000000,-0.260094,-1.197604
SportsMOT,V039,818,S_r,1693,16,1692,0,0.665317,0.518031,0.147286,,0.080190,0.072376,-0.056431,-0.220926
SportsMOT,V039,819,S_c,1694,8,1653,0,0.282533,0.000000,0.282533,,,0.389228,0.695933,-0.692300
SportsMOT,V039,819,S_h,1689,15,1626,0,0.222744,0.000000,0.222744,,,0.000000,-1.189666,-1.189666
SportsMOT,V039,820,S_h,1691,15,1626,0,0.205105,0.000000,0.205105,,,0.000000,-0.205105,-1.144470
SportsMOT,V039,820,S_r,1694,16,1693,0,0.599130,0.472239,0.126891,,0.097278,0.091722,-0.010764,-0.187289
SportsMOT,V039,821,S_c,1696,8,1653,0,0.284942,0.000000,0.284942,,,0.397001,0.637486,-1.253867
SportsMOT,V039,821,S_h,1692,15,1626,0,0.271152,0.065208,0.205944,,,0.000000,-0.304579,-0.563674
SportsMOT,V039,822,S_r,1696,16,1694,0,0.570775,0.444536,0.126239,,0.105556,0.106018,0.009400,-0.146591
SportsMOT,V039,823,S_c,1699,8,1653,0,0.238672,0.000000,0.238672,,,0.356293,0.627432,-1.200046
SportsMOT,V039,823,S_c,1700,12,1652,0,0.000000,0.000000,0.000000,,,0.000000,0.329513,-0.961374
SportsMOT,V039,826,S_c,1701,5,1664,0,0.000000,0.000000,0.000000,,,0.000000,0.978356,-0.922620
SportsMOT,V039,827,S_c,1702,6,1623,0,0.000000,0.000000,0.000000,,,0.000000,-0.987375,-0.987375
SportsMOT,V039,829,S_c,1704,5,1664,0,0.000000,0.000000,0.000000,,,0.000000,0.898718,-0.935371
SportsMOT,V039,833,S_c,1705,2,1683,0,0.000000,0.000000,0.000000,,,0.000000,0.968489,-0.895130
SportsMOT,V039,836,S_c,1706,9,1658,0,0.000000,0.000000,0.000000,,,0.000000,0.879814,-0.887224
SportsMOT,V039,839,S_c,1707,1,1566,0,0.000000,0.000000,0.000000,,,0.000000,0.949661,-0.953183
SportsMOT,V039,843,S_h,1701,3,1648,0,0.000000,0.000000,0.000000,,,0.000000,0.982050,-0.982899
SportsMOT,V039,845,S_h,1701,10,1594,0,0.000000,0.000000,0.000000,,,0.000000,0.893933,-0.970985
SportsMOT,V039,850,S_c,1719,3,1648,0,0.000000,0.000000,0.000000,,,0.000000,0.925513,-0.969467
SportsMOT,V039,851,S_c,1721,5,1704,0,0.000000,0.000000,0.000000,,,0.000000,0.360488,-0.648660
SportsMOT,V039,867,S_c,1722,3,1719,0,0.000000,0.000000,0.000000,,,0.000000,0.929429,-0.908507
SportsMOT,V040,266,S_c,1738,17,1731,0,0.000000,0.000000,0.000000,,,0.000000,0.977795,-0.948797
SportsMOT,V040,455,S_r,1726,17,1738,0,0.895541,0.386977,0.508564,,0.025000,0.579726,-0.964321,-0.964321
SportsMOT,V040,455,S_r,1738,18,1726,0,0.921056,0.465298,0.455758,0.990590,0.062178,0.614849,-0.964321,-0.964321
SportsMOT,V040,462,S_c,1742,7,1737,0,0.000000,0.000000,0.000000,,,0.000000,0.990648,-0.949736
SportsMOT,V040,464,S_r,1734,3,1732,0,0.502782,0.250113,0.252669,0.849321,0.170645,0.000000,-0.252669,-0.252669
SportsMOT,V040,465,S_c,1743,5,1734,0,0.456267,0.000000,0.456267,,,0.747573,0.313813,-1.372002
SportsMOT,V040,486,S_r,1743,3,1734,0,0.873660,0.420235,0.453425,0.994997,0.055341,0.661755,-0.922510,-0.922510
SportsMOT,V040,486,S_r,1734,5,1743,0,0.940218,0.471133,0.469085,0.999989,0.092255,0.570731,-0.922510,-0.922510
SportsMOT,V040,537,S_r,1725,0,1723,0,0.954276,0.416230,0.538045,-0.338199,0.008281,0.665934,-1.074060,-1.074060
SportsMOT,V040,537,S_r,1723,4,1725,0,0.970448,0.434434,0.536015,0.962794,0.022663,0.539074,-1.074060,-1.074060
SportsMOT,V040,575,S_c,1744,16,1730,0,0.000000,0.000000,0.000000,,,0.000000,0.930168,-0.944439
SportsMOT,V040,579,S_r,1745,20,1733,0,0.774033,0.738356,0.035676,,0.056536,0.920977,-0.053488,-0.053488
SportsMOT,V040,689,S_r,1725,9,1729,0,0.823612,0.471522,0.352090,-0.309607,0.029327,0.139440,-0.289065,-0.289065
SportsMOT,V040,689,S_r,1734,20,1745,0,0.725184,0.421784,0.303400,-0.695611,0.045599,0.497564,-0.221398,-0.221398
SportsMOT,V040,690,S_c,1747,0,1725,0,0.150104,0.115619,0.034486,,,0.582865,0.544862,-0.912010
SportsMOT,V040,690,S_c,1746,5,1734,0,0.174233,0.133023,0.041210,,,0.319543,0.517117,-0.231138
SportsMOT,V040,691,S_r,1747,9,1725,0,0.825023,0.583900,0.241123,,0.046812,0.217133,-0.189682,-0.189682
SportsMOT,V040,692,S_c,1748,0,1725,0,0.121012,0.120985,0.000027,,,0.474903,0.477218,-0.862599
SportsMOT,V040,694,S_r,1748,9,1747,0,0.764718,0.286006,0.478712,0.831342,0.056853,0.219157,-0.409275,-0.409275
SportsMOT,V040,695,S_c,1749,0,1748,0,0.199076,0.143846,0.055230,,,0.542998,0.502175,-0.867284
SportsMOT,V040,695,S_c,1750,16,1744,0,0.399167,0.034349,0.364818,,,0.618523,0.578270,-1.166826
SportsMOT,V040,696,S_r,1749,9,1748,0,0.903869,0.783451,0.120418,,0.027546,0.157075,-0.099164,-0.099164
SportsMOT,V040,697,S_c,1751,0,1748,0,0.169766,0.124912,0.044854,,,0.614598,0.415235,-0.992541
SportsMOT,V040,699,S_r,1743,2,1736,0,0.969870,0.140957,0.828913,0.994309,0.048093,0.000000,-0.828913,-0.828913
SportsMOT,V040,699,S_r,1751,9,1749,0,0.537773,0.245004,0.292769,0.997490,0.120329,0.102941,-0.289967,-0.292769
SportsMOT,V040,699,S_r,1746,20,1734,0,0.776511,0.116989,0.659522,0.572593,0.035227,0.000000,-0.659522,-0.791876
SportsMOT,V040,700,S_c,1754,0,1751,0,0.279078,0.087397,0.191680,,,0.526042,0.589357,-0.977075
SportsMOT,V040,700,S_c,1752,18,1738,0,0.000000,0.000000,0.000000,,,0.000000,0.798889,-0.894378
SportsMOT,V040,701,S_c,1757,3,1743,0,0.148695,0.000000,0.148695,,,0.400552,0.623399,-1.086158
SportsMOT,V040,701,S_r,1754,9,1751,0,0.809673,0.781284,0.028389,,0.035097,0.088680,-0.023798,-0.023798
SportsMOT,V040,701,S_h,1745,18,1738,0,0.177872,0.000000,0.177872,,,0.000000,-0.177872,-0.987545
SportsMOT,V040,702,S_c,1761,0,1751,0,0.164018,0.090218,0.073799,,,0.562500,0.448913,-0.979430
SportsMOT,V040,702,S_r,1757,2,1743,0,0.878961,0.704795,0.174166,,0.028626,0.000000,-0.174166,-0.174166
SportsMOT,V040,703,S_c,1765,3,1743,0,0.347882,0.000000,0.347882,,,0.535912,0.605712,-1.215318
SportsMOT,V040,703,S_c,1766,5,1746,0,0.244948,0.000000,0.244948,,,0.045441,0.242397,-1.112384
SportsMOT,V040,703,S_c,1764,15,1728,0,0.000000,0.000000,0.000000,,,0.000000,0.854666,-0.497557
SportsMOT,V040,703,S_c,1767,16,1750,0,0.087657,0.037989,0.049668,,,0.641136,0.261032,-0.583882
SportsMOT,V040,704,S_r,1765,2,1757,0,0.438599,0.099275,0.339325,,0.167079,0.000000,-0.339325,-0.339325
SportsMOT,V040,704,S_r,1746,4,1723,0,0.386112,0.188726,0.197386,0.325774,0.348770,0.094681,-0.181831,-0.717724
SportsMOT,V040,704,S_h,1747,6,1724,0,0.013063,0.000000,0.013063,,,0.000000,-0.013063,-0.013063
SportsMOT,V040,704,S_r,1761,9,1754,0,0.392403,0.128402,0.264000,0.999982,0.197156,0.045418,-0.264000,-0.264000
SportsMOT,V040,704,S_r,1723,19,1727,0,0.474058,0.015555,0.458503,-0.010803,0.216225,0.038016,-0.739450,-0.739450
SportsMOT,V040,704,S_r,1766,20,1746,0,0.520339,0.000000,0.520339,,0.093059,0.159107,-0.331612,-0.857292
SportsMOT,V040,705,S_c,1773,0,1761,0,0.417393,0.042382,0.375011,,,0.636364,0.577786,-1.183927
SportsMOT,V040,705,S_c,1769,17,1726,0,0.000000,0.000000,0.000000,,,0.000000,0.275069,-0.810347
SportsMOT,V040,705,S_c,1768,18,1745,0,0.000000,0.000000,0.000000,,,0.000000,0.275069,-0.810347
SportsMOT,V040,706,S_r,1773,9,1761,0,0.757049,0.556022,0.201027,,0.107842,0.027946,-0.201027,-0.201027
SportsMOT,V040,706,S_c,1775,15,1728,0,0.000000,0.000000,0.000000,,,0.000000,0.556022,-0.866525
SportsMOT,V040,706,S_r,1766,16,1750,0,0.298124,0.016677,0.281447,0.604004,0.324815,0.499415,0.323679,-0.976761
SportsMOT,V040,706,S_c,1776,20,1766,0,0.615717,0.010592,0.605125,,,0.259980,-0.323679,-1.300440
SportsMOT,V040,707,S_h,1736,5,1746,0,0.000000,0.000000,0.000000,,,0.000000,0.346583,-0.875532
SportsMOT,V040,708,S_c,1783,2,1765,0,0.286396,0.000000,0.286396,,,0.674470,0.347813,-0.708324
SportsMOT,V040,708,S_h,1761,9,1773,0,0.434744,0.000000,0.434744,,,0.655765,0.357847,-0.901346
SportsMOT,V040,709,S_r,1765,2,1765,0,0.578141,0.000000,0.578141,0.959191,0.310049,0.000000,-0.578141,-0.622067
SportsMOT,V040,709,S_r,1776,4,1746,0,0.311903,0.179392,0.132511,0.365018,0.406192,0.162784,-0.106448,-0.772987
SportsMOT,V040,709,S_h,1757,5,1736,0,0.000000,0.000000,0.000000,,,0.099342,0.000000,-0.043926
SportsMOT,V040,709,S_r,1773,9,1773,0,0.595678,0.081979,0.513699,0.991884,0.242259,0.007033,-0.513699,-0.883622
SportsMOT,V040,709,S_h,1729,17,1769,0,0.122554,0.000000,0.122554,,,0.000000,-0.122554,-0.122554
SportsMOT,V040,709,S_r,1746,19,1723,0,0.478241,0.042988,0.435253,0.114201,0.223564,0.105964,-0.277330,-0.435253
SportsMOT,V040,709,S_r,1736,20,1776,0,0.640476,0.000000,0.640476,0.936598,0.101246,0.219050,-0.461083,-0.461083
SportsMOT,V040,710,S_h,1743,5,1736,0,0.285044,0.000000,0.285044,,,0.000000,-0.633842,-0.633842
SportsMOT,V040,710,S_c,1784,6,1747,0,0.000000,0.000000,0.000000,,,0.000000,0.333722,-0.612333
SportsMOT,V040,710,S_h,1752,15,1775,0,0.000000,0.000000,0.000000,,,0.000000,0.333722,-0.612333
SportsMOT,V040,710,S_h,1734,18,1768,0,0.000000,0.000000,0.000000,,,0.000000,0.333722,-0.612333
SportsMOT,V040,711,S_c,1791,0,1773,0,0.535894,0.031417,0.504477,,,0.716216,0.423233,-1.343743
SportsMOT,V040,711,S_r,1736,16,1766,0,0.350160,0.057452,0.292708,0.427451,0.257924,0.410024,0.296388,-0.932290
SportsMOT,V040,711,S_h,1725,17,1729,0,0.580963,0.000000,0.580963,,,0.000000,-0.580963,-1.480535
SportsMOT,V040,711,S_h,1757,20,1736,0,0.648392,0.305280,0.343112,,,0.350334,0.005070,-0.717190
SportsMOT,V040,712,S_c,1793,10,1739,0,0.000000,0.000000,0.000000,,,0.000000,0.632119,-0.868121
SportsMOT,V040,712,S_h,1745,15,1752,0,0.501307,0.000000,0.501307,,,0.000000,-0.501307,-1.385103
SportsMOT,V040,713,S_c,1795,2,1765,0,0.442709,0.000000,0.442709,,,0.628052,0.394302,-1.331265
SportsMOT,V040,714,S_r,1765,2,1765,0,0.898036,0.154959,0.743077,0.986672,0.199013,0.000000,-0.743077,-0.743077
SportsMOT,V040,714,S_h,1754,6,1784,0,0.168665,0.000000,0.168665,,,0.000000,-0.763525,-0.763525
SportsMOT,V040,714,S_r,1793,11,1740,0,0.947955,0.000000,0.947955,0.999919,0.031270,0.000000,-0.947955,-1.102914
SportsMOT,V040,714,S_h,1738,15,1745,0,0.007568,0.000000,0.007568,,,0.000000,-0.007568,-0.162526
SportsMOT,V040,714,S_r,1743,20,1757,0,0.594861,0.000000,0.594861,0.116816,0.038114,0.190246,-0.549008,-0.602428
SportsMOT,V040,715,S_c,1800,3,1765,0,0.364818,0.000000,0.364818,,,0.508992,0.577853,-0.755049
SportsMOT,V040,715,S_c,1798,10,1793,0,0.000000,0.000000,0.000000,,,0.240000,0.431391,-0.390231
SportsMOT,V040,715,S_c,1796,17,1725,0,0.000000,0.000000,0.000000,,,0.000000,0.431391,-0.390231
SportsMOT,V040,716,S_r,1798,11,1793,0,0.776707,0.601880,0.174828,,0.062653,0.000000,-0.174828,-0.174828
SportsMOT,V040,717,S_h,1795,5,1743,0,0.000000,0.000000,0.000000,,,0.000000,0.847215,-0.914839
SportsMOT,V040,717,S_c,1806,10,1793,0,0.098268,0.000000,0.098268,,,0.428286,0.423409,-0.945483
SportsMOT,V040,717,S_h,1749,17,1725,0,0.000000,0.000000,0.000000,,,0.000000,0.847215,-0.914839
SportsMOT,V040,717,S_c,1805,18,1734,0,0.000000,0.000000,0.000000,,,0.000000,0.847215,-0.914839
SportsMOT,V040,718,S_c,1810,16,1736,0,0.017861,0.000000,0.017861,,,0.180403,0.479605,-0.598545
SportsMOT,V040,719,S_r,1800,2,1765,0,0.685841,0.301097,0.384743,0.973458,0.152394,0.000000,-0.384743,-0.384743
SportsMOT,V040,719,S_r,1806,11,1798,0,0.855833,0.335077,0.520756,0.391057,0.046263,0.000000,-0.520756,-0.520756
SportsMOT,V040,719,S_r,1743,16,1736,0,0.585209,0.184323,0.400887,0.841279,0.222641,0.367122,-0.945616,-0.945616
SportsMOT,V040,719,S_h,1748,17,1749,0,0.000000,0.000000,0.000000,,,0.000000,0.000000,-0.411291
SportsMOT,V040,719,S_r,1795,20,1743,0,0.696449,0.151720,0.544729,0.966427,0.076733,0.361335,-0.945616,-0.945616
SportsMOT,V040,720,S_c,1815,3,1800,0,0.255995,0.000000,0.255995,,,0.570697,0.556447,-0.910662
SportsMOT,V040,720,S_c,1812,5,1795,0,0.009429,0.000000,0.009429,,,0.000000,0.764374,-0.664095
SportsMOT,V040,720,S_c,1814,10,1806,0,0.180174,0.000000,0.180174,,,0.508467,0.474492,-0.904329
SportsMOT,V040,720,S_c,1813,12,1741,0,0.000000,0.000000,0.000000,,,0.000000,0.654666,-0.724154
SportsMOT,V040,720,S_c,1811,18,1805,0,0.000000,0.000000,0.000000,,,0.000000,0.654666,-0.724154
SportsMOT,V040,721,S_r,1815,2,1800,0,0.873295,0.770716,0.102579,,0.034148,0.000000,-0.102579,-0.102579
SportsMOT,V040,722,S_h,1800,2,1800,0,0.521172,0.000000,0.521172,,,0.449152,-0.444911,-1.485663
SportsMOT,V040,722,S_c,1816,3,1800,0,0.076261,0.000000,0.076261,,,0.506702,0.444911,-1.040753
SportsMOT,V040,723,S_h,1765,2,1800,0,0.802642,0.326852,0.475790,,,0.458725,-1.103066,-1.103066
SportsMOT,V040,724,S_h,1800,2,1800,0,0.818054,0.267921,0.550133,,,0.000000,-0.550133,-0.550133
SportsMOT,V040,724,S_r,1795,16,1743,0,0.623237,0.347018,0.276219,0.694362,0.184302,0.109561,-0.233968,-0.276219
SportsMOT,V040,724,S_h,1783,18,1811,0,0.112390,0.000000,0.112390,,,0.000000,-0.112390,-0.567135
SportsMOT,V040,725,S_c,1818,3,1816,0,0.075882,0.000000,0.075882,,,0.549884,0.422056,-0.809997
SportsMOT,V040,725,S_c,1817,20,1795,0,0.193582,0.149232,0.044350,,,0.414228,0.628125,-0.818316
SportsMOT,V040,728,S_h,1815,5,1812,0,0.468003,0.053230,0.414772,,,0.000000,-0.414772,-1.015363
SportsMOT,V040,729,S_h,1765,2,1800,0,0.711579,0.466204,0.245374,,,0.415726,0.077271,0.077271
SportsMOT,V040,729,S_h,1812,5,1812,0,0.163812,0.000000,0.163812,,,0.000000,-0.036160,-0.875391
SportsMOT,V040,733,S_h,1800,2,1765,0,0.486148,0.018259,0.467889,,,0.384807,-0.270419,-0.270419
SportsMOT,V040,733,S_r,1765,3,1818,0,0.578894,0.381424,0.197470,0.989254,0.252178,0.447489,0.270419,0.270419
SportsMOT,V040,733,S_h,1815,20,1817,0,0.527938,0.422313,0.105626,,,0.399846,0.022549,-0.582331
SportsMOT,V040,734,S_h,1818,3,1818,0,0.805203,0.000000,0.805203,,,0.305284,-0.584499,-1.221112
SportsMOT,V040,734,S_h,1764,13,1760,0,0.030718,0.000000,0.030718,,,0.000000,-0.030718,-0.699056
SportsMOT,V040,734,S_r,1815,16,1795,0,0.668338,0.383030,0.285307,,0.142620,0.422170,-0.063175,-0.063175
SportsMOT,V040,734,S_h,1817,20,1817,0,0.249947,0.169625,0.080322,,,0.317725,0.583722,-0.496232
SportsMOT,V040,735,S_h,1765,3,1818,0,0.640427,0.388665,0.251762,,,0.509202,-0.587211,-0.587211
SportsMOT,V040,736,S_h,1795,16,1815,0,0.758280,0.163997,0.594283,,,0.313333,-1.451793,-1.451793
SportsMOT,V040,738,S_r,1800,3,1765,0,0.678401,0.416211,0.262189,0.973532,0.184637,0.000000,-0.262189,-0.262189
SportsMOT,V040,745,S_c,1821,14,1760,0,0.000000,0.000000,0.000000,,,0.000000,0.926360,-0.777684
SportsMOT,V041,12,S_c,1839,11,1835,0,0.269151,0.209908,0.059243,,,0.579993,0.751977,-0.949293
SportsMOT,V041,20,S_r,1835,13,1836,0,0.606635,0.530986,0.075649,,0.078734,0.624896,-0.035598,-0.035598
SportsMOT,V041,90,S_c,1844,4,1829,0,0.000000,0.000000,0.000000,,,0.000000,0.898223,-0.947634
SportsMOT,V041,95,S_c,1845,2,1826,0,0.031891,0.000000,0.031891,,,0.044981,0.826097,-0.998622
SportsMOT,V041,150,S_r,1843,14,1838,0,0.897466,0.000000,0.897466,0.873766,0.036204,0.554341,-0.499330,-1.835851
SportsMOT,V041,150,S_c,1846,19,1843,0,0.398136,0.000000,0.398136,,,0.702987,0.499330,-1.336521
SportsMOT,V041,213,S_c,1847,2,1845,0,0.000000,0.000000,0.000000,,,0.435185,0.839512,-0.762271
SportsMOT,V041,214,S_r,1848,8,1832,0,0.392018,0.141361,0.250657,,0.140307,0.400154,-0.455030,-0.455030
SportsMOT,V041,225,S_c,1849,0,1825,0,0.000000,0.000000,0.000000,,,0.000000,0.794495,-0.906036
SportsMOT,V041,260,S_c,1850,1,1830,0,0.000000,0.000000,0.000000,,,0.000000,0.951015,-0.913845
SportsMOT,V041,271,S_c,1851,3,1833,0,0.000000,0.000000,0.000000,,,0.000000,0.929645,-0.949651
SportsMOT,V041,445,S_c,1853,6,1828,0,0.000000,0.000000,0.000000,,,0.000000,0.926341,-0.857776
SportsMOT,V041,461,S_c,1855,8,1848,0,0.000000,0.000000,0.000000,,,0.317265,0.959658,-0.881758
SportsMOT,V041,461,S_c,1854,9,1827,0,0.000000,0.000000,0.000000,,,0.442387,0.959658,-0.881758
SportsMOT,V041,464,S_r,1855,9,1854,0,0.543823,0.273262,0.270562,0.130814,0.238629,0.000000,-0.270562,-0.270562
SportsMOT,V041,465,S_c,1856,8,1855,0,0.000000,0.000000,0.000000,,,0.099282,0.540793,-0.889382
SportsMOT,V041,466,S_c,1857,7,1824,0,0.000000,0.000000,0.000000,,,0.000000,0.480354,-0.926575
SportsMOT,V041,505,S_c,1858,5,1831,0,0.000000,0.000000,0.000000,,,0.256427,0.969186,-0.782745
SportsMOT,V041,505,S_c,1859,13,1835,0,0.000000,0.000000,0.000000,,,0.288707,0.969186,-0.782745
SportsMOT,V041,508,S_c,1866,4,1844,0,0.000000,0.000000,0.000000,,,0.000000,0.406256,-0.510788
SportsMOT,V041,508,S_c,1867,8,1856,0,0.000000,0.000000,0.000000,,,0.000000,0.406256,-0.510788
SportsMOT,V041,510,S_c,1873,5,1858,0,0.152142,0.000000,0.152142,,,0.173441,0.444888,-0.944585
SportsMOT,V041,510,S_c,1871,19,1846,0,0.000000,0.000000,0.000000,,,0.000000,0.597030,-0.792442
SportsMOT,V041,513,S_c,1889,0,1849,0,0.000000,0.000000,0.000000,,,0.000000,0.449493,-0.465216
SportsMOT,V041,513,S_c,1890,2,1847,0,0.000000,0.000000,0.000000,,,0.000000,0.449493,-0.465216
SportsMOT,V041,513,S_c,1892,4,1844,0,0.000000,0.000000,0.000000,,,0.000000,0.449493,-0.465216
SportsMOT,V041,513,S_c,1887,6,1853,0,0.000000,0.000000,0.000000,,,0.000000,0.449493,-0.465216
SportsMOT,V041,513,S_c,1891,8,1856,0,0.000000,0.000000,0.000000,,,0.000000,0.449493,-0.465216
SportsMOT,V041,513,S_c,1888,14,1843,0,0.000000,0.000000,0.000000,,,0.000000,0.449493,-0.465216
SportsMOT,V041,515,S_c,1894,6,1853,0,0.000000,0.000000,0.000000,,,0.000000,0.643532,-0.739224
SportsMOT,V041,515,S_c,1898,11,1839,0,0.000000,0.000000,0.000000,,,0.159204,0.643532,-0.739224
SportsMOT,V041,515,S_c,1893,14,1843,0,0.000000,0.000000,0.000000,,,0.119533,0.643532,-0.739224
SportsMOT,V041,518,S_c,1909,0,1849,0,0.000000,0.000000,0.000000,,,0.000000,0.543104,-0.571373
SportsMOT,V041,518,S_c,1908,2,1847,0,0.000000,0.000000,0.000000,,,0.000000,0.543104,-0.571373
SportsMOT,V041,518,S_c,1911,4,1844,0,0.000000,0.000000,0.000000,,,0.000000,0.543104,-0.571373
SportsMOT,V041,518,S_c,1910,8,1856,0,0.000000,0.000000,0.000000,,,0.000000,0.543104,-0.571373
SportsMOT,V041,519,S_h,1888,12,1837,0,0.000000,0.000000,0.000000,,,0.000000,0.000000,-0.336966
SportsMOT,V041,520,S_c,1912,17,1841,0,0.000000,0.000000,0.000000,,,0.000000,0.740444,-0.815515
SportsMOT,V041,523,S_c,1926,0,1849,0,0.000000,0.000000,0.000000,,,0.000000,0.483811,-0.590513
SportsMOT,V041,523,S_c,1925,2,1847,0,0.000000,0.000000,0.000000,,,0.000000,0.483811,-0.590513
SportsMOT,V041,523,S_c,1928,4,1844,0,0.000000,0.000000,0.000000,,,0.000000,0.483811,-0.590513
SportsMOT,V041,523,S_c,1927,8,1856,0,0.000000,0.000000,0.000000,,,0.000000,0.483811,-0.590513
SportsMOT,V041,524,S_h,1858,14,1893,0,0.259175,0.000000,0.259175,,,0.017812,-0.130882,-0.259175
SportsMOT,V041,525,S_c,1930,0,1849,0,0.000000,0.000000,0.000000,,,0.000000,0.749867,-0.898001
SportsMOT,V041,525,S_h,1866,8,1856,0,0.000000,0.000000,0.000000,,,0.000000,0.749867,-0.898001
SportsMOT,V041,525,S_c,1929,12,1888,0,0.000000,0.000000,0.000000,,,0.000000,0.749867,-0.898001
SportsMOT,V041,527,S_c,1934,10,1834,0,0.000000,0.000000,0.000000,,,0.000000,0.812293,0.000000
SportsMOT,V041,528,S_c,1937,4,1844,0,0.000000,0.000000,0.000000,,,0.000000,0.949099,-0.605918
SportsMOT,V041,528,S_c,1936,8,1866,0,0.000000,0.000000,0.000000,,,0.000000,0.949099,-0.605918
SportsMOT,V041,528,S_h,1893,14,1858,0,0.503482,0.101887,0.401595,,,0.110184,-0.986224,-0.986224
SportsMOT,V041,529,S_h,1858,14,1858,0,0.132419,0.000000,0.132419,,,0.040545,0.003052,-0.132419
SportsMOT,V041,529,S_r,1934,16,1840,0,0.796604,0.000000,0.796604,-0.279285,0.039277,0.000000,-0.796604,-0.796604
SportsMOT,V041,530,S_c,1938,10,1934,0,0.000000,0.000000,0.000000,,,0.144737,0.657255,-0.867109
SportsMOT,V041,531,S_h,1892,8,1866,0,0.000000,0.000000,0.000000,,,0.000000,0.507956,-0.958511
SportsMOT,V041,533,S_c,1944,4,1844,0,0.000000,0.000000,0.000000,,,0.000000,0.563203,-0.613427
SportsMOT,V041,533,S_h,1893,14,1858,0,0.492871,0.048486,0.444385,,,0.042614,-0.444385,-1.114688
SportsMOT,V041,533,S_r,1868,18,1842,0,0.626733,0.000000,0.626733,0.999462,0.070920,0.000000,-0.626733,-1.240161
SportsMOT,V041,534,S_h,1858,14,1858,0,0.248660,0.000000,0.248660,,,0.000000,-0.169506,-0.248660
SportsMOT,V041,537,S_c,1947,8,1892,0,0.000000,0.000000,0.000000,,,0.000000,0.914850,-0.909942
SportsMOT,V041,539,S_h,1911,8,1947,0,0.110676,0.000000,0.110676,,,0.000000,-0.110676,-0.622231
SportsMOT,V041,543,S_h,1892,9,1855,0,0.336945,0.000000,0.336945,,,0.000000,-0.336945,-1.037092
SportsMOT,V041,544,S_h,1855,9,1855,0,0.116805,0.000000,0.116805,,,0.000000,-0.116805,-0.651615
SportsMOT,V041,545,S_c,1948,8,1911,0,0.000000,0.000000,0.000000,,,0.000000,0.890825,-0.855339
SportsMOT,V041,548,S_h,1947,9,1855,0,0.483227,0.000000,0.483227,,,0.000000,-1.261419,-1.261419
SportsMOT,V041,549,S_h,1855,9,1855,0,0.226490,0.000000,0.226490,,,0.000000,-0.927444,-0.927444
SportsMOT,V041,563,S_h,1893,5,1873,0,0.806366,0.408562,0.397804,,,0.616049,-0.860274,-0.860274
SportsMOT,V041,571,S_h,1911,8,1948,0,0.679554,0.000000,0.679554,,,0.000000,-1.608948,-1.608948
SportsMOT,V041,574,S_h,1892,9,1855,0,0.274667,0.000000,0.274667,,,0.000000,-0.274667,-1.145992
SportsMOT,V041,575,S_c,1949,8,1911,0,0.004397,0.000000,0.004397,,,0.015172,0.739469,-0.412225
SportsMOT,V041,575,S_h,1947,9,1855,0,0.407829,0.000000,0.407829,,,0.000000,-0.407829,-1.377247
SportsMOT,V041,589,S_h,1892,8,1949,0,0.414191,0.000711,0.413480,,,0.000000,-0.413480,-0.891462
SportsMOT,V041,591,S_c,1950,0,1930,0,0.000000,0.000000,0.000000,,,0.000000,0.858962,-0.698913
SportsMOT,V041,591,S_h,1949,8,1892,0,0.698913,0.000000,0.698913,,,0.000000,-0.698913,-1.557876
SportsMOT,V041,687,S_c,1951,10,1938,0,0.642963,0.000000,0.642963,,,0.886022,0.267933,-1.609002
SportsMOT,V041,765,S_r,1868,17,1912,0,0.798570,0.310286,0.488284,0.996373,0.078138,0.449166,-1.181138,-1.181138
SportsMOT,V041,765,S_r,1912,18,1868,0,0.929309,0.236455,0.692854,0.988820,0.035660,0.468575,-1.181138,-1.181138
SportsMOT,V041,776,S_c,1952,8,1949,0,0.000000,0.000000,0.000000,,,0.000000,0.919891,-0.945367
SportsMOT,V041,796,S_r,1953,5,1893,0,0.836950,0.000000,0.836950,0.999797,0.101177,0.000000,-1.792336,-1.792336
SportsMOT,V041,838,S_r,1954,19,1871,0,0.923818,0.000000,0.923818,,0.012188,0.000000,-1.774966,-1.774966
SportsMOT,V041,884,S_r,1955,0,1950,0,0.606815,0.000000,0.606815,,0.042621,0.000000,-1.547472,-1.547472
SportsMOT,V041,896,S_c,1956,4,1844,0,0.000000,0.000000,0.000000,,,0.000000,0.954752,-0.980083
SportsMOT,V041,969,S_r,1957,18,1912,0,0.942296,0.655550,0.286746,0.913009,0.017129,0.219296,-0.382868,-0.382868
SportsMOT,V041,975,S_h,1912,18,1957,0,0.698743,0.047170,0.651573,,,0.114055,-1.484939,-1.484939
SportsMOT,V042,4,S_r,1969,2,1966,0,0.658901,0.241853,0.417048,0.161301,0.157579,0.000000,-0.417048,-0.417048
SportsMOT,V042,5,S_c,1971,5,1965,0,0.000000,0.000000,0.000000,,,0.000000,0.624772,-0.950228
SportsMOT,V042,5,S_c,1973,7,1969,0,0.153784,0.000000,0.153784,,,0.448220,0.470988,-1.104012
SportsMOT,V042,5,S_c,1972,8,1963,0,0.000000,0.000000,0.000000,,,0.000000,0.624772,-0.950228
SportsMOT,V042,5,S_r,1963,10,1970,0,0.323237,0.000000,0.323237,-0.941480,0.126190,0.000000,-0.197508,-1.121739
SportsMOT,V042,24,S_h,1965,6,1960,0,0.475015,0.147369,0.327645,,,0.306661,-1.197375,-1.197375
SportsMOT,V042,49,S_r,1963,8,1972,0,0.963395,0.535548,0.427846,0.305784,0.008141,0.633621,-0.828842,-0.828842
SportsMOT,V042,49,S_r,1972,10,1963,0,0.885696,0.484701,0.400996,0.999002,0.047016,0.654706,-0.828842,-0.828842
SportsMOT,V042,50,S_c,1976,11,1975,0,0.000000,0.000000,0.000000,,,0.000000,0.950736,-0.931185
SportsMOT,V042,94,S_r,1963,10,1972,0,0.458639,0.037757,0.420882,-0.028690,0.247796,0.000000,-0.420882,-0.420882
SportsMOT,V042,95,S_c,1978,18,1959,0,0.000000,0.000000,0.000000,,,0.000000,0.860548,-0.335599
SportsMOT,V042,96,S_c,1985,20,1968,0,0.000000,0.000000,0.000000,,,0.061015,0.000000,-0.682854
SportsMOT,V042,98,S_c,1993,0,1962,0,0.000000,0.000000,0.000000,,,0.000000,0.642857,-0.499877
SportsMOT,V042,98,S_c,1990,8,1963,0,0.100467,0.000000,0.100467,,,0.000000,0.355146,-0.600344
SportsMOT,V042,98,S_c,1991,12,1977,0,0.000000,0.000000,0.000000,,,0.000000,0.642857,-0.499877
SportsMOT,V042,98,S_c,1992,19,1986,0,0.062955,0.000000,0.062955,,,0.134376,0.579902,-0.562832
SportsMOT,V042,99,S_h,1962,8,1963,0,0.000000,0.000000,0.000000,,,0.000000,0.000000,-0.374767
SportsMOT,V042,99,S_r,1990,10,1963,0,0.399702,0.002252,0.397450,,0.296269,0.000000,-0.397450,-0.397450
SportsMOT,V042,100,S_c,1997,19,1986,0,0.160061,0.000000,0.160061,,,0.170288,0.468481,-0.452551
SportsMOT,V042,101,S_c,1999,0,1962,0,0.000000,0.000000,0.000000,,,0.000000,0.341285,-0.885278
SportsMOT,V042,101,S_h,1993,8,1962,0,0.537054,0.000000,0.537054,,,0.000000,-0.502124,-1.422332
SportsMOT,V042,103,S_c,2001,8,1962,0,0.092950,0.000000,0.092950,,,0.000000,0.292757,-0.598457
SportsMOT,V042,103,S_c,2002,12,1977,0,0.000000,0.000000,0.000000,,,0.000000,0.505508,-0.433464
SportsMOT,V042,105,S_r,2001,10,1990,0,0.181336,0.000000,0.181336,0.452626,0.247469,0.000000,-0.194021,-1.054532
SportsMOT,V042,105,S_c,2004,15,1992,0,0.000000,0.000000,0.000000,,,0.000000,0.181336,-0.873196
SportsMOT,V042,105,S_c,2007,19,1997,0,0.039993,0.000000,0.039993,,,0.040853,0.709623,-0.746125
SportsMOT,V042,107,S_h,1999,8,1962,0,0.000000,0.000000,0.000000,,,0.000000,0.918261,-0.905164
SportsMOT,V042,108,S_c,2013,12,1977,0,0.000000,0.000000,0.000000,,,0.000000,0.832674,-0.584472
SportsMOT,V042,109,S_h,2003,8,1999,0,0.145334,0.000000,0.145334,,,0.221387,0.330693,-0.145334
SportsMOT,V042,109,S_r,1999,10,2001,0,0.476027,0.039888,0.436139,0.956855,0.272147,0.239669,-0.290805,-0.436139
SportsMOT,V042,110,S_c,2015,12,1977,0,0.000000,0.000000,0.000000,,,0.000000,0.821892,-0.767851
SportsMOT,V042,110,S_c,2014,16,2012,0,0.000000,0.000000,0.000000,,,0.000000,0.821892,-0.767851
SportsMOT,V042,132,S_h,1997,19,2007,0,0.773024,0.000000,0.773024,,,0.000000,-0.773024,-1.715243
SportsMOT,V042,180,S_c,2016,8,1999,0,0.000000,0.000000,0.000000,,,0.000000,0.957318,-0.906162
SportsMOT,V042,195,S_c,2017,10,1999,0,0.000000,0.000000,0.000000,,,0.000000,0.839269,-0.981074
SportsMOT,V042,236,S_c,2018,18,1959,0,0.000000,0.000000,0.000000,,,0.000000,0.916602,-0.886915
SportsMOT,V042,263,S_c,2019,0,1999,0,0.000000,0.000000,0.000000,,,0.000000,0.625436,-0.759229
SportsMOT,V042,285,S_c,2020,9,1958,0,0.000000,0.000000,0.000000,,,0.000000,0.956897,-0.879344
SportsMOT,V042,296,S_c,2021,17,1974,0,0.000000,0.000000,0.000000,,,0.000000,0.908450,-0.958182
SportsMOT,V042,307,S_c,2022,11,1976,0,0.000000,0.000000,0.000000,,,0.000000,0.833904,-0.984302
SportsMOT,V042,337,S_c,2023,19,1997,0,0.000000,0.000000,0.000000,,,0.000000,0.965297,-0.973682
SportsMOT,V042,344,S_r,2024,13,1995,0,0.439395,0.000000,0.439395,,0.075433,0.000000,-1.380401,-1.380401
SportsMOT,V042,350,S_c,2025,20,1985,0,0.000000,0.000000,0.000000,,,0.000000,0.750741,-0.877206
SportsMOT,V042,361,S_c,2026,1,1961,0,0.000000,0.000000,0.000000,,,0.000000,0.915671,-0.924911
SportsMOT,V042,365,S_c,2027,1,2026,0,0.000000,0.000000,0.000000,,,0.000000,0.802635,-0.909270
SportsMOT,V042,369,S_r,2028,15,2004,0,0.654144,0.000000,0.654144,,0.048804,0.000000,-1.268115,-1.268115
SportsMOT,V042,370,S_c,2029,16,2014,0,0.200528,0.000000,0.200528,,,0.297516,0.358782,-1.081591
SportsMOT,V043,2,S_r,2039,6,2045,0,0.700742,0.528050,0.172693,,0.092739,0.586016,0.254899,-0.607075
SportsMOT,V043,2,S_r,2044,7,2039,0,0.545203,0.537390,0.007813,,0.128363,0.699532,0.295169,-0.447877
SportsMOT,V043,2,S_r,2041,11,2044,0,0.618770,0.368004,0.250766,,0.092779,0.720084,-0.210266,-0.210266
SportsMOT,V043,2,S_r,2042,13,2041,0,0.632055,0.591555,0.040500,,0.161697,0.471824,0.210266,0.210266
SportsMOT,V043,2,S_r,2045,16,2043,0,0.643219,0.492950,0.150270,,0.082359,0.772876,0.124917,-0.317263
SportsMOT,V043,3,S_h,2043,8,2037,0,0.685562,0.455091,0.230471,,,0.304669,-0.524055,-0.524055
SportsMOT,V043,4,S_r,2044,6,2039,0,0.518336,0.423394,0.094942,-0.782641,0.088868,0.725064,0.099818,-0.480698
SportsMOT,V043,4,S_r,2041,7,2044,0,0.578105,0.433888,0.144216,-0.298512,0.095261,0.361789,0.209272,-0.418649
SportsMOT,V043,4,S_r,2039,16,2045,0,0.652007,0.553420,0.098587,-0.926710,0.040542,0.628288,0.227688,-0.342961
SportsMOT,V043,5,S_c,2047,11,2041,0,0.250677,0.167492,0.083185,,,0.690225,0.627564,-0.831682
SportsMOT,V043,6,S_r,2032,3,2040,0,0.759057,0.330481,0.428576,0.364820,0.092943,0.401724,-0.995704,-0.995704
SportsMOT,V043,6,S_r,2047,7,2041,0,0.503666,0.457114,0.046551,,0.135105,0.711014,-0.514725,-0.514725
SportsMOT,V043,6,S_r,2039,8,2043,0,0.896039,0.349510,0.546529,0.738685,0.037915,0.374613,-1.005405,-1.005405
SportsMOT,V043,6,S_r,2042,11,2041,0,0.728755,0.283490,0.445264,0.646749,0.100798,0.545567,-0.039601,-1.047678
SportsMOT,V043,6,S_r,2044,16,2039,0,0.734238,0.541551,0.192687,-0.729399,0.040128,0.643149,-0.126662,-0.393790
SportsMOT,V043,6,S_r,2040,17,2046,0,0.842297,0.275170,0.567127,0.981628,0.062103,0.737609,-0.995704,-0.995704
SportsMOT,V043,7,S_c,2048,2,2032,0,0.090689,0.000000,0.090689,,,0.347596,0.563774,-1.001982
SportsMOT,V043,7,S_r,2042,7,2041,0,0.911847,0.544845,0.367002,0.986054,0.093556,0.500380,-0.195546,-0.195546
SportsMOT,V043,7,S_r,2044,8,2043,0,0.528211,0.332515,0.195695,-0.973536,0.081449,0.402930,0.313196,-0.195695
SportsMOT,V043,8,S_c,2051,4,2046,0,0.430324,0.156681,0.273643,,,0.865384,0.417340,-1.049158
SportsMOT,V043,8,S_h,2047,6,2044,0,0.609272,0.113253,0.496019,,,0.814262,0.324173,-1.121420
SportsMOT,V043,8,S_r,2046,13,2042,0,0.796117,0.183097,0.613019,0.907433,0.126758,0.595856,-0.277482,-1.021040
SportsMOT,V043,9,S_r,2051,7,2042,0,0.714235,0.646829,0.067406,,0.072523,0.644301,0.181940,0.181940
SportsMOT,V043,9,S_r,2041,8,2044,0,0.531737,0.420253,0.111484,-0.504875,0.039305,0.475655,0.403331,0.403331
SportsMOT,V043,9,S_r,2047,16,2039,0,0.906232,0.552257,0.353974,,0.020908,0.424822,-0.171440,-0.641169
SportsMOT,V043,10,S_c,2052,4,2046,0,0.435504,0.012692,0.422813,,,0.678959,0.274200,-0.854294
SportsMOT,V043,10,S_c,2053,6,2044,0,0.370321,0.167779,0.202542,,,0.623270,0.724630,-0.642717
SportsMOT,V043,11,S_r,2040,4,2046,0,0.651059,0.479041,0.172018,0.873374,0.144501,0.612840,-0.687661,-0.687661
SportsMOT,V043,11,S_h,2042,5,2038,0,0.630904,0.306591,0.324312,,,0.552021,-0.070341,-0.781665
SportsMOT,V043,11,S_r,2051,6,2044,0,0.646693,0.392722,0.253971,0.960141,0.113957,0.707301,0.070341,-0.711324
SportsMOT,V043,11,S_r,2052,7,2051,0,0.757977,0.360190,0.397787,,0.050828,0.140853,-0.488129,-0.488129
SportsMOT,V043,11,S_r,2053,8,2041,0,0.655217,0.460617,0.194600,,0.090984,0.497976,0.047102,0.047102
SportsMOT,V043,11,S_h,2037,9,2035,0,0.242708,0.013219,0.229490,,,0.115142,-0.489586,-0.489586
SportsMOT,V043,11,S_r,2038,16,2047,0,0.726388,0.337019,0.389369,0.391879,0.109472,0.542934,-0.043038,-0.842524
SportsMOT,V043,11,S_r,2032,17,2040,0,0.741876,0.226233,0.515643,0.959159,0.118886,0.431408,-0.687661,-0.687661
SportsMOT,V043,12,S_c,2054,3,2032,0,0.245379,0.000000,0.245379,,,0.503686,0.522352,-0.647568
SportsMOT,V043,12,S_h,2045,9,2035,0,0.402189,0.086044,0.316145,,,0.220888,-1.078160,-1.078160
SportsMOT,V043,12,S_c,2055,13,2046,0,0.317326,0.151827,0.165499,,,0.569074,0.482253,-0.401533
SportsMOT,V043,13,S_r,2032,4,2040,0,0.651206,0.510217,0.140988,0.618040,0.072028,0.545881,0.141798,-0.678858
SportsMOT,V043,13,S_h,2046,5,2042,0,0.605349,0.165593,0.439757,,,0.575640,0.109447,-0.800224
SportsMOT,V043,13,S_r,2042,6,2051,0,0.549203,0.123502,0.425701,0.409288,0.120685,0.584634,0.179648,-1.237596
SportsMOT,V043,13,S_r,2051,8,2053,0,0.811895,0.654148,0.157747,-0.212187,0.057225,0.688131,0.093303,0.093303
SportsMOT,V043,13,S_h,2039,9,2035,0,0.366434,0.146787,0.219647,,,0.287294,-1.063639,-1.063639
SportsMOT,V043,13,S_r,2040,13,2046,0,0.399859,0.323151,0.076708,0.284973,0.097035,0.546684,0.504395,-0.774061
SportsMOT,V043,13,S_r,2054,17,2032,0,0.801443,0.745004,0.056439,,0.060432,0.702153,-0.116967,-0.116967
SportsMOT,V043,14,S_c,2057,3,2032,0,0.033957,0.000000,0.033957,,,0.350562,0.688376,-0.884106
SportsMOT,V043,14,S_h,2044,9,2035,0,0.396056,0.172979,0.223077,,,0.328696,-1.001206,-1.001206
SportsMOT,V043,15,S_r,2054,4,2032,0,0.927101,0.481882,0.445218,0.950449,0.017858,0.500019,-0.262912,-0.661106
SportsMOT,V043,15,S_r,2032,17,2032,0,0.430259,0.350773,0.079486,0.999109,0.106988,0.517030,-0.329587,-0.329587
SportsMOT,V043,16,S_r,2057,4,2032,0,0.864131,0.365193,0.498938,0.641723,0.051650,0.599339,-0.905607,-0.905607
SportsMOT,V043,16,S_r,2052,5,2046,0,0.780433,0.422078,0.358355,0.751636,0.113991,0.344146,-0.528652,-0.528652
SportsMOT,V043,16,S_h,2055,6,2042,0,0.420264,0.218544,0.201720,,,0.459744,-0.827792,-0.827792
SportsMOT,V043,16,S_r,2054,7,2052,0,0.528388,0.287584,0.240805,0.934998,0.156300,0.607460,0.156350,-0.843881
SportsMOT,V043,16,S_r,2042,8,2051,0,0.858628,0.251994,0.606634,0.662690,0.070910,0.567571,-0.627220,-0.627220
SportsMOT,V043,16,S_h,2047,9,2044,0,0.111496,0.084611,0.026885,,,0.361897,0.288162,0.288162
SportsMOT,V043,16,S_r,2032,11,2041,0,0.833206,0.426537,0.406669,0.857846,0.101017,0.514533,-0.905607,-0.905607
SportsMOT,V043,17,S_c,2060,4,2032,0,0.311050,0.150148,0.160902,,,0.624674,0.106937,-0.270907
SportsMOT,V043,17,S_h,2046,6,2042,0,0.328842,0.165188,0.163654,,,0.423367,0.411306,-0.840393
SportsMOT,V043,17,S_c,2061,17,2032,0,0.270957,0.212348,0.058609,,,0.690322,0.209230,-0.168614
SportsMOT,V043,18,S_c,2063,3,2057,0,0.060624,0.000000,0.060624,,,0.193375,0.776337,0.121301
SportsMOT,V043,18,S_r,2042,18,2041,0,0.872231,0.639218,0.233013,0.985876,0.170521,0.472173,-0.070743,-0.456976
SportsMOT,V043,19,S_r,2063,4,2060,0,0.758468,0.337248,0.421220,,0.062651,0.550050,-0.992043,-0.992043
SportsMOT,V043,19,S_h,2054,6,2046,0,0.645359,0.200206,0.445153,,,0.657847,-0.299199,-1.041857
SportsMOT,V043,19,S_r,2032,7,2052,0,0.949298,0.784292,0.165006,0.999739,0.161107,0.718505,-0.194859,-0.194859
SportsMOT,V043,19,S_r,2046,8,2042,0,0.638027,0.492072,0.145954,0.862450,0.081149,0.653487,0.299199,-0.742658
SportsMOT,V043,19,S_r,2061,11,2032,0,0.849284,0.423820,0.425464,0.975557,0.137371,0.785340,-0.527647,-0.895798
SportsMOT,V043,19,S_c,2064,14,2058,0,0.000000,0.000000,0.000000,,,0.000000,0.740259,-0.925381
SportsMOT,V043,20,S_c,2066,3,2057,0,0.209395,0.178416,0.030979,,,0.435583,0.124311,-0.184033
SportsMOT,V043,20,S_h,2053,12,2033,0,0.357206,0.118595,0.238611,,,0.115813,-0.238611,-0.848923
SportsMOT,V043,21,S_r,2032,5,2052,0,0.824893,0.499275,0.325618,0.660448,0.053086,0.590580,-0.642888,-0.642888
SportsMOT,V043,21,S_r,2052,6,2054,0,0.650308,0.090779,0.559528,0.036940,0.064555,0.282491,-0.803982,-0.803982
SportsMOT,V043,21,S_r,2063,7,2032,0,0.799502,0.495997,0.303505,0.043437,0.046402,0.780421,-0.451814,-0.451814
SportsMOT,V043,21,S_h,2051,9,2047,0,0.191275,0.176178,0.015097,,,0.114029,-0.004755,-0.015097
SportsMOT,V043,21,S_r,2066,11,2061,0,0.835163,0.261494,0.573670,,0.054276,0.529919,-1.043258,-1.043258
SportsMOT,V043,21,S_h,2033,12,2033,0,0.010342,0.008803,0.001539,,,0.095864,0.189736,-0.554952
SportsMOT,V043,21,S_r,2061,13,2040,0,0.522470,0.417850,0.104619,0.999992,0.194605,0.699164,-0.093631,-0.443834
SportsMOT,V043,21,S_r,2054,18,2042,0,0.761891,0.549550,0.212340,-0.976351,0.036489,0.801039,-0.081082,-0.081082
SportsMOT,V043,22,S_r,2066,7,2032,0,0.701936,0.521570,0.180367,-0.934542,0.086073,0.639538,-0.272207,-0.272207
SportsMOT,V043,22,S_c,2068,11,2061,0,0.341059,0.334226,0.006834,,,0.572260,0.173533,-0.098674
SportsMOT,V043,22,S_c,2067,14,2064,0,0.000000,0.000000,0.000000,,,0.000000,0.701936,-0.595251
SportsMOT,V043,22,S_r,2046,18,2042,0,0.595251,0.517276,0.077975,0.973145,0.113337,0.316910,0.267702,-0.251011
SportsMOT,V043,23,S_c,2070,3,2057,0,0.141303,0.000000,0.141303,,,0.505051,0.546770,-0.980101
SportsMOT,V043,23,S_r,2060,5,2032,0,0.752761,0.649523,0.103238,0.748136,0.133304,0.517436,0.036454,0.036454
SportsMOT,V043,23,S_h,2057,8,2046,0,0.576883,0.102378,0.474505,,,0.686104,0.381953,-1.124028
SportsMOT,V043,24,S_h,2063,8,2046,0,0.312447,0.186566,0.125880,,,0.534929,0.120217,0.120217
SportsMOT,V043,24,S_r,2070,11,2068,0,0.777846,0.553270,0.224576,,0.055886,0.659145,-0.651740,-0.651740
SportsMOT,V043,24,S_r,2068,13,2061,0,0.736200,0.648984,0.087216,0.577535,0.056180,0.626584,0.257800,-0.409443
SportsMOT,V043,25,S_c,2071,3,2057,0,0.213451,0.086610,0.126841,,,0.433824,0.285688,-0.529960
SportsMOT,V043,25,S_h,2043,10,2034,0,0.507792,0.000000,0.507792,,,0.000000,-0.507792,-1.128793
SportsMOT,V043,25,S_h,2055,12,2033,0,0.355341,0.065654,0.289687,,,0.043845,-0.146985,-0.911056
SportsMOT,V043,25,S_h,2054,16,2038,0,0.550741,0.142702,0.408039,,,0.039860,-0.392160,-0.763380
SportsMOT,V043,25,S_h,2040,17,2061,0,0.496422,0.253280,0.243143,,,0.740247,-0.011521,-0.947621
SportsMOT,V043,26,S_r,2063,6,2052,0,0.556211,0.310703,0.245508,-0.794467,0.119306,0.611801,-0.260140,-0.260140
SportsMOT,V043,26,S_r,2068,7,2066,0,0.722240,0.662067,0.060173,0.845822,0.091055,0.679367,-0.330587,-0.330587
SportsMOT,V043,26,S_h,2060,8,2063,0,0.392824,0.207296,0.185528,,,0.568908,0.156792,-0.910539
SportsMOT,V043,26,S_h,2034,10,2034,0,0.293202,0.000000,0.293202,,,0.000000,-0.293202,-1.189287
SportsMOT,V043,26,S_h,2033,12,2033,0,0.253453,0.021770,0.231682,,,0.263732,0.134335,-0.231682
SportsMOT,V043,26,S_r,2071,13,2068,0,0.896084,0.262990,0.633095,,0.008455,0.551874,-0.852811,-0.852811
SportsMOT,V043,26,S_h,2038,16,2038,0,0.366017,0.041278,0.324739,,,0.336440,-0.071286,-0.661409
SportsMOT,V043,26,S_r,2052,18,2046,0,0.739643,0.728684,0.010959,0.921302,0.108072,0.624808,-0.010085,-0.010085
SportsMOT,V043,27,S_c,2074,3,2057,0,0.126690,0.000000,0.126690,,,0.418225,0.485330,-0.883580
SportsMOT,V043,27,S_r,2070,7,2066,0,0.720925,0.612020,0.108905,0.793650,0.121891,0.759816,0.211172,-0.437756
SportsMOT,V043,27,S_h,2054,9,2051,0,0.135690,0.071361,0.064328,,,0.079756,0.120216,-0.571798
SportsMOT,V043,27,S_r,2063,18,2046,0,0.756890,0.561799,0.195091,-0.752863,0.015992,0.497122,-0.531417,-0.531417
SportsMOT,V043,28,S_r,2060,6,2052,0,0.764219,0.694016,0.070202,0.651607,0.103287,0.598781,0.121877,-0.221435
SportsMOT,V043,28,S_h,2032,8,2060,0,0.481489,0.289410,0.192079,,,0.599905,-0.121877,-0.121877
SportsMOT,V043,28,S_c,2076,11,2070,0,0.548279,0.474111,0.074168,,,0.868552,0.356006,-0.416603
SportsMOT,V043,28,S_h,2052,18,2046,0,0.531339,0.486944,0.044396,,,0.525321,-0.590040,-0.590040
SportsMOT,V043,31,S_r,2074,5,2032,0,0.845030,0.502037,0.342994,0.407430,0.014258,0.697296,-0.270334,-0.270334
SportsMOT,V043,31,S_r,2076,7,2070,0,0.910040,0.524913,0.385127,0.957623,0.058525,0.687500,-0.456150,-0.665539
SportsMOT,V043,31,S_r,2060,18,2052,0,0.882195,0.447799,0.434396,0.965944,0.034149,0.546657,-0.700928,-0.700928
SportsMOT,V043,32,S_r,2032,6,2060,0,0.880171,0.653733,0.226438,0.980190,0.093293,0.529152,-0.376694,-0.376694
SportsMOT,V043,32,S_r,2061,8,2032,0,0.534925,0.384669,0.150256,,0.128013,0.561400,-0.376694,-0.376694
SportsMOT,V043,35,S_c,2078,3,2074,0,0.659517,0.605973,0.053544,,,0.840966,0.273443,-0.395029
SportsMOT,V043,35,S_c,2079,11,2076,0,0.695363,0.178270,0.517093,,,0.805116,0.143893,-1.114954
SportsMOT,V043,35,S_h,2042,12,2033,0,0.523913,0.264818,0.259094,,,0.244978,-0.882013,-0.882013
SportsMOT,V043,36,S_r,2071,5,2074,0,0.772944,0.499382,0.273562,0.985877,0.151750,0.593193,0.089638,-0.686075
SportsMOT,V043,36,S_r,2079,7,2076,0,0.903220,0.637131,0.266089,,0.007770,0.553912,-0.178836,-0.441297
SportsMOT,V043,36,S_h,2063,9,2054,0,0.452532,0.416050,0.036482,,,0.542739,0.251368,-0.492437
SportsMOT,V043,36,S_r,2074,11,2076,0,0.911127,0.525096,0.386031,0.894170,0.049561,0.515221,-0.654392,-0.654392
SportsMOT,V043,36,S_h,2033,12,2033,0,0.287850,0.000000,0.287850,,,0.204524,-0.251368,-0.743805
SportsMOT,V043,37,S_h,2076,7,2076,0,0.717567,0.368235,0.349332,,,0.491373,-0.036617,-1.060586
SportsMOT,V043,37,S_c,2080,17,2040,0,0.517021,0.362641,0.154380,,,0.763519,0.343572,-0.678820
SportsMOT,V043,39,S_r,2071,2,2048,0,0.738194,0.400924,0.337270,0.999527,0.109899,0.462166,-0.647485,-0.647485
SportsMOT,V043,39,S_r,2048,13,2071,0,0.837223,0.527008,0.310215,0.946400,0.143059,0.738994,-0.647485,-0.647485
SportsMOT,V043,40,S_r,2060,6,2032,0,0.759363,0.553573,0.205790,0.992781,0.140552,0.699486,0.218720,0.218720
SportsMOT,V043,40,S_h,2042,12,2033,0,0.572024,0.316580,0.255443,,,0.331836,-0.927595,-0.927595
SportsMOT,V043,40,S_h,2052,18,2060,0,0.674426,0.435081,0.239345,,,0.652713,0.281535,-0.844007
SportsMOT,V043,44,S_c,2082,2,2071,0,0.532413,0.413156,0.119257,,,0.710881,0.478446,-0.596926
SportsMOT,V043,44,S_c,2083,4,2063,0,0.358658,0.228513,0.130146,,,0.662993,0.747940,-0.627269
SportsMOT,V043,45,S_h,2046,6,2060,0,0.783329,0.403001,0.380327,,,0.691268,-0.424252,-0.424252
SportsMOT,V043,45,S_h,2032,8,2061,0,0.733049,0.500244,0.232806,,,0.720288,-0.469980,-0.469980
SportsMOT,V043,46,S_h,2054,9,2063,0,0.724392,0.145793,0.578598,,,0.198819,-1.221917,-1.221917
SportsMOT,V043,46,S_h,2033,18,2052,0,0.875606,0.338368,0.537238,,,0.802632,-0.588978,-0.588978
SportsMOT,V043,48,S_h,2061,11,2074,0,0.881288,0.216977,0.664311,,,0.315732,-0.491225,-1.401319
SportsMOT,V043,49,S_h,2060,8,2032,0,0.732664,0.552687,0.179977,,,0.673729,-0.644980,-0.644980
SportsMOT,V043,50,S_h,2052,8,2032,0,0.963088,0.559947,0.403141,,,0.658815,-0.773434,-0.773434
SportsMOT,V043,51,S_h,2032,11,2061,0,0.776817,0.163748,0.613069,,,0.301233,-0.451217,-1.465425
SportsMOT,V043,53,S_h,2063,12,2042,0,0.760044,0.470425,0.289618,,,0.572776,-0.601955,-0.601955
SportsMOT,V043,56,S_h,2061,4,2083,0,0.765313,0.363607,0.401706,,,0.659443,-1.005024,-1.005024
SportsMOT,V043,64,S_r,2078,2,2082,0,0.882372,0.421463,0.460910,-0.624695,0.016350,0.677184,-0.981557,-0.981557
SportsMOT,V043,64,S_r,2082,3,2078,0,0.954130,0.433482,0.520647,0.922475,0.016741,0.504979,-0.981557,-0.981557
SportsMOT,V043,66,S_r,2080,12,2063,0,0.845312,0.356019,0.489293,0.747125,0.039454,0.522042,-0.846144,-0.846144
SportsMOT,V043,66,S_r,2063,17,2080,0,0.837652,0.480801,0.356851,-0.701287,0.028451,0.626822,-0.846144,-0.846144
SportsMOT,V043,88,S_r,2085,0,2036,0,0.811565,0.000000,0.811565,,0.023377,0.000000,-0.811565,-1.744006
SportsMOT,V043,142,S_c,2086,16,2038,0,0.147230,0.096832,0.050399,,,0.424676,0.752559,-0.968035
SportsMOT,V043,143,S_c,2087,14,2067,0,0.000000,0.000000,0.000000,,,0.000000,0.368721,-0.950262
SportsMOT,V043,145,S_c,2088,15,2069,0,0.000000,0.000000,0.000000,,,0.000000,0.627746,-0.552210
SportsMOT,V043,146,S_h,2038,12,2080,0,0.336489,0.197414,0.139075,,,0.212550,0.053384,-0.636625
SportsMOT,V043,147,S_c,2089,16,2086,0,0.276232,0.088976,0.187256,,,0.517088,0.593957,-0.957788
SportsMOT,V043,151,S_h,2086,12,2038,0,0.151076,0.125720,0.025356,,,0.357094,0.307549,0.059602
SportsMOT,V043,160,S_c,2092,20,2090,0,0.000000,0.000000,0.000000,,,0.000000,0.583662,-0.596882
SportsMOT,V043,162,S_c,2094,20,2090,0,0.040773,0.000000,0.040773,,,0.090838,0.746161,-0.863820
SportsMOT,V043,176,S_r,2063,9,2054,0,0.540621,0.537796,0.002825,-0.633602,0.133574,0.153149,-0.145362,-0.145362
SportsMOT,V043,177,S_h,2080,12,2086,0,0.771873,0.019319,0.752555,,,0.283405,-0.721750,-1.293518
SportsMOT,V043,177,S_c,2095,17,2063,0,0.126066,0.095262,0.030805,,,0.430999,0.721750,-0.571769
SportsMOT,V043,179,S_h,2054,4,2061,0,0.752363,0.376189,0.376175,,,0.653846,-0.906306,-0.906306
SportsMOT,V043,182,S_c,2096,4,2054,0,0.379545,0.000000,0.379545,,,0.683784,0.549745,-1.314151
SportsMOT,V043,182,S_c,2097,12,2080,0,0.156021,0.046479,0.109541,,,0.257820,0.783382,-0.972577
SportsMOT,V043,186,S_h,2061,6,2046,0,0.394618,0.226019,0.168599,,,0.267392,-0.715259,-0.715259
SportsMOT,V043,186,S_h,2086,16,2089,0,0.362121,0.199991,0.162129,,,0.206880,-0.122068,-0.782373
SportsMOT,V043,188,S_h,2054,8,2052,0,0.686783,0.000000,0.686783,,,0.000000,-1.632293,-1.632293
SportsMOT,V043,189,S_h,2052,8,2052,0,0.732897,0.000000,0.732897,,,0.000000,-1.725863,-1.725863
SportsMOT,V043,191,S_h,2046,8,2052,0,0.360286,0.000000,0.360286,,,0.000000,-0.969470,-0.969470
SportsMOT,V043,192,S_c,2098,16,2086,0,0.000000,0.000000,0.000000,,,0.000000,0.923994,-0.881443
SportsMOT,V043,204,S_c,2099,13,2048,0,0.000000,0.000000,0.000000,,,0.000000,0.984877,-0.974214
SportsMOT,V043,207,S_c,2100,13,2099,0,0.000000,0.000000,0.000000,,,0.000000,0.750095,-0.862597
SportsMOT,V043,271,S_r,2033,9,2063,0,0.595105,0.160799,0.434305,-0.886706,0.050000,0.245434,-0.883843,-0.883843
SportsMOT,V043,271,S_r,2063,17,2095,0,0.516595,0.241133,0.275461,0.080880,0.288095,0.233832,-0.114662,-0.275461
SportsMOT,V043,272,S_c,2101,18,2033,0,0.023809,0.000000,0.023809,,,0.243645,0.515095,-0.949632
SportsMOT,V043,276,S_r,2101,9,2033,0,0.811436,0.225517,0.585919,0.999996,0.015799,0.220198,-0.868563,-0.868563
SportsMOT,V043,277,S_c,2103,2,2078,0,0.000000,0.000000,0.000000,,,0.000000,0.548428,-0.950993
SportsMOT,V043,277,S_c,2102,18,2101,0,0.159812,0.011712,0.148099,,,0.437084,0.260196,-0.810773
SportsMOT,V043,278,S_r,2102,9,2101,0,0.817585,0.606493,0.211092,,0.044503,0.168640,-0.225535,-0.225535
SportsMOT,V043,279,S_c,2104,18,2101,0,0.210780,0.015830,0.194950,,,0.596139,0.182402,-0.956360
SportsMOT,V043,281,S_r,2104,17,2063,0,0.390384,0.359663,0.030722,-0.077904,0.289160,0.000000,-0.030722,-0.030722
SportsMOT,V043,282,S_c,2105,18,2104,0,0.000000,0.000000,0.000000,,,0.081211,0.311929,-0.809183
SportsMOT,V043,287,S_c,2107,9,2102,0,0.757263,0.158350,0.598913,,,0.756925,-0.069822,-1.156746
SportsMOT,V043,302,S_c,2108,11,2032,0,0.000000,0.000000,0.000000,,,0.000000,0.783771,-0.916154
SportsMOT,V043,323,S_c,2109,20,2094,0,0.000000,0.000000,0.000000,,,0.000000,0.945350,-0.840185
SportsMOT,V043,328,S_c,2110,15,2088,0,0.000000,0.000000,0.000000,,,0.000000,0.818814,-0.920727
SportsMOT,V043,332,S_c,2111,15,2110,0,0.000000,0.000000,0.000000,,,0.000000,0.788054,-0.870550
SportsMOT,V043,337,S_c,2112,14,2087,0,0.000000,0.000000,0.000000,,,0.000000,0.922974,-0.745119
SportsMOT,V043,407,S_c,2114,3,2082,0,0.000000,0.000000,0.000000,,,0.000000,0.921001,-0.969612
SportsMOT,V043,431,S_r,2098,6,2061,0,0.554556,0.237419,0.317137,0.935185,0.126053,0.000000,-0.317137,-0.317137
SportsMOT,V043,431,S_r,2076,17,2104,0,0.586989,0.283843,0.303146,0.317160,0.210599,0.000000,-0.303146,-0.303146
SportsMOT,V043,431,S_r,2046,18,2105,0,0.704417,0.186304,0.518113,0.914907,0.088852,0.000000,-0.518113,-0.518113
SportsMOT,V043,432,S_c,2115,4,2096,0,0.000000,0.000000,0.000000,,,0.000000,0.806991,-0.880450
SportsMOT,V043,432,S_c,2117,7,2076,0,0.101268,0.000000,0.101268,,,0.322097,0.549603,-0.981718
SportsMOT,V043,432,S_c,2120,14,2112,0,0.000000,0.000000,0.000000,,,0.000000,0.806991,-0.880450
SportsMOT,V043,435,S_c,2129,8,2046,0,0.378951,0.000000,0.378951,,,0.296846,0.167020,-0.985347
SportsMOT,V043,435,S_c,2128,9,2107,0,0.000000,0.000000,0.000000,,,0.000000,0.603175,-0.490760
SportsMOT,V043,435,S_c,2127,16,2098,0,0.657879,0.002699,0.655180,,,0.675281,-0.253036,-1.145940
SportsMOT,V043,436,S_h,2105,4,2115,0,0.142095,0.000000,0.142095,,,0.000000,-0.142095,-0.543636
SportsMOT,V043,436,S_r,2129,18,2046,0,0.571779,0.167887,0.403892,,0.103328,0.000000,-0.403892,-0.403892
SportsMOT,V043,437,S_c,2132,6,2098,0,0.000000,0.000000,0.000000,,,0.000000,0.593744,-0.772239
SportsMOT,V043,437,S_h,2061,8,2046,0,0.000000,0.000000,0.000000,,,0.153300,0.593744,-0.772239
SportsMOT,V043,437,S_c,2130,9,2107,0,0.000000,0.000000,0.000000,,,0.000000,0.593744,-0.772239
SportsMOT,V043,440,S_c,2134,16,2098,0,0.513779,0.108924,0.404855,,,0.833518,0.184064,-0.996721
SportsMOT,V043,441,S_h,2127,8,2061,0,0.255743,0.000000,0.255743,,,0.364381,0.560745,-0.569132
SportsMOT,V043,441,S_r,2061,18,2129,0,0.816487,0.248253,0.568234,0.490426,0.071669,0.345412,-0.312491,-0.568234
SportsMOT,V043,449,S_h,2107,12,2097,0,0.785059,0.084430,0.700629,,,0.233260,-1.341477,-1.341477
SportsMOT,V043,450,S_h,2097,10,2034,0,0.638743,0.162082,0.476661,,,0.288728,-1.359909,-1.359909
SportsMOT,V043,451,S_h,2128,12,2107,0,0.507324,0.431157,0.076167,,,0.317706,0.402707,-0.076167
SportsMOT,V043,455,S_h,2134,18,2061,0,0.736263,0.015798,0.720465,,,0.052458,-1.474379,-1.474379
SportsMOT,V043,457,S_h,2115,4,2105,0,0.720081,0.034285,0.685795,,,0.064562,-1.545572,-1.545572
SportsMOT,V043,473,S_h,2107,10,2097,0,0.714474,0.000000,0.714474,,,0.000000,-0.714474,-1.626232
SportsMOT,V043,499,S_c,2136,8,2127,0,0.000000,0.000000,0.000000,,,0.000000,0.970684,-0.983310
SportsMOT,V043,508,S_c,2137,0,2085,0,0.000000,0.000000,0.000000,,,0.000000,0.934245,-0.951316
SportsMOT,V043,513,S_c,2138,16,2098,0,0.162922,0.000000,0.162922,,,0.349448,0.736099,-1.137809
SportsMOT,V043,522,S_c,2139,19,2084,0,0.000000,0.000000,0.000000,,,0.000000,0.926517,-0.866624
SportsMOT,V043,546,S_r,2140,6,2132,0,0.645285,0.000000,0.645285,,0.036473,0.000000,-1.411331,-1.411331
SportsMOT,V043,565,S_c,2141,11,2108,0,0.000000,0.000000,0.000000,,,0.000000,0.922534,-0.913660
SportsMOT,V043,609,S_c,2142,5,2071,0,0.000000,0.000000,0.000000,,,0.000000,0.891203,-0.963838
SportsMOT,V043,612,S_c,2143,5,2142,0,0.000000,0.000000,0.000000,,,0.000000,0.943424,-0.881644
SportsMOT,V043,623,S_r,2142,18,2134,0,0.691758,0.000000,0.691758,,0.032950,0.000000,-1.609568,-1.609568
SportsMOT,V043,632,S_c,2144,3,2114,0,0.000000,0.000000,0.000000,,,0.000000,0.958177,-0.879036
SportsMOT,V043,648,S_c,2145,19,2139,0,0.000000,0.000000,0.000000,,,0.000000,0.965123,-0.950139
SportsMOT,V043,673,S_c,2146,14,2120,0,0.000000,0.000000,0.000000,,,0.000000,0.977926,-0.966949
SportsMOT,V043,687,S_c,2147,2,2103,0,0.000000,0.000000,0.000000,,,0.000000,0.756679,-0.872611
SportsMOT,V043,722,S_c,2148,5,2143,0,0.000000,0.000000,0.000000,,,0.000000,0.926155,-0.941987
SportsMOT,V043,751,S_r,2138,8,2136,0,0.559539,0.181979,0.377560,0.988410,0.177061,0.449095,-0.480749,-0.480749
SportsMOT,V043,751,S_r,2136,16,2138,0,0.674189,0.571000,0.103189,0.810224,0.125770,0.536082,-0.480749,-0.480749
SportsMOT,V043,752,S_c,2150,18,2142,0,0.000000,0.000000,0.000000,,,0.000000,0.938059,-0.949888
SportsMOT,V043,754,S_c,2152,1,2031,0,0.000000,0.000000,0.000000,,,0.000000,0.663387,-0.970555
SportsMOT,V043,756,S_r,2150,3,2144,0,0.422554,0.000000,0.422554,-0.937753,0.083222,0.000000,-0.422554,-0.836500
SportsMOT,V043,757,S_c,2154,1,2152,0,0.000000,0.000000,0.000000,,,0.000000,0.389930,-0.801302
SportsMOT,V043,757,S_c,2153,18,2150,0,0.000000,0.000000,0.000000,,,0.000000,0.389930,-0.801302
SportsMOT,V043,766,S_r,2153,3,2150,0,0.832499,0.298036,0.534464,0.814178,0.054790,0.000000,-0.534464,-0.534464
SportsMOT,V043,767,S_c,2156,18,2153,0,0.284421,0.000000,0.284421,,,0.675862,0.460616,-1.097865
SportsMOT,V043,767,S_c,2155,19,2145,0,0.000000,0.000000,0.000000,,,0.000000,0.745037,-0.813443
SportsMOT,V043,771,S_r,2156,3,2153,0,0.709202,0.494431,0.214771,0.999919,0.131631,0.033161,-0.214771,-0.214771
SportsMOT,V043,772,S_c,2157,18,2156,0,0.444811,0.125925,0.318886,,,0.917548,0.413732,-1.174171
SportsMOT,V043,773,S_c,2158,13,2100,0,0.000000,0.000000,0.000000,,,0.000000,0.622303,-0.898179
SportsMOT,V043,792,S_c,2159,15,2111,0,0.000000,0.000000,0.000000,,,0.000000,0.979827,-0.982432
SportsMOT,V043,802,S_h,2153,3,2156,0,0.655816,0.000000,0.655816,,,0.000000,-0.655816,-1.599502
SportsMOT,V043,853,S_c,2161,12,2128,0,0.328669,0.000000,0.328669,,,0.743387,0.578531,-1.253539
SportsMOT,V043,859,S_r,2115,12,2161,0,0.946872,0.330992,0.615880,0.916068,0.044002,0.420207,-1.045390,-1.045390
SportsMOT,V043,861,S_r,2161,12,2161,0,0.588573,0.488278,0.100295,0.972268,0.162415,0.775160,0.320546,0.320546
SportsMOT,V043,867,S_r,2140,16,2136,0,0.913011,0.842224,0.070787,0.805801,0.098160,0.775488,-0.149904,-0.149904
SportsMOT,V043,870,S_c,2162,6,2140,0,0.435239,0.133789,0.301451,,,0.888158,0.292505,-1.006349
SportsMOT,V043,871,S_r,2138,6,2140,0,0.738065,0.474435,0.263630,0.957476,0.081944,0.501025,-0.477866,-0.477866
SportsMOT,V043,871,S_r,2162,8,2138,0,0.665395,0.451159,0.214236,,0.063613,0.861716,-0.477866,-0.477866
SportsMOT,V044,40,S_c,2173,14,2172,0,0.000000,0.000000,0.000000,,,0.000000,0.741717,-0.834339
SportsMOT,V044,44,S_r,2166,0,2165,0,0.959139,0.460209,0.498929,0.960176,0.042364,0.018814,-0.517564,-0.517564
SportsMOT,V044,45,S_c,2175,3,2174,0,0.000000,0.000000,0.000000,,,0.000000,0.882826,-0.825355
SportsMOT,V044,45,S_c,2176,10,2166,0,0.277077,0.000000,0.277077,,,0.638703,0.548278,-1.159903
SportsMOT,V044,49,S_r,2176,0,2166,0,0.799349,0.389048,0.410301,0.155783,0.004615,0.000000,-0.410301,-0.448641
SportsMOT,V044,50,S_c,2177,10,2176,0,0.019824,0.004136,0.015688,,,0.247253,0.668920,-0.867035
SportsMOT,V044,69,S_h,2166,10,2177,0,0.636363,0.567486,0.068877,,,0.710040,0.312622,0.312622
SportsMOT,V044,113,S_c,2183,14,2173,0,0.235436,0.000000,0.235436,,,0.242169,0.433405,-1.149820
SportsMOT,V044,115,S_c,2184,4,2182,0,0.000000,0.000000,0.000000,,,0.000000,0.788069,-0.855840
SportsMOT,V044,115,S_c,2185,14,2173,0,0.035986,0.000000,0.035986,,,0.009741,0.778889,-0.891826
SportsMOT,V044,125,S_c,2188,16,2186,0,0.000000,0.000000,0.000000,,,0.000000,0.795099,-0.766972
SportsMOT,V044,160,S_c,2191,6,2190,0,0.000000,0.000000,0.000000,,,0.000000,0.830161,-0.971026
SportsMOT,V044,173,S_c,2196,17,2192,0,0.000000,0.000000,0.000000,,,0.000000,0.606230,-0.970312
SportsMOT,V044,178,S_c,2201,17,2192,0,0.000000,0.000000,0.000000,,,0.061267,0.664311,-0.888502
SportsMOT,V044,182,S_c,2205,17,2192,0,0.115916,0.000000,0.115916,,,0.226156,0.809740,-1.052575
SportsMOT,V044,185,S_c,2208,17,2205,0,0.057472,0.000000,0.057472,,,0.091901,0.789074,-1.005402
SportsMOT,V044,208,S_c,2210,2,2167,0,0.000000,0.000000,0.000000,,,0.000000,0.894514,-0.791352
SportsMOT,V044,368,S_c,2211,9,2209,0,0.000000,0.000000,0.000000,,,0.000000,0.928666,-0.977799
SportsMOT,V044,388,S_c,2212,19,2207,0,0.000000,0.000000,0.000000,,,0.000000,0.851504,-0.938487
SportsMOT,V044,447,S_c,2213,15,2178,0,0.000000,0.000000,0.000000,,,0.000000,0.960265,-0.953836
SportsMOT,V045,5,S_c,2235,8,2232,0,0.000000,0.000000,0.000000,,,0.000000,0.679958,-0.701751
SportsMOT,V045,5,S_c,2236,10,2233,0,0.093917,0.092555,0.001362,,,0.168256,0.653793,-0.611265
SportsMOT,V045,15,S_r,2235,9,2231,0,0.846726,0.301660,0.545066,0.905030,0.112100,0.398499,-1.215731,-1.215731
SportsMOT,V045,18,S_h,2231,8,2235,0,0.390413,0.263506,0.126908,,,0.649951,0.366381,-0.654713
SportsMOT,V045,30,S_h,2232,9,2235,0,0.794933,0.337408,0.457525,,,0.616783,-1.026638,-1.026638
SportsMOT,V045,60,S_r,2226,9,2232,0,0.624025,0.327018,0.297007,0.588416,0.038854,0.000000,-0.297007,-0.297007
SportsMOT,V045,60,S_r,2227,17,2229,0,0.381567,0.170116,0.211451,0.036585,0.274828,0.000000,-0.211451,-0.211451
SportsMOT,V045,61,S_c,2241,11,2226,0,0.029193,0.000000,0.029193,,,0.234548,0.633578,-0.965242
SportsMOT,V045,61,S_c,2242,14,2219,0,0.000000,0.000000,0.000000,,,0.000000,0.936050,-0.870225
SportsMOT,V045,61,S_c,2240,16,2227,0,0.000000,0.000000,0.000000,,,0.089698,0.936050,-0.870225
SportsMOT,V045,61,S_c,2239,19,2224,0,0.000000,0.000000,0.000000,,,0.000000,0.936050,-0.870225
SportsMOT,V045,67,S_c,2244,20,2223,0,0.000000,0.000000,0.000000,,,0.000000,0.722527,-0.913872
SportsMOT,V045,71,S_c,2249,17,2227,0,0.027905,0.000000,0.027905,,,0.243872,0.623684,-0.846469
SportsMOT,V045,110,S_r,2249,16,2240,0,0.652688,0.365547,0.287140,0.845886,0.075901,0.000000,-0.287140,-0.287140
SportsMOT,V045,111,S_c,2250,17,2249,0,0.153154,0.000000,0.153154,,,0.421053,0.631651,-1.065513
SportsMOT,V045,115,S_r,2250,16,2249,0,0.719402,0.308298,0.411103,0.984951,0.122488,0.000000,-0.411103,-0.411103
SportsMOT,V045,116,S_c,2251,17,2250,0,0.200656,0.000000,0.200656,,,0.455478,0.613331,-1.126577
SportsMOT,V045,120,S_r,2251,16,2250,0,0.615557,0.233232,0.382325,0.936721,0.140794,0.000000,-0.382325,-0.382325
SportsMOT,V045,121,S_c,2252,17,2251,0,0.121370,0.000000,0.121370,,,0.338778,0.635878,-0.930578
SportsMOT,V045,125,S_r,2252,16,2251,0,0.676644,0.293834,0.382810,0.820113,0.152359,0.000000,-0.382810,-0.382810
SportsMOT,V045,126,S_c,2253,0,2234,0,0.000000,0.000000,0.000000,,,0.000000,0.811096,-0.842702
SportsMOT,V045,127,S_c,2255,17,2252,0,0.214080,0.000000,0.214080,,,0.534845,0.667990,-0.882703
SportsMOT,V045,130,S_r,2255,16,2252,0,0.519215,0.352431,0.166783,0.611985,0.198880,0.000000,-0.166783,-0.166783
SportsMOT,V045,131,S_c,2256,17,2255,0,0.164769,0.000000,0.164769,,,0.457905,0.475649,-0.954847
SportsMOT,V045,143,S_c,2264,16,2255,0,0.181933,0.000000,0.181933,,,0.364364,0.734069,-1.140075
SportsMOT,V045,146,S_c,2265,16,2264,0,0.000000,0.000000,0.000000,,,0.000000,0.808209,-0.977428
SportsMOT,V045,151,S_c,2267,16,2265,0,0.000000,0.000000,0.000000,,,0.000000,0.838006,-0.956307
SportsMOT,V045,154,S_r,2222,8,2231,0,0.847542,0.574923,0.272619,0.871498,0.047640,0.804484,-0.636371,-0.636371
SportsMOT,V045,157,S_r,2231,6,2222,0,0.931030,0.199572,0.731458,0.992867,0.044781,0.352100,-1.311774,-1.311774
SportsMOT,V045,160,S_r,2222,10,2236,0,0.602360,0.523433,0.078927,-0.970744,0.066868,0.157652,0.138844,-0.078927
SportsMOT,V045,161,S_h,2252,17,2256,0,0.563142,0.000000,0.563142,,,0.000000,-1.117140,-1.117140
SportsMOT,V045,164,S_c,2268,17,2252,0,0.000000,0.000000,0.000000,,,0.000000,0.955989,-0.894172
SportsMOT,V045,165,S_r,2231,10,2222,0,0.493123,0.245819,0.247303,-0.734315,0.029690,0.000000,-0.247303,-0.247303
SportsMOT,V045,166,S_c,2271,6,2231,0,0.035880,0.000000,0.035880,,,0.299346,0.568697,-0.817471
SportsMOT,V045,166,S_c,2272,8,2222,0,0.367315,0.000000,0.367315,,,0.743169,0.237262,-1.148906
SportsMOT,V045,166,S_c,2270,14,2242,0,0.000000,0.000000,0.000000,,,0.000000,0.781591,-0.846152
SportsMOT,V045,166,S_c,2269,17,2252,0,0.000000,0.000000,0.000000,,,0.000000,0.781591,-0.846152
SportsMOT,V045,169,S_c,2273,16,2267,0,0.000000,0.000000,0.000000,,,0.000000,0.892688,-0.931201
SportsMOT,V045,171,S_c,2274,2,2225,0,0.000000,0.000000,0.000000,,,0.000000,0.615323,-0.653192
SportsMOT,V045,171,S_c,2275,12,2220,0,0.000000,0.000000,0.000000,,,0.000000,0.615323,-0.653192
SportsMOT,V045,171,S_c,2276,16,2267,0,0.000000,0.000000,0.000000,,,0.000000,0.615323,-0.653192
SportsMOT,V045,171,S_c,2277,17,2269,0,0.000000,0.000000,0.000000,,,0.000000,0.615323,-0.653192
SportsMOT,V045,176,S_c,2278,19,2239,0,0.000000,0.000000,0.000000,,,0.000000,0.684886,-0.720275
SportsMOT,V045,178,S_h,2269,17,2277,0,0.660114,0.000000,0.660114,,,0.000000,-0.660114,-1.408896
SportsMOT,V045,179,S_c,2279,0,2253,0,0.000000,0.000000,0.000000,,,0.000000,0.724748,-0.963926
SportsMOT,V045,187,S_c,2280,1,2221,0,0.000000,0.000000,0.000000,,,0.000000,0.773823,-0.898846
SportsMOT,V045,192,S_c,2281,15,2218,0,0.000000,0.000000,0.000000,,,0.000000,0.843759,-0.894961
SportsMOT,V045,194,S_c,2282,20,2244,0,0.068912,0.000000,0.068912,,,0.124933,0.713547,-1.025600
SportsMOT,V045,225,S_c,2283,18,2214,0,0.000000,0.000000,0.000000,,,0.000000,0.909575,-0.952176
SportsMOT,V046,4,S_r,2293,7,2290,0,0.902451,0.634647,0.267804,,0.024211,0.681564,-0.204685,-0.204685
SportsMOT,V046,89,S_r,2290,5,2288,0,0.910451,0.532923,0.377528,0.975999,0.032041,0.737828,-0.716680,-0.716680
SportsMOT,V046,92,S_r,2288,8,2290,0,0.883159,0.611573,0.271586,0.272153,0.010839,0.788943,-0.711634,-0.711634
SportsMOT,V046,103,S_r,2288,7,2293,0,0.902564,0.592759,0.309805,0.066946,0.009373,0.809775,-0.627175,-0.627175
SportsMOT,V046,107,S_c,2296,2,2287,0,0.343881,0.204494,0.139387,,,0.610659,0.313405,-0.660603
SportsMOT,V046,111,S_c,2297,4,2291,0,0.270146,0.268414,0.001732,,,0.550398,0.292250,-0.784322
SportsMOT,V046,111,S_c,2298,8,2288,0,0.577499,0.390037,0.187461,,,0.777202,0.412753,-0.835368
SportsMOT,V046,545,S_r,2288,3,2289,0,0.898091,0.492109,0.405982,0.897487,0.046994,0.913174,-0.838633,-0.838633
SportsMOT,V046,545,S_r,2289,7,2288,0,0.951287,0.518636,0.432651,0.989067,0.009546,0.496364,-0.838633,-0.838633
SportsMOT,V046,872,S_c,2299,9,2294,0,0.000000,0.000000,0.000000,,,0.000000,0.857199,-0.838322
SportsMOT,V046,883,S_c,2300,4,2297,0,0.000000,0.000000,0.000000,,,0.000000,0.916066,-0.942670
SportsMOT,V046,885,S_c,2301,8,2298,0,0.059329,0.000000,0.059329,,,0.075616,0.680740,-0.930025
SportsMOT,V046,1002,S_c,2302,6,2292,0,0.000000,0.000000,0.000000,,,0.000000,0.902940,-0.878583
SportsMOT,V047,714,S_c,2313,4,2312,0,0.000000,0.000000,0.000000,,,0.000000,0.947973,-0.945971
SportsMOT,V047,888,S_c,2318,6,2310,0,0.000000,0.000000,0.000000,,,0.000000,0.902059,-0.970538
SportsMOT,V047,908,S_c,2319,8,2308,0,0.000000,0.000000,0.000000,,,0.000000,0.879584,-0.935823
SportsMOT,V047,922,S_c,2320,9,2303,0,0.000000,0.000000,0.000000,,,0.000000,0.936551,-0.966769
SportsMOT,V047,926,S_c,2321,7,2306,0,0.000000,0.000000,0.000000,,,0.000000,0.633358,-0.962640
SportsMOT,V047,1009,S_c,2322,5,2311,0,0.000000,0.000000,0.000000,,,0.000000,0.977332,-0.960565
SportsMOT,V047,1101,S_r,2318,3,2304,0,0.528910,0.257242,0.271668,0.353356,0.271540,0.000000,-0.222773,-0.271668
SportsMOT,V047,1102,S_c,2325,1,2305,0,0.539262,0.000000,0.539262,,,0.784708,0.335435,-1.386147
SportsMOT,V047,1102,S_c,2323,8,2319,0,0.011872,0.000000,0.011872,,,0.123288,0.862825,-0.858757
SportsMOT,V047,1107,S_c,2331,3,2318,0,0.000000,0.000000,0.000000,,,0.000000,0.894172,-0.828761
SportsMOT,V047,1109,S_c,2337,8,2323,0,0.191754,0.000000,0.191754,,,0.373676,0.720761,-1.149491
SportsMOT,V047,1112,S_c,2346,2,2307,0,0.348034,0.000000,0.348034,,,0.403279,0.371396,-1.148672
SportsMOT,V047,1112,S_c,2345,6,2318,0,0.135805,0.022808,0.112997,,,0.079681,0.499438,-0.832428
SportsMOT,V047,1112,S_c,2344,8,2337,0,0.250756,0.012099,0.238657,,,0.367601,0.480773,-0.954885
SportsMOT,V047,1117,S_h,2323,1,2325,0,0.616287,0.148068,0.468219,,,0.324648,-0.988989,-0.988989
SportsMOT,V047,1118,S_h,2325,2,2346,0,0.752563,0.147645,0.604918,,,0.256858,-0.765048,-1.314014
SportsMOT,V047,1118,S_h,2337,8,2344,0,0.780602,0.230986,0.549617,,,0.410073,-1.054828,-1.054828
SportsMOT,V047,1120,S_h,2307,1,2323,0,0.590146,0.225993,0.364153,,,0.365050,-0.176705,-0.906173
SportsMOT,V047,1120,S_r,2323,2,2325,0,0.469752,0.348908,0.120843,0.895763,0.184225,0.376656,-0.633844,-0.633844
SportsMOT,V047,1122,S_r,2307,2,2323,0,0.468827,0.465288,0.003540,0.993667,0.163056,0.223140,0.238962,0.238962
SportsMOT,V047,1123,S_c,2347,1,2307,0,0.253705,0.023894,0.229811,,,0.397098,0.742821,-1.221902
SportsMOT,V048,59,S_r,2351,0,2349,0,0.971631,0.445938,0.525693,0.998529,0.068777,0.850574,-0.933405,-0.933405
SportsMOT,V048,59,S_r,2349,1,2351,0,0.910100,0.502387,0.407713,0.786000,0.040804,0.547628,-0.933405,-0.933405
SportsMOT,V048,216,S_r,2349,0,2351,0,0.946460,0.507142,0.439318,0.994793,0.038827,0.610750,-0.860615,-0.860615
SportsMOT,V048,216,S_r,2351,1,2349,0,0.954998,0.533700,0.421297,0.989838,0.025875,0.767035,-0.860615,-0.860615
SportsMOT,V048,332,S_r,2353,7,2350,0,0.883967,0.309261,0.574706,0.040300,0.020850,0.385366,-1.194851,-1.194851
SportsMOT,V048,334,S_h,2350,2,2353,0,0.551752,0.206351,0.345401,,,0.938723,0.177761,-0.861681
SportsMOT,V048,349,S_c,2360,5,2352,0,0.247792,0.239600,0.008192,,,0.504368,0.269198,-0.291003
SportsMOT,V048,389,S_c,2361,4,2355,0,0.000000,0.000000,0.000000,,,0.000000,0.929093,-0.868379
SportsMOT,V048,402,S_c,2362,6,2354,0,0.000000,0.000000,0.000000,,,0.000000,0.951578,-0.953570
SportsMOT,V048,404,S_c,2363,8,2358,0,0.006144,0.000000,0.006144,,,0.008329,0.908385,-0.846129
SportsMOT,V048,554,S_r,2350,0,2349,0,0.872512,0.714970,0.157541,0.910850,0.067091,0.574499,0.024192,0.024192
SportsMOT,V048,578,S_h,2349,2,2350,0,0.639331,0.477999,0.161332,,,0.891345,0.321956,-0.708881
SportsMOT,V049,52,S_c,2374,4,2369,0,0.000000,0.000000,0.000000,,,0.000000,0.874231,-0.827415
SportsMOT,V049,54,S_c,2375,9,2373,0,0.288922,0.000000,0.288922,,,0.525572,0.664001,-1.266598
SportsMOT,V049,115,S_r,2372,1,2367,0,0.930373,0.432805,0.497568,0.992594,0.061704,0.425215,-0.976407,-0.976407
SportsMOT,V049,115,S_r,2367,8,2372,0,0.874679,0.395840,0.478838,0.999996,0.105286,0.850682,-0.976407,-0.976407
SportsMOT,V049,236,S_c,2377,8,2367,0,0.467166,0.185569,0.281597,,,0.893617,0.215422,-0.821609
SportsMOT,V049,237,S_r,2377,7,2371,0,0.682852,0.661387,0.021465,,0.054411,0.354643,0.168860,0.168860
SportsMOT,V049,238,S_h,2371,8,2367,0,0.363664,0.124569,0.239095,,,0.699387,0.458924,-1.129733
SportsMOT,V049,288,S_c,2379,0,2370,0,0.000000,0.000000,0.000000,,,0.000000,0.883909,-0.840805
SportsMOT,V049,288,S_c,2380,3,2364,0,0.000000,0.000000,0.000000,,,0.000000,0.883909,-0.840805
SportsMOT,V049,304,S_c,2381,5,2366,0,0.000000,0.000000,0.000000,,,0.000000,0.881945,-0.920968
SportsMOT,V049,445,S_r,2377,1,2372,0,0.833667,0.413367,0.420300,0.444335,0.039162,0.618326,-0.911432,-0.911432
SportsMOT,V049,445,S_r,2372,7,2377,0,0.914553,0.423421,0.491132,0.993593,0.052415,0.510689,-0.911432,-0.911432
SportsMOT,V049,584,S_r,2372,2,2368,0,0.823077,0.456234,0.366843,0.888414,0.058779,0.573590,-0.764549,-0.764549
SportsMOT,V049,584,S_r,2368,7,2372,0,0.897366,0.499661,0.397705,0.695611,0.014343,0.593842,-0.764549,-0.764549
SportsMOT,V049,706,S_c,2382,0,2379,0,0.000000,0.000000,0.000000,,,0.000000,0.936569,-0.917682
SportsMOT,V050,462,S_r,2390,2,2384,0,0.949805,0.448528,0.501277,0.755375,0.003834,0.625483,-0.988898,-0.988898
SportsMOT,V050,462,S_r,2384,8,2390,0,0.964164,0.476543,0.487621,0.992947,0.005047,0.642434,-0.988898,-0.988898
SportsMOT,V050,574,S_r,2384,2,2390,0,0.965546,0.413441,0.552105,0.986534,0.010604,0.594065,-1.103476,-1.103476
SportsMOT,V050,574,S_r,2390,8,2384,0,0.951809,0.400438,0.551371,0.999122,0.030700,0.560327,-1.103476,-1.103476
SportsMOT,V050,875,S_c,2393,2,2384,0,0.706586,0.012123,0.694463,,,0.784197,0.247952,-1.645377
SportsMOT,V051,387,S_c,2404,0,2398,0,0.640033,0.415273,0.224760,,,1.000000,-0.180665,-0.466433
SportsMOT,V051,389,S_h,2398,2,2396,0,0.848314,0.381504,0.466809,,,0.531668,-0.870500,-0.870500
SportsMOT,V051,404,S_r,2402,2,2398,0,0.903574,0.389025,0.514549,0.952465,0.030183,0.480626,-1.008747,-1.008747
SportsMOT,V051,404,S_r,2398,7,2402,0,0.910895,0.416696,0.494198,0.721880,0.036682,0.653844,-1.008747,-1.008747
SportsMOT,V051,459,S_c,2405,1,2401,0,0.000000,0.000000,0.000000,,,0.000000,0.937234,-0.954342
SportsMOT,V051,465,S_c,2406,5,2403,0,0.103780,0.000000,0.103780,,,0.227642,0.834232,-1.086864
SportsMOT,V051,475,S_c,2407,8,2394,0,0.000000,0.000000,0.000000,,,0.000000,0.867793,-0.911929
SportsMOT,V051,492,S_r,2408,9,2397,0,0.492068,0.000000,0.492068,,0.087540,0.000000,-1.395413,-1.395413
SportsMOT,V051,712,S_r,2399,0,2404,0,0.657925,0.000000,0.657925,0.433076,0.051399,0.000000,-1.615874,-1.615874
SportsMOT,V051,714,S_r,2400,5,2406,0,0.875084,0.591678,0.283407,0.190860,0.031630,0.849879,-0.533107,-0.533107
SportsMOT,V051,714,S_r,2406,6,2400,0,0.698249,0.448548,0.249700,,0.101515,0.515688,-0.533107,-0.533107
SportsMOT,V052,16,S_r,2409,2,2413,0,0.251434,0.000000,0.251434,-0.000038,0.155715,0.000000,-0.935635,-0.935635
SportsMOT,V052,16,S_r,2411,4,2412,0,0.684201,0.161781,0.522419,0.812715,0.117700,0.276744,-1.335692,-1.335692
SportsMOT,V052,16,S_r,2412,5,2410,0,0.880614,0.206630,0.673984,0.940951,0.129066,0.260517,-0.512203,-0.512203
SportsMOT,V052,16,S_r,2415,7,2416,0,0.439742,0.118567,0.321175,0.216948,0.183519,0.000000,-0.321175,-0.321175
SportsMOT,V052,17,S_c,2420,6,2415,0,0.034856,0.000000,0.034856,,,0.156823,0.548380,-0.662118
SportsMOT,V052,17,S_c,2418,8,2417,0,0.000000,0.000000,0.000000,,,0.000000,0.583236,-0.627262
SportsMOT,V052,18,S_c,2423,4,2411,0,0.540607,0.046908,0.493698,,,0.419162,-0.603859,-0.603859
SportsMOT,V052,18,S_r,2411,5,2412,0,0.566328,0.456168,0.110160,0.603132,0.066850,0.337168,-0.603859,-0.603859
SportsMOT,V052,19,S_c,2426,4,2411,0,0.200412,0.000000,0.200412,,,0.319226,0.223565,0.223565
SportsMOT,V052,19,S_r,2423,5,2412,0,0.844328,0.420351,0.423977,,0.051564,0.303871,-0.223565,-0.423977
SportsMOT,V052,20,S_c,2428,4,2411,0,0.240835,0.000000,0.240835,,,0.401863,0.598697,-1.193409
SportsMOT,V052,20,S_r,2426,5,2412,0,0.839532,0.197538,0.641994,,0.051381,0.342721,-0.401159,-0.401159
SportsMOT,V052,20,S_h,2417,9,2425,0,0.152336,0.000000,0.152336,,,0.000000,-0.152336,-0.991868
SportsMOT,V052,21,S_c,2429,2,2409,0,0.037159,0.000000,0.037159,,,0.000000,-0.037159,-0.037159
SportsMOT,V052,21,S_r,2428,5,2412,0,0.370523,0.000000,0.370523,,0.137943,0.000000,-0.370523,-0.370523
SportsMOT,V052,21,S_h,2410,6,2420,0,0.205754,0.000000,0.205754,,,0.000000,-0.746269,-0.746269
SportsMOT,V052,22,S_c,2437,1,2414,0,0.000000,0.000000,0.000000,,,0.000000,0.000000,-0.654941
SportsMOT,V052,22,S_c,2435,4,2411,0,0.136912,0.000000,0.136912,,,0.367251,0.601658,-0.791853
SportsMOT,V052,22,S_c,2433,9,2425,0,0.000000,0.000000,0.000000,,,0.000000,0.000000,-0.654941
SportsMOT,V052,23,S_c,2440,4,2411,0,0.370370,0.237974,0.132396,,,0.555808,-0.108263,-0.108263
SportsMOT,V052,23,S_r,2435,5,2428,0,0.823797,0.799664,0.024133,,0.056537,0.477304,0.108263,0.108263
SportsMOT,V052,23,S_h,2423,6,2410,0,0.516755,0.000000,0.516755,,,0.000000,-0.516755,-1.224507
SportsMOT,V052,24,S_c,2443,4,2411,0,0.396510,0.053935,0.342575,,,0.572934,0.113970,0.113970
SportsMOT,V052,24,S_r,2440,5,2428,0,0.829544,0.372999,0.456545,,0.057701,0.492522,-0.113970,-0.113970
SportsMOT,V052,24,S_h,2426,6,2410,0,0.132776,0.000000,0.132776,,,0.000000,-1.045674,-1.045674
SportsMOT,V052,25,S_c,2446,4,2411,0,0.386752,0.043015,0.343737,,,0.575243,0.122102,0.122102
SportsMOT,V052,25,S_r,2443,5,2428,0,0.838403,0.372564,0.465839,,0.050518,0.466539,-0.122102,-0.122102
SportsMOT,V052,25,S_h,2412,6,2410,0,0.238396,0.000000,0.238396,,,0.000000,-0.238396,-1.139692
SportsMOT,V052,26,S_c,2449,4,2411,0,0.178812,0.000000,0.178812,,,0.577823,0.370919,-0.771080
SportsMOT,V052,26,S_r,2446,5,2428,0,0.549731,0.167859,0.381871,,0.100414,0.505423,-0.203059,-0.203059
SportsMOT,V052,26,S_h,2411,6,2410,0,0.000000,0.000000,0.000000,,,0.000000,0.549731,-0.592268
SportsMOT,V052,27,S_c,2451,0,2409,0,0.000000,0.000000,0.000000,,,0.000000,0.826179,-0.689806
SportsMOT,V052,27,S_c,2450,2,2409,0,0.000000,0.000000,0.000000,,,0.000000,0.826179,-0.689806
SportsMOT,V052,27,S_c,2452,4,2411,0,0.367570,0.189763,0.177806,,,0.595071,0.017729,0.017729
SportsMOT,V052,27,S_r,2449,5,2428,0,0.826179,0.630643,0.195536,,0.057525,0.472146,-0.017729,-0.017729
SportsMOT,V052,28,S_c,2453,3,2411,0,0.072086,0.000000,0.072086,,,0.132271,0.705714,-0.834461
SportsMOT,V052,28,S_r,2452,5,2428,0,0.777800,0.437134,0.340667,,0.064526,0.101869,-0.268581,-0.268581
SportsMOT,V052,29,S_r,2453,4,2411,0,0.574401,0.055946,0.518455,,0.218441,0.498253,-0.797034,-0.797034
SportsMOT,V052,30,S_c,2455,3,2411,0,0.050851,0.014523,0.036328,,,0.323615,-0.419379,-0.419379
SportsMOT,V052,31,S_h,2413,3,2411,0,0.088630,0.000000,0.088630,,,0.184414,0.660306,-0.814614
SportsMOT,V052,31,S_r,2455,5,2452,0,0.748935,0.371495,0.377441,,0.099572,0.140248,-0.288811,-0.377441
SportsMOT,V052,32,S_h,2429,4,2453,0,0.350694,0.196472,0.154222,,,0.612950,0.305349,-0.458682
SportsMOT,V052,44,S_h,2428,3,2413,0,0.760123,0.226349,0.533773,,,0.390163,-1.386272,-1.386272
SportsMOT,V052,48,S_h,2452,3,2428,0,0.709441,0.234071,0.475370,,,0.378440,-1.318990,-1.318990
SportsMOT,V052,92,S_c,2457,1,2437,0,0.000000,0.000000,0.000000,,,0.000000,0.913733,-0.937936
SportsMOT,V052,111,S_c,2458,0,2451,0,0.000000,0.000000,0.000000,,,0.000000,0.907240,-0.792048
SportsMOT,V052,120,S_c,2459,5,2455,0,0.537500,0.000000,0.537500,,,0.783198,0.362835,-1.478151
SportsMOT,V052,128,S_r,2459,4,2429,0,0.612266,0.379176,0.233090,0.966008,0.146684,0.777711,-0.412319,-0.412319
SportsMOT,V052,128,S_r,2429,5,2459,0,0.835032,0.655803,0.179229,0.965152,0.110739,0.486787,-0.412319,-0.412319
SportsMOT,V052,131,S_r,2459,5,2429,0,0.919045,0.458094,0.460951,0.986074,0.135908,0.000000,-0.460951,-0.460951
SportsMOT,V052,137,S_c,2461,5,2459,0,0.770008,0.000000,0.770008,,,0.871216,0.007232,-1.634136
SportsMOT,V052,142,S_r,2461,4,2459,0,0.725709,0.501593,0.224116,0.877867,0.017758,0.685568,-0.832411,-0.832411
SportsMOT,V052,142,S_r,2429,5,2461,0,0.965856,0.357562,0.608295,,0.002881,0.636813,-0.832411,-0.832411
SportsMOT,V052,145,S_h,2460,5,2429,0,0.608035,0.248573,0.359462,,,0.506375,-0.827016,-0.827016
SportsMOT,V052,236,S_r,2411,7,2415,0,0.545389,0.355766,0.189623,-0.165215,0.103871,0.353870,0.032590,0.032590
SportsMOT,V052,237,S_c,2463,6,2411,0,0.437149,0.022803,0.414346,,,0.670858,0.527457,-1.316023
SportsMOT,V052,241,S_h,2415,5,2460,0,0.516080,0.004110,0.511970,,,0.772534,0.201215,-1.136220
SportsMOT,V052,252,S_c,2465,4,2461,0,0.624274,0.023091,0.601183,,,0.948136,0.276965,-1.527518
SportsMOT,V052,252,S_h,2461,7,2411,0,0.855892,0.112111,0.743781,,,0.269757,-1.540856,-1.540856
SportsMOT,V052,283,S_c,2466,6,2463,0,0.458540,0.181160,0.277380,,,0.639827,0.252023,-0.794611
SportsMOT,V052,286,S_r,2418,6,2466,0,0.818174,0.377094,0.441080,0.796189,0.066399,0.507976,-1.065224,-1.065224
SportsMOT,V052,286,S_r,2466,8,2418,0,0.922534,0.298390,0.624144,0.962492,0.073649,0.549231,-1.065224,-1.065224
SportsMOT,V052,376,S_r,2465,5,2415,0,0.642779,0.416084,0.226694,0.889824,0.116027,0.000000,-0.226694,-0.226694
SportsMOT,V052,376,S_r,2466,7,2461,0,0.572122,0.565945,0.006177,0.155828,0.128401,0.357440,0.038569,0.038569
SportsMOT,V052,377,S_c,2468,4,2465,0,0.370764,0.000000,0.370764,,,0.608895,0.481291,-1.109898
SportsMOT,V052,377,S_c,2467,8,2466,0,0.154759,0.079937,0.074821,,,0.376807,0.511760,-0.763444
SportsMOT,V052,387,S_h,2461,7,2466,0,0.808063,0.114845,0.693218,,,0.258496,-1.470887,-1.470887
SportsMOT,V052,389,S_h,2415,5,2465,0,0.830184,0.134139,0.696045,,,0.228830,-1.394757,-1.394757
SportsMOT,V052,391,S_h,2465,4,2468,0,0.691503,0.424647,0.266856,,,0.499192,-0.916425,-0.916425
SportsMOT,V052,399,S_c,2469,10,2417,0,0.000000,0.000000,0.000000,,,0.000000,0.940707,-0.918038
SportsMOT,V052,436,S_r,2470,5,2415,0,0.605995,0.499016,0.106979,0.002655,0.045776,0.751836,-0.364022,-0.364022
SportsMOT,V052,462,S_r,2467,6,2418,0,0.748226,0.615902,0.132324,0.352082,0.033490,0.655490,-0.366706,-0.366706
SportsMOT,V052,462,S_r,2418,8,2467,0,0.849376,0.614994,0.234382,0.993038,0.055256,0.834259,-0.366706,-0.366706
SportsMOT,V052,509,S_r,2457,0,2458,0,0.889098,0.773459,0.115639,0.613750,0.032406,0.324464,-0.134777,-0.134777
SportsMOT,V052,513,S_r,2458,0,2457,0,0.957866,0.465223,0.492643,0.983115,0.044149,0.441125,-0.768572,-0.768572
SportsMOT,V052,526,S_r,2470,4,2465,0,0.422615,0.226992,0.195623,0.236211,0.326079,0.000000,-0.195623,-0.212644
SportsMOT,V052,531,S_h,2452,5,2470,0,0.041653,0.000000,0.041653,,,0.050392,0.631063,-0.577757
SportsMOT,V052,532,S_c,2483,3,2452,0,0.000000,0.000000,0.000000,,,0.000000,0.732387,-0.700808
SportsMOT,V052,532,S_c,2482,4,2470,0,0.163939,0.000000,0.163939,,,0.141366,0.352500,-0.864747
SportsMOT,V053,43,S_r,2484,3,2489,0,0.495840,0.067176,0.428664,0.604673,0.102375,0.000000,-0.428664,-0.428664
SportsMOT,V053,43,S_h,2490,6,2485,0,0.150803,0.000000,0.150803,,,0.000000,-0.551263,-0.551263
SportsMOT,V053,44,S_c,2497,1,2486,0,0.000000,0.000000,0.000000,,,0.000000,0.587313,-0.215205
SportsMOT,V053,46,S_h,2489,6,2490,0,0.543699,0.000000,0.543699,,,0.000000,-1.501524,-1.501524
SportsMOT,V053,48,S_c,2513,3,2484,0,0.200154,0.000000,0.200154,,,0.000000,-0.200154,-0.758365
SportsMOT,V053,49,S_c,2520,4,2490,0,0.056532,0.000000,0.056532,,,0.542858,0.364284,-0.677592
SportsMOT,V053,49,S_c,2522,6,2489,0,0.000000,0.000000,0.000000,,,0.000000,0.420815,-0.621061
SportsMOT,V053,49,S_c,2518,8,2500,0,0.000000,0.000000,0.000000,,,0.000000,0.420815,-0.621061
SportsMOT,V053,49,S_c,2519,9,2512,0,0.000000,0.000000,0.000000,,,0.000000,0.420815,-0.621061
SportsMOT,V053,50,S_r,2520,3,2513,0,0.649136,0.635665,0.013471,,0.090426,0.498078,-0.051724,-0.051724
SportsMOT,V053,50,S_c,2526,4,2490,0,0.255503,0.217250,0.038253,,,0.607310,-0.051724,-0.051724
SportsMOT,V053,50,S_h,2486,5,2484,0,0.000000,0.000000,0.000000,,,0.054006,0.352141,-0.741837
SportsMOT,V053,51,S_r,2526,3,2513,0,0.669856,0.415545,0.254311,,0.082477,0.000000,-0.254311,-0.254311
SportsMOT,V053,53,S_r,2486,4,2490,0,0.587549,0.000000,0.587549,0.930516,0.096887,0.000000,-1.223151,-1.223151
SportsMOT,V053,53,S_h,2513,6,2522,0,0.330389,0.000000,0.330389,,,0.000000,-0.965991,-0.965991
SportsMOT,V053,54,S_c,2539,2,2488,0,0.000000,0.000000,0.000000,,,0.000000,0.590932,-0.663973
SportsMOT,V053,55,S_c,2543,3,2526,0,0.314600,0.000000,0.314600,,,0.471500,0.642309,-1.156463
SportsMOT,V053,56,S_c,2545,5,2486,0,0.059983,0.000000,0.059983,,,0.132052,0.901471,-0.989900
SportsMOT,V053,58,S_r,2486,3,2543,0,0.762265,0.363821,0.398444,0.883779,0.106427,0.452837,0.004315,-0.398444
SportsMOT,V053,58,S_r,2545,4,2486,0,0.460204,0.402760,0.057444,0.371213,0.043078,0.535533,-0.730372,-0.730372
SportsMOT,V053,59,S_c,2546,5,2545,0,0.000000,0.000000,0.000000,,,0.125088,0.642026,-0.697959
SportsMOT,V053,61,S_h,2522,6,2513,0,0.794036,0.000000,0.794036,,,0.000000,-0.794036,-1.567625
SportsMOT,V053,65,S_h,2543,3,2486,0,0.712119,0.000000,0.712119,,,0.059133,-0.531546,-1.644382
SportsMOT,V053,66,S_r,2529,9,2519,0,0.650245,0.561837,0.088408,0.597608,0.117693,0.101881,-0.136956,-0.136956
SportsMOT,V053,67,S_h,2486,5,2546,0,0.747969,0.449399,0.298570,,,0.667208,-0.331887,-0.331887
SportsMOT,V053,67,S_c,2547,10,2529,0,0.245165,0.161687,0.083478,,,0.656250,0.620528,-1.014410
SportsMOT,V053,70,S_h,2484,3,2543,0,0.789416,0.000000,0.789416,,,0.022822,-0.781492,-1.774624
SportsMOT,V053,72,S_r,2486,4,2545,0,0.954779,0.495884,0.458895,0.896806,0.010129,0.299381,-0.669231,-0.669231
SportsMOT,V053,72,S_h,2543,5,2486,0,0.455289,0.363263,0.092026,,,0.616564,0.300861,-0.821975
SportsMOT,V053,89,S_c,2548,2,2539,0,0.000000,0.000000,0.000000,,,0.000000,0.956901,-0.907149
SportsMOT,V053,95,S_c,2549,0,2487,0,0.000000,0.000000,0.000000,,,0.000000,0.931398,-0.854333
SportsMOT,V053,97,S_c,2550,1,2497,0,0.120926,0.000000,0.120926,,,0.183156,0.571703,-1.068704
SportsMOT,V053,98,S_h,2546,0,2487,0,0.218978,0.051468,0.167510,,,0.328414,-0.419654,-0.419654
SportsMOT,V053,101,S_h,2545,0,2546,0,0.652107,0.234249,0.417857,,,0.373491,-1.061088,-1.061088
SportsMOT,V053,104,S_c,2551,0,2545,0,0.228709,0.000000,0.228709,,,0.320823,0.550111,-1.110990
SportsMOT,V053,113,S_r,2543,3,2484,0,0.935410,0.442975,0.492434,0.966818,0.065939,0.543490,-0.837669,-0.837669
SportsMOT,V053,113,S_r,2484,5,2543,0,0.855152,0.509917,0.345235,0.983193,0.059000,0.853883,-0.837669,-0.837669
SportsMOT,V053,130,S_c,2553,3,2543,0,0.435577,0.000000,0.435577,,,0.667769,0.509584,-1.339216
SportsMOT,V053,232,S_r,2484,3,2553,0,0.916219,0.519343,0.396876,,0.018244,0.660181,-0.805111,-0.805111
SportsMOT,V053,232,S_r,2553,5,2484,0,0.845527,0.301955,0.543572,0.934658,0.039006,0.732011,-1.162064,-1.162064
SportsMOT,V054,40,S_r,2562,3,2560,0,0.703464,0.315863,0.387601,0.828624,0.051880,0.214886,-0.152317,-0.387601
SportsMOT,V054,40,S_r,2559,4,2562,0,0.476544,0.235284,0.241260,0.163049,0.041795,0.280612,-0.241260,-0.944724
SportsMOT,V054,41,S_c,2565,2,2559,0,0.000000,0.000000,0.000000,,,0.091922,0.685755,-0.862839
SportsMOT,V054,43,S_r,2559,3,2562,0,0.551569,0.483403,0.068166,0.610338,0.031347,0.365365,-0.566436,-0.566436
SportsMOT,V054,43,S_h,2565,4,2559,0,0.573528,0.075258,0.498270,,,0.437340,-0.566436,-0.566436
SportsMOT,V054,44,S_r,2565,3,2562,0,0.841225,0.370526,0.470699,,0.020442,0.221000,-0.313895,-0.470699
SportsMOT,V054,44,S_c,2567,4,2559,0,0.156804,0.000000,0.156804,,,0.285714,0.684421,-0.997997
SportsMOT,V054,45,S_c,2569,3,2562,0,0.186774,0.000000,0.186774,,,0.000000,-0.186774,-0.234901
SportsMOT,V054,45,S_h,2562,6,2557,0,0.048127,0.046142,0.001985,,,0.000000,-0.001985,-0.001985
SportsMOT,V054,46,S_c,2571,0,2558,0,0.000000,0.000000,0.000000,,,0.000000,0.217302,-0.591964
SportsMOT,V054,46,S_c,2574,3,2562,0,0.217302,0.000000,0.217302,,,0.305594,-0.217302,-0.809267
SportsMOT,V054,46,S_c,2575,4,2559,0,0.000000,0.000000,0.000000,,,0.351598,0.217302,-0.591964
SportsMOT,V054,46,S_h,2565,6,2557,0,0.061254,0.000000,0.061254,,,0.000000,-0.061254,-0.278556
SportsMOT,V054,47,S_r,2575,3,2562,0,0.851003,0.198433,0.652570,,0.025392,0.275474,-0.508532,-0.508532
SportsMOT,V054,47,S_c,2580,4,2559,0,0.144038,0.000000,0.144038,,,0.344743,0.706965,-0.174567
SportsMOT,V054,47,S_h,2567,6,2557,0,0.030530,0.000000,0.030530,,,0.000000,-0.174567,-0.881532
SportsMOT,V054,48,S_r,2580,3,2562,0,0.855960,0.204405,0.651555,,0.022575,0.260941,-0.522247,-0.522247
SportsMOT,V054,48,S_c,2586,4,2559,0,0.129308,0.000000,0.129308,,,0.309227,0.726652,-0.160048
SportsMOT,V054,48,S_h,2569,6,2557,0,0.030740,0.000000,0.030740,,,0.000000,-0.160048,-0.886700
SportsMOT,V054,49,S_c,2587,1,2556,0,0.000000,0.000000,0.000000,,,0.000000,0.862880,-0.052125
SportsMOT,V054,49,S_r,2586,3,2562,0,0.862880,0.204453,0.658427,,0.019951,0.264492,-0.508057,-0.658427
SportsMOT,V054,49,S_c,2591,4,2559,0,0.150370,0.000000,0.150370,,,0.305970,0.712510,-0.202496
SportsMOT,V054,49,S_h,2574,6,2557,0,0.052125,0.000000,0.052125,,,0.000000,-0.052125,-0.915005
SportsMOT,V054,50,S_c,2595,3,2562,0,0.230038,0.000000,0.230038,,,0.000000,-0.230038,-0.230038
SportsMOT,V054,50,S_h,2580,6,2557,0,0.040191,0.000000,0.040191,,,0.000000,-0.040191,-0.040191
SportsMOT,V054,50,S_h,2560,7,2564,0,0.334429,0.000000,0.334429,,,0.000000,-0.334429,-0.334429
SportsMOT,V054,51,S_c,2596,1,2556,0,0.000000,0.000000,0.000000,,,0.000000,0.465849,-0.195445
SportsMOT,V054,51,S_c,2602,4,2559,0,0.000000,0.000000,0.000000,,,0.117048,0.465849,-0.195445
SportsMOT,V054,51,S_h,2586,6,2557,0,0.195445,0.000000,0.195445,,,0.000000,-0.195445,-0.661294
SportsMOT,V054,51,S_c,2597,8,2581,0,0.000000,0.000000,0.000000,,,0.000000,0.465849,-0.195445
SportsMOT,V054,52,S_h,2556,2,2559,0,0.000000,0.000000,0.000000,,,0.094604,0.486750,-0.772192
SportsMOT,V054,52,S_h,2564,7,2560,0,0.764996,0.000000,0.764996,,,0.000000,-1.537188,-1.537188
SportsMOT,V054,53,S_c,2606,5,2561,0,0.000000,0.000000,0.000000,,,0.000000,0.422891,-0.809888
SportsMOT,V054,53,S_h,2591,6,2586,0,0.578218,0.000000,0.578218,,,0.000000,-0.578218,-1.388106
SportsMOT,V054,56,S_c,2607,5,2606,0,0.000000,0.000000,0.000000,,,0.000000,0.646237,-0.770483
SportsMOT,V054,56,S_c,2608,6,2591,0,0.000000,0.000000,0.000000,,,0.000000,0.646237,-0.770483
SportsMOT,V054,57,S_h,2575,7,2564,0,0.664984,0.000000,0.664984,,,0.000000,-1.625505,-1.625505
SportsMOT,V054,59,S_h,2587,2,2556,0,0.823055,0.402654,0.420400,,,0.461422,-0.999675,-0.999675
SportsMOT,V054,60,S_h,2556,2,2556,0,0.587694,0.273264,0.314429,,,0.443310,-0.678233,-0.678233
SportsMOT,V054,62,S_h,2558,1,2596,0,0.769396,0.069228,0.700168,,,0.090579,-1.480154,-1.480154
SportsMOT,V054,65,S_h,2581,8,2597,0,0.820928,0.000000,0.820928,,,0.000000,-0.820928,-1.785457
SportsMOT,V054,67,S_h,2606,5,2607,0,0.780340,0.062971,0.717368,,,0.286394,-1.607958,-1.607958
SportsMOT,V054,68,S_h,2564,4,2602,0,0.609566,0.395122,0.214444,,,0.507127,-0.967658,-0.967658
SportsMOT,V054,69,S_h,2587,4,2602,0,0.865998,0.370646,0.495352,,,0.519880,-1.085872,-1.085872
SportsMOT,V054,94,S_c,2609,0,2571,0,0.000000,0.000000,0.000000,,,0.000000,0.942116,-0.967628
SportsMOT,V054,135,S_r,2608,9,2599,0,0.685374,0.422650,0.262723,0.350738,0.085405,0.000000,-0.262723,-0.288558
SportsMOT,V054,136,S_c,2610,6,2608,0,0.189417,0.000000,0.189417,,,0.522125,0.497507,-1.124844
SportsMOT,V054,139,S_c,2614,5,2606,0,0.000000,0.000000,0.000000,,,0.000000,0.930915,-0.887539
SportsMOT,V054,140,S_r,2575,3,2595,0,0.287552,0.147782,0.139771,0.191480,0.323860,0.191408,0.141205,-0.139771
SportsMOT,V054,140,S_r,2605,7,2575,0,0.500354,0.328898,0.171455,0.697553,0.331857,0.216136,-0.145749,-0.316507
SportsMOT,V054,140,S_r,2610,9,2608,0,0.768718,0.294689,0.474029,0.927398,0.197509,0.000000,-0.474029,-0.474029
SportsMOT,V054,140,S_h,2599,10,2579,0,0.188388,0.043337,0.145051,,,0.213775,-0.316507,-0.316507
SportsMOT,V054,141,S_c,2617,2,2556,0,0.000000,0.000000,0.000000,,,0.000000,0.870639,-0.359826
SportsMOT,V054,141,S_c,2615,5,2606,0,0.000000,0.000000,0.000000,,,0.000000,0.870639,-0.359826
SportsMOT,V054,141,S_c,2619,6,2610,0,0.299081,0.000000,0.299081,,,0.554142,0.571558,-0.658906
SportsMOT,V054,141,S_h,2608,8,2581,0,0.000000,0.000000,0.000000,,,0.000000,0.870639,-0.359826
SportsMOT,V054,142,S_h,2606,0,2609,0,0.000000,0.000000,0.000000,,,0.000000,0.726514,-0.836071
SportsMOT,V054,142,S_h,2581,11,2605,0,0.140129,0.134488,0.005641,,,0.422371,0.665928,-0.660897
SportsMOT,V054,143,S_c,2625,4,2587,0,0.748988,0.051702,0.697286,,,0.717466,0.069113,-1.590820
SportsMOT,V054,149,S_r,2625,3,2575,0,0.958188,0.480925,0.477264,-0.966235,0.001555,0.531581,-0.891179,-0.891179
SportsMOT,V054,149,S_r,2575,4,2625,0,0.831020,0.417105,0.413915,0.987316,0.031725,0.618026,-0.891179,-0.891179
SportsMOT,V054,155,S_h,2609,0,2606,0,0.806859,0.000000,0.806859,,,0.000000,-0.806859,-1.650605
SportsMOT,V054,209,S_c,2627,11,2581,0,0.000000,0.000000,0.000000,,,0.000000,0.940380,-0.933926
SportsMOT,V054,214,S_c,2628,8,2608,0,0.000000,0.000000,0.000000,,,0.000000,0.919827,-0.922719
SportsMOT,V054,217,S_c,2629,9,2610,0,0.000000,0.000000,0.000000,,,0.000000,0.878597,-0.947216
SportsMOT,V054,227,S_c,2630,6,2619,0,0.469799,0.307957,0.161842,,,0.721119,0.203039,-0.531902
SportsMOT,V054,275,S_c,2631,1,2558,0,0.000000,0.000000,0.000000,,,0.000000,0.956157,-0.910369
SportsMOT,V055,40,S_r,2633,1,2638,0,0.610206,0.316776,0.293430,0.488027,0.064867,0.000000,-0.293430,-0.293430
SportsMOT,V055,41,S_c,2640,0,2637,0,0.339345,0.000000,0.339345,,,0.633056,0.274015,-1.154254
SportsMOT,V055,42,S_c,2642,2,2633,0,0.059215,0.034730,0.024485,,,0.371789,0.168953,0.168953
SportsMOT,V055,43,S_r,2642,1,2633,0,0.793442,0.568987,0.224456,,0.045657,0.862275,-0.178727,-0.178727
SportsMOT,V055,44,S_c,2644,1,2633,0,0.556665,0.162011,0.394654,,,0.820074,0.318096,0.318096
SportsMOT,V055,45,S_h,2637,6,2636,0,0.064321,0.000000,0.064321,,,0.000000,-0.064321,-0.064321
SportsMOT,V055,46,S_c,2653,1,2633,0,0.000000,0.000000,0.000000,,,0.000000,0.749905,-0.219594
SportsMOT,V055,46,S_c,2650,5,2635,0,0.000000,0.000000,0.000000,,,0.000000,0.749905,-0.219594
SportsMOT,V055,47,S_c,2660,1,2633,0,0.214195,0.000000,0.214195,,,0.000000,-0.214195,-1.079365
SportsMOT,V055,47,S_h,2632,3,2634,0,0.000000,0.000000,0.000000,,,0.000000,0.214195,-0.865170
SportsMOT,V055,47,S_h,2633,6,2637,0,0.529665,0.000000,0.529665,,,0.000000,-0.529665,-1.394835
SportsMOT,V055,48,S_c,2665,1,2633,0,0.183315,0.000000,0.183315,,,0.000000,-0.183315,-0.512757
SportsMOT,V055,48,S_c,2668,8,2643,0,0.002877,0.000000,0.002877,,,0.141621,0.827870,-0.332319
SportsMOT,V055,48,S_c,2666,9,2643,0,0.206121,0.000000,0.206121,,,0.431761,0.624626,-0.535564
SportsMOT,V055,49,S_c,2670,1,2633,0,0.198693,0.000000,0.198693,,,0.000000,-0.198693,-1.106423
SportsMOT,V055,50,S_h,2635,4,2632,0,0.000000,0.000000,0.000000,,,0.000000,0.000000,-0.264623
SportsMOT,V055,50,S_h,2640,6,2633,0,0.264623,0.000000,0.264623,,,0.000000,-0.264623,-0.264623
SportsMOT,V055,50,S_r,2668,9,2666,0,0.263660,0.253794,0.009867,0.223243,0.325146,0.247369,-0.009867,-0.232865
SportsMOT,V055,51,S_c,2678,1,2633,0,0.000000,0.000000,0.000000,,,0.000000,0.532297,-0.743648
SportsMOT,V055,51,S_c,2677,8,2643,0,0.000000,0.000000,0.000000,,,0.018579,0.532297,-0.743648
SportsMOT,V055,52,S_c,2683,0,2640,0,0.319791,0.000000,0.319791,,,0.758157,0.242890,-1.240480
SportsMOT,V055,52,S_c,2682,2,2633,0,0.115216,0.000000,0.115216,,,0.441435,0.447465,-1.035905
SportsMOT,V055,52,S_c,2681,3,2632,0,0.000000,0.000000,0.000000,,,0.000000,0.562681,-0.920689
SportsMOT,V055,54,S_h,2644,7,2639,0,0.458149,0.000000,0.458149,,,0.000000,-1.376906,-1.376906
SportsMOT,V055,93,S_r,2684,5,2650,0,0.833225,0.259517,0.573708,,0.029889,0.503493,-1.322561,-1.322561
SportsMOT,V055,240,S_r,2644,8,2677,0,0.601134,0.404764,0.196369,0.411894,0.193471,0.000000,-0.196369,-0.219358
SportsMOT,V055,241,S_c,2686,7,2644,0,0.206561,0.000000,0.206561,,,0.372342,0.509869,-0.979893
SportsMOT,V056,25,S_r,2693,2,2691,0,0.364467,0.087385,0.277082,0.102967,0.167269,0.000000,-0.277082,-0.277082
SportsMOT,V056,25,S_r,2692,4,2689,0,0.492947,0.153423,0.339524,0.697590,0.055986,0.203474,-0.339524,-1.150826
SportsMOT,V056,25,S_r,2689,5,2687,0,0.811302,0.239238,0.572064,0.999014,0.098653,0.190337,-0.418641,-0.572064
SportsMOT,V056,26,S_c,2696,3,2692,0,0.000000,0.000000,0.000000,,,0.075145,0.699916,-0.769879
SportsMOT,V056,29,S_r,2700,10,2701,0,0.598569,0.388501,0.210067,,0.156177,0.075289,-0.164413,-0.210067
SportsMOT,V056,30,S_r,2696,4,2692,0,0.578346,0.265950,0.312395,0.631787,0.118833,0.355195,-1.036003,-1.036003
SportsMOT,V056,30,S_r,2692,5,2689,0,0.809726,0.309573,0.500154,0.991866,0.128477,0.378095,-0.234203,-0.500154
SportsMOT,V056,31,S_c,2706,1,2693,0,0.000000,0.000000,0.000000,,,0.000000,0.845883,-0.768364
SportsMOT,V056,31,S_c,2705,3,2696,0,0.185565,0.000000,0.185565,,,0.339649,0.558745,-1.031448
SportsMOT,V056,31,S_c,2708,9,2700,0,0.356812,0.089958,0.266854,,,0.685087,0.564387,-0.808661
SportsMOT,V056,32,S_c,2709,2,2693,0,0.000000,0.000000,0.000000,,,0.000000,0.637046,-0.951689
SportsMOT,V056,36,S_c,2711,11,2701,0,0.000000,0.000000,0.000000,,,0.000000,0.667451,-0.669769
SportsMOT,V056,43,S_r,2692,4,2696,0,0.695764,0.622019,0.073745,0.526969,0.130395,0.721652,-0.497628,-0.497628
SportsMOT,V056,43,S_h,2689,5,2692,0,0.761545,0.337663,0.423882,,,0.575358,-0.497628,-0.497628
SportsMOT,V056,71,S_c,2712,0,2690,0,0.000000,0.000000,0.000000,,,0.000000,0.950134,-0.973253
SportsMOT,V056,76,S_c,2713,1,2706,0,0.103238,0.000000,0.103238,,,0.300689,0.843990,-1.029559
SportsMOT,V056,91,S_r,2694,6,2688,0,0.890557,0.382766,0.507791,0.997015,0.076051,0.536535,-1.063246,-1.063246
SportsMOT,V056,91,S_r,2688,7,2694,0,0.886549,0.331093,0.555455,0.581238,0.018946,0.520925,-1.063246,-1.063246
SportsMOT,V056,106,S_r,2689,4,2692,0,0.717491,0.047857,0.669634,0.816206,0.047969,0.549116,-0.570767,-1.570651
SportsMOT,V056,106,S_c,2714,5,2689,0,0.231277,0.132410,0.098868,,,0.468067,0.570767,-0.999885
SportsMOT,V056,220,S_r,2688,6,2694,0,0.741395,0.392285,0.349110,0.579753,0.073628,0.000000,-0.349110,-0.349110
SportsMOT,V056,221,S_c,2715,5,2714,0,0.424620,0.000000,0.424620,,,0.643590,0.462892,-1.261773
SportsMOT,V056,221,S_c,2717,7,2688,0,0.447395,0.000000,0.447395,,,0.581536,0.331220,-1.284549
SportsMOT,V056,221,S_r,2711,9,2708,0,0.680639,0.009839,0.670800,0.261958,0.064017,0.495221,-0.447685,-1.485187
SportsMOT,V056,221,S_c,2716,11,2711,0,0.223115,0.000000,0.223115,,,0.525816,0.447685,-1.037502
SportsMOT,V056,226,S_c,2720,2,2709,0,0.165166,0.000000,0.165166,,,0.403823,0.629129,-0.992879
SportsMOT,V056,226,S_c,2721,4,2689,0,0.100252,0.000000,0.100252,,,0.751981,0.654641,-0.877477
SportsMOT,V056,226,S_c,2718,5,2715,0,0.228702,0.000000,0.228702,,,0.630454,0.526191,-1.005927
SportsMOT,V056,226,S_c,2719,6,2688,0,0.704433,0.000000,0.704433,,,0.690238,0.066364,-1.567349
SportsMOT,V056,230,S_h,2715,5,2718,0,0.366609,0.283193,0.083416,,,0.534583,-0.375474,-0.375474
SportsMOT,V056,231,S_h,2689,5,2718,0,0.551578,0.318631,0.232947,,,0.532355,0.208555,-0.871773
SportsMOT,V056,231,S_h,2688,6,2719,0,0.467535,0.260393,0.207143,,,0.721785,-0.419376,-0.419376
SportsMOT,V056,231,S_r,2719,7,2717,0,0.798731,0.586498,0.212233,0.960978,0.065096,0.401817,-0.419376,-0.419376
SportsMOT,V056,232,S_h,2709,2,2720,0,0.739801,0.000000,0.739801,,,0.000000,-0.725930,-1.651138
SportsMOT,V056,233,S_h,2717,1,2713,0,0.689078,0.163822,0.525256,,,0.328269,-1.103865,-1.103865
SportsMOT,V056,233,S_h,2714,6,2688,0,0.609320,0.254866,0.354454,,,0.683805,-0.869278,-0.869278
SportsMOT,V056,235,S_h,2688,1,2717,0,0.295609,0.162343,0.133266,,,0.087448,-0.467463,-0.467463
SportsMOT,V056,235,S_h,2708,9,2711,0,0.584147,0.203236,0.380911,,,0.310983,-0.189260,-1.121223
SportsMOT,V056,236,S_h,2715,2,2709,0,0.000000,0.000000,0.000000,,,0.000000,0.839060,-0.870656
SportsMOT,V056,236,S_c,2723,5,2689,0,0.388423,0.335269,0.053154,,,0.632379,0.741360,-0.794734
SportsMOT,V056,237,S_h,2718,2,2709,0,0.768199,0.000000,0.768199,,,0.000000,-0.768199,-1.551689
SportsMOT,V057,12,S_r,2725,5,2727,0,0.557700,0.300816,0.256884,-0.072621,0.025996,0.000000,-0.199539,-0.256884
SportsMOT,V057,13,S_c,2731,4,2725,0,0.158035,0.044517,0.113518,,,0.354072,0.785365,-0.739911
SportsMOT,V057,17,S_r,2726,4,2731,0,0.702996,0.379920,0.323076,0.533403,0.155174,0.277614,-0.709315,-0.709315
SportsMOT,V057,17,S_r,2731,5,2725,0,0.522551,0.215388,0.307163,0.999341,0.042863,0.303000,0.072757,0.072757
SportsMOT,V057,18,S_c,2735,3,2726,0,0.302481,0.000000,0.302481,,,0.561988,0.403295,-0.758605
SportsMOT,V057,18,S_c,2733,6,2730,0,0.000000,0.000000,0.000000,,,0.000000,0.456124,-0.705776
SportsMOT,V057,18,S_c,2734,7,2732,0,0.000000,0.000000,0.000000,,,0.000000,0.456124,-0.705776
SportsMOT,V057,22,S_r,2726,5,2731,0,0.628692,0.392673,0.236019,0.975176,0.085285,0.325245,-0.484947,-0.484947
SportsMOT,V057,22,S_h,2730,7,2734,0,0.247458,0.000000,0.247458,,,0.000000,-0.247458,-0.787733
SportsMOT,V057,23,S_c,2740,8,2736,0,0.000000,0.000000,0.000000,,,0.000000,0.586887,-0.729054
SportsMOT,V057,23,S_c,2739,9,2732,0,0.000000,0.000000,0.000000,,,0.000000,0.586887,-0.729054
SportsMOT,V057,27,S_r,2735,5,2726,0,0.647663,0.218671,0.428992,0.611193,0.179925,0.000000,-0.428992,-0.428992
SportsMOT,V057,27,S_h,2734,9,2739,0,0.333771,0.000000,0.333771,,,0.000000,-0.333771,-0.871019
SportsMOT,V057,28,S_c,2750,3,2735,0,0.214578,0.000000,0.214578,,,0.434403,0.509458,-0.808278
SportsMOT,V057,28,S_c,2748,7,2730,0,0.000000,0.000000,0.000000,,,0.000000,0.506549,-0.801141
SportsMOT,V057,28,S_c,2749,10,2732,0,0.000000,0.000000,0.000000,,,0.013788,0.506549,-0.801141
SportsMOT,V057,28,S_h,2732,11,2743,0,0.000000,0.000000,0.000000,,,0.008112,0.506549,-0.801141
SportsMOT,V057,33,S_c,2756,4,2726,0,0.610686,0.326548,0.284138,,,0.708967,0.153381,-0.526425
SportsMOT,V057,34,S_r,2735,4,2726,0,0.607134,0.419340,0.187794,0.992449,0.202262,0.701578,-0.253740,-0.253740
SportsMOT,V057,34,S_r,2756,5,2735,0,0.801610,0.735664,0.065946,,0.040003,0.576359,-0.253740,-0.253740
SportsMOT,V057,41,S_h,2739,9,2734,0,0.753320,0.000000,0.753320,,,0.000000,-0.980364,-1.732757
SportsMOT,V057,44,S_h,2730,7,2748,0,0.671764,0.000000,0.671764,,,0.000000,-0.637094,-1.533507
SportsMOT,V057,46,S_r,2756,4,2735,0,0.523781,0.439929,0.083853,0.686280,0.106383,0.586592,0.031011,-0.676878
SportsMOT,V057,46,S_h,2726,5,2756,0,0.738133,0.145108,0.593025,,,0.416495,-0.676878,-0.676878
SportsMOT,V057,46,S_h,2725,6,2733,0,0.463974,0.000000,0.463974,,,0.000000,-0.428771,-1.202107
SportsMOT,V057,46,S_h,2734,7,2730,0,0.615162,0.035203,0.579959,,,0.000000,-0.579959,-1.043933
SportsMOT,V057,48,S_r,2726,4,2756,0,0.553635,0.478393,0.075242,0.762224,0.106984,0.596455,-0.063543,-0.063543
SportsMOT,V057,49,S_c,2757,5,2726,0,0.143402,0.066214,0.077188,,,0.296651,0.563051,-0.234091
SportsMOT,V057,51,S_h,2731,4,2726,0,0.630424,0.409609,0.220815,,,0.717122,-0.054393,-0.956177
SportsMOT,V057,63,S_c,2759,0,2728,0,0.000000,0.000000,0.000000,,,0.157979,0.897047,-0.927658
SportsMOT,V057,63,S_c,2758,2,2724,0,0.000000,0.000000,0.000000,,,0.114625,0.897047,-0.927658
SportsMOT,V057,70,S_c,2760,1,2729,0,0.000000,0.000000,0.000000,,,0.000000,0.937566,-0.914372
SportsMOT,V057,214,S_r,2732,6,2725,0,0.958205,0.458913,0.499293,0.958013,0.018300,0.537060,-1.021263,-1.021263
SportsMOT,V057,214,S_r,2725,11,2732,0,0.941213,0.419243,0.521970,0.998341,0.022222,0.701067,-1.021263,-1.021263
SportsMOT,V058,156,S_c,2781,2,2777,0,0.000000,0.000000,0.000000,,,0.000000,0.939756,-0.955495
SportsMOT,V058,162,S_c,2782,15,2764,0,0.000000,0.000000,0.000000,,,0.000000,0.805248,-0.948556
SportsMOT,V058,192,S_c,2783,1,2768,0,0.000000,0.000000,0.000000,,,0.000000,0.909499,-0.971783
SportsMOT,V058,202,S_c,2784,11,2769,0,0.000000,0.000000,0.000000,,,0.000000,0.958241,-0.960456
SportsMOT,V058,329,S_c,2786,11,2784,0,0.000000,0.000000,0.000000,,,0.000000,0.919268,-0.913113
SportsMOT,V058,371,S_c,2788,0,2767,0,0.000000,0.000000,0.000000,,,0.000000,0.836903,0.000000
SportsMOT,V058,372,S_c,2789,4,2778,0,0.000000,0.000000,0.000000,,,0.000000,0.336899,-0.789244
SportsMOT,V058,373,S_r,2783,15,2782,0,0.470977,0.448298,0.022679,-0.572064,0.106578,0.000000,-0.022679,-0.022679
SportsMOT,V058,375,S_c,2799,15,2783,0,0.334853,0.000000,0.334853,,,0.000000,-0.334853,-1.308332
SportsMOT,V058,377,S_h,2782,2,2781,0,0.601233,0.000000,0.601233,,,0.000000,-0.574413,-1.508048
SportsMOT,V058,377,S_h,2771,3,2765,0,0.000000,0.000000,0.000000,,,0.000000,0.408909,-0.906816
SportsMOT,V058,377,S_h,2778,14,2771,0,0.000000,0.000000,0.000000,,,0.000000,0.408909,-0.906816
SportsMOT,V058,377,S_c,2813,15,2799,0,0.408909,0.000000,0.408909,,,0.000000,-1.315725,-1.315725
SportsMOT,V058,378,S_h,2772,2,2781,0,0.065622,0.000000,0.065622,,,0.001583,0.003750,-0.065622
SportsMOT,V058,378,S_c,2818,15,2799,0,0.226865,0.000000,0.226865,,,0.000000,-0.226865,-0.226865
SportsMOT,V058,379,S_c,2827,15,2799,0,0.279239,0.000000,0.279239,,,0.000000,-0.279239,-0.381629
SportsMOT,V058,380,S_c,2837,15,2799,0,0.273146,0.000000,0.273146,,,0.000000,-1.197202,-1.197202
SportsMOT,V058,381,S_h,2813,2,2781,0,0.014938,0.000000,0.014938,,,0.039173,0.947125,-0.941124
SportsMOT,V058,381,S_h,2778,3,2765,0,0.000000,0.000000,0.000000,,,0.000000,0.260477,-0.926186
SportsMOT,V058,381,S_h,2780,4,2778,0,0.000000,0.000000,0.000000,,,0.000000,0.260477,-0.926186
SportsMOT,V058,381,S_c,2847,15,2799,0,0.260477,0.000180,0.260297,,,0.000000,-0.260297,-1.188317
SportsMOT,V058,382,S_h,2827,2,2781,0,0.052990,0.032683,0.020307,,,0.070694,-0.839632,-0.839632
SportsMOT,V058,382,S_c,2857,15,2799,0,0.276898,0.000084,0.276814,,,0.000000,-0.276814,-1.194152
SportsMOT,V058,383,S_h,2837,2,2781,0,0.154683,0.054743,0.099940,,,0.105395,-0.929464,-0.929464
SportsMOT,V058,383,S_h,2773,5,2780,0,0.000000,0.000000,0.000000,,,0.000000,0.317367,-0.901710
SportsMOT,V058,383,S_c,2868,15,2799,0,0.317367,0.000000,0.317367,,,0.000000,-0.317367,-1.219078
SportsMOT,V058,384,S_h,2847,2,2781,0,0.149204,0.068273,0.080931,,,0.124446,-0.885291,-0.885291
SportsMOT,V058,384,S_c,2876,15,2799,0,0.330097,0.000000,0.330097,,,0.000000,-0.527627,-0.527627
SportsMOT,V058,385,S_h,2857,2,2781,0,0.224014,0.086591,0.137423,,,0.152567,-0.915639,-0.915639
SportsMOT,V058,385,S_h,2782,5,2773,0,0.614347,0.000000,0.614347,,,0.000000,-0.614347,-1.072231
SportsMOT,V058,385,S_h,2813,7,2773,0,0.000000,0.000000,0.000000,,,0.000000,0.457884,-0.614347
SportsMOT,V058,385,S_c,2884,17,2772,0,0.112413,0.000000,0.112413,,,0.386565,0.345470,-0.726760
SportsMOT,V058,386,S_h,2868,2,2781,0,0.298282,0.113369,0.184913,,,0.178595,-0.936961,-0.936961
SportsMOT,V058,386,S_h,2827,7,2773,0,0.102291,0.000000,0.102291,,,0.000000,-1.022015,-1.022015
SportsMOT,V058,386,S_h,2780,14,2771,0,0.000000,0.000000,0.000000,,,0.000000,0.601582,-0.919724
SportsMOT,V058,387,S_h,2837,7,2773,0,0.235510,0.000000,0.235510,,,0.000000,-1.073558,-1.073558
SportsMOT,V058,387,S_c,2895,10,2762,0,0.000000,0.000000,0.000000,,,0.000000,-0.838048,-0.838048
SportsMOT,V058,388,S_h,2847,7,2773,0,0.255769,0.000000,0.255769,,,0.000000,-1.133143,-1.133143
SportsMOT,V058,389,S_c,2910,4,2778,0,0.000000,0.000000,0.000000,,,0.221632,0.942329,-0.912414
SportsMOT,V058,389,S_h,2857,7,2773,0,0.314651,0.000000,0.314651,,,0.000000,-0.314651,-1.227065
SportsMOT,V058,389,S_c,2914,18,2779,0,0.000000,0.000000,0.000000,,,0.269604,0.942329,-0.912414
SportsMOT,V058,390,S_h,2884,2,2781,0,0.180102,0.000000,0.180102,,,0.245426,0.679915,-1.052543
SportsMOT,V058,390,S_h,2780,3,2765,0,0.000000,0.000000,0.000000,,,0.000000,0.117780,-0.872441
SportsMOT,V058,390,S_h,2781,5,2773,0,0.000000,0.000000,0.000000,,,0.000000,0.117780,-0.872441
SportsMOT,V058,390,S_h,2868,7,2773,0,0.373858,0.000000,0.373858,,,0.000000,-0.373858,-1.334845
SportsMOT,V058,390,S_h,2771,12,2774,0,0.000000,0.000000,0.000000,,,0.259201,0.117780,-0.872441
SportsMOT,V058,392,S_c,2928,14,2771,0,0.000000,0.000000,0.000000,,,0.000000,0.938770,0.000000
SportsMOT,V058,393,S_c,2934,3,2780,0,0.000000,0.000000,0.000000,,,0.000000,0.344008,-0.960666
SportsMOT,V058,393,S_c,2932,7,2868,0,0.000000,0.000000,0.000000,,,0.000000,0.344008,-0.960666
SportsMOT,V058,393,S_c,2936,8,2766,0,0.000000,0.000000,0.000000,,,0.000000,0.344008,-0.960666
SportsMOT,V058,394,S_h,2778,6,2763,0,0.000000,0.000000,0.000000,,,0.000000,0.217452,-0.879009
SportsMOT,V058,394,S_c,2941,8,2766,0,0.217452,0.000000,0.217452,,,0.000000,-0.217452,-1.096461
SportsMOT,V058,395,S_c,2945,18,2779,0,0.122111,0.000000,0.122111,,,0.285714,0.746081,-1.056766
SportsMOT,V058,396,S_c,2946,6,2763,0,0.000000,0.000000,0.000000,,,0.000854,0.446589,-0.941349
SportsMOT,V058,396,S_c,2948,12,2774,0,0.288592,0.000000,0.288592,,,0.461747,0.504698,-0.735182
SportsMOT,V058,396,S_c,2947,16,2776,0,0.000000,0.000000,0.000000,,,0.000000,0.446589,-0.941349
SportsMOT,V058,400,S_h,2818,10,2895,0,0.733215,0.000000,0.733215,,,0.000000,-1.658184,-1.658184
SportsMOT,V060,89,S_c,2971,1,2963,0,0.000000,0.000000,0.000000,,,0.000000,0.934970,-0.937614
SportsMOT,V060,148,S_c,2972,7,2962,0,0.000000,0.000000,0.000000,,,0.000000,0.987054,-0.984418
SportsMOT,V060,216,S_r,2969,2,2965,0,0.929166,0.387748,0.541419,0.988423,0.046570,0.475281,-1.126770,-1.126770
SportsMOT,V060,216,S_r,2965,9,2969,0,0.951779,0.366428,0.585351,0.956793,0.012056,0.662394,-1.126770,-1.126770
SportsMOT,V060,262,S_c,2973,2,2969,0,0.000000,0.000000,0.000000,,,0.000000,0.889027,-0.952666
SportsMOT,V060,426,S_r,2967,3,2966,0,0.880277,0.481456,0.398821,0.789535,0.022405,0.593538,-0.122102,-0.850309
SportsMOT,V060,426,S_r,2966,8,2967,0,0.868383,0.416896,0.451488,-0.317375,0.023305,0.746238,-0.850309,-0.850309
SportsMOT,V060,428,S_c,2974,2,2973,0,0.107980,0.000000,0.107980,,,0.218365,0.847092,-1.088267
SportsMOT,V060,442,S_r,2967,1,2971,0,0.879730,0.486314,0.393416,0.779411,0.029436,0.730942,-0.754030,-0.754030
SportsMOT,V060,442,S_r,2971,3,2967,0,0.931110,0.570495,0.360614,-0.993788,0.004163,0.629954,-0.754030,-0.754030
SportsMOT,V060,506,S_c,2976,4,2968,0,0.000000,0.000000,0.000000,,,0.000000,0.946187,-0.980974
SportsMOT,V060,562,S_c,2977,2,2974,0,0.000000,0.000000,0.000000,,,0.000000,0.943302,-0.902117
SportsMOT,V060,566,S_c,2978,9,2965,0,0.008893,0.000000,0.008893,,,0.000000,0.904329,-0.916942
SportsMOT,V060,769,S_r,2976,0,2961,0,0.755325,0.544137,0.211188,-0.496756,0.056676,0.477837,-0.057551,-0.057551
SportsMOT,V060,771,S_h,2961,4,2976,0,0.416666,0.157629,0.259038,,,0.934548,0.192355,-0.910287
SportsMOT,V061,28,S_c,2989,9,2981,0,0.451972,0.000000,0.451972,,,0.974474,0.499803,-1.409146
SportsMOT,V061,112,S_c,2990,2,2988,0,0.000000,0.000000,0.000000,,,0.000000,0.130631,-0.293216
SportsMOT,V061,120,S_c,2991,3,2986,0,0.158309,0.000000,0.158309,,,0.306371,0.804214,-1.137266
SportsMOT,V061,138,S_c,2992,0,2987,0,0.000000,0.000000,0.000000,,,0.000000,0.926947,-0.988900
SportsMOT,V061,140,S_c,2993,1,2985,0,0.392966,0.000000,0.392966,,,0.441402,0.359609,-1.378411
SportsMOT,V061,196,S_r,2993,0,2992,0,0.738353,0.536642,0.201711,,0.000915,0.968548,-0.456130,-0.456130
SportsMOT,V061,196,S_r,2992,1,2993,0,0.792275,0.537856,0.254419,0.761589,0.071634,0.768388,-0.456130,-0.456130
SportsMOT,V061,250,S_r,2984,0,2993,0,0.888598,0.440960,0.447638,0.999707,0.030977,0.876087,-0.860191,-0.860191
SportsMOT,V061,250,S_r,2993,8,2984,0,0.854857,0.442304,0.412553,0.993499,0.049308,0.504122,-0.860191,-0.860191
SportsMOT,V061,256,S_r,2980,6,2979,0,0.930100,0.465349,0.464751,0.999959,0.006824,0.578423,-0.931180,-0.931180
SportsMOT,V061,256,S_r,2979,7,2980,0,0.899843,0.433414,0.466429,0.814878,0.026019,0.660709,-0.931180,-0.931180
SportsMOT,V062,303,S_r,3000,0,2999,0,0.938148,0.433699,0.504449,0.978770,0.022650,0.627533,-1.003058,-1.003058
SportsMOT,V062,303,S_r,2999,7,3000,0,0.940391,0.441782,0.498608,0.984248,0.010775,0.624488,-1.003058,-1.003058
SportsMOT,V062,387,S_c,3009,1,3007,0,0.000000,0.000000,0.000000,,,0.000000,0.815073,-0.678397
SportsMOT,V062,398,S_c,3010,3,3003,0,0.000000,0.000000,0.000000,,,0.000000,0.947200,-0.869396
SportsMOT,V062,411,S_c,3011,4,3008,0,0.000000,0.000000,0.000000,,,0.000000,0.957872,-0.909651
SportsMOT,V062,414,S_c,3012,6,3001,0,0.097632,0.000000,0.097632,,,0.222275,0.787232,-1.031420
SportsMOT,V062,505,S_c,3013,0,3000,0,0.496716,0.114504,0.382212,,,0.978308,0.367280,-1.122353
SportsMOT,V063,28,S_r,3024,2,3015,0,0.920271,0.415787,0.504484,0.739940,0.008569,0.571158,-0.906380,-0.906380
SportsMOT,V063,28,S_r,3015,9,3024,0,0.889549,0.487653,0.401896,0.971186,0.053988,0.701177,-0.906380,-0.906380
SportsMOT,V063,257,S_r,3019,2,3024,0,0.765944,0.452277,0.313668,0.978128,0.089894,0.805052,-0.674976,-0.674976
SportsMOT,V063,257,S_r,3024,7,3019,0,0.859380,0.498071,0.361309,,0.016149,0.624894,-0.674976,-0.674976
SportsMOT,V063,342,S_c,3025,0,3017,0,0.000000,0.000000,0.000000,,,0.000000,0.933411,-0.934599
SportsMOT,V063,347,S_c,3026,4,3022,0,0.000000,0.000000,0.000000,,,0.000000,0.957767,-0.962072
SportsMOT,V063,351,S_c,3027,3,3023,0,0.000000,0.000000,0.000000,,,0.000000,0.731597,-0.954702
SportsMOT,V063,710,S_r,3026,3,3027,0,0.958127,0.500740,0.457387,0.978326,0.048319,0.706807,-0.921218,-0.921218
SportsMOT,V063,710,S_r,3027,4,3026,0,0.967813,0.503982,0.463831,0.997389,0.078831,0.614165,-0.921218,-0.921218
SportsMOT,V063,796,S_r,3021,2,3019,0,0.863512,0.566173,0.297340,0.937462,0.028200,0.825473,-0.726924,-0.726924
SportsMOT,V063,799,S_c,3028,5,3021,0,0.719053,0.413479,0.305574,,,0.802513,0.115562,-0.780664
SportsMOT,V063,808,S_r,3028,1,3018,0,0.966974,0.441806,0.525168,0.989079,0.053107,0.542566,-1.023212,-1.023212
SportsMOT,V063,808,S_r,3018,5,3028,0,0.942159,0.444116,0.498044,0.843163,0.018413,0.744934,-1.023212,-1.023212
SportsMOT,V063,829,S_c,3029,8,3020,0,0.000000,0.000000,0.000000,,,0.000000,0.835877,-0.752616
SportsMOT,V063,832,S_c,3030,9,3015,0,0.046883,0.000000,0.046883,,,0.123628,0.881821,-0.920256
SportsMOT,V064,486,S_c,3041,7,3033,0,0.000000,0.000000,0.000000,,,0.000000,0.922732,-0.952827
SportsMOT,V064,501,S_c,3042,6,3034,0,0.000000,0.000000,0.000000,,,0.000000,0.954468,-0.897573
SportsMOT,V064,567,S_c,3044,9,3038,0,0.000000,0.000000,0.000000,,,0.000000,0.967941,-0.880144
SportsMOT,V064,610,S_c,3045,8,3037,0,0.633641,0.000000,0.633641,,,0.795719,0.331690,-1.561715
SportsMOT,V064,746,S_c,3046,9,3044,0,0.000000,0.000000,0.000000,,,0.000000,0.944914,-0.968028
SportsMOT,V064,759,S_c,3047,4,3040,0,0.000000,0.000000,0.000000,,,0.000000,0.956761,-0.922551
SportsMOT,V065,17,S_r,3057,4,3054,0,0.933570,0.499528,0.434042,-0.767404,0.005056,0.515932,-0.816636,-0.816636
SportsMOT,V065,17,S_r,3054,9,3057,0,0.841661,0.459067,0.382594,0.998196,0.054177,0.743059,-0.816636,-0.816636
SportsMOT,V065,235,S_r,3051,5,3053,0,0.936298,0.512483,0.423814,0.840454,0.015769,0.677178,-0.822748,-0.822748
SportsMOT,V065,235,S_r,3053,6,3051,0,0.908130,0.509196,0.398934,0.947581,0.022799,0.688208,-0.822748,-0.822748
SportsMOT,V065,285,S_r,3053,4,3057,0,0.904488,0.539439,0.365049,0.576390,0.011253,0.737045,-0.181605,-0.823839
SportsMOT,V065,285,S_r,3057,6,3053,0,0.947405,0.552444,0.394962,0.945319,0.011087,0.722844,-0.793170,-0.793170
SportsMOT,V065,340,S_c,3059,1,3048,0,0.000000,0.000000,0.000000,,,0.000000,0.943074,-0.934930
SportsMOT,V065,351,S_c,3060,9,3054,0,0.000000,0.000000,0.000000,,,0.000000,0.954344,-0.942907
SportsMOT,V065,376,S_c,3061,7,3055,0,0.000000,0.000000,0.000000,,,0.000000,0.882543,-0.894122
SportsMOT,V065,390,S_c,3062,8,3056,0,0.000000,0.000000,0.000000,,,0.000000,0.942839,-0.899702
SportsMOT,V065,491,S_c,3063,4,3053,0,0.000000,0.000000,0.000000,,,0.000000,0.978414,-0.950871
SportsMOT,V065,556,S_r,3057,5,3051,0,0.916922,0.376344,0.540578,0.999288,0.053017,0.581187,-1.060191,-1.060191
SportsMOT,V065,556,S_r,3051,6,3057,0,0.914349,0.394737,0.519613,-0.898990,0.009298,0.500243,-1.060191,-1.060191
SportsMOT,V065,589,S_c,3064,0,3052,0,0.000000,0.000000,0.000000,,,0.000000,0.921489,-0.925236
SportsMOT,V065,596,S_c,3065,4,3063,0,0.000000,0.000000,0.000000,,,0.000000,0.912934,-0.877210
SportsMOT,V065,654,S_c,3066,5,3057,0,0.000000,0.000000,0.000000,,,0.000000,0.976628,-0.987156
SportsMOT,V065,942,S_h,3067,5,3066,0,0.535060,0.010301,0.524759,,,1.000000,0.376432,-1.446392
SportsMOT,V065,946,S_r,3067,2,3050,0,0.927174,0.425494,0.501680,0.937904,0.012680,0.557151,-0.796268,-0.796268
SportsMOT,V065,946,S_r,3050,5,3067,0,0.764595,0.470007,0.294588,0.997135,0.031347,0.692854,-0.796268,-0.796268
SportsMOT,V066,28,S_c,3089,10,3079,0,0.399042,0.000000,0.399042,,,0.000000,-0.399042,-1.324654
SportsMOT,V066,31,S_c,3098,7,3075,0,0.456974,0.000000,0.456974,,,0.639231,0.507541,-1.382372
SportsMOT,V066,35,S_c,3105,9,3075,0,0.000000,0.000000,0.000000,,,0.000000,0.855563,-0.931949
SportsMOT,V066,35,S_c,3106,11,3075,0,0.309529,0.000000,0.309529,,,0.551789,0.547384,-1.165092
SportsMOT,V066,39,S_r,3072,3,3070,0,0.626542,0.500460,0.126083,0.897658,0.182829,0.604307,-0.147841,-0.147841
SportsMOT,V066,40,S_c,3107,5,3072,0,0.130418,0.000000,0.130418,,,0.278973,0.545679,-0.278699
SportsMOT,V066,44,S_c,3109,3,3072,0,0.347409,0.000000,0.347409,,,0.444231,0.478758,-0.015526
SportsMOT,V066,44,S_c,3110,4,3073,0,0.331883,0.000000,0.331883,,,0.504326,0.494284,-0.331883
SportsMOT,V066,48,S_h,3070,2,3069,0,0.673281,0.000000,0.673281,,,0.000000,-1.605230,-1.605230
SportsMOT,V066,52,S_h,3072,2,3070,0,0.673007,0.000000,0.673007,,,0.000000,-1.615128,-1.615128
SportsMOT,V066,81,S_c,3111,1,3071,0,0.000000,0.000000,0.000000,,,0.000000,0.986304,-0.848834
SportsMOT,V066,84,S_c,3112,0,3068,0,0.261045,0.000000,0.261045,,,0.556738,0.501201,-1.211914
SportsMOT,V067,32,S_c,3120,6,3119,0,0.100041,0.000000,0.100041,,,0.338384,0.325690,-1.012985
SportsMOT,V067,33,S_r,3120,7,3119,0,0.743705,0.490219,0.253487,,0.079720,0.000000,-0.253487,-0.253487
SportsMOT,V067,34,S_c,3121,6,3119,0,0.216806,0.000000,0.216806,,,0.607230,0.284861,-1.153604
SportsMOT,V067,36,S_c,3123,6,3121,0,0.331974,0.000000,0.331974,,,0.724228,0.257700,-1.228132
SportsMOT,V067,36,S_r,3121,7,3120,0,0.589674,0.000000,0.589674,0.949738,0.209738,0.736105,-0.257700,-1.485832
SportsMOT,V067,61,S_r,3117,3,3116,0,0.621927,0.446411,0.175515,0.600739,0.144046,0.384633,-0.199565,-0.199565
SportsMOT,V067,62,S_c,3134,4,3117,0,0.118962,0.071385,0.047577,,,0.278519,0.758788,-0.382625
SportsMOT,V067,80,S_c,3135,0,3113,0,0.000000,0.000000,0.000000,,,0.000000,0.984914,-0.959819
SportsMOT,V067,113,S_c,3136,3,3117,0,0.432617,0.423132,0.009484,,,0.730040,0.601889,-0.575337
SportsMOT,V067,114,S_r,3134,3,3117,0,0.902334,0.430290,0.472044,0.949529,0.042904,0.492768,-0.984301,-0.984301
SportsMOT,V067,114,S_r,3136,4,3134,0,0.858112,0.367850,0.490262,,0.024587,0.617566,-0.953445,-0.953445
SportsMOT,V068,34,S_c,3165,9,3145,0,0.000000,0.000000,0.000000,,,0.000000,0.875488,-0.945151
SportsMOT,V068,36,S_c,3170,8,3146,0,0.000000,0.000000,0.000000,,,0.000000,0.878614,-0.945272
SportsMOT,V068,37,S_c,3172,11,3145,0,0.285878,0.007001,0.278876,,,0.623722,0.658784,-1.173362
SportsMOT,V068,97,S_c,3174,0,3137,0,0.000000,0.000000,0.000000,,,0.000000,0.928835,-0.984248
SportsMOT,V068,155,S_c,3175,3,3139,0,0.514602,0.000000,0.514602,,,0.678835,0.449324,-1.410461
SportsMOT,V068,210,S_r,3143,7,3144,0,0.810110,0.067593,0.742518,0.997005,0.076995,0.113637,-1.657505,-1.657505
SportsMOT,V068,212,S_r,3144,7,3144,0,0.812294,0.052330,0.759964,,0.041442,0.074226,-1.604413,-1.604413
SportsMOT,V068,253,S_r,3144,6,3143,0,0.986090,0.468400,0.517689,0.786939,0.005469,0.491012,-1.024615,-1.024615
SportsMOT,V068,253,S_r,3143,7,3144,0,0.953711,0.446785,0.506926,0.997800,0.037218,0.855216,-1.024615,-1.024615
SportsMOT,V068,295,S_r,3174,1,3138,0,0.925477,0.000000,0.925477,0.984800,0.018567,0.000000,-1.872255,-1.872255
SportsMOT,V068,327,S_c,3176,0,3174,0,0.000000,0.000000,0.000000,,,0.000000,0.954987,-0.974757
SportsMOT,V068,334,S_c,3181,4,3141,0,0.743757,0.000000,0.743757,,,0.847956,0.055520,-1.468743
SportsMOT,V068,394,S_c,3182,9,3165,0,0.029797,0.000000,0.029797,,,0.082327,0.924134,-1.013869
SportsMOT,V069,54,S_c,3226,9,3211,0,0.026545,0.000000,0.026545,,,0.060811,0.896547,-0.390530
SportsMOT,V069,55,S_r,3226,11,3211,0,0.407836,0.174619,0.233217,,0.206457,0.331523,-1.104273,-1.104273
SportsMOT,V069,56,S_c,3231,9,3211,0,0.020014,0.000000,0.020014,,,0.046622,0.953021,-0.990121
SportsMOT,V069,96,S_c,3239,2,3185,0,0.000000,0.000000,0.000000,,,0.000000,0.945491,-0.957625
SportsMOT,V069,115,S_c,3240,1,3184,0,0.000000,0.000000,0.000000,,,0.000000,0.950799,-0.954015
SportsMOT,V069,136,S_c,3241,0,3183,0,0.000000,0.000000,0.000000,,,0.000000,0.956481,-0.834436
SportsMOT,V069,164,S_r,3187,5,3238,0,0.953006,0.000000,0.953006,0.982014,0.083493,0.000000,-1.845404,-1.845404
SportsMOT,V069,175,S_c,3243,5,3187,0,0.679946,0.000000,0.679946,,,0.852526,0.251194,-1.466419
SportsMOT,V069,180,S_r,3243,4,3187,0,0.821098,0.279067,0.542031,0.991471,0.106251,0.435667,-1.177868,-1.177868
SportsMOT,V069,180,S_r,3187,5,3243,0,0.973781,0.337944,0.635837,0.978888,0.022411,0.427432,-1.177868,-1.177868
SportsMOT,V069,190,S_c,3244,10,3225,0,0.000000,0.000000,0.000000,,,0.000000,0.867290,-0.920353
SportsMOT,V069,215,S_c,3245,6,3199,0,0.000000,0.000000,0.000000,,,0.000000,0.972341,-0.943453
SportsMOT,V069,219,S_r,3246,11,3226,0,0.954953,0.172586,0.782366,,0.003333,0.265877,-1.558767,-1.558767
SportsMOT,V069,240,S_r,3231,8,3208,0,0.827440,0.652127,0.175313,0.863483,0.066211,0.000000,-0.175313,-0.175313
SportsMOT,V069,242,S_r,3243,1,3240,0,0.683483,0.509745,0.173738,0.028666,0.099594,0.805878,-0.705803,-0.705803
SportsMOT,V069,242,S_r,3240,4,3243,0,0.840903,0.308839,0.532065,0.852963,0.085890,0.495771,-0.705803,-0.705803
SportsMOT,V069,244,S_h,3208,7,3201,0,0.835746,0.000000,0.835746,,,0.885675,0.109835,-1.706085
SportsMOT,V070,13,S_c,3257,8,3256,0,0.439980,0.295792,0.144189,,,0.736842,0.115351,-0.318073
SportsMOT,V070,26,S_c,3260,7,3253,0,0.486385,0.444805,0.041580,,,0.777463,0.461480,-0.561804
SportsMOT,V070,32,S_r,3260,6,3251,0,0.929170,0.494055,0.435116,0.992780,0.075228,0.547115,-0.888567,-0.888567
SportsMOT,V070,32,S_r,3251,7,3260,0,0.892422,0.619534,0.272888,0.990084,0.060831,0.701883,-0.535033,-0.535033
SportsMOT,V070,35,S_h,3256,9,3250,0,0.824606,0.000000,0.824606,,,0.000000,-1.127531,-1.706861
SportsMOT,V070,67,S_r,3257,7,3251,0,0.972413,0.445577,0.526836,0.999565,0.102340,0.538184,-1.042423,-1.042423
SportsMOT,V070,67,S_r,3251,8,3257,0,0.962423,0.446836,0.515588,0.999552,0.131285,0.722203,-1.042423,-1.042423
SportsMOT,V070,105,S_c,3261,1,3254,0,0.000000,0.000000,0.000000,,,0.000000,0.974942,-0.971631
SportsMOT,V070,109,S_c,3262,0,3247,0,0.000000,0.000000,0.000000,,,0.000000,0.974610,-0.896143
SportsMOT,V070,111,S_c,3263,2,3255,0,0.326762,0.000000,0.326762,,,0.678172,0.420723,-1.295583
SportsMOT,V070,118,S_c,3264,3,3252,0,0.481941,0.000000,0.481941,,,0.936637,0.437696,-1.267441
SportsMOT,V070,122,S_r,3251,7,3257,0,0.923516,0.006832,0.916684,0.987669,0.042726,0.007203,-1.861561,-1.861561
SportsMOT,V070,125,S_h,3257,8,3251,0,0.814362,0.000000,0.814362,,,0.929985,0.122796,-1.776804
SportsMOT,V070,134,S_r,3264,4,3248,0,0.523730,0.517763,0.005968,-0.995647,0.095020,0.247146,-0.059555,-0.059555
SportsMOT,V070,135,S_c,3265,3,3264,0,0.119135,0.058165,0.060970,,,0.292024,0.834618,-0.572637
SportsMOT,V070,136,S_h,3248,8,3257,0,0.265400,0.000000,0.265400,,,0.000000,-0.243240,-0.917840
SportsMOT,V070,139,S_c,3267,7,3251,0,0.460024,0.000000,0.460024,,,0.690794,0.348409,-1.368097
SportsMOT,V070,142,S_r,3268,0,3262,0,0.857682,0.693320,0.164362,0.492915,0.039095,0.000000,-0.164362,-0.164362
SportsMOT,V070,143,S_h,3262,0,3262,0,0.745124,0.000000,0.745124,,,0.000000,-0.745124,-1.631975
SportsMOT,V070,144,S_h,3268,0,3262,0,0.702156,0.000000,0.702156,,,0.000000,-0.702156,-1.629094
SportsMOT,V070,251,S_r,3267,6,3260,0,0.941602,0.499677,0.441925,0.995290,0.036616,0.597641,-0.878958,-0.878958
SportsMOT,V070,251,S_r,3260,7,3267,0,0.904466,0.467433,0.437033,0.999826,0.032793,0.701532,-0.878958,-0.878958
SportsMOT,V070,280,S_c,3269,0,3268,0,0.000000,0.000000,0.000000,,,0.000000,0.930979,-0.962040
SportsMOT,V070,296,S_c,3270,1,3261,0,0.000000,0.000000,0.000000,,,0.000000,0.955616,-0.924093
SportsMOT,V070,303,S_c,3272,2,3263,0,0.000000,0.000000,0.000000,,,0.000000,0.965192,-0.981081
SportsMOT,V070,355,S_c,3273,11,3259,0,0.000000,0.000000,0.000000,,,0.000000,0.918482,-0.966715
SportsMOT,V070,378,S_r,3277,6,3267,0,0.941472,0.429951,0.511522,0.995751,0.132946,0.723052,-0.943716,-0.943716
SportsMOT,V070,378,S_r,3267,7,3260,0,0.888773,0.456579,0.432194,0.998427,0.140649,0.572059,-0.943716,-0.943716
SportsMOT,V070,433,S_c,3279,1,3270,0,0.000000,0.000000,0.000000,,,0.000000,0.975594,-0.978038
SportsMOT,V070,444,S_c,3280,0,3269,0,0.000000,0.000000,0.000000,,,0.000000,0.949452,-0.964096
SportsMOT,V070,448,S_c,3281,2,3272,0,0.022979,0.000000,0.022979,,,0.139494,0.937775,-0.984303
SportsMOT,V070,453,S_r,3265,4,3264,0,0.830034,0.420799,0.409235,0.995092,0.063399,0.569865,-0.736540,-0.736540
SportsMOT,V070,489,S_c,3284,4,3265,0,0.670276,0.405332,0.264944,,,0.858224,0.083306,-0.567511
SportsMOT,V070,495,S_r,3284,3,3265,0,0.869748,0.520422,0.349327,0.986541,0.030613,0.632826,-0.805584,-0.805584
SportsMOT,V070,495,S_r,3265,4,3284,0,0.917293,0.441054,0.476239,0.999539,0.036683,0.736915,-0.977112,-0.977112
SportsMOT,V071,165,S_c,3295,8,3288,0,0.000000,0.000000,0.000000,,,0.000000,0.893679,-0.851692
SportsMOT,V071,189,S_c,3296,4,3289,0,0.000000,0.000000,0.000000,,,0.000000,0.946559,-0.953561
SportsMOT,V071,192,S_c,3297,9,3286,0,0.000470,0.000000,0.000470,,,0.000000,0.919937,-0.920227
SportsMOT,V071,344,S_c,3298,1,3290,0,0.000000,0.000000,0.000000,,,0.000000,0.938878,-0.939190
SportsMOT,V071,345,S_c,3299,3,3294,0,0.000000,0.000000,0.000000,,,0.000000,0.719430,-0.957448
SportsMOT,V071,348,S_c,3300,2,3292,0,0.170599,0.045544,0.125056,,,0.233406,0.829250,-1.073448
SportsMOT,V071,349,S_r,3285,5,3293,0,0.900369,0.492018,0.408351,0.970260,0.044595,0.660262,-0.890900,-0.890900
SportsMOT,V071,349,S_r,3293,7,3285,0,0.931245,0.448696,0.482549,0.999774,0.012895,0.624019,-0.890900,-0.890900
SportsMOT,V072,30,S_r,3306,0,3303,0,0.932133,0.721459,0.210674,0.996280,0.024913,0.604153,-0.131620,-0.131620
SportsMOT,V072,32,S_r,3303,1,3306,0,0.796356,0.650229,0.146128,,0.053906,0.917418,-0.464402,-0.464402
SportsMOT,V072,83,S_h,3303,2,3305,0,0.534328,0.425756,0.108571,,,0.506776,0.115110,-0.852314
SportsMOT,V072,87,S_c,3311,1,3303,0,0.465736,0.453512,0.012224,,,0.718575,0.432157,-0.442583
SportsMOT,V072,130,S_c,3312,6,3301,0,0.000000,0.000000,0.000000,,,0.000000,0.798293,-0.765978
SportsMOT,V072,135,S_c,3313,8,3310,0,0.000000,0.000000,0.000000,,,0.000000,0.830605,-0.945668
SportsMOT,V072,141,S_c,3314,9,3308,0,0.000000,0.000000,0.000000,,,0.000000,0.946599,-0.742000
SportsMOT,V072,435,S_r,3314,2,3303,0,0.917058,0.415383,0.501675,0.991650,0.074718,0.517459,-1.018699,-1.018699
SportsMOT,V072,435,S_r,3303,9,3314,0,0.920155,0.509635,0.410520,0.979889,0.037240,0.672294,-0.806724,-0.806724
SportsMOT,V072,571,S_r,3315,3,3307,0,0.712553,0.160867,0.551686,,0.028182,0.508933,-1.329945,-1.329945
SportsMOT,V072,583,S_r,3304,3,3307,0,0.860125,0.541504,0.318621,0.602631,0.047061,0.644124,-0.761678,-0.761678
SportsMOT,V072,583,S_r,3315,4,3304,0,0.889610,0.446554,0.443057,0.934971,0.013537,0.722581,-0.761678,-0.761678
SportsMOT,V073,37,S_r,3323,3,3324,0,0.769785,0.036305,0.733480,0.897812,0.055951,0.079578,-0.700114,-1.533485
SportsMOT,V073,38,S_c,3327,4,3323,0,0.432884,0.039241,0.393644,,,0.800189,0.356698,-1.355083
SportsMOT,V073,198,S_r,3321,1,3319,0,0.913434,0.465690,0.447743,-0.299747,0.010763,0.627767,-0.970256,-0.970256
SportsMOT,V073,198,S_r,3319,5,3321,0,0.955212,0.432699,0.522513,0.995436,0.041157,0.648429,-0.970256,-0.970256
SportsMOT,V073,231,S_r,3318,5,3319,0,0.628733,0.608164,0.020569,0.940880,0.136576,0.727986,-0.536548,-0.536548
SportsMOT,V073,232,S_h,3319,5,3319,0,0.477879,0.421385,0.056495,,,0.797236,0.319611,-0.329650
SportsMOT,V073,425,S_r,3323,0,3318,0,0.861063,0.335244,0.525819,0.973945,0.044068,0.622859,-1.192654,-1.192654
SportsMOT,V073,430,S_h,3318,3,3323,0,0.611622,0.158788,0.452834,,,0.942605,0.251660,-1.109597
SportsMOT,V073,448,S_r,3322,3,3318,0,0.927941,0.497814,0.430126,,0.021456,0.666511,-0.816999,-0.816999
SportsMOT,V073,448,S_r,3318,8,3322,0,0.887050,0.500177,0.386873,0.860222,0.049009,0.680953,-0.816999,-0.816999
SportsMOT,V073,500,S_c,3328,7,3317,0,0.136793,0.000000,0.136793,,,0.429180,0.688444,-1.091403
SportsMOT,V073,559,S_c,3329,5,3319,0,0.000000,0.000000,0.000000,,,0.000000,0.946865,-0.957460
SportsMOT,V073,767,S_c,3331,2,3326,0,0.666824,0.142316,0.524508,,,0.814809,0.296097,-1.339436
SportsMOT,V074,53,S_c,3344,10,3335,0,0.000000,0.000000,0.000000,,,0.000000,0.951888,-0.963089
SportsMOT,V074,186,S_c,3345,9,3343,0,0.545887,0.114814,0.431073,,,0.678008,0.165923,-1.066325
SportsMOT,V074,188,S_r,3345,6,3340,0,0.856720,0.441527,0.415193,0.996307,0.067519,0.552591,-0.896862,-0.896862
SportsMOT,V074,188,S_r,3340,9,3345,0,0.985300,0.503632,0.481669,0.999709,0.059981,0.690018,-0.896862,-0.896862
SportsMOT,V074,283,S_r,3336,1,3338,0,0.816782,0.536145,0.280637,0.861839,0.067969,0.773247,-0.582650,-0.582650
SportsMOT,V074,283,S_r,3338,2,3336,0,0.886384,0.584371,0.302013,0.895177,0.026257,0.592189,-0.582650,-0.582650
SportsMOT,V074,300,S_r,3338,1,3336,0,0.914337,0.456813,0.457524,-0.983007,0.012359,0.553556,-0.877462,-0.877462
SportsMOT,V074,300,S_r,3336,2,3338,0,0.942249,0.522311,0.419938,0.946880,0.015886,0.780905,-0.877462,-0.877462
SportsMOT,V074,359,S_c,3346,5,3339,0,0.000000,0.000000,0.000000,,,0.000000,0.961493,-0.845590
SportsMOT,V074,364,S_c,3347,7,3341,0,0.000000,0.000000,0.000000,,,0.000000,0.887076,-0.956712
SportsMOT,V074,394,S_c,3348,8,3342,0,0.000000,0.000000,0.000000,,,0.000000,0.925026,-0.979869
SportsMOT,V074,487,S_r,3345,5,3346,0,0.792542,0.542122,0.250420,,0.046757,0.563279,-0.505734,-0.505734
SportsMOT,V074,487,S_r,3346,6,3345,0,0.760172,0.504858,0.255314,0.548712,0.051111,0.635383,-0.505734,-0.505734
SportsMOT,V074,570,S_c,3349,8,3348,0,0.064238,0.000000,0.064238,,,0.143077,0.903841,-1.030604
SportsMOT,V074,594,S_c,3350,7,3347,0,0.000000,0.000000,0.000000,,,0.000000,0.800657,-0.980349
SportsMOT,V074,598,S_c,3351,10,3344,0,0.000000,0.000000,0.000000,,,0.000000,0.933058,-0.963821
SportsMOT,V075,71,S_c,3364,0,3353,0,0.114236,0.000000,0.114236,,,0.155116,0.825330,-1.089363
SportsMOT,V075,82,S_r,3359,6,3358,0,0.814724,0.706885,0.107840,-0.091301,0.031112,0.623873,-0.158683,-0.158683
SportsMOT,V075,84,S_r,3361,7,3359,0,0.878110,0.763626,0.114483,0.554760,0.033459,0.934502,-0.206239,-0.206239
SportsMOT,V075,85,S_h,3358,11,3361,0,0.591647,0.558027,0.033620,,,1.000000,0.312709,-0.282268
SportsMOT,V075,151,S_r,3365,10,3362,0,0.900355,0.000000,0.900355,,0.030766,0.000000,-1.804994,-1.804994
SportsMOT,V075,158,S_r,3366,6,3359,0,0.902112,0.000000,0.902112,0.999856,0.100762,0.000000,-1.668027,-1.668027
SportsMOT,V075,190,S_r,3352,0,3364,0,0.580661,0.363542,0.217119,0.165545,0.023634,1.000000,-0.682174,-0.682174
SportsMOT,V075,190,S_r,3364,2,3352,0,0.879760,0.414705,0.465055,0.931890,0.062360,0.363152,-0.682174,-0.682174
SportsMOT,V075,201,S_c,3367,10,3365,0,0.000000,0.000000,0.000000,,,0.000000,0.963809,-0.945180
SportsMOT,V075,217,S_r,3360,7,3361,0,0.856709,0.747841,0.108869,0.296574,0.076379,0.000000,-0.108869,-0.108869
SportsMOT,V075,220,S_r,3361,8,3360,0,0.834270,0.569139,0.265130,0.906841,0.090353,0.811284,-0.425250,-0.425250
SportsMOT,V075,221,S_r,3360,6,3366,0,0.931458,0.525678,0.405780,0.988291,0.054340,0.793177,-0.496256,-0.496256
SportsMOT,V075,221,S_r,3361,7,3360,0,0.793538,0.703061,0.090476,0.416115,0.049111,0.809390,-0.496256,-0.496256
SportsMOT,V075,227,S_r,3366,7,3361,0,0.735283,0.578791,0.156492,,0.050539,0.761736,-0.377440,-0.377440
SportsMOT,V075,243,S_r,3361,7,3366,0,0.979378,0.300464,0.678913,0.901659,0.015326,0.391688,-1.348870,-1.348870
SportsMOT,V075,243,S_r,3366,8,3361,0,0.973644,0.507544,0.466100,0.982957,0.042984,0.693269,-0.920620,-0.920620
SportsMOT,V075,258,S_c,3368,2,3364,0,0.000000,0.000000,0.000000,,,0.000000,0.969641,-0.989546
SportsMOT,V076,23,S_c,3378,8,3377,0,0.243149,0.000721,0.242427,,,0.345144,0.737831,-1.125299
SportsMOT,V076,31,S_c,3382,11,3377,0,0.160169,0.000000,0.160169,,,0.000000,-0.160169,-1.101015
SportsMOT,V076,39,S_c,3392,10,3377,0,0.195354,0.000000,0.195354,,,0.374305,0.729002,-0.904896
SportsMOT,V076,46,S_r,3374,3,3372,0,0.437697,0.326701,0.110996,0.999459,0.215329,0.280233,-0.566109,-0.566109
SportsMOT,V076,47,S_c,3393,5,3374,0,0.303317,0.000000,0.303317,,,0.564753,0.580034,-0.579802
SportsMOT,V076,48,S_r,3373,3,3374,0,0.289702,0.240052,0.049650,0.500365,0.262656,0.124273,-0.049650,-0.347261
SportsMOT,V076,49,S_c,3394,4,3373,0,0.480427,0.000000,0.480427,,,0.614902,0.472278,-1.404261
SportsMOT,V076,74,S_c,3395,0,3370,0,0.000000,0.000000,0.000000,,,0.000000,0.983196,-0.921161
SportsMOT,V076,88,S_c,3396,1,3371,0,0.000000,0.000000,0.000000,,,0.000000,0.968837,-0.832220
SportsMOT,V076,174,S_r,3394,0,3395,0,0.923136,0.490693,0.432443,0.975282,0.024889,0.715754,-0.927198,-0.927198
SportsMOT,V076,174,S_r,3395,4,3394,0,0.923917,0.429162,0.494755,0.994929,0.047512,0.560161,-0.927198,-0.927198
SportsMOT,V076,337,S_r,3393,4,3395,0,0.909796,0.430832,0.478964,0.980722,0.064725,0.547317,-0.977230,-0.977230
SportsMOT,V076,337,S_r,3395,5,3393,0,0.945953,0.447687,0.498266,0.976775,0.049755,0.637613,-0.977230,-0.977230
SportsMOT,V077,3,S_r,3415,18,3405,0,0.698575,0.443569,0.255006,0.253403,0.116357,0.000000,-0.255006,-0.255006
SportsMOT,V077,4,S_c,3417,19,3415,0,0.085003,0.000000,0.085003,,,0.486947,0.423730,-1.030178
SportsMOT,V077,5,S_r,3417,18,3415,0,0.713375,0.618508,0.094867,,0.126680,0.000000,-0.094867,-0.094867
SportsMOT,V077,6,S_c,3418,19,3415,0,0.070907,0.000000,0.070907,,,0.476503,0.390469,-1.031015
SportsMOT,V077,7,S_r,3418,18,3417,0,0.740677,0.589629,0.151048,,0.114655,0.000000,-0.151048,-0.151048
SportsMOT,V077,8,S_c,3419,19,3415,0,0.101174,0.000000,0.101174,,,0.548864,0.364618,-1.085353
SportsMOT,V077,9,S_r,3419,18,3418,0,0.744279,0.714848,0.029431,,0.100085,0.000000,-0.029431,-0.029431
SportsMOT,V077,10,S_c,3420,19,3415,0,0.123696,0.000000,0.123696,,,0.553531,0.358695,-1.092696
SportsMOT,V077,11,S_r,3420,18,3419,0,0.692872,0.661591,0.031281,,0.094558,0.000000,-0.031281,-0.031281
SportsMOT,V077,12,S_c,3421,19,3415,0,0.158878,0.000000,0.158878,,,0.600000,0.377634,-1.142481
SportsMOT,V077,13,S_r,3421,18,3420,0,0.707161,0.644204,0.062957,,0.107563,0.000000,-0.062957,-0.062957
SportsMOT,V077,14,S_c,3422,19,3415,0,0.185976,0.000000,0.185976,,,0.602918,0.352710,-1.177762
SportsMOT,V077,15,S_r,3422,18,3421,0,0.756548,0.665218,0.091330,,0.103970,0.000000,-0.091330,-0.091330
SportsMOT,V077,16,S_c,3423,19,3415,0,0.169691,0.000000,0.169691,,,0.698298,0.402879,-1.127553
SportsMOT,V077,17,S_r,3423,18,3422,0,0.739034,0.647939,0.091096,,0.099874,0.000000,-0.091096,-0.091096
SportsMOT,V077,18,S_c,3424,19,3415,0,0.231642,0.000000,0.231642,,,0.637292,0.310130,-1.176529
SportsMOT,V077,19,S_r,3424,18,3423,0,0.740269,0.591801,0.148468,,0.110883,0.000000,-0.148468,-0.148468
SportsMOT,V077,20,S_c,3425,19,3415,0,0.235413,0.000000,0.235413,,,0.668439,0.351334,-1.219827
SportsMOT,V077,39,S_r,3425,18,3424,0,0.985685,0.530841,0.454844,0.999755,0.118075,0.558286,-0.839801,-0.839801
SportsMOT,V077,39,S_r,3424,19,3425,0,0.838837,0.453879,0.384957,0.997045,0.090374,0.690816,-0.839801,-0.839801
SportsMOT,V077,134,S_c,3426,12,3412,0,0.000000,0.000000,0.000000,,,0.000000,0.941711,-0.945728
SportsMOT,V077,159,S_c,3427,13,3401,0,0.000000,0.000000,0.000000,,,0.000000,0.944790,-0.913493
SportsMOT,V077,162,S_c,3428,16,3409,0,0.000000,0.000000,0.000000,,,0.000000,0.952022,-0.979636
SportsMOT,V077,163,S_c,3429,19,3424,0,0.000000,0.000000,0.000000,,,0.000000,0.737142,-0.909945
SportsMOT,V077,170,S_c,3430,18,3425,0,0.000000,0.000000,0.000000,,,0.000000,0.920753,-0.937293
SportsMOT,V077,171,S_c,3431,17,3403,0,0.000000,0.000000,0.000000,,,0.000000,0.833009,-0.865668
SportsMOT,V077,182,S_c,3432,15,3404,0,0.000000,0.000000,0.000000,,,0.000000,0.957471,-0.915198
SportsMOT,V077,246,S_r,3432,17,3431,0,0.791345,0.578206,0.213139,0.472645,0.057249,0.724333,0.086441,-0.640688
SportsMOT,V077,247,S_r,3431,15,3432,0,0.887807,0.327767,0.560040,0.964069,0.096580,0.497664,-1.122122,-1.122122
SportsMOT,V077,271,S_c,3434,8,3416,0,0.000000,0.000000,0.000000,,,0.000000,0.942448,-0.967043
SportsMOT,V077,291,S_c,3435,4,3397,0,0.000000,0.000000,0.000000,,,0.000000,0.933761,-0.974276
SportsMOT,V077,321,S_r,3436,1,3398,0,0.946440,0.000000,0.946440,,0.005928,0.000000,-1.936052,-1.936052
SportsMOT,V077,332,S_c,3437,2,3414,0,0.000000,0.000000,0.000000,,,0.000000,0.819688,-0.982018
SportsMOT,V077,342,S_c,3439,0,3400,0,0.000000,0.000000,0.000000,,,0.000000,0.838756,-0.943406
SportsMOT,V077,342,S_r,3438,3,3407,0,0.838756,0.343145,0.495610,0.999966,0.284467,0.518204,-1.065370,-1.065370
SportsMOT,V077,382,S_c,3440,16,3428,0,0.000000,0.000000,0.000000,,,0.000000,0.974216,-0.961279
SportsMOT,V077,395,S_c,3441,17,3432,0,0.000000,0.000000,0.000000,,,0.000000,0.905600,-0.980338
SportsMOT,V077,402,S_c,3442,15,3431,0,0.000000,0.000000,0.000000,,,0.000000,0.942603,-0.893919
SportsMOT,V077,403,S_c,3443,18,3430,0,0.000000,0.000000,0.000000,,,0.078640,0.449466,-0.957053
SportsMOT,V077,405,S_c,3445,19,3429,0,0.058003,0.000000,0.058003,,,0.146372,0.688411,-0.995547
SportsMOT,V077,512,S_c,3452,20,3449,0,0.000000,0.000000,0.000000,,,0.000000,0.869897,-0.973376
SportsMOT,V077,536,S_r,3454,12,3426,0,0.865245,0.000000,0.865245,,0.021557,0.000000,-0.865245,-1.845411
SportsMOT,V078,138,S_c,3477,6,3463,0,0.000000,0.000000,0.000000,,,0.000000,0.985849,-0.947484
SportsMOT,V078,157,S_c,3478,1,3462,0,0.000000,0.000000,0.000000,,,0.000000,0.941110,-0.867045
SportsMOT,V078,193,S_c,3479,17,3472,0,0.000000,0.000000,0.000000,,,0.000000,0.977571,-0.956577
SportsMOT,V078,196,S_c,3480,15,3459,0,0.031833,0.000000,0.031833,,,0.090306,0.908291,-0.908784
SportsMOT,V078,205,S_c,3481,20,3475,0,0.000000,0.000000,0.000000,,,0.000000,0.846757,-0.975602
SportsMOT,V078,220,S_c,3482,19,3474,0,0.000000,0.000000,0.000000,,,0.000000,0.929206,-0.966399
SportsMOT,V078,298,S_r,3483,18,3473,0,0.851157,0.000000,0.851157,,0.009379,0.000000,-1.825984,-1.825984
SportsMOT,V078,431,S_c,3498,10,3458,0,0.000000,0.000000,0.000000,,,0.000000,0.898183,-0.975005
SportsMOT,V079,158,S_r,3506,5,3501,0,0.649786,0.475397,0.174389,-0.928671,0.102792,0.000000,-0.174389,-0.174389
SportsMOT,V079,159,S_c,3520,11,3506,0,0.084655,0.000000,0.084655,,,0.526823,0.437515,-1.024141
SportsMOT,V079,172,S_c,3521,3,3499,0,0.000000,0.000000,0.000000,,,0.000000,0.973681,-0.914584
SportsMOT,V079,174,S_c,3522,4,3502,0,0.000000,0.000000,0.000000,,,0.000000,0.494046,-0.971922
SportsMOT,V079,186,S_c,3523,1,3510,0,0.000000,0.000000,0.000000,,,0.000000,0.911108,-0.916667
SportsMOT,V079,216,S_c,3525,15,3518,0,0.000000,0.000000,0.000000,,,0.000000,0.908140,-0.930472
SportsMOT,V079,236,S_c,3526,14,3516,0,0.000000,0.000000,0.000000,,,0.000000,0.978180,-0.971247
SportsMOT,V079,239,S_c,3527,4,3522,0,0.000000,0.000000,0.000000,,,0.000000,0.887940,-0.925938
SportsMOT,V079,244,S_r,3506,11,3520,0,0.465780,0.441366,0.024415,0.735843,0.387202,0.000000,-0.024415,-0.024415
SportsMOT,V079,245,S_c,3528,17,3519,0,0.000000,0.000000,0.000000,,,0.000000,0.872026,-0.906231
SportsMOT,V079,248,S_c,3538,16,3517,0,0.000000,0.000000,0.000000,,,0.000000,0.928745,-0.958820
SportsMOT,V079,250,S_h,3508,10,3511,0,0.000000,0.000000,0.000000,,,0.000000,0.801498,-0.968071
SportsMOT,V079,252,S_h,3503,9,3508,0,0.000000,0.000000,0.000000,,,0.000000,0.905542,-0.973250
SportsMOT,V079,260,S_c,3595,17,3519,0,0.000000,0.000000,0.000000,,,0.000000,0.861654,-0.891034
SportsMOT,V079,263,S_c,3604,18,3528,0,0.000000,0.000000,0.000000,,,0.000000,0.887538,-0.906927
SportsMOT,V079,268,S_c,3609,10,3511,0,0.000000,0.000000,0.000000,,,0.000000,0.798860,-0.968886
SportsMOT,V079,269,S_c,3610,13,3513,0,0.000000,0.000000,0.000000,,,0.000000,0.559202,-0.948550
SportsMOT,V079,318,S_c,3611,10,3609,0,0.000000,0.000000,0.000000,,,0.000000,0.974379,-0.969240
SportsMOT,V079,332,S_c,3612,8,3503,0,0.000000,0.000000,0.000000,,,0.000000,0.762251,-0.950576
SportsMOT,V079,333,S_r,3612,9,3503,0,0.564398,0.000000,0.564398,,0.059960,0.000000,-1.544780,-1.544780
SportsMOT,V079,334,S_c,3613,8,3503,0,0.000000,0.000000,0.000000,,,0.212405,0.036850,-0.940253
SportsMOT,V079,347,S_c,3614,3,3521,0,0.000000,0.000000,0.000000,,,0.000000,0.950689,-0.940315
SportsMOT,V079,356,S_c,3615,11,3506,0,0.000000,0.000000,0.000000,,,0.000000,0.943463,-0.889086
SportsMOT,V079,362,S_c,3616,5,3506,0,0.000000,0.000000,0.000000,,,0.000000,0.900669,-0.978672
SportsMOT,V079,423,S_r,3617,12,3509,0,0.827229,0.000000,0.827229,,0.021473,0.000000,-1.782257,-1.782257
SportsMOT,V079,543,S_c,3618,14,3526,0,0.000000,0.000000,0.000000,,,0.000000,0.950089,-0.972640
SportsMOT,V079,586,S_c,3619,3,3614,0,0.000000,0.000000,0.000000,,,0.000000,0.944853,-0.975984
SportsMOT,V079,605,S_c,3620,13,3610,0,0.000000,0.000000,0.000000,,,0.000000,0.946339,-0.986505
SportsMOT,V079,627,S_c,3621,9,3612,0,0.000000,0.000000,0.000000,,,0.000000,0.900309,-0.924992
SportsMOT,V080,146,S_c,3670,2,3622,0,0.000000,0.000000,0.000000,,,0.000000,0.929975,-0.867753
SportsMOT,V080,148,S_h,3634,9,3631,0,0.000000,0.000000,0.000000,,,0.000000,0.919908,-0.971734
SportsMOT,V080,148,S_c,3679,12,3635,0,0.000000,0.000000,0.000000,,,0.000000,0.919908,-0.971734
SportsMOT,V080,150,S_c,3685,13,3626,0,0.000000,0.000000,0.000000,,,0.000000,0.929210,-0.911583
SportsMOT,V080,212,S_c,3687,6,3630,0,0.000000,0.000000,0.000000,,,0.000000,0.983832,-0.951606
SportsMOT,V080,282,S_c,3689,1,3625,0,0.000000,0.000000,0.000000,,,0.000000,0.908783,-0.891590
SportsMOT,V080,289,S_c,3702,18,3638,0,0.000000,0.000000,0.000000,,,0.000000,0.886324,-0.908813
SportsMOT,V080,291,S_c,3705,16,3636,0,0.000000,0.000000,0.000000,,,0.000000,0.906193,-0.952929
SportsMOT,V081,81,S_c,3729,7,3713,0,0.000000,0.000000,0.000000,,,0.000000,0.883677,-0.833772
SportsMOT,V081,166,S_c,3742,10,3719,0,0.000000,0.000000,0.000000,,,0.000000,0.969926,-0.991157
SportsMOT,V081,168,S_c,3751,4,3714,0,0.000000,0.000000,0.000000,,,0.000000,0.805910,-0.869746
SportsMOT,V081,168,S_c,3748,5,3715,0,0.000000,0.000000,0.000000,,,0.000000,0.805910,-0.869746
SportsMOT,V081,184,S_c,3783,2,3718,0,0.000000,0.000000,0.000000,,,0.000000,0.798612,-0.899609
SportsMOT,V081,185,S_c,3788,1,3721,0,0.000000,0.000000,0.000000,,,0.000000,0.399274,-0.886417
SportsMOT,V081,187,S_c,3791,1,3721,0,0.000000,0.000000,0.000000,,,0.000000,0.970043,-0.905468
SportsMOT,V081,190,S_h,3788,3,3724,0,0.000000,0.000000,0.000000,,,0.000000,0.866722,-0.949115
SportsMOT,V081,192,S_c,3804,0,3712,0,0.000000,0.000000,0.000000,,,0.000000,0.975659,-0.874718
SportsMOT,V081,195,S_c,3810,6,3720,0,0.110641,0.000000,0.110641,,,0.228520,0.805769,-0.998715
SportsMOT,V081,196,S_c,3813,11,3722,0,0.000000,0.000000,0.000000,,,0.000000,0.367073,-0.838035
SportsMOT,V081,198,S_c,3817,3,3788,0,0.000000,0.000000,0.000000,,,0.000000,0.800607,-0.946654
SportsMOT,V081,245,S_r,3819,7,3729,0,0.888145,0.101650,0.786496,0.987089,0.063921,0.148016,-1.551762,-1.551762
SportsMOT,V081,314,S_c,3821,11,3813,0,0.000000,0.000000,0.000000,,,0.000000,0.940497,-0.953884
SportsMOT,V081,319,S_c,3822,12,3717,0,0.000000,0.000000,0.000000,,,0.000000,0.987268,-0.937217
SportsMOT,V081,334,S_c,3823,8,3716,0,0.000000,0.000000,0.000000,,,0.000000,0.958854,-0.946634
SportsMOT,V081,339,S_c,3824,17,3728,0,0.000000,0.000000,0.000000,,,0.000000,0.873311,-0.978784
SportsMOT,V081,340,S_c,3825,16,3726,0,0.000000,0.000000,0.000000,,,0.000000,0.353246,-0.965686
SportsMOT,V081,343,S_c,3826,15,3725,0,0.000000,0.000000,0.000000,,,0.000000,0.978566,-0.819085
SportsMOT,V081,348,S_c,3827,18,3727,0,0.000000,0.000000,0.000000,,,0.000000,0.898104,-0.799346
SportsMOT,V081,382,S_c,3828,7,3819,0,0.000000,0.000000,0.000000,,,0.000000,0.943535,-0.948243
SportsMOT,V081,399,S_c,3829,9,3723,0,0.000000,0.000000,0.000000,,,0.000000,0.911855,-0.964233
SportsMOT,V081,453,S_c,3830,4,3751,0,0.000000,0.000000,0.000000,,,0.000000,0.913599,-0.974811
SportsMOT,V081,456,S_c,3831,5,3748,0,0.000000,0.000000,0.000000,,,0.000000,0.904170,-0.960441
SportsMOT,V082,48,S_c,3848,11,3846,0,0.000000,0.000000,0.000000,,,0.000000,0.923736,-0.966609
SportsMOT,V082,90,S_r,3849,11,3848,0,0.870238,0.000000,0.870238,,0.029880,0.000000,-1.795606,-1.795606
SportsMOT,V082,230,S_c,3857,8,3841,0,0.000000,0.000000,0.000000,,,0.000000,0.944668,-0.938690
SportsMOT,V082,257,S_r,3858,7,3833,0,0.918484,0.000000,0.918484,,0.011441,0.000000,-1.855799,-1.855799
SportsMOT,V082,261,S_c,3859,5,3834,0,0.000000,0.000000,0.000000,,,0.000000,0.931789,-0.901853
SportsMOT,V082,377,S_c,3861,16,3851,0,0.000000,0.000000,0.000000,,,0.000000,0.886359,-0.794075
SportsMOT,V082,385,S_c,3880,19,3860,0,0.000000,0.000000,0.000000,,,0.000000,-0.925881,-0.925881
SportsMOT,V082,398,S_h,3853,15,3850,0,0.000000,0.000000,0.000000,,,0.000000,,
SportsMOT,V082,407,S_c,4002,9,3843,1,,,,,,,,
SportsMOT,V082,409,S_c,4016,3,3839,0,0.000000,0.000000,0.000000,,,0.000000,,
SportsMOT,V082,413,S_c,4049,10,3844,0,0.000000,0.000000,0.000000,,,0.000000,0.847282,-0.942615
SportsMOT,V082,414,S_c,4056,10,3844,0,0.000000,0.000000,0.000000,,,0.000000,-0.880225,-0.880225
SportsMOT,V082,415,S_c,4057,6,3838,0,0.000000,0.000000,0.000000,,,0.000000,0.005855,-0.890540
SportsMOT,V082,416,S_c,4065,11,3849,0,0.000000,0.000000,0.000000,,,0.000000,0.000000,-0.399354
SportsMOT,V082,416,S_c,4063,16,3851,0,0.000000,0.000000,0.000000,,,0.000000,0.000000,-0.399354
SportsMOT,V082,417,S_c,4068,4,3842,0,0.000000,0.000000,0.000000,,,0.000000,0.000000,-0.975212
SportsMOT,V082,417,S_c,4071,10,3844,0,0.000000,0.000000,0.000000,,,0.000000,-0.975212,-0.975212
SportsMOT,V082,417,S_c,4069,13,3840,0,0.000000,0.000000,0.000000,,,0.000000,0.000000,-0.975212
SportsMOT,V082,418,S_c,4074,10,3844,0,0.019727,0.000000,0.019727,,,0.000000,-0.019727,-0.958678
SportsMOT,V082,418,S_c,4073,12,3845,0,0.005493,0.000000,0.005493,,,0.140459,0.525622,-0.025220
SportsMOT,V082,418,S_c,4072,15,3850,0,0.000000,0.000000,0.000000,,,0.000000,0.019727,-0.938951
SportsMOT,V082,419,S_c,4075,10,3844,0,0.142499,0.000000,0.142499,,,0.000000,-1.054887,-1.054887
SportsMOT,V082,420,S_c,4076,10,3844,0,0.219938,0.000000,0.219938,,,0.000000,-1.108034,-1.108034
SportsMOT,V082,423,S_c,4079,8,3857,0,0.382785,0.000000,0.382785,,,0.430223,0.396617,-1.254578
SportsMOT,V083,392,S_c,4100,4,4083,0,0.000000,0.000000,0.000000,,,0.000000,0.941606,-0.938174
SportsMOT,V083,421,S_c,4101,2,4084,0,0.000000,0.000000,0.000000,,,0.000000,0.937772,-0.938603
SportsMOT,V083,423,S_c,4102,2,4084,0,0.000000,0.000000,0.000000,,,0.000000,0.878251,-0.834470
SportsMOT,V083,444,S_c,4103,12,4094,0,0.000000,0.000000,0.000000,,,0.000000,0.749191,-0.931401
SportsMOT,V083,448,S_c,4104,5,4087,0,0.038581,0.000000,0.038581,,,0.052367,0.869761,-0.924191
SportsMOT,V083,448,S_c,4105,13,4081,0,0.000000,0.000000,0.000000,,,0.000000,0.908342,-0.885610
SportsMOT,V083,483,S_c,4106,16,4098,0,0.000000,0.000000,0.000000,,,0.000000,0.707373,-0.871036
SportsMOT,V083,501,S_c,4107,10,4090,0,0.000000,0.000000,0.000000,,,0.000000,0.953438,-0.939922
SportsMOT,V083,590,S_r,4103,5,4104,0,0.930358,0.482833,0.447525,0.768221,0.012957,0.648654,-0.952599,-0.952599
SportsMOT,V083,590,S_r,4104,12,4103,0,0.947009,0.441935,0.505074,0.901644,0.026131,0.640745,-0.952599,-0.952599
SportsMOT,V083,611,S_c,4109,0,4080,0,0.000000,0.000000,0.000000,,,0.000000,0.945723,-0.957822
SportsMOT,V083,674,S_c,4110,4,4100,0,0.000000,0.000000,0.000000,,,0.000000,0.933295,-0.811452
SportsMOT,V083,677,S_c,4111,10,4107,0,0.000000,0.000000,0.000000,,,0.000000,0.972941,-0.982668
SportsMOT,V083,699,S_c,4112,15,4097,0,0.000000,0.000000,0.000000,,,0.000000,0.861494,-0.962020
SportsMOT,V083,704,S_r,4113,16,4106,0,0.925716,0.000000,0.925716,,0.021307,0.000000,-1.829606,-1.829606
SportsMOT,V083,718,S_c,4114,6,4086,0,0.000000,0.000000,0.000000,,,0.000000,0.945140,-0.934381
SportsMOT,V083,746,S_c,4116,21,4108,0,0.000000,0.000000,0.000000,,,0.000000,0.908748,-0.949557
SportsMOT,V083,750,S_c,4117,10,4111,0,0.000000,0.000000,0.000000,,,0.000000,0.712255,-0.629483
SportsMOT,V083,750,S_c,4118,11,4092,0,0.000000,0.000000,0.000000,,,0.000000,0.712255,-0.629483
SportsMOT,V083,750,S_c,4121,12,4104,0,0.000000,0.000000,0.000000,,,0.000000,0.712255,-0.629483
SportsMOT,V083,750,S_c,4119,16,4113,0,0.000000,0.000000,0.000000,,,0.000000,0.712255,-0.629483
SportsMOT,V083,750,S_c,4124,21,4116,0,0.000000,0.000000,0.000000,,,0.000000,0.712255,-0.629483
SportsMOT,V083,755,S_c,4142,1,4088,0,0.000000,0.000000,0.000000,,,0.000000,0.618875,-0.666216
SportsMOT,V083,758,S_c,4149,5,4103,0,0.000000,0.000000,0.000000,,,0.000000,0.897917,-0.946225
SportsMOT,V083,760,S_c,4152,6,4114,0,0.000000,0.000000,0.000000,,,0.000000,0.714684,-0.702442
SportsMOT,V083,761,S_c,4154,5,4103,0,0.000000,0.000000,0.000000,,,0.000000,0.379301,-0.894882
SportsMOT,V083,763,S_c,4157,2,4102,0,0.000000,0.000000,0.000000,,,0.000000,0.822441,-0.877402
SportsMOT,V083,767,S_c,4160,2,4102,0,0.000000,0.000000,0.000000,,,0.000000,0.820888,-0.939787
SportsMOT,V083,770,S_c,4161,2,4160,0,0.000000,0.000000,0.000000,,,0.000000,0.812554,-0.691378
SportsMOT,V083,841,S_r,4164,4,4110,0,0.912781,0.112812,0.799969,0.979550,0.083541,0.223183,-1.576761,-1.576761
SportsMOT,V083,875,S_r,4117,6,4152,0,0.914049,0.301226,0.612822,0.948470,0.044141,0.462121,-1.218565,-1.218565
SportsMOT,V083,875,S_r,4152,10,4117,0,0.946307,0.340564,0.605743,0.996838,0.039421,0.487127,-1.218565,-1.218565
SportsMOT,V084,142,S_c,4183,8,4171,0,0.000000,0.000000,0.000000,,,0.000000,0.959735,-0.910822
SportsMOT,V084,142,S_c,4182,11,4176,0,0.000000,0.000000,0.000000,,,0.000000,0.959735,-0.910822
SportsMOT,V084,142,S_c,4184,15,4179,0,0.211943,0.000000,0.211943,,,0.325366,0.574190,-1.171678
SportsMOT,V084,146,S_h,4179,16,4181,0,0.151160,0.000000,0.151160,,,0.000000,-0.151160,-0.151160
SportsMOT,V084,147,S_c,4186,4,4167,0,0.000000,0.000000,0.000000,,,0.067632,0.603610,-0.763239
SportsMOT,V084,147,S_c,4189,9,4168,0,0.029160,0.000000,0.029160,,,0.049371,0.734079,-0.632770
SportsMOT,V084,147,S_c,4187,11,4182,0,0.000000,0.000000,0.000000,,,0.000000,0.603610,-0.763239
SportsMOT,V084,147,S_c,4188,15,4184,0,0.000000,0.000000,0.000000,,,0.000000,0.603610,-0.763239
SportsMOT,V084,148,S_c,4195,12,4177,0,0.000000,0.000000,0.000000,,,0.000000,0.375728,-0.847119
SportsMOT,V084,149,S_c,4199,14,4180,0,0.216844,0.000000,0.216844,,,0.355456,0.675011,-1.177179
SportsMOT,V084,152,S_h,4171,4,4186,0,0.043257,0.000000,0.043257,,,0.152574,0.510458,-0.720268
SportsMOT,V084,152,S_c,4204,12,4195,0,0.000000,0.000000,0.000000,,,0.000000,0.553714,-0.677011
SportsMOT,V084,153,S_c,4210,16,4179,0,0.000000,0.000000,0.000000,,,0.000000,0.423958,-0.321430
SportsMOT,V084,154,S_c,4215,11,4187,0,0.000000,0.000000,0.000000,,,0.000000,0.452526,-0.893813
SportsMOT,V084,157,S_c,4226,11,4215,0,0.000000,0.000000,0.000000,,,0.000000,0.598291,-0.613079
SportsMOT,V084,157,S_c,4228,14,4199,0,0.000000,0.000000,0.000000,,,0.180382,0.598291,-0.613079
SportsMOT,V084,157,S_c,4225,15,4188,0,0.000000,0.000000,0.000000,,,0.139326,0.598291,-0.613079
SportsMOT,V084,162,S_c,4233,10,4169,0,0.000000,0.000000,0.000000,,,0.000000,0.602201,-0.914242
SportsMOT,V084,170,S_c,4238,10,4233,0,0.000000,0.000000,0.000000,,,0.000000,0.805238,-0.956000
SportsMOT,V084,172,S_c,4239,10,4233,0,0.000000,0.000000,0.000000,,,0.000000,0.801718,-0.937048
SportsMOT,V084,255,S_r,4242,2,4165,0,0.934056,0.000000,0.934056,0.999056,0.010614,0.000000,-1.908154,-1.908154
SportsMOT,V084,426,S_c,4244,11,4226,0,0.000000,0.000000,0.000000,,,0.000000,0.980863,-0.957228
SportsMOT,V084,429,S_c,4246,10,4239,0,0.000000,0.000000,0.000000,,,0.000000,0.725785,-0.931867
SportsMOT,V084,446,S_r,4247,3,4174,0,0.736700,0.000000,0.736700,,0.048046,0.000000,-1.604956,-1.604956
SportsMOT,V085,52,S_r,4259,12,4264,0,0.977688,0.452674,0.525015,0.985187,0.030434,0.762684,-0.924528,-0.924528
SportsMOT,V085,52,S_r,4264,14,4259,0,0.895918,0.496404,0.399513,0.992818,0.029982,0.600084,-0.924528,-0.924528
SportsMOT,V085,104,S_c,4265,15,4252,0,0.253410,0.000000,0.253410,,,0.365281,0.602589,-1.193960
SportsMOT,V085,113,S_c,4267,16,4256,0,0.000000,0.000000,0.000000,,,0.000000,0.582457,-0.939987
SportsMOT,V085,120,S_c,4269,14,4264,0,0.000000,0.000000,0.000000,,,0.000000,0.862437,-0.925963
SportsMOT,V085,134,S_c,4271,13,4257,0,0.000000,0.000000,0.000000,,,0.000000,0.851140,-0.977015
SportsMOT,V085,224,S_c,4272,1,4251,0,0.000000,0.000000,0.000000,,,0.000000,0.914399,-0.971600
SportsMOT,V085,279,S_c,4273,4,4248,0,0.000000,0.000000,0.000000,,,0.000000,0.604169,-0.763540
SportsMOT,V085,355,S_c,4274,13,4271,0,0.000000,0.000000,0.000000,,,0.000000,0.934782,-0.921743
SportsMOT,V085,386,S_c,4275,12,4259,0,0.000000,0.000000,0.000000,,,0.000000,0.966740,-0.940472
SportsMOT,V085,438,S_h,4275,8,4258,0,0.434769,0.000000,0.434769,,,0.969147,0.282786,-1.392911
SportsMOT,V085,438,S_r,4258,12,4275,0,0.717555,0.000000,0.717555,,0.106035,0.460566,-0.282786,-1.675697
SportsMOT,V085,470,S_c,4277,0,4263,0,0.000000,0.000000,0.000000,,,0.000000,0.849682,-0.789929
SportsMOT,V085,470,S_r,4262,17,4270,0,0.523589,0.115080,0.408509,0.737705,0.152673,0.298147,-1.138795,-1.138795
SportsMOT,V085,474,S_r,4265,17,4262,0,0.510826,0.127413,0.383413,0.439269,0.286630,0.000000,-0.383413,-0.383413
SportsMOT,V085,475,S_c,4283,10,4262,0,0.091839,0.000000,0.091839,,,0.253493,0.521586,-0.994081
SportsMOT,V085,475,S_c,4281,11,4254,0,0.000000,0.000000,0.000000,,,0.000000,0.728874,-0.902242
SportsMOT,V085,476,S_c,4286,18,4268,0,0.129008,0.073054,0.055953,,,0.281563,0.867887,-0.939653
SportsMOT,V085,479,S_c,4289,17,4265,0,0.288600,0.259022,0.029578,,,0.684211,-0.357031,-0.357031
SportsMOT,V085,480,S_c,4291,18,4286,0,0.114059,0.113590,0.000469,,,0.168557,0.613427,0.613427
SportsMOT,V085,481,S_c,4292,15,4265,0,0.143091,0.000000,0.143091,,,0.163691,0.672015,-0.632269
SportsMOT,V086,62,S_c,4301,5,4297,0,0.000000,0.000000,0.000000,,,0.000000,0.135985,-0.862499
SportsMOT,V086,67,S_c,4304,1,4296,0,0.000000,0.000000,0.000000,,,0.000000,0.789270,-0.731529
SportsMOT,V086,67,S_c,4306,3,4294,0,0.000000,0.000000,0.000000,,,0.000000,0.789270,-0.731529
SportsMOT,V086,67,S_c,4305,4,4295,0,0.000000,0.000000,0.000000,,,0.000000,0.789270,-0.731529
SportsMOT,V086,67,S_c,4308,7,4302,0,0.000000,0.000000,0.000000,,,0.000000,0.789270,-0.731529
SportsMOT,V086,71,S_h,4296,2,4293,0,0.295503,0.000000,0.295503,,,0.000000,-0.923932,-0.923932
SportsMOT,V086,72,S_c,4326,7,4308,0,0.000000,0.000000,0.000000,,,0.000000,0.336340,-0.693321
SportsMOT,V086,77,S_c,4349,10,4339,0,0.000000,0.000000,0.000000,,,0.000000,0.645666,-0.671429
SportsMOT,V086,82,S_c,4402,13,4381,0,0.000000,0.000000,0.000000,,,0.000000,0.595786,-0.633236
SportsMOT,V086,86,S_h,4295,7,4326,0,0.000000,0.000000,0.000000,,,0.000000,0.584234,-0.442132
SportsMOT,V086,87,S_c,4446,10,4349,0,0.000000,0.000000,0.000000,,,0.000000,0.674681,-0.575339
SportsMOT,V086,88,S_c,4458,3,4306,0,0.000000,0.000000,0.000000,,,0.000000,0.364387,-0.840594
SportsMOT,V086,89,S_c,4472,2,4296,0,0.000000,0.000000,0.000000,,,0.000000,0.357324,-0.916396
SportsMOT,V086,92,S_c,4495,2,4472,0,0.000000,0.000000,0.000000,,,0.000000,0.577930,-0.726429
SportsMOT,V086,92,S_c,4493,3,4458,0,0.000000,0.000000,0.000000,,,0.000000,0.577930,-0.726429
SportsMOT,V086,92,S_c,4498,6,4299,0,0.000000,0.000000,0.000000,,,0.000000,0.577930,-0.726429
SportsMOT,V086,92,S_c,4494,7,4295,0,0.000000,0.000000,0.000000,,,0.000000,0.577930,-0.726429
SportsMOT,V086,92,S_c,4497,8,4309,0,0.000000,0.000000,0.000000,,,0.000000,0.577930,-0.726429
SportsMOT,V086,97,S_c,4538,5,4301,0,0.000000,0.000000,0.000000,,,0.000000,0.592751,-0.775802
SportsMOT,V086,97,S_c,4537,9,4309,0,0.000000,0.000000,0.000000,,,0.000000,0.592751,-0.775802
SportsMOT,V086,97,S_c,4535,15,4297,0,0.037716,0.000000,0.037716,,,0.087146,0.738086,-0.630467
SportsMOT,V086,97,S_c,4531,16,4509,0,0.000000,0.000000,0.000000,,,0.000000,0.592751,-0.775802
SportsMOT,V086,97,S_c,4534,18,4511,0,0.000000,0.000000,0.000000,,,0.000000,0.592751,-0.775802
SportsMOT,V086,99,S_c,4542,5,4301,0,0.000000,0.000000,0.000000,,,0.000000,0.893049,-0.975057
SportsMOT,V086,99,S_c,4540,9,4309,0,0.000000,0.000000,0.000000,,,0.000000,0.893049,-0.975057
SportsMOT,V086,102,S_c,4546,5,4542,0,0.000000,0.000000,0.000000,,,0.000000,0.612816,-0.718576
SportsMOT,V086,102,S_c,4545,9,4540,0,0.000000,0.000000,0.000000,,,0.000000,0.612816,-0.718576
SportsMOT,V086,116,S_h,4540,11,4297,0,0.000000,0.000000,0.000000,,,0.000000,0.852859,-0.770011
SportsMOT,V086,303,S_c,4566,19,4548,0,0.000000,0.000000,0.000000,,,0.000000,0.972612,-0.894982
SportsMOT,V086,364,S_c,4577,13,4402,0,0.000000,0.000000,0.000000,,,0.000000,0.824115,-0.752434
SportsMOT,V086,364,S_c,4578,17,4532,0,0.000000,0.000000,0.000000,,,0.000000,0.824115,-0.752434
SportsMOT,V086,366,S_c,4583,9,4545,0,0.000000,0.000000,0.000000,,,0.000000,0.809487,-0.957456
SportsMOT,V086,369,S_c,4595,16,4531,0,0.000000,0.000000,0.000000,,,0.000000,0.612004,-0.720084
SportsMOT,V086,375,S_h,4583,8,4497,0,0.000000,0.000000,0.000000,,,0.000000,0.872476,0.872476
SportsMOT,V086,379,S_c,4647,8,4583,0,0.000000,0.000000,0.000000,,,0.000000,0.504037,-0.974761
SportsMOT,V086,380,S_c,4655,10,4446,0,0.000000,0.000000,0.000000,,,0.000000,0.428126,0.428126
SportsMOT,V086,383,S_h,4534,13,4577,0,0.000000,0.000000,0.000000,,,0.000000,0.000000,0.000000
SportsMOT,V086,384,S_c,4686,7,4494,0,0.000000,0.000000,0.000000,,,0.000000,0.779220,-0.272477
SportsMOT,V086,384,S_c,4679,10,4655,0,0.000000,0.000000,0.000000,,,0.000000,0.779220,-0.272477
SportsMOT,V086,386,S_c,4699,5,4546,0,0.000000,0.000000,0.000000,,,0.000000,0.734076,-0.904309
SportsMOT,V086,386,S_c,4693,8,4647,0,0.000000,0.000000,0.000000,,,0.000000,0.734076,-0.904309
SportsMOT,V086,390,S_c,4715,13,4534,0,0.000000,0.000000,0.000000,,,0.000000,0.759358,-0.855615
SportsMOT,V086,391,S_c,4724,6,4498,0,0.000000,0.000000,0.000000,,,0.000000,0.339377,-0.942263
SportsMOT,V086,394,S_c,4736,5,4546,0,0.000000,0.000000,0.000000,,,0.000000,0.708901,-0.762786
SportsMOT,V086,394,S_c,4733,6,4724,0,0.000000,0.000000,0.000000,,,0.000000,0.708901,-0.762786
SportsMOT,V086,394,S_c,4734,8,4693,0,0.000000,0.000000,0.000000,,,0.000000,0.708901,-0.762786
SportsMOT,V086,395,S_c,4743,1,4304,0,0.000000,0.000000,0.000000,,,0.000000,0.366721,-0.923452
SportsMOT,V086,395,S_c,4742,4,4305,0,0.000000,0.000000,0.000000,,,0.000000,0.366721,-0.923452
SportsMOT,V086,395,S_h,4595,11,4540,0,0.000000,0.000000,0.000000,,,0.000000,0.366721,-0.923452
SportsMOT,V086,395,S_c,4740,13,4715,0,0.000000,0.000000,0.000000,,,0.000000,0.366721,-0.923452
SportsMOT,V086,398,S_h,4577,9,4545,0,0.000000,0.000000,0.000000,,,0.000000,0.608690,-0.832436
SportsMOT,V086,399,S_c,4751,1,4304,0,0.000000,0.000000,0.000000,,,0.000000,0.569155,-0.259687
SportsMOT,V086,399,S_c,4752,2,4495,0,0.000000,0.000000,0.000000,,,0.000000,0.569155,-0.259687
SportsMOT,V086,401,S_h,4743,3,4493,0,0.000000,0.000000,0.000000,,,0.000000,0.969125,-0.958885
SportsMOT,V086,402,S_c,4757,11,4540,0,0.000000,0.000000,0.000000,,,0.000000,0.813151,-0.878278
SportsMOT,V086,404,S_c,4760,11,4540,0,0.000000,0.000000,0.000000,,,0.000000,0.870151,-0.857317
SportsMOT,V086,422,S_h,4740,9,4577,0,0.676831,0.000000,0.676831,,,0.000000,-0.676831,-1.632926
SportsMOT,V086,437,S_c,4763,0,4298,0,0.000000,0.000000,0.000000,,,0.000000,0.888607,-0.933367
SportsMOT,V086,439,S_c,4764,12,4559,0,0.000000,0.000000,0.000000,,,0.000000,0.917801,-0.927473
SportsMOT,V086,445,S_c,4765,9,4740,0,0.000000,0.000000,0.000000,,,0.000000,0.867319,-0.910801
SportsMOT,V086,464,S_c,4766,14,4533,0,0.000000,0.000000,0.000000,,,0.000000,0.838272,-0.937257
SportsMOT,V086,469,S_c,4767,13,4715,0,0.000000,0.000000,0.000000,,,0.000000,0.734859,-0.888316
SportsMOT,V086,481,S_c,4768,19,4566,0,0.000000,0.000000,0.000000,,,0.000000,0.941006,-0.929910
SportsMOT,V086,486,S_c,4769,15,4535,0,0.000000,0.000000,0.000000,,,0.000000,0.818457,-0.945088
SportsMOT,V086,515,S_c,4785,15,4769,0,0.000000,0.000000,0.000000,,,0.000000,0.907356,-0.807948
SportsMOT,V086,527,S_c,4786,17,4578,0,0.000000,0.000000,0.000000,,,0.000000,0.935481,0.000000
SportsMOT,V086,530,S_c,4788,16,4531,0,0.000000,0.000000,0.000000,,,0.000000,0.891111,-0.837175
SportsMOT,V086,530,S_c,4787,17,4786,0,0.000000,0.000000,0.000000,,,0.000000,0.891111,-0.837175
SportsMOT,V086,535,S_c,4790,5,4736,0,0.000000,0.000000,0.000000,,,0.000000,0.727842,-0.900869
SportsMOT,V086,535,S_c,4792,18,4534,0,0.000000,0.000000,0.000000,,,0.000000,0.727842,-0.900869
SportsMOT,V086,540,S_c,4798,7,4686,0,0.000000,0.000000,0.000000,,,0.000000,0.476367,-0.938553
SportsMOT,V086,541,S_r,4786,18,4792,0,0.860450,0.000000,0.860450,0.999448,0.170216,0.000000,-1.275886,-1.275886
SportsMOT,V086,547,S_c,4812,15,4785,0,0.000000,0.000000,0.000000,,,0.000000,0.954195,-0.936038
SportsMOT,V086,550,S_c,4816,15,4812,0,0.000000,0.000000,0.000000,,,0.000000,0.685279,-0.820218
SportsMOT,V086,553,S_c,4820,11,4760,0,0.000000,0.000000,0.000000,,,0.000000,0.917304,-0.896480
SportsMOT,V086,555,S_c,4822,15,4816,0,0.000000,0.000000,0.000000,,,0.000000,0.736804,-0.916922
SportsMOT,V086,557,S_c,4824,11,4760,0,0.000000,0.000000,0.000000,,,0.000000,0.806851,-0.915023
SportsMOT,V086,560,S_c,4826,11,4760,0,0.000000,0.000000,0.000000,,,0.000000,0.648225,-0.798707
SportsMOT,V086,582,S_h,4824,15,4822,0,0.780654,0.000000,0.780654,,,0.000000,-1.704863,-1.704863
SportsMOT,V086,584,S_h,4822,15,4824,0,0.395832,0.000000,0.395832,,,0.000000,-1.146353,-1.146353
SportsMOT,V086,590,S_c,4827,20,4565,0,0.000000,0.000000,0.000000,,,0.000000,0.763630,-0.853655
SportsMOT,V086,712,S_c,4828,10,4679,0,0.000000,0.000000,0.000000,,,0.000000,0.931647,-0.978498
SportsMOT,V086,714,S_c,4829,15,4822,0,0.000000,0.000000,0.000000,,,0.000000,0.752950,-0.963517
SportsMOT,V086,716,S_c,4830,15,4822,0,0.000000,0.000000,0.000000,,,0.000000,0.865066,-0.839309
SportsMOT,V086,745,S_r,4831,9,4765,0,0.762228,0.000000,0.762228,0.998011,0.116849,0.000000,-1.583862,-1.583862
SportsMOT,V086,754,S_c,4832,11,4826,0,0.000000,0.000000,0.000000,,,0.000000,0.930196,-0.964701
SportsMOT,V086,756,S_c,4833,11,4826,0,0.000000,0.000000,0.000000,,,0.000000,0.823387,-0.821613
SportsMOT,V087,104,S_r,4848,11,4838,0,0.662993,0.580131,0.082862,,0.083674,0.059449,-0.145929,-0.145929
SportsMOT,V087,104,S_c,4850,14,4849,0,0.000000,0.000000,0.000000,,,0.000000,0.662993,-0.828296
SportsMOT,V087,196,S_r,4856,18,4854,0,0.837074,0.753139,0.083935,,0.032781,0.932262,-0.155934,-0.155934
SportsMOT,V087,197,S_h,4854,19,4855,0,0.731886,0.704729,0.027158,,,0.611609,-0.084289,-0.084289
SportsMOT,V087,213,S_r,4847,14,4850,0,0.892450,0.000000,0.892450,0.987764,0.079774,0.000000,-1.699779,-1.699779
SportsMOT,V087,214,S_c,4857,13,4847,0,0.422682,0.000000,0.422682,,,0.588808,0.484007,-1.332487
SportsMOT,V087,216,S_c,4858,6,4843,0,0.000000,0.000000,0.000000,,,0.000000,0.794415,-0.825629
SportsMOT,V087,222,S_c,4859,7,4841,0,0.000000,0.000000,0.000000,,,0.000000,0.880946,-0.853592
SportsMOT,V087,224,S_c,4860,7,4841,0,0.000000,0.000000,0.000000,,,0.000000,0.633599,-0.868128
SportsMOT,V087,229,S_h,4859,3,4844,0,0.000000,0.000000,0.000000,,,0.000000,0.813790,-0.832882
SportsMOT,V087,234,S_c,4861,2,4834,0,0.000000,0.000000,0.000000,,,0.008596,0.755979,-0.824157
SportsMOT,V087,239,S_c,4862,4,4839,0,0.000000,0.000000,0.000000,,,0.000000,0.824299,-0.906563
SportsMOT,V087,261,S_c,4863,1,4837,0,0.000000,0.000000,0.000000,,,0.000000,0.954769,-0.950048
SportsMOT,V087,283,S_c,4865,10,4842,0,0.392639,0.078245,0.314394,,,0.747515,0.368710,-0.944355
SportsMOT,V087,285,S_c,4866,10,4842,0,0.194600,0.104358,0.090241,,,0.467700,0.524734,-0.583761
SportsMOT,V087,286,S_c,4867,6,4858,0,0.575787,0.191034,0.384752,,,0.923270,0.132021,-0.971176
SportsMOT,V087,289,S_c,4868,0,4836,0,0.122981,0.000000,0.122981,,,0.210745,0.730605,-0.934232
SportsMOT,V087,315,S_c,4870,6,4867,0,0.167360,0.022897,0.144463,,,0.318680,0.575249,-0.865718
SportsMOT,V087,318,S_h,4867,9,4845,0,0.600702,0.090930,0.509772,,,0.202165,-1.436937,-1.436937
SportsMOT,V087,319,S_r,4840,3,4859,0,0.332340,0.222484,0.109856,-0.360202,0.122807,0.252674,0.320381,-0.400914
SportsMOT,V087,319,S_r,4859,7,4860,0,0.291058,0.199255,0.091803,-0.035118,0.293959,0.040436,0.130681,-0.091803
SportsMOT,V087,319,S_r,4862,8,4840,0,0.719954,0.430237,0.289717,0.755043,0.145020,0.228206,-0.481561,-0.481561
SportsMOT,V087,319,S_r,4848,9,4845,0,0.359596,0.162557,0.197039,-0.219578,0.215148,0.198490,0.260016,-0.197039
SportsMOT,V087,319,S_r,4835,11,4848,0,0.698920,0.457054,0.241865,0.990768,0.057776,0.256166,-0.524216,-0.524216
SportsMOT,V087,320,S_c,4872,4,4862,0,0.232316,0.000000,0.232316,,,0.520456,0.502803,-0.722092
SportsMOT,V087,320,S_c,4874,5,4835,0,0.134263,0.031185,0.103078,,,0.315032,0.594209,-0.768396
SportsMOT,V087,320,S_c,4871,12,4846,0,0.000000,0.000000,0.000000,,,0.000000,0.665318,-0.489777
SportsMOT,V087,320,S_c,4873,15,4851,0,0.000000,0.000000,0.000000,,,0.000000,0.665318,-0.489777
SportsMOT,V087,321,S_c,4875,13,4857,0,0.074690,0.000000,0.074690,,,0.077343,0.306810,-1.037457
SportsMOT,V087,324,S_r,4862,3,4840,0,0.465911,0.211407,0.254504,0.464147,0.145131,0.210123,0.138034,-0.531488
SportsMOT,V087,324,S_r,4840,7,4859,0,0.276985,0.126529,0.150455,0.116966,0.317782,0.050382,0.060952,-0.150455
SportsMOT,V087,324,S_r,4872,8,4862,0,0.503536,0.392537,0.110999,0.678372,0.151487,0.344345,-0.504517,-0.504517
SportsMOT,V087,324,S_r,4835,9,4848,0,0.314916,0.219887,0.095029,0.096734,0.225238,0.114092,0.263212,-0.095029
SportsMOT,V087,324,S_r,4874,11,4835,0,0.725601,0.358241,0.367361,0.991957,0.123591,0.121528,-0.637928,-0.637928
SportsMOT,V087,325,S_c,4881,5,4874,0,0.265737,0.000000,0.265737,,,0.373943,0.612265,-0.671756
SportsMOT,V087,325,S_c,4878,13,4875,0,0.006537,0.000000,0.006537,,,0.039384,0.507156,-0.884539
SportsMOT,V087,325,S_c,4877,14,4847,0,0.000000,0.000000,0.000000,,,0.000000,0.878002,-0.406019
SportsMOT,V087,325,S_c,4876,17,4852,0,0.000000,0.000000,0.000000,,,0.000000,0.878002,-0.406019
SportsMOT,V087,326,S_c,4884,10,4866,0,0.427969,0.299069,0.128900,,,0.658995,0.115560,-0.487631
SportsMOT,V087,329,S_r,4872,3,4862,0,0.476746,0.234842,0.241904,0.824545,0.329165,0.414180,-0.085036,-0.241904
SportsMOT,V087,329,S_h,4860,6,4870,0,0.000000,0.000000,0.000000,,,0.000000,0.481627,-0.476746
SportsMOT,V087,329,S_c,4889,8,4872,0,0.156868,0.000000,0.156868,,,0.517851,0.319878,-0.638494
SportsMOT,V087,329,S_r,4874,9,4835,0,0.469862,0.205629,0.264234,0.546529,0.301011,0.248446,-0.000410,-0.264234
SportsMOT,V087,329,S_r,4881,11,4874,0,0.657672,0.481627,0.176045,0.992452,0.136977,0.230052,-0.347436,-0.347436
SportsMOT,V087,329,S_h,4846,13,4878,0,0.346336,0.067084,0.279253,,,0.111366,-0.709281,-0.709281
SportsMOT,V087,329,S_h,4875,14,4877,0,0.378873,0.000000,0.378873,,,0.000000,-0.943567,-0.943567
SportsMOT,V087,330,S_c,4893,5,4881,0,0.239157,0.101510,0.137648,,,0.530880,-0.585933,-0.585933
SportsMOT,V087,330,S_h,4862,7,4840,0,0.007414,0.000000,0.007414,,,0.000000,0.441539,-0.712722
SportsMOT,V087,330,S_c,4894,19,4854,0,0.000000,0.000000,0.000000,,,0.000000,0.448953,-0.705308
SportsMOT,V087,331,S_r,4870,10,4884,0,0.908300,0.227303,0.680998,0.992616,0.278484,1.000000,-0.588856,-1.116255
SportsMOT,V087,331,S_c,4896,16,4853,0,0.162842,0.000000,0.162842,,,0.212490,0.389457,-1.058249
SportsMOT,V087,334,S_h,4878,14,4875,0,0.386365,0.000000,0.386365,,,0.000000,-0.386365,-1.112106
SportsMOT,V087,335,S_c,4901,16,4896,0,0.095885,0.000000,0.095885,,,0.198394,0.529210,-0.819350
SportsMOT,V087,336,S_c,4905,18,4856,0,0.000000,0.000000,0.000000,,,0.000000,0.541787,-0.741000
SportsMOT,V087,340,S_c,4915,18,4905,0,0.000000,0.000000,0.000000,,,0.000000,0.660097,-0.703432
SportsMOT,V087,341,S_c,4918,6,4860,0,0.000000,0.000000,0.000000,,,0.000000,0.413100,-0.866052
SportsMOT,V087,344,S_h,4860,9,4874,0,0.501064,0.135580,0.365484,,,0.274468,-0.106234,-1.040762
SportsMOT,V087,346,S_h,4874,9,4860,0,0.849486,0.167111,0.682375,,,0.291496,-1.404456,-1.404456
SportsMOT,V087,350,S_h,4867,19,4894,0,0.637005,0.050560,0.586445,,,0.150820,-1.276990,-1.276990
SportsMOT,V087,355,S_h,4875,14,4878,0,0.799922,0.000000,0.799922,,,0.000000,-0.799922,-1.635023
SportsMOT,V087,386,S_c,4921,9,4874,0,0.000000,0.000000,0.000000,,,0.000000,0.950776,-0.933270
SportsMOT,V087,399,S_r,4901,19,4867,0,0.650680,0.465413,0.185267,0.681426,0.096868,0.552288,0.146082,0.146082
SportsMOT,V087,402,S_c,4922,16,4901,0,0.290615,0.273761,0.016855,,,0.665596,0.248613,-0.199410
SportsMOT,V087,405,S_c,4924,10,4870,0,0.000000,0.000000,0.000000,,,0.000000,0.714867,-0.799692
SportsMOT,V087,405,S_c,4923,16,4922,0,0.607600,0.078341,0.529259,,,0.591374,-0.077776,-1.320787
SportsMOT,V087,406,S_c,4925,8,4889,0,0.363582,0.000000,0.363582,,,0.361554,0.204150,-1.272715
SportsMOT,V087,408,S_c,4926,6,4918,0,0.036785,0.000000,0.036785,,,0.000000,0.653942,-0.976378
SportsMOT,V087,409,S_r,4924,8,4925,0,0.581227,0.306405,0.274822,0.492050,0.232067,0.000000,-0.274822,-0.274822
SportsMOT,V087,409,S_r,4923,19,4901,0,0.574749,0.514087,0.060662,0.923169,0.108833,0.000000,-0.060662,-0.060662
SportsMOT,V087,410,S_r,4926,7,4862,0,0.436620,0.000000,0.436620,0.535454,0.168818,0.436003,0.273314,-1.282395
SportsMOT,V087,410,S_c,4927,10,4924,0,0.181487,0.000000,0.181487,,,0.480791,0.486643,-1.027262
SportsMOT,V087,410,S_c,4928,16,4923,0,0.194569,0.000000,0.194569,,,0.385787,0.589208,-0.904504
SportsMOT,V087,410,S_h,4922,18,4915,0,0.587649,0.000000,0.587649,,,0.000000,-0.587649,-1.297584
SportsMOT,V087,411,S_c,4929,3,4872,0,0.005795,0.000000,0.005795,,,0.000000,0.542261,-0.687726
SportsMOT,V087,414,S_r,4925,6,4918,0,0.620071,0.460262,0.159809,0.999778,0.222013,0.088906,-0.108460,-0.108460
SportsMOT,V087,414,S_h,4915,18,4922,0,0.568522,0.000000,0.568522,,,0.000000,-0.568522,-1.200334
SportsMOT,V087,415,S_c,4930,7,4926,0,0.508939,0.032669,0.476270,,,0.517479,0.115234,-1.078238
SportsMOT,V087,416,S_c,4931,2,4861,0,0.000000,0.000000,0.000000,,,0.000000,0.606180,-0.917766
SportsMOT,V087,418,S_c,4932,4,4872,0,0.113724,0.000000,0.113724,,,0.169556,0.600418,-1.080296
SportsMOT,V087,419,S_r,4930,6,4925,0,0.595854,0.400732,0.195122,0.735112,0.166115,0.215233,-0.333914,-0.333914
SportsMOT,V087,420,S_c,4933,4,4872,0,0.117914,0.000000,0.117914,,,0.244606,0.565404,-0.969840
SportsMOT,V087,420,S_c,4934,7,4930,0,0.147508,0.033541,0.113967,,,0.350036,0.471944,-0.570090
SportsMOT,V087,425,S_c,4935,1,4863,0,0.000000,0.000000,0.000000,,,0.000000,0.766405,-0.831240
SportsMOT,V087,434,S_c,4937,0,4868,0,0.000000,0.000000,0.000000,,,0.000000,0.949040,-0.911118
SportsMOT,V087,442,S_h,4922,18,4915,0,0.735338,0.000000,0.735338,,,0.000000,-0.735338,-1.675090
SportsMOT,V087,458,S_r,4924,4,4933,0,0.853329,0.709592,0.143737,0.703630,0.034420,0.874763,-0.296422,-0.296422
SportsMOT,V087,458,S_r,4933,8,4924,0,0.586476,0.496012,0.090464,-0.467476,0.035787,0.620677,-0.299971,-0.299971
SportsMOT,V087,459,S_r,4924,3,4929,0,0.792207,0.496537,0.295670,-0.766581,0.006842,0.780525,-0.633145,-0.633145
SportsMOT,V087,459,S_r,4929,4,4933,0,0.951758,0.313768,0.637990,0.998771,0.051219,0.556034,-1.044502,-1.044502
SportsMOT,V087,474,S_r,4933,3,4924,0,0.970649,0.338983,0.631665,0.997797,0.056012,0.496539,-1.120633,-1.120633
SportsMOT,V087,474,S_r,4924,8,4933,0,0.885769,0.396801,0.488967,0.328389,0.020772,0.633969,-1.120633,-1.120633
SportsMOT,V087,484,S_c,4939,18,4922,0,0.000000,0.000000,0.000000,,,0.000000,0.955829,-0.955974
SportsMOT,V087,528,S_c,4940,1,4935,0,0.000000,0.000000,0.000000,,,0.000000,0.948321,-0.939964
SportsMOT,V087,536,S_c,4941,0,4937,0,0.000000,0.000000,0.000000,,,0.000000,0.932549,-0.969138
SportsMOT,V087,556,S_c,4942,19,4923,0,0.000000,0.000000,0.000000,,,0.000000,0.918232,-0.973230
SportsMOT,V087,583,S_c,4943,16,4928,0,0.002562,0.000000,0.002562,,,0.054406,0.919803,-0.946786
SportsMOT,V087,597,S_c,4945,7,4934,0,0.063027,0.000000,0.063027,,,0.209767,0.683769,-0.986394
SportsMOT,V087,597,S_c,4944,9,4921,0,0.000000,0.000000,0.000000,,,0.000000,0.923367,-0.748860
SportsMOT,V087,601,S_r,4929,7,4945,0,0.336608,0.157441,0.179167,0.345217,0.368303,0.000000,-0.179167,-0.179167
SportsMOT,V087,601,S_h,4921,11,4881,0,0.164839,0.000000,0.164839,,,0.000000,-0.762771,-0.762771
SportsMOT,V087,601,S_r,4871,15,4873,0,0.518082,0.288327,0.229755,0.409210,0.208601,0.000000,-0.229755,-0.229755
SportsMOT,V087,602,S_c,4946,12,4871,0,0.188323,0.000000,0.188323,,,0.442491,0.474849,-0.922129
SportsMOT,V087,602,S_c,4947,14,4875,0,0.000000,0.000000,0.000000,,,0.000000,0.931249,-0.733806
SportsMOT,V087,603,S_c,4954,13,4846,0,0.000000,0.000000,0.000000,,,0.000000,0.311087,-0.738861
SportsMOT,V087,607,S_c,4961,13,4954,0,0.000000,0.000000,0.000000,,,0.000000,0.611099,-0.715921
SportsMOT,V087,608,S_c,4966,9,4944,0,0.000000,0.000000,0.000000,,,0.000000,0.489398,-0.853263
SportsMOT,V087,611,S_h,4944,11,4921,0,0.000000,0.000000,0.000000,,,0.000000,0.000000,-0.932712
SportsMOT,V087,625,S_h,4934,13,4961,0,0.281069,0.000000,0.281069,,,0.000000,-0.281069,-1.244677
SportsMOT,V088,139,S_c,4993,1,4985,0,0.000000,0.000000,0.000000,,,0.000000,0.880474,-0.849166
SportsMOT,V088,151,S_c,4994,4,4983,0,0.000000,0.000000,0.000000,,,0.000000,0.925132,-0.948879
SportsMOT,V088,153,S_c,4995,12,4987,0,0.000000,0.000000,0.000000,,,0.000000,-0.679790,-0.679790
SportsMOT,V088,154,S_c,4996,4,4994,0,0.000000,0.000000,0.000000,,,0.000000,0.605211,-0.747839
SportsMOT,V088,157,S_c,4997,0,4977,0,0.000000,0.000000,0.000000,,,0.000000,0.773437,-0.932505
SportsMOT,V088,171,S_r,4981,7,4988,0,0.630943,0.616931,0.014013,,0.081122,0.763296,-0.050644,-0.050644
SportsMOT,V088,171,S_r,4988,8,4981,0,0.866392,0.829761,0.036631,0.998988,0.027733,0.651458,-0.050644,-0.050644
SportsMOT,V088,255,S_r,4998,9,4982,0,0.810806,0.000000,0.810806,,0.019974,0.000000,-1.718553,-1.718553
SportsMOT,V088,266,S_c,5000,10,4984,0,0.085475,0.000000,0.085475,,,0.161968,0.579041,-1.056380
SportsMOT,V088,325,S_c,5003,17,5002,0,0.000000,0.000000,0.000000,,,0.000000,0.849872,0.000000
SportsMOT,V088,385,S_c,5006,4,4996,0,0.000000,0.000000,0.000000,,,0.000000,0.934686,-0.928545
SportsMOT,V088,412,S_c,5008,5,4978,0,0.000000,0.000000,0.000000,,,0.000000,0.933072,-0.978374
SportsMOT,V088,412,S_c,5009,13,4991,0,0.000000,0.000000,0.000000,,,0.000000,0.933072,-0.978374
SportsMOT,V088,533,S_r,5010,16,5001,0,0.892141,0.000000,0.892141,,0.011852,0.000000,-1.814231,-1.814231
SportsMOT,V088,548,S_c,5011,17,5003,0,0.000000,0.000000,0.000000,,,0.000000,0.951654,-0.954769
SportsMOT,V089,28,S_r,5019,6,5016,0,0.843024,0.407143,0.435882,0.971023,0.064888,0.437495,-0.783166,-0.783166
SportsMOT,V089,28,S_r,5016,7,5019,0,0.678112,0.330828,0.347284,0.718502,0.098880,0.431155,-0.783166,-0.783166
SportsMOT,V089,57,S_c,5021,0,5020,0,0.000000,0.000000,0.000000,,,0.000000,0.822778,-0.954910
SportsMOT,V089,79,S_c,5023,9,5022,0,0.000000,0.000000,0.000000,,,0.000000,0.768787,-0.823978
SportsMOT,V089,104,S_c,5026,11,5025,0,0.092862,0.000000,0.092862,,,0.233432,0.518129,-0.878964
SportsMOT,V089,105,S_h,5025,12,5022,0,0.370559,0.010345,0.360214,,,0.000000,-0.360214,-0.783763
SportsMOT,V089,109,S_c,5027,12,5025,0,0.000000,0.000000,0.000000,,,0.000000,0.617490,-0.714462
SportsMOT,V089,124,S_c,5032,14,5030,0,0.000000,0.000000,0.000000,,,0.000000,0.822742,-0.799384
SportsMOT,V089,129,S_c,5035,15,5030,0,0.000000,0.000000,0.000000,,,0.000000,0.667297,-0.843837
SportsMOT,V089,167,S_c,5038,7,5016,0,0.000000,0.000000,0.000000,,,0.000000,0.983231,-0.935927
SportsMOT,V089,251,S_c,5040,8,5015,0,0.133157,0.000000,0.133157,,,0.229122,0.790297,-1.080674
SportsMOT,V089,276,S_c,5041,2,5012,0,0.000000,0.000000,0.000000,,,0.000000,0.962129,-0.891547
SportsMOT,V089,361,S_c,5042,11,5026,0,0.000000,0.000000,0.000000,,,0.000000,0.907571,-0.933973
SportsMOT,V089,411,S_c,5045,10,5024,0,0.000000,0.000000,0.000000,,,0.000000,0.951019,-0.952083
SportsMOT,V089,513,S_c,5046,14,5032,0,0.000000,0.000000,0.000000,,,0.000000,0.974737,-0.961817
SportsMOT,V089,523,S_c,5048,10,5045,0,0.000000,0.000000,0.000000,,,0.000000,0.832267,-0.970416
SportsMOT,V089,572,S_c,5049,0,5021,0,0.000000,0.000000,0.000000,,,0.000000,0.916410,-0.907390
SportsMOT,V089,573,S_r,5049,12,5027,0,0.690489,0.000000,0.690489,,0.144048,0.000000,-1.643752,-1.643752
SportsMOT,V089,574,S_c,5050,0,5021,0,0.205247,0.000000,0.205247,,,0.399556,0.434540,-1.177027
SportsMOT,V089,576,S_r,5050,12,5049,0,0.706767,0.432248,0.274519,0.594104,0.160326,0.000000,-0.274519,-0.274519
SportsMOT,V089,577,S_c,5051,0,5050,0,0.385836,0.000000,0.385836,,,0.814671,0.380445,-1.202807
SportsMOT,V089,595,S_c,5052,13,5029,0,0.000000,0.000000,0.000000,,,0.000000,0.964976,-0.943061
SportsMOT,V089,598,S_c,5053,17,5036,0,0.000000,0.000000,0.000000,,,0.000000,0.845952,-0.919725
SportsMOT,V089,712,S_r,5046,11,5042,0,0.588979,0.358368,0.230611,0.700820,0.295532,0.000000,-0.230611,-0.281392
SportsMOT,V089,713,S_c,5055,14,5046,0,0.195360,0.000000,0.195360,,,0.453737,0.506216,-0.979076
SportsMOT,V089,717,S_r,5055,11,5046,0,0.432280,0.205154,0.227126,0.604741,0.274903,0.112722,-0.048957,-0.260940
SportsMOT,V089,717,S_r,5019,14,5055,0,0.479851,0.178168,0.301683,0.726980,0.086858,0.136342,-0.733963,-0.733963
SportsMOT,V089,718,S_c,5056,3,5013,0,0.000000,0.000000,0.000000,,,0.000000,0.374774,-0.496662
SportsMOT,V089,718,S_c,5057,6,5019,0,0.025414,0.000000,0.025414,,,0.176334,0.471249,-0.400188
SportsMOT,V089,722,S_r,5019,11,5055,0,0.564584,0.288630,0.275953,0.811766,0.376376,0.393168,-0.802471,-0.802471
SportsMOT,V089,722,S_r,5057,14,5019,0,0.779224,0.252706,0.526518,0.947328,0.242998,0.338939,-0.802471,-0.802471
SportsMOT,V089,724,S_c,5067,15,5035,0,0.281583,0.000000,0.281583,,,0.603968,0.186802,-1.116330
SportsMOT,V089,724,S_c,5066,17,5053,0,0.000000,0.000000,0.000000,,,0.000000,0.468384,-0.834747
SportsMOT,V089,724,S_r,5062,18,5037,0,0.468384,0.000000,0.468384,,0.165684,0.605113,-0.186802,-1.303132
SportsMOT,V089,726,S_c,5073,6,5057,0,0.387742,0.103440,0.284302,,,0.549203,0.310975,-0.963457
SportsMOT,V089,727,S_h,5046,10,5048,0,0.401667,0.000000,0.401667,,,0.000000,-0.401667,-0.987958
SportsMOT,V089,727,S_h,5042,13,5052,0,0.355192,0.000000,0.355192,,,0.000000,-0.355192,-0.941483
SportsMOT,V089,728,S_c,5078,11,5019,0,0.000000,0.000000,0.000000,,,0.000000,0.595557,-0.508298
SportsMOT,V089,729,S_c,5080,11,5019,0,0.244800,0.000000,0.244800,,,0.000000,-1.188961,-1.188961
SportsMOT,V089,730,S_c,5082,11,5019,0,0.150881,0.000000,0.150881,,,0.000000,-1.096659,-1.096659
SportsMOT,V089,731,S_c,5085,11,5019,0,0.090127,0.000000,0.090127,,,0.000000,-1.055359,-1.055359
SportsMOT,V089,731,S_c,5084,16,5033,0,0.000000,0.000000,0.000000,,,0.000000,0.090127,-0.965231
SportsMOT,V089,733,S_c,5088,6,5057,0,0.000000,0.000000,0.000000,,,0.000000,0.788856,-0.759029
SportsMOT,V089,733,S_c,5089,10,5046,0,0.000000,0.000000,0.000000,,,0.000000,0.788856,-0.759029
SportsMOT,V089,733,S_c,5090,13,5042,0,0.000000,0.000000,0.000000,,,0.000000,0.788856,-0.759029
SportsMOT,V089,734,S_h,5073,10,5046,0,0.335205,0.000000,0.335205,,,0.000000,-0.335205,-0.750419
SportsMOT,V089,737,S_h,5080,10,5073,0,0.193536,0.000000,0.193536,,,0.000000,-0.948960,-0.948960
SportsMOT,V089,739,S_h,5082,10,5080,0,0.494903,0.000000,0.494903,,,0.000000,-1.391783,-1.391783
SportsMOT,V089,740,S_h,5085,10,5080,0,0.398678,0.000000,0.398678,,,0.000000,-0.398678,-1.284170
SportsMOT,V089,743,S_c,5098,10,5085,0,0.000000,0.000000,0.000000,,,0.000000,0.662836,-0.748648
SportsMOT,V089,773,S_c,5106,21,5099,0,0.000000,0.000000,0.000000,,,0.000000,0.764779,-0.870514
SportsMOT,V090,68,S_c,5121,14,5118,0,0.000000,0.000000,0.000000,,,0.000000,0.976195,-0.958463
SportsMOT,V090,71,S_c,5122,15,5112,0,0.000000,0.000000,0.000000,,,0.040163,0.802125,-0.891541
SportsMOT,V090,232,S_c,5127,20,5125,0,0.000000,0.000000,0.000000,,,0.000000,0.864791,-0.854687
SportsMOT,V090,233,S_c,5130,4,5116,0,0.000000,0.000000,0.000000,,,0.000000,0.619158,-0.959422
SportsMOT,V090,237,S_c,5137,15,5122,0,0.000000,0.000000,0.000000,,,0.000000,0.762009,-0.765060
SportsMOT,V090,237,S_c,5136,16,5134,0,0.007957,0.000000,0.007957,,,0.012362,0.754052,-0.773017
SportsMOT,V090,242,S_c,5148,4,5130,0,0.000000,0.000000,0.000000,,,0.000000,0.608686,-0.768093
SportsMOT,V090,264,S_h,5122,8,5114,0,0.788286,0.000000,0.788286,,,0.000000,-0.788286,-1.714762
SportsMOT,V090,270,S_c,5149,4,5148,0,0.000000,0.000000,0.000000,,,0.000000,0.943286,-0.965102
SportsMOT,V090,271,S_h,5114,14,5121,0,0.500183,0.000000,0.500183,,,0.000000,-0.474451,-0.923986
SportsMOT,V090,272,S_c,5150,8,5122,0,0.000000,0.000000,0.000000,,,0.000000,0.860669,-0.867927
SportsMOT,V090,275,S_h,5122,14,5114,0,0.640010,0.000000,0.640010,,,0.000000,-0.613439,-1.577358
SportsMOT,V090,277,S_c,5154,1,5109,0,0.000000,0.000000,0.000000,,,0.000000,0.699395,-0.853544
SportsMOT,V090,277,S_c,5151,3,5108,0,0.000000,0.000000,0.000000,,,0.000000,0.699395,-0.853544
SportsMOT,V090,277,S_c,5152,4,5149,0,0.000000,0.000000,0.000000,,,0.000000,0.699395,-0.853544
SportsMOT,V090,277,S_c,5153,14,5114,0,0.000000,0.000000,0.000000,,,0.000000,0.699395,-0.853544
SportsMOT,V090,279,S_c,5155,16,5136,0,0.548806,0.000000,0.548806,,,0.856572,0.415449,-1.536911
SportsMOT,V090,282,S_c,5157,14,5153,0,0.014274,0.000000,0.014274,,,0.000000,0.676870,-0.775742
SportsMOT,V090,282,S_c,5158,15,5137,0,0.000000,0.000000,0.000000,,,0.000000,0.781328,-0.761467
SportsMOT,V090,283,S_c,5161,9,5119,0,0.000000,0.000000,0.000000,,,0.000000,0.421046,-0.894317
SportsMOT,V090,286,S_h,5137,8,5150,0,0.364825,0.000000,0.364825,,,0.000000,-0.929213,-0.929213
SportsMOT,V090,287,S_c,5170,0,5111,0,0.000000,0.000000,0.000000,,,0.000000,0.605857,-0.692066
SportsMOT,V090,288,S_h,5122,4,5152,0,0.000000,0.000000,0.000000,,,0.000000,0.481128,-0.858712
SportsMOT,V090,289,S_h,5121,4,5152,0,0.341859,0.000000,0.341859,,,0.000000,-1.264010,-1.264010
SportsMOT,V090,290,S_h,5114,4,5152,0,0.383781,0.000000,0.383781,,,0.000000,-0.383781,-1.337614
SportsMOT,V090,290,S_c,5176,5,5117,0,0.000000,0.000000,0.000000,,,0.000000,0.978555,-0.953833
SportsMOT,V090,290,S_h,5150,8,5137,0,0.953595,0.000000,0.953595,,,0.000000,-1.907428,-1.907428
SportsMOT,V090,292,S_c,5177,4,5152,0,0.000000,0.000000,0.000000,,,0.000000,0.680040,-0.699002
SportsMOT,V090,297,S_c,5183,5,5117,0,0.000000,0.000000,0.000000,,,0.000000,0.625865,-0.598581
SportsMOT,V090,352,S_r,5150,14,5157,0,0.716051,0.242337,0.473715,0.779107,0.157484,0.000000,-0.473715,-0.473715
SportsMOT,V090,353,S_c,5191,0,5170,0,0.000000,0.000000,0.000000,,,0.000000,0.680697,-0.857891
SportsMOT,V090,353,S_c,5186,15,5158,0,0.000000,0.000000,0.000000,,,0.000000,0.680697,-0.857891
SportsMOT,V090,353,S_c,5189,17,5120,0,0.010154,0.000000,0.010154,,,0.033922,0.847737,-0.690851
SportsMOT,V090,355,S_h,5120,15,5186,0,0.580782,0.000000,0.580782,,,0.000000,-0.580782,-1.533634
SportsMOT,V090,358,S_c,5217,0,5191,0,0.000000,0.000000,0.000000,,,0.000000,0.812338,-0.801186
SportsMOT,V090,358,S_c,5222,13,5113,0,0.000000,0.000000,0.000000,,,0.034966,0.812338,-0.801186
SportsMOT,V090,358,S_c,5223,14,5150,0,0.000000,0.000000,0.000000,,,0.000000,0.812338,-0.801186
SportsMOT,V090,358,S_c,5214,15,5120,0,0.000000,0.000000,0.000000,,,0.000000,0.812338,-0.801186
SportsMOT,V090,358,S_c,5220,17,5189,0,0.000000,0.000000,0.000000,,,0.045488,0.812338,-0.801186
SportsMOT,V090,358,S_c,5215,18,5123,0,0.000000,0.000000,0.000000,,,0.000000,0.812338,-0.801186
SportsMOT,V090,361,S_h,5177,8,5150,0,0.045327,0.000000,0.045327,,,0.123730,0.881995,-0.983847
SportsMOT,V090,362,S_h,5189,15,5214,0,0.287505,0.000000,0.287505,,,0.000000,-0.287505,-0.287505
SportsMOT,V090,362,S_h,5110,17,5220,0,0.236817,0.016262,0.220555,,,0.062331,-0.757746,-0.757746
SportsMOT,V090,363,S_h,5151,6,5110,0,0.000000,0.000000,0.000000,,,0.000000,0.680562,-0.743952
SportsMOT,V090,363,S_c,5247,14,5223,0,0.000000,0.000000,0.000000,,,0.000000,0.680562,-0.743952
SportsMOT,V090,363,S_c,5250,19,5129,0,0.000000,0.000000,0.000000,,,0.000000,0.680562,-0.743952
SportsMOT,V090,368,S_c,5271,3,5151,0,0.000000,0.000000,0.000000,,,0.000000,0.707433,-0.716091
SportsMOT,V090,368,S_c,5272,6,5151,0,0.000000,0.000000,0.000000,,,0.000000,0.707433,-0.716091
SportsMOT,V090,368,S_c,5275,14,5247,0,0.000000,0.000000,0.000000,,,0.000000,0.707433,-0.716091
SportsMOT,V090,368,S_c,5274,16,5155,0,0.000000,0.000000,0.000000,,,0.000000,0.707433,-0.716091
SportsMOT,V090,373,S_c,5295,4,5177,0,0.000000,0.000000,0.000000,,,0.000000,0.679455,-0.817891
SportsMOT,V090,373,S_c,5296,14,5275,0,0.000000,0.000000,0.000000,,,0.000000,0.679455,-0.817891
SportsMOT,V090,374,S_c,5300,8,5150,0,0.075922,0.000000,0.075922,,,0.402579,0.373424,-0.908631
SportsMOT,V090,377,S_r,5300,14,5296,0,0.673782,0.432269,0.241514,0.809022,0.202252,0.000000,-0.241514,-0.241514
SportsMOT,V090,378,S_c,5308,8,5300,0,0.361347,0.000000,0.361347,,,0.597765,0.437209,-1.151596
SportsMOT,V090,378,S_c,5307,20,5127,0,0.000000,0.000000,0.000000,,,0.000000,0.798556,-0.790249
SportsMOT,V090,380,S_h,5214,15,5189,0,0.771673,0.000000,0.771673,,,0.000000,-1.728799,-1.728799
SportsMOT,V090,381,S_h,5220,17,5110,0,0.871620,0.004218,0.867402,,,0.009512,-1.829892,-1.829892
SportsMOT,V090,389,S_h,5247,14,5300,0,0.728741,0.615555,0.113186,,,0.766990,-0.626087,-0.626087
SportsMOT,V090,391,S_h,5275,14,5247,0,0.672926,0.516490,0.156436,,,0.700393,-0.789153,-0.789153
SportsMOT,V090,394,S_h,5296,14,5275,0,0.672544,0.425640,0.246904,,,0.546600,-0.913505,-0.913505
SportsMOT,V090,405,S_r,5250,16,5274,0,0.926137,0.506945,0.419191,0.999991,0.069776,0.654735,-0.842944,-0.842944
SportsMOT,V090,405,S_r,5274,19,5250,0,0.905794,0.482040,0.423753,0.938513,0.042525,0.666772,-0.842944,-0.842944
SportsMOT,V090,428,S_c,5309,6,5272,0,0.000000,0.000000,0.000000,,,0.000000,0.887553,-0.937529
SportsMOT,V090,483,S_r,5250,2,5107,0,0.983413,0.507151,0.476261,0.973417,0.006371,0.656954,-0.919148,-0.919148
SportsMOT,V090,483,S_c,5310,9,5161,0,0.000000,0.000000,0.000000,,,0.000000,0.974581,-0.972838
SportsMOT,V090,483,S_r,5107,16,5250,0,0.935649,0.492763,0.442886,0.951301,0.034419,0.670157,-0.919148,-0.919148
SportsMOT,V090,516,S_c,5311,1,5154,0,0.000000,0.000000,0.000000,,,0.000000,0.960414,-0.969441
SportsMOT,V090,521,S_c,5312,4,5295,0,0.000000,0.000000,0.000000,,,0.000000,0.881710,-0.943727
SportsMOT,V090,522,S_c,5313,0,5217,0,0.000000,0.000000,0.000000,,,0.000000,0.594637,-0.949973
SportsMOT,V090,534,S_c,5316,3,5271,0,0.000000,0.000000,0.000000,,,0.000000,0.629401,-0.772476
SportsMOT,V090,534,S_c,5317,8,5308,0,0.000000,0.000000,0.000000,,,0.000000,0.629401,-0.772476
SportsMOT,V090,534,S_h,5308,14,5296,0,0.000000,0.000000,0.000000,,,0.000000,0.629401,-0.772476
SportsMOT,V090,534,S_c,5319,17,5220,0,0.000000,0.000000,0.000000,,,0.000000,0.629401,-0.772476
SportsMOT,V090,534,S_c,5315,20,5307,0,0.000000,0.000000,0.000000,,,0.000000,0.629401,-0.772476
SportsMOT,V090,538,S_r,5317,14,5308,0,0.605202,0.124761,0.480441,0.987566,0.147056,0.000000,-0.480441,-0.480441
SportsMOT,V090,539,S_c,5322,3,5316,0,0.000000,0.000000,0.000000,,,0.000000,0.659074,-0.633146
SportsMOT,V090,539,S_c,5321,15,5214,0,0.000000,0.000000,0.000000,,,0.000000,0.659074,-0.633146
SportsMOT,V090,540,S_c,5327,4,5312,0,0.000000,0.000000,0.000000,,,0.000000,0.378396,-0.842175
SportsMOT,V090,543,S_h,5214,2,5250,0,0.226421,0.000000,0.226421,,,0.000000,-0.226421,-0.226421
SportsMOT,V090,543,S_h,5220,14,5317,0,0.112242,0.000000,0.112242,,,0.000000,-0.338663,-0.338663
SportsMOT,V090,544,S_c,5343,0,5313,0,0.000000,0.000000,0.000000,,,0.000000,0.568355,-0.412175
SportsMOT,V090,544,S_c,5344,11,5184,0,0.000000,0.000000,0.000000,,,0.000000,0.568355,-0.412175
SportsMOT,V090,545,S_c,5350,4,5327,0,0.000000,0.000000,0.000000,,,0.000000,0.561610,-0.934117
SportsMOT,V090,546,S_c,5358,8,5317,0,0.389955,0.000000,0.389955,,,0.522417,0.535333,-1.346253
SportsMOT,V090,549,S_h,5319,14,5220,0,0.000000,0.000000,0.000000,,,0.000000,0.732319,0.000000
SportsMOT,V090,549,S_c,5368,17,5319,0,0.000000,0.000000,0.000000,,,0.000000,0.732319,0.000000
SportsMOT,V090,551,S_c,5375,4,5327,0,0.000000,0.000000,0.000000,,,0.000000,0.731247,-0.884549
SportsMOT,V090,551,S_c,5376,6,5309,0,0.000000,0.000000,0.000000,,,0.000000,0.731247,-0.884549
SportsMOT,V090,552,S_r,5319,8,5358,0,0.919794,0.000000,0.919794,0.998271,0.271747,0.000000,-1.904455,-1.904455
SportsMOT,V090,553,S_h,5296,4,5375,0,0.210248,0.000000,0.210248,,,0.000000,-0.210248,-0.871990
SportsMOT,V090,554,S_c,5385,5,5183,0,0.000000,0.000000,0.000000,,,0.000000,0.782627,-0.713524
SportsMOT,V090,554,S_c,5384,6,5376,0,0.000000,0.000000,0.000000,,,0.000000,0.782627,-0.713524
SportsMOT,V090,554,S_c,5383,12,5185,0,0.000000,0.000000,0.000000,,,0.000000,0.782627,-0.713524
SportsMOT,V090,556,S_h,5315,14,5319,0,0.158068,0.000000,0.158068,,,0.170547,0.676602,-1.098729
SportsMOT,V090,558,S_r,5315,8,5319,0,0.496049,0.384816,0.111233,0.374392,0.085302,0.000000,-0.111233,-0.111233
SportsMOT,V090,559,S_h,5319,8,5319,0,0.691773,0.000000,0.691773,,,0.000000,-1.480164,-1.480164
SportsMOT,V090,561,S_c,5389,10,5124,0,0.000000,0.000000,0.000000,,,0.000000,0.929830,-0.937529
SportsMOT,V090,562,S_h,5313,0,5343,0,0.793656,0.000000,0.793656,,,0.000000,-0.793656,-1.766388
SportsMOT,V090,563,S_h,5343,0,5343,0,0.312674,0.000000,0.312674,,,0.000000,-0.312674,-0.688528
SportsMOT,V090,655,S_c,5390,13,5222,0,0.000000,0.000000,0.000000,,,0.000000,0.945133,-0.971474
SportsMOT,V090,660,S_c,5391,4,5296,0,0.000000,0.000000,0.000000,,,0.000000,0.815129,-0.975425
SportsMOT,V090,665,S_c,5392,6,5384,0,0.000000,0.000000,0.000000,,,0.000000,0.753408,-0.968097
SportsMOT,V090,669,S_c,5393,6,5384,0,0.000000,0.000000,0.000000,,,0.000000,0.686665,-0.788358
SportsMOT,V090,674,S_c,5394,2,5214,0,0.000000,0.000000,0.000000,,,0.000000,0.663965,-0.750683
SportsMOT,V090,675,S_c,5395,8,5319,0,0.000000,0.000000,0.000000,,,0.000000,0.493527,-0.894894
SportsMOT,V090,677,S_c,5396,7,5115,0,0.000000,0.000000,0.000000,,,0.000000,0.585088,-0.969293
SportsMOT,V090,680,S_c,5397,7,5115,0,0.000000,0.000000,0.000000,,,0.000000,0.533343,-0.833264
SportsMOT,V090,686,S_c,5398,17,5368,0,0.000000,0.000000,0.000000,,,0.000000,0.974032,-0.911617
SportsMOT,V090,692,S_c,5399,14,5315,0,0.000000,0.000000,0.000000,,,0.000000,0.900433,-0.965870
SportsMOT,V090,693,S_c,5400,15,5321,0,0.000000,0.000000,0.000000,,,0.157696,0.000000,-0.944684
SportsMOT,V090,693,S_c,5401,18,5215,0,0.000000,0.000000,0.000000,,,0.210256,0.000000,-0.944684
SportsMOT,V090,695,S_c,5403,14,5315,0,0.000000,0.000000,0.000000,,,0.000000,0.912839,-0.812967
SportsMOT,V090,696,S_c,5404,16,5107,0,0.000000,0.000000,0.000000,,,0.000000,0.455183,-0.814172
SportsMOT,V090,700,S_c,5405,16,5404,0,0.075131,0.000000,0.075131,,,0.238425,0.672937,-0.719285
SportsMOT,V090,715,S_c,5408,9,5310,0,0.000000,0.000000,0.000000,,,0.000000,0.738059,-0.678728
SportsMOT,V090,715,S_c,5407,19,5274,0,0.000000,0.000000,0.000000,,,0.000000,0.738059,-0.678728
SportsMOT,V090,736,S_c,5409,20,5307,0,0.000000,0.000000,0.000000,,,0.000000,0.936874,-0.936040
SportsMOT,V090,811,S_c,5411,6,5393,0,0.000000,0.000000,0.000000,,,0.000000,0.982377,-0.956512
