dataset,seq,frame,type,track_id,gt_id_old,gt_id_new,old_hid,class,in_tracker_join,in_reuse_join
MOT17,V001,317,switch,25,17,17,27,S_r,1,0
MOT17,V001,318,switch,32,76,76,25,S_c,0,0
MOT17,V001,348,switch,38,38,38,6,S_c,0,0
MOT17,V001,353,switch,40,56,56,34,S_c,0,0
MOT17,V001,358,switch,23,28,28,14,S_r,1,0
MOT17,V001,364,switch,9,31,31,23,S_r,1,0
MOT17,V001,366,switch,43,29,29,9,S_c,0,0
MOT17,V001,389,switch,24,18,18,22,S_r,1,0
MOT17,V001,391,switch,26,42,42,28,S_r,1,0
MOT17,V001,394,switch,35,9,9,33,S_r,1,0
MOT17,V001,395,switch,40,48,48,34,S_r,1,0
MOT17,V001,395,switch,46,67,67,24,S_c,0,0
MOT17,V001,400,switch,33,17,17,25,S_h,1,0
MOT17,V001,404,switch,9,26,26,3,S_h,1,0
MOT17,V001,405,switch,25,10,10,35,S_h,1,0
MOT17,V001,405,switch,47,15,15,26,S_c,0,0
MOT17,V001,408,switch,22,41,41,17,S_h,1,0
MOT17,V001,423,switch,15,61,61,12,S_r,1,0
MOT17,V001,427,switch,23,31,31,9,S_h,1,0
MOT17,V001,429,switch,33,9,9,35,S_r,1,0
MOT17,V001,442,switch,43,31,31,23,S_r,1,0
MOT17,V001,443,switch,50,60,60,15,S_c,0,0
MOT17,V001,446,switch,26,65,65,22,S_r,1,0
MOT17,V001,448,switch,52,17,17,33,S_c,0,0
MOT17,V001,448,switch,33,76,76,32,S_h,1,0
MOT17,V001,451,switch,12,48,48,40,S_r,1,0
MOT17,V001,452,switch,54,10,10,25,S_c,0,0
MOT17,V001,452,switch,30,33,33,37,S_r,1,0
MOT17,V001,454,switch,32,9,9,33,S_h,1,0
MOT17,V001,455,switch,37,33,33,37,S_h,0,0
MOT17,V001,457,switch,54,9,9,32,S_r,1,0
MOT17,V001,457,switch,55,40,40,11,S_c,0,0
MOT17,V001,458,switch,32,9,9,32,S_h,0,0
MOT17,V001,458,switch,46,41,41,22,S_r,1,0
MOT17,V001,461,switch,35,9,9,32,S_r,0,0
MOT17,V001,461,switch,40,48,48,12,S_h,0,0
MOT17,V001,461,switch,34,56,56,40,S_r,1,0
MOT17,V001,462,switch,22,42,42,26,S_h,1,0
MOT17,V001,462,switch,10,49,49,34,S_h,1,0
MOT17,V001,473,switch,46,42,42,22,S_r,1,0
MOT17,V001,473,switch,22,67,67,46,S_r,1,0
MOT17,V001,475,switch,37,32,32,30,S_r,1,0
MOT17,V001,475,switch,30,33,33,37,S_r,1,0
MOT17,V001,479,switch,52,41,41,46,S_r,1,0
MOT17,V001,485,switch,46,17,17,52,S_r,1,0
MOT17,V001,486,switch,12,56,56,40,S_h,1,0
MOT17,V001,488,switch,57,42,42,46,S_c,0,0
MOT17,V001,496,switch,58,31,31,43,S_c,0,0
MOT17,V001,498,switch,33,41,41,52,S_r,1,0
MOT17,V001,498,switch,52,78,78,33,S_r,1,0
MOT17,V001,508,switch,33,42,42,57,S_r,1,0
MOT17,V001,508,switch,57,78,78,52,S_r,1,0
MOT17,V001,514,switch,47,18,18,24,S_r,1,0
MOT17,V001,514,switch,52,42,42,33,S_h,1,0
MOT17,V001,516,switch,33,9,9,35,S_r,1,0
MOT17,V001,516,switch,35,41,41,33,S_r,1,0
MOT17,V001,519,switch,24,18,18,47,S_r,0,0
MOT17,V001,523,switch,52,10,10,54,S_r,1,0
MOT17,V001,523,switch,22,17,17,46,S_r,1,0
MOT17,V001,524,switch,54,42,42,52,S_r,1,0
MOT17,V001,530,switch,54,9,9,33,S_r,1,0
MOT17,V001,530,switch,33,42,42,54,S_r,1,0
MOT17,V001,554,switch,22,15,15,47,S_r,1,0
MOT17,V001,570,switch,67,18,18,24,S_c,0,0
MOT17,V001,580,switch,21,31,31,58,S_r,1,0
MOT17,V001,596,switch,57,15,15,22,S_h,1,0
MOT17,V002,317,switch,98,17,17,100,S_r,1,0
MOT17,V002,318,switch,105,76,76,98,S_c,0,0
MOT17,V002,348,switch,111,38,38,79,S_c,0,0
MOT17,V002,353,switch,113,56,56,107,S_c,0,0
MOT17,V002,358,switch,96,28,28,87,S_r,1,0
MOT17,V002,364,switch,82,31,31,96,S_r,1,0
MOT17,V002,366,switch,116,29,29,82,S_c,0,0
MOT17,V002,389,switch,97,18,18,95,S_r,1,0
MOT17,V002,391,switch,99,42,42,101,S_r,1,0
MOT17,V002,394,switch,108,9,9,106,S_r,1,0
MOT17,V002,395,switch,113,48,48,107,S_r,1,0
MOT17,V002,395,switch,119,67,67,97,S_c,0,0
MOT17,V002,400,switch,106,17,17,98,S_h,1,0
MOT17,V002,404,switch,82,26,26,76,S_h,1,0
MOT17,V002,405,switch,98,10,10,108,S_h,1,0
MOT17,V002,405,switch,120,15,15,99,S_c,0,0
MOT17,V002,408,switch,95,41,41,90,S_h,1,0
MOT17,V002,423,switch,88,61,61,85,S_r,1,0
MOT17,V002,427,switch,96,31,31,82,S_h,1,0
MOT17,V002,429,switch,106,9,9,108,S_r,1,0
MOT17,V002,442,switch,116,31,31,96,S_r,1,0
MOT17,V002,443,switch,123,60,60,88,S_c,0,0
MOT17,V002,446,switch,99,65,65,95,S_r,1,0
MOT17,V002,448,switch,125,17,17,106,S_c,0,0
MOT17,V002,448,switch,106,76,76,105,S_h,1,0
MOT17,V002,451,switch,85,48,48,113,S_r,1,0
MOT17,V002,452,switch,127,10,10,98,S_c,0,0
MOT17,V002,452,switch,103,33,33,110,S_r,1,0
MOT17,V002,454,switch,105,9,9,106,S_h,1,0
MOT17,V002,455,switch,110,33,33,110,S_h,0,0
MOT17,V002,457,switch,127,9,9,105,S_r,1,0
MOT17,V002,457,switch,128,40,40,84,S_c,0,0
MOT17,V002,458,switch,105,9,9,105,S_h,0,0
MOT17,V002,458,switch,119,41,41,95,S_r,1,0
MOT17,V002,461,switch,108,9,9,105,S_r,0,0
MOT17,V002,461,switch,113,48,48,85,S_h,0,0
MOT17,V002,461,switch,107,56,56,113,S_r,1,0
MOT17,V002,462,switch,95,42,42,99,S_h,1,0
MOT17,V002,462,switch,83,49,49,107,S_h,1,0
MOT17,V002,473,switch,119,42,42,95,S_r,1,0
MOT17,V002,473,switch,95,67,67,119,S_r,1,0
MOT17,V002,475,switch,110,32,32,103,S_r,1,0
MOT17,V002,475,switch,103,33,33,110,S_r,1,0
MOT17,V002,479,switch,125,41,41,119,S_r,1,0
MOT17,V002,485,switch,119,17,17,125,S_r,1,0
MOT17,V002,486,switch,85,56,56,113,S_h,1,0
MOT17,V002,488,switch,130,42,42,119,S_c,0,0
MOT17,V002,496,switch,131,31,31,116,S_c,0,0
MOT17,V002,498,switch,106,41,41,125,S_r,1,0
MOT17,V002,498,switch,125,78,78,106,S_r,1,0
MOT17,V002,508,switch,106,42,42,130,S_r,1,0
MOT17,V002,508,switch,130,78,78,125,S_r,1,0
MOT17,V002,514,switch,120,18,18,97,S_r,1,0
MOT17,V002,514,switch,125,42,42,106,S_h,1,0
MOT17,V002,516,switch,106,9,9,108,S_r,1,0
MOT17,V002,516,switch,108,41,41,106,S_r,1,0
MOT17,V002,519,switch,97,18,18,120,S_r,0,0
MOT17,V002,523,switch,125,10,10,127,S_r,1,0
MOT17,V002,523,switch,95,17,17,119,S_r,1,0
MOT17,V002,524,switch,127,42,42,125,S_r,1,0
MOT17,V002,530,switch,127,9,9,106,S_r,1,0
MOT17,V002,530,switch,106,42,42,127,S_r,1,0
MOT17,V002,554,switch,95,15,15,120,S_r,1,0
MOT17,V002,570,switch,140,18,18,97,S_c,0,0
MOT17,V002,580,switch,94,31,31,131,S_r,1,0
MOT17,V002,596,switch,130,15,15,95,S_h,1,0
MOT17,V003,317,switch,171,17,17,173,S_r,1,0
MOT17,V003,318,switch,178,76,76,171,S_c,0,0
MOT17,V003,348,switch,184,38,38,152,S_c,0,0
MOT17,V003,353,switch,186,56,56,180,S_c,0,0
MOT17,V003,358,switch,169,28,28,160,S_r,1,0
MOT17,V003,364,switch,155,31,31,169,S_r,1,0
MOT17,V003,366,switch,189,29,29,155,S_c,0,0
MOT17,V003,389,switch,170,18,18,168,S_r,1,0
MOT17,V003,391,switch,172,42,42,174,S_r,1,0
MOT17,V003,394,switch,181,9,9,179,S_r,1,0
MOT17,V003,395,switch,186,48,48,180,S_r,1,0
MOT17,V003,395,switch,192,67,67,170,S_c,0,0
MOT17,V003,400,switch,179,17,17,171,S_h,1,0
MOT17,V003,404,switch,155,26,26,149,S_h,1,0
MOT17,V003,405,switch,171,10,10,181,S_h,1,0
MOT17,V003,405,switch,193,15,15,172,S_c,0,0
MOT17,V003,408,switch,168,41,41,163,S_h,1,0
MOT17,V003,423,switch,161,61,61,158,S_r,1,0
MOT17,V003,427,switch,169,31,31,155,S_h,1,0
MOT17,V003,429,switch,179,9,9,181,S_r,1,0
MOT17,V003,442,switch,189,31,31,169,S_r,1,0
MOT17,V003,443,switch,196,60,60,161,S_c,0,0
MOT17,V003,446,switch,172,65,65,168,S_r,1,0
MOT17,V003,448,switch,198,17,17,179,S_c,0,0
MOT17,V003,448,switch,179,76,76,178,S_h,1,0
MOT17,V003,451,switch,158,48,48,186,S_r,1,0
MOT17,V003,452,switch,200,10,10,171,S_c,0,0
MOT17,V003,452,switch,176,33,33,183,S_r,1,0
MOT17,V003,454,switch,178,9,9,179,S_h,1,0
MOT17,V003,455,switch,183,33,33,183,S_h,0,0
MOT17,V003,457,switch,200,9,9,178,S_r,1,0
MOT17,V003,457,switch,201,40,40,157,S_c,0,0
MOT17,V003,458,switch,178,9,9,178,S_h,0,0
MOT17,V003,458,switch,192,41,41,168,S_r,1,0
MOT17,V003,461,switch,181,9,9,178,S_r,0,0
MOT17,V003,461,switch,186,48,48,158,S_h,0,0
MOT17,V003,461,switch,180,56,56,186,S_r,1,0
MOT17,V003,462,switch,168,42,42,172,S_h,1,0
MOT17,V003,462,switch,156,49,49,180,S_h,1,0
MOT17,V003,473,switch,192,42,42,168,S_r,1,0
MOT17,V003,473,switch,168,67,67,192,S_r,1,0
MOT17,V003,475,switch,183,32,32,176,S_r,1,0
MOT17,V003,475,switch,176,33,33,183,S_r,1,0
MOT17,V003,479,switch,198,41,41,192,S_r,1,0
MOT17,V003,485,switch,192,17,17,198,S_r,1,0
MOT17,V003,486,switch,158,56,56,186,S_h,1,0
MOT17,V003,488,switch,203,42,42,192,S_c,0,0
MOT17,V003,496,switch,204,31,31,189,S_c,0,0
MOT17,V003,498,switch,179,41,41,198,S_r,1,0
MOT17,V003,498,switch,198,78,78,179,S_r,1,0
MOT17,V003,508,switch,179,42,42,203,S_r,1,0
MOT17,V003,508,switch,203,78,78,198,S_r,1,0
MOT17,V003,514,switch,193,18,18,170,S_r,1,0
MOT17,V003,514,switch,198,42,42,179,S_h,1,0
MOT17,V003,516,switch,179,9,9,181,S_r,1,0
MOT17,V003,516,switch,181,41,41,179,S_r,1,0
MOT17,V003,519,switch,170,18,18,193,S_r,0,0
MOT17,V003,523,switch,198,10,10,200,S_r,1,0
MOT17,V003,523,switch,168,17,17,192,S_r,1,0
MOT17,V003,524,switch,200,42,42,198,S_r,1,0
MOT17,V003,530,switch,200,9,9,179,S_r,1,0
MOT17,V003,530,switch,179,42,42,200,S_r,1,0
MOT17,V003,554,switch,168,15,15,193,S_r,1,0
MOT17,V003,570,switch,213,18,18,170,S_c,0,0
MOT17,V003,580,switch,167,31,31,204,S_r,1,0
MOT17,V003,596,switch,203,15,15,168,S_h,1,0
MOT17,V004,624,switch,269,93,93,256,S_c,0,0
MOT17,V004,839,switch,233,93,93,269,S_r,1,0
MOT17,V004,839,switch,269,96,96,233,S_r,1,0
MOT17,V004,915,switch,285,141,141,270,S_c,0,0
MOT17,V004,936,switch,276,141,141,285,S_r,1,0
MOT17,V004,956,switch,285,141,141,276,S_h,0,0
MOT17,V005,624,switch,339,93,93,326,S_c,0,0
MOT17,V005,839,switch,303,93,93,339,S_r,1,0
MOT17,V005,839,switch,339,96,96,303,S_r,1,0
MOT17,V005,915,switch,355,141,141,340,S_c,0,0
MOT17,V005,936,switch,346,141,141,355,S_r,1,0
MOT17,V005,956,switch,355,141,141,346,S_h,0,0
MOT17,V006,624,switch,409,93,93,396,S_c,0,0
MOT17,V006,839,switch,373,93,93,409,S_r,1,0
MOT17,V006,839,switch,409,96,96,373,S_r,1,0
MOT17,V006,915,switch,425,141,141,410,S_c,0,0
MOT17,V006,936,switch,416,141,141,425,S_r,1,0
MOT17,V006,956,switch,425,141,141,416,S_h,0,0
MOT17,V007,420,switch,434,48,48,433,S_r,1,0
MOT17,V007,422,switch,435,49,49,434,S_c,0,0
MOT17,V007,443,switch,438,124,124,439,S_r,1,0
MOT17,V007,444,switch,434,49,49,435,S_h,1,0
MOT17,V007,445,switch,442,48,48,434,S_c,0,0
MOT17,V007,447,switch,439,124,124,438,S_h,0,0
MOT17,V007,463,switch,434,48,48,442,S_r,1,0
MOT17,V007,522,switch,440,54,54,437,S_r,1,0
MOT17,V007,530,switch,437,54,54,437,S_h,0,0
MOT17,V007,558,switch,440,60,60,449,S_r,1,0
MOT17,V007,561,switch,443,52,52,440,S_h,1,0
MOT17,V007,589,switch,443,53,53,441,S_h,1,0
MOT17,V007,593,switch,441,54,54,437,S_h,1,0
MOT17,V007,602,switch,437,54,54,441,S_h,0,0
MOT17,V007,733,switch,472,136,136,471,S_h,0,0
MOT17,V007,754,switch,453,83,83,469,S_h,1,0
MOT17,V007,755,switch,479,89,89,478,S_c,0,0
MOT17,V007,761,switch,478,84,84,477,S_h,1,0
MOT17,V007,762,switch,477,96,96,472,S_h,1,0
MOT17,V007,762,switch,479,98,98,478,S_h,1,0
MOT17,V007,764,switch,482,89,89,479,S_c,0,0
MOT17,V007,767,switch,478,96,96,477,S_h,1,0
MOT17,V007,780,switch,488,141,141,480,S_c,0,0
MOT17,V007,785,switch,490,84,84,478,S_c,0,0
MOT17,V007,785,switch,491,96,96,478,S_c,0,0
MOT17,V007,790,switch,482,98,98,479,S_h,1,0
MOT17,V007,794,switch,478,99,99,477,S_h,1,0
MOT17,V007,797,switch,482,99,99,478,S_h,1,0
MOT17,V007,798,switch,496,98,98,482,S_c,0,0
MOT17,V007,799,switch,479,99,99,482,S_h,1,0
MOT17,V007,800,switch,477,97,97,488,S_h,1,0
MOT17,V007,804,switch,488,97,97,477,S_h,0,0
MOT17,V007,805,switch,477,97,97,477,S_h,0,0
MOT17,V007,807,switch,453,71,71,456,S_r,1,0
MOT17,V007,809,switch,479,98,98,496,S_r,1,0
MOT17,V007,809,switch,496,101,101,498,S_h,1,0
MOT17,V007,810,switch,456,71,71,453,S_r,0,0
MOT17,V007,816,switch,498,99,99,479,S_h,1,0
MOT17,V007,824,switch,482,110,110,493,S_h,1,0
MOT17,V007,834,switch,488,110,110,482,S_h,1,0
MOT17,V008,420,switch,505,48,48,504,S_r,1,0
MOT17,V008,422,switch,506,49,49,505,S_c,0,0
MOT17,V008,443,switch,509,124,124,510,S_r,1,0
MOT17,V008,444,switch,505,49,49,506,S_h,1,0
MOT17,V008,445,switch,513,48,48,505,S_c,0,0
MOT17,V008,447,switch,510,124,124,509,S_h,0,0
MOT17,V008,463,switch,505,48,48,513,S_r,1,0
MOT17,V008,522,switch,511,54,54,508,S_r,1,0
MOT17,V008,530,switch,508,54,54,508,S_h,0,0
MOT17,V008,558,switch,511,60,60,520,S_r,1,0
MOT17,V008,561,switch,514,52,52,511,S_h,1,0
MOT17,V008,589,switch,514,53,53,512,S_h,1,0
MOT17,V008,593,switch,512,54,54,508,S_h,1,0
MOT17,V008,602,switch,508,54,54,512,S_h,0,0
MOT17,V008,733,switch,543,136,136,542,S_h,0,0
MOT17,V008,754,switch,524,83,83,540,S_h,1,0
MOT17,V008,755,switch,550,89,89,549,S_c,0,0
MOT17,V008,761,switch,549,84,84,548,S_h,1,0
MOT17,V008,762,switch,548,96,96,543,S_h,1,0
MOT17,V008,762,switch,550,98,98,549,S_h,1,0
MOT17,V008,764,switch,553,89,89,550,S_c,0,0
MOT17,V008,767,switch,549,96,96,548,S_h,1,0
MOT17,V008,780,switch,559,141,141,551,S_c,0,0
MOT17,V008,785,switch,561,84,84,549,S_c,0,0
MOT17,V008,785,switch,562,96,96,549,S_c,0,0
MOT17,V008,790,switch,553,98,98,550,S_h,1,0
MOT17,V008,794,switch,549,99,99,548,S_h,1,0
MOT17,V008,797,switch,553,99,99,549,S_h,1,0
MOT17,V008,798,switch,567,98,98,553,S_c,0,0
MOT17,V008,799,switch,550,99,99,553,S_h,1,0
MOT17,V008,800,switch,548,97,97,559,S_h,1,0
MOT17,V008,804,switch,559,97,97,548,S_h,0,0
MOT17,V008,805,switch,548,97,97,548,S_h,0,0
MOT17,V008,807,switch,524,71,71,527,S_r,1,0
MOT17,V008,809,switch,550,98,98,567,S_r,1,0
MOT17,V008,809,switch,567,101,101,569,S_h,1,0
MOT17,V008,810,switch,527,71,71,524,S_r,0,0
MOT17,V008,816,switch,569,99,99,550,S_h,1,0
MOT17,V008,824,switch,553,110,110,564,S_h,1,0
MOT17,V008,834,switch,559,110,110,553,S_h,1,0
MOT17,V009,420,switch,576,48,48,575,S_r,1,0
MOT17,V009,422,switch,577,49,49,576,S_c,0,0
MOT17,V009,443,switch,580,124,124,581,S_r,1,0
MOT17,V009,444,switch,576,49,49,577,S_h,1,0
MOT17,V009,445,switch,584,48,48,576,S_c,0,0
MOT17,V009,447,switch,581,124,124,580,S_h,0,0
MOT17,V009,463,switch,576,48,48,584,S_r,1,0
MOT17,V009,522,switch,582,54,54,579,S_r,1,0
MOT17,V009,530,switch,579,54,54,579,S_h,0,0
MOT17,V009,558,switch,582,60,60,591,S_r,1,0
MOT17,V009,561,switch,585,52,52,582,S_h,1,0
MOT17,V009,589,switch,585,53,53,583,S_h,1,0
MOT17,V009,593,switch,583,54,54,579,S_h,1,0
MOT17,V009,602,switch,579,54,54,583,S_h,0,0
MOT17,V009,733,switch,614,136,136,613,S_h,0,0
MOT17,V009,754,switch,595,83,83,611,S_h,1,0
MOT17,V009,755,switch,621,89,89,620,S_c,0,0
MOT17,V009,761,switch,620,84,84,619,S_h,1,0
MOT17,V009,762,switch,619,96,96,614,S_h,1,0
MOT17,V009,762,switch,621,98,98,620,S_h,1,0
MOT17,V009,764,switch,624,89,89,621,S_c,0,0
MOT17,V009,767,switch,620,96,96,619,S_h,1,0
MOT17,V009,780,switch,630,141,141,622,S_c,0,0
MOT17,V009,785,switch,632,84,84,620,S_c,0,0
MOT17,V009,785,switch,633,96,96,620,S_c,0,0
MOT17,V009,790,switch,624,98,98,621,S_h,1,0
MOT17,V009,794,switch,620,99,99,619,S_h,1,0
MOT17,V009,797,switch,624,99,99,620,S_h,1,0
MOT17,V009,798,switch,638,98,98,624,S_c,0,0
MOT17,V009,799,switch,621,99,99,624,S_h,1,0
MOT17,V009,800,switch,619,97,97,630,S_h,1,0
MOT17,V009,804,switch,630,97,97,619,S_h,0,0
MOT17,V009,805,switch,619,97,97,619,S_h,0,0
MOT17,V009,807,switch,595,71,71,598,S_r,1,0
MOT17,V009,809,switch,621,98,98,638,S_r,1,0
MOT17,V009,809,switch,638,101,101,640,S_h,1,0
MOT17,V009,810,switch,598,71,71,595,S_r,0,0
MOT17,V009,816,switch,640,99,99,621,S_h,1,0
MOT17,V009,824,switch,624,110,110,635,S_h,1,0
MOT17,V009,834,switch,630,110,110,624,S_h,1,0
MOT17,V010,281,switch,651,2,2,653,S_r,1,0
MOT17,V010,281,switch,653,7,7,651,S_h,1,0
MOT17,V010,294,switch,651,1,1,652,S_r,1,0
MOT17,V010,296,switch,656,2,2,651,S_c,0,0
MOT17,V010,317,switch,653,29,29,643,S_r,1,0
MOT17,V010,318,switch,643,7,7,653,S_h,1,0
MOT17,V010,360,switch,653,11,11,652,S_h,1,0
MOT17,V010,366,switch,660,29,29,653,S_c,0,0
MOT17,V010,401,switch,651,29,29,653,S_r,1,0
MOT17,V010,419,switch,643,1,1,651,S_h,1,0
MOT17,V010,446,switch,651,12,12,650,S_h,1,0
MOT17,V010,454,switch,650,12,12,651,S_r,1,0
MOT17,V010,454,switch,651,15,15,650,S_r,1,0
MOT17,V010,460,switch,645,11,11,653,S_r,1,0
MOT17,V010,464,switch,664,13,13,645,S_c,0,0
MOT17,V010,465,switch,653,11,11,645,S_h,0,0
MOT17,V010,491,switch,643,13,13,664,S_r,1,0
MOT17,V010,498,switch,662,14,14,649,S_r,1,0
MOT17,V010,498,switch,649,17,17,662,S_h,1,0
MOT17,V010,502,switch,649,15,15,651,S_r,1,0
MOT17,V010,504,switch,651,17,17,649,S_h,1,0
MOT17,V011,281,switch,676,2,2,678,S_r,1,0
MOT17,V011,281,switch,678,7,7,676,S_h,1,0
MOT17,V011,294,switch,676,1,1,677,S_r,1,0
MOT17,V011,296,switch,681,2,2,676,S_c,0,0
MOT17,V011,317,switch,678,29,29,668,S_r,1,0
MOT17,V011,318,switch,668,7,7,678,S_h,1,0
MOT17,V011,360,switch,678,11,11,677,S_h,1,0
MOT17,V011,366,switch,685,29,29,678,S_c,0,0
MOT17,V011,401,switch,676,29,29,678,S_r,1,0
MOT17,V011,419,switch,668,1,1,676,S_h,1,0
MOT17,V011,446,switch,676,12,12,675,S_h,1,0
MOT17,V011,454,switch,675,12,12,676,S_r,1,0
MOT17,V011,454,switch,676,15,15,675,S_r,1,0
MOT17,V011,460,switch,670,11,11,678,S_r,1,0
MOT17,V011,464,switch,689,13,13,670,S_c,0,0
MOT17,V011,465,switch,678,11,11,670,S_h,0,0
MOT17,V011,491,switch,668,13,13,689,S_r,1,0
MOT17,V011,498,switch,687,14,14,674,S_r,1,0
MOT17,V011,498,switch,674,17,17,687,S_h,1,0
MOT17,V011,502,switch,674,15,15,676,S_r,1,0
MOT17,V011,504,switch,676,17,17,674,S_h,1,0
MOT17,V012,281,switch,701,2,2,703,S_r,1,0
MOT17,V012,281,switch,703,7,7,701,S_h,1,0
MOT17,V012,294,switch,701,1,1,702,S_r,1,0
MOT17,V012,296,switch,706,2,2,701,S_c,0,0
MOT17,V012,317,switch,703,29,29,693,S_r,1,0
MOT17,V012,318,switch,693,7,7,703,S_h,1,0
MOT17,V012,360,switch,703,11,11,702,S_h,1,0
MOT17,V012,366,switch,710,29,29,703,S_c,0,0
MOT17,V012,401,switch,701,29,29,703,S_r,1,0
MOT17,V012,419,switch,693,1,1,701,S_h,1,0
MOT17,V012,446,switch,701,12,12,700,S_h,1,0
MOT17,V012,454,switch,700,12,12,701,S_r,1,0
MOT17,V012,454,switch,701,15,15,700,S_r,1,0
MOT17,V012,460,switch,695,11,11,703,S_r,1,0
MOT17,V012,464,switch,714,13,13,695,S_c,0,0
MOT17,V012,465,switch,703,11,11,695,S_h,0,0
MOT17,V012,491,switch,693,13,13,714,S_r,1,0
MOT17,V012,498,switch,712,14,14,699,S_r,1,0
MOT17,V012,498,switch,699,17,17,712,S_h,1,0
MOT17,V012,502,switch,699,15,15,701,S_r,1,0
MOT17,V012,504,switch,701,17,17,699,S_h,1,0
MOT17,V013,345,switch,737,31,31,735,S_r,1,0
MOT17,V013,355,switch,737,23,23,729,S_r,1,0
MOT17,V013,355,switch,729,32,32,737,S_r,1,0
MOT17,V013,358,switch,738,56,56,733,S_c,0,0
MOT17,V013,379,switch,740,23,23,737,S_c,0,0
MOT17,V013,380,switch,741,34,34,731,S_c,0,0
MOT17,V013,390,switch,729,31,31,737,S_r,1,0
MOT17,V013,398,switch,737,32,32,729,S_h,1,0
MOT17,V013,423,switch,745,31,31,729,S_c,0,0
MOT17,V013,430,switch,747,57,57,739,S_c,0,0
MOT17,V013,434,switch,738,71,71,739,S_r,1,0
MOT17,V013,447,switch,735,56,56,738,S_r,1,0
MOT17,V013,458,switch,749,59,59,735,S_c,0,0
MOT17,V013,471,switch,750,57,57,747,S_c,0,0
MOT17,V013,533,switch,751,48,48,752,S_r,1,0
MOT17,V013,542,switch,753,46,46,751,S_r,1,0
MOT17,V013,561,switch,759,47,47,753,S_c,0,0
MOT17,V013,562,switch,754,68,68,755,S_r,1,0
MOT17,V013,563,switch,755,67,67,756,S_h,1,0
MOT17,V013,563,switch,749,72,72,754,S_r,1,0
MOT17,V013,567,switch,756,66,66,758,S_h,1,0
MOT17,V013,567,switch,754,67,67,755,S_r,1,0
MOT17,V013,569,switch,755,66,66,756,S_r,1,0
MOT17,V013,569,switch,760,68,68,754,S_c,0,0
MOT17,V013,571,switch,761,73,73,749,S_c,0,0
MOT17,V013,617,switch,754,66,66,755,S_r,1,0
MOT17,V013,654,switch,742,50,50,744,S_h,1,0
MOT17,V014,345,switch,781,31,31,779,S_r,1,0
MOT17,V014,355,switch,781,23,23,773,S_r,1,0
MOT17,V014,355,switch,773,32,32,781,S_r,1,0
MOT17,V014,358,switch,782,56,56,777,S_c,0,0
MOT17,V014,379,switch,784,23,23,781,S_c,0,0
MOT17,V014,380,switch,785,34,34,775,S_c,0,0
MOT17,V014,390,switch,773,31,31,781,S_r,1,0
MOT17,V014,398,switch,781,32,32,773,S_h,1,0
MOT17,V014,423,switch,789,31,31,773,S_c,0,0
MOT17,V014,430,switch,791,57,57,783,S_c,0,0
MOT17,V014,434,switch,782,71,71,783,S_r,1,0
MOT17,V014,447,switch,779,56,56,782,S_r,1,0
MOT17,V014,458,switch,793,59,59,779,S_c,0,0
MOT17,V014,471,switch,794,57,57,791,S_c,0,0
MOT17,V014,533,switch,795,48,48,796,S_r,1,0
MOT17,V014,542,switch,797,46,46,795,S_r,1,0
MOT17,V014,561,switch,803,47,47,797,S_c,0,0
MOT17,V014,562,switch,798,68,68,799,S_r,1,0
MOT17,V014,563,switch,799,67,67,800,S_h,1,0
MOT17,V014,563,switch,793,72,72,798,S_r,1,0
MOT17,V014,567,switch,800,66,66,802,S_h,1,0
MOT17,V014,567,switch,798,67,67,799,S_r,1,0
MOT17,V014,569,switch,799,66,66,800,S_r,1,0
MOT17,V014,569,switch,804,68,68,798,S_c,0,0
MOT17,V014,571,switch,805,73,73,793,S_c,0,0
MOT17,V014,617,switch,798,66,66,799,S_r,1,0
MOT17,V014,654,switch,786,50,50,788,S_h,1,0
MOT17,V015,345,switch,825,31,31,823,S_r,1,0
MOT17,V015,355,switch,825,23,23,817,S_r,1,0
MOT17,V015,355,switch,817,32,32,825,S_r,1,0
MOT17,V015,358,switch,826,56,56,821,S_c,0,0
MOT17,V015,379,switch,828,23,23,825,S_c,0,0
MOT17,V015,380,switch,829,34,34,819,S_c,0,0
MOT17,V015,390,switch,817,31,31,825,S_r,1,0
MOT17,V015,398,switch,825,32,32,817,S_h,1,0
MOT17,V015,423,switch,833,31,31,817,S_c,0,0
MOT17,V015,430,switch,835,57,57,827,S_c,0,0
MOT17,V015,434,switch,826,71,71,827,S_r,1,0
MOT17,V015,447,switch,823,56,56,826,S_r,1,0
MOT17,V015,458,switch,837,59,59,823,S_c,0,0
MOT17,V015,471,switch,838,57,57,835,S_c,0,0
MOT17,V015,533,switch,839,48,48,840,S_r,1,0
MOT17,V015,542,switch,841,46,46,839,S_r,1,0
MOT17,V015,561,switch,847,47,47,841,S_c,0,0
MOT17,V015,562,switch,842,68,68,843,S_r,1,0
MOT17,V015,563,switch,843,67,67,844,S_h,1,0
MOT17,V015,563,switch,837,72,72,842,S_r,1,0
MOT17,V015,567,switch,844,66,66,846,S_h,1,0
MOT17,V015,567,switch,842,67,67,843,S_r,1,0
MOT17,V015,569,switch,843,66,66,844,S_r,1,0
MOT17,V015,569,switch,848,68,68,842,S_c,0,0
MOT17,V015,571,switch,849,73,73,837,S_c,0,0
MOT17,V015,617,switch,842,66,66,843,S_r,1,0
MOT17,V015,654,switch,830,50,50,832,S_h,1,0
MOT17,V016,512,switch,860,32,32,856,S_r,1,0
MOT17,V016,564,switch,861,39,39,854,S_r,1,0
MOT17,V016,564,switch,854,41,41,861,S_r,1,0
MOT17,V016,575,switch,863,42,42,862,S_c,0,0
MOT17,V016,726,switch,867,34,34,869,S_r,1,0
MOT17,V016,730,switch,869,34,34,867,S_r,0,0
MOT17,V016,731,switch,867,34,34,867,S_r,1,0
MOT17,V016,734,switch,869,34,34,867,S_h,0,0
MOT17,V016,738,switch,873,43,43,871,S_c,0,0
MOT17,V016,771,switch,869,33,33,867,S_r,1,0
MOT17,V016,774,switch,867,34,34,869,S_h,1,0
MOT17,V016,844,switch,881,67,67,880,S_c,0,0
MOT17,V016,877,switch,884,70,70,883,S_r,1,0
MOT17,V016,878,switch,883,71,71,884,S_h,1,0
MOT17,V016,891,switch,883,72,72,889,S_r,1,0
MOT17,V016,892,switch,891,71,71,883,S_c,0,0
MOT17,V017,512,switch,906,32,32,902,S_r,1,0
MOT17,V017,564,switch,907,39,39,900,S_r,1,0
MOT17,V017,564,switch,900,41,41,907,S_r,1,0
MOT17,V017,575,switch,909,42,42,908,S_c,0,0
MOT17,V017,726,switch,913,34,34,915,S_r,1,0
MOT17,V017,730,switch,915,34,34,913,S_r,0,0
MOT17,V017,731,switch,913,34,34,913,S_r,1,0
MOT17,V017,734,switch,915,34,34,913,S_h,0,0
MOT17,V017,738,switch,919,43,43,917,S_c,0,0
MOT17,V017,771,switch,915,33,33,913,S_r,1,0
MOT17,V017,774,switch,913,34,34,915,S_h,1,0
MOT17,V017,844,switch,927,67,67,926,S_c,0,0
MOT17,V017,877,switch,930,70,70,929,S_r,1,0
MOT17,V017,878,switch,929,71,71,930,S_h,1,0
MOT17,V017,891,switch,929,72,72,935,S_r,1,0
MOT17,V017,892,switch,937,71,71,929,S_c,0,0
MOT17,V018,512,switch,952,32,32,948,S_r,1,0
MOT17,V018,564,switch,953,39,39,946,S_r,1,0
MOT17,V018,564,switch,946,41,41,953,S_r,1,0
MOT17,V018,575,switch,955,42,42,954,S_c,0,0
MOT17,V018,726,switch,959,34,34,961,S_r,1,0
MOT17,V018,730,switch,961,34,34,959,S_r,0,0
MOT17,V018,731,switch,959,34,34,959,S_r,1,0
MOT17,V018,734,switch,961,34,34,959,S_h,0,0
MOT17,V018,738,switch,965,43,43,963,S_c,0,0
MOT17,V018,771,switch,961,33,33,959,S_r,1,0
MOT17,V018,774,switch,959,34,34,961,S_h,1,0
MOT17,V018,844,switch,973,67,67,972,S_c,0,0
MOT17,V018,877,switch,976,70,70,975,S_r,1,0
MOT17,V018,878,switch,975,71,71,976,S_h,1,0
MOT17,V018,891,switch,975,72,72,981,S_r,1,0
MOT17,V018,892,switch,983,71,71,975,S_c,0,0
MOT17,V019,412,switch,997,153,153,995,S_h,1,0
MOT17,V019,416,switch,1007,155,155,992,S_r,1,0
MOT17,V019,416,switch,992,161,161,1007,S_r,1,0
MOT17,V019,424,switch,995,70,70,996,S_h,1,0
MOT17,V019,430,switch,996,142,142,991,S_h,1,0
MOT17,V019,434,switch,1029,163,163,997,S_c,0,0
MOT17,V019,437,switch,991,65,65,993,S_h,1,0
MOT17,V020,412,switch,1139,153,153,1137,S_h,1,0
MOT17,V020,416,switch,1149,155,155,1134,S_r,1,0
MOT17,V020,416,switch,1134,161,161,1149,S_r,1,0
MOT17,V020,424,switch,1137,70,70,1138,S_h,1,0
MOT17,V020,430,switch,1138,142,142,1133,S_h,1,0
MOT17,V020,434,switch,1171,163,163,1139,S_c,0,0
MOT17,V020,437,switch,1133,65,65,1135,S_h,1,0
MOT17,V021,412,switch,1281,153,153,1279,S_h,1,0
MOT17,V021,416,switch,1291,155,155,1276,S_r,1,0
MOT17,V021,416,switch,1276,161,161,1291,S_r,1,0
MOT17,V021,424,switch,1279,70,70,1280,S_h,1,0
MOT17,V021,430,switch,1280,142,142,1275,S_h,1,0
MOT17,V021,434,switch,1313,163,163,1281,S_c,0,0
MOT17,V021,437,switch,1275,65,65,1277,S_h,1,0
MOT20,V001,104,switch,47,36,36,18,S_c,0,0
MOT20,V001,124,switch,20,8,8,27,S_r,1,0
MOT20,V001,127,switch,19,9,9,40,S_h,1,0
MOT20,V001,128,switch,12,7,7,20,S_r,1,0
MOT20,V001,140,switch,17,12,12,12,S_r,1,0
MOT20,V001,144,switch,54,35,35,19,S_c,0,0
MOT20,V001,151,switch,40,29,29,17,S_r,1,0
MOT20,V001,169,switch,66,47,47,13,S_c,0,0
MOT20,V001,171,switch,40,30,30,29,S_r,1,0
MOT20,V001,185,switch,67,77,77,24,S_r,0,0
MOT20,V001,188,switch,76,29,29,40,S_c,0,0
MOT20,V001,201,switch,24,77,77,67,S_r,0,0
MOT20,V001,224,switch,83,74,74,59,S_c,0,0
MOT20,V001,229,switch,71,77,77,24,S_r,0,0
MOT20,V001,238,switch,24,78,78,26,S_r,1,0
MOT20,V001,239,switch,26,78,78,26,S_h,0,0
MOT20,V001,242,switch,24,78,78,26,S_h,0,0
MOT20,V001,247,switch,86,49,49,11,S_r,1,0
MOT20,V001,247,switch,38,53,53,86,S_r,1,0
MOT20,V001,249,switch,38,31,31,34,S_r,1,0
MOT20,V001,249,switch,11,32,32,38,S_h,1,0
MOT20,V001,249,switch,34,53,53,38,S_r,1,0
MOT20,V001,254,switch,93,63,63,90,S_c,0,0
MOT20,V001,266,switch,95,46,46,65,S_c,0,0
MOT20,V001,282,switch,10,26,26,5,S_r,1,0
MOT20,V001,284,switch,103,58,58,74,S_r,0,0
MOT20,V001,291,switch,103,23,23,25,S_r,1,0
MOT20,V001,296,switch,106,23,23,103,S_r,0,0
MOT20,V001,296,switch,115,25,25,40,S_c,0,0
MOT20,V001,296,switch,25,58,58,103,S_h,1,0
MOT20,V001,297,switch,40,29,29,76,S_r,1,0
MOT20,V001,298,switch,25,20,20,35,S_r,1,0
MOT20,V001,298,switch,35,58,58,25,S_r,1,0
MOT20,V001,299,switch,103,20,20,35,S_r,1,0
MOT20,V001,301,switch,74,23,23,106,S_r,1,0
MOT20,V001,301,switch,66,46,46,95,S_r,1,0
MOT20,V001,303,switch,119,25,25,115,S_c,0,0
MOT20,V001,303,switch,118,30,30,40,S_c,0,0
MOT20,V001,309,switch,116,23,23,74,S_r,0,0
MOT20,V001,310,switch,119,9,9,19,S_r,1,0
MOT20,V001,312,switch,35,47,47,66,S_r,1,0
MOT20,V001,314,switch,119,58,58,35,S_r,1,0
MOT20,V001,314,switch,121,77,77,71,S_r,0,0
MOT20,V001,317,switch,74,20,20,103,S_r,1,0
MOT20,V001,317,switch,25,25,25,119,S_h,1,0
MOT20,V001,322,switch,106,20,20,74,S_r,1,0
MOT20,V001,322,switch,25,22,22,21,S_r,1,0
MOT20,V001,322,switch,21,25,25,25,S_r,1,0
MOT20,V001,323,switch,62,10,10,22,S_r,0,0
MOT20,V001,326,switch,71,77,77,121,S_r,0,0
MOT20,V001,344,switch,74,22,22,25,S_r,1,0
MOT20,V001,348,switch,28,30,30,118,S_r,1,0
MOT20,V001,358,switch,74,21,21,30,S_r,1,0
MOT20,V001,362,switch,134,78,78,24,S_r,0,0
MOT20,V001,366,switch,136,22,22,74,S_c,0,0
MOT20,V001,368,switch,24,77,77,71,S_h,1,0
MOT20,V001,387,switch,143,21,21,74,S_c,0,0
MOT20,V001,397,switch,140,78,78,134,S_r,0,0
MOT20,V001,409,switch,147,21,21,143,S_h,0,0
MOT20,V001,409,switch,134,77,77,24,S_r,1,0
MOT20,V001,412,switch,24,78,78,140,S_r,1,0
MOT20,V001,413,switch,147,51,51,122,S_h,1,0
MOT20,V001,415,switch,147,22,22,136,S_r,1,0
MOT20,V001,416,switch,33,7,7,12,S_r,1,0
MOT20,V001,416,switch,136,21,21,143,S_h,1,0
MOT20,V001,416,switch,140,78,78,24,S_r,0,0
MOT20,V001,419,switch,151,51,51,147,S_c,0,0
MOT20,V001,420,switch,12,18,18,33,S_h,1,0
MOT20,V001,424,switch,12,12,12,17,S_r,1,0
MOT20,V001,424,switch,17,18,18,12,S_r,1,0
MOT20,V001,424,switch,151,50,50,5,S_r,1,0
MOT20,V001,424,switch,5,51,51,151,S_r,1,0
MOT20,V001,427,switch,153,68,68,131,S_c,0,0
MOT20,V002,24,switch,185,231,231,182,S_r,1,0
MOT20,V002,26,switch,188,228,228,185,S_h,0,0
MOT20,V002,49,switch,193,224,224,174,S_r,0,0
MOT20,V002,53,switch,174,224,224,193,S_r,0,0
MOT20,V002,53,switch,193,229,229,182,S_r,1,0
MOT20,V002,58,switch,187,218,218,171,S_r,1,0
MOT20,V002,58,switch,171,219,219,187,S_r,1,0
MOT20,V002,66,switch,189,224,224,174,S_r,1,0
MOT20,V002,70,switch,174,230,230,189,S_r,1,0
MOT20,V002,79,switch,203,217,217,180,S_r,0,0
MOT20,V002,131,switch,206,236,236,210,S_r,1,0
MOT20,V002,131,switch,210,243,243,206,S_r,1,0
MOT20,V002,145,switch,214,224,224,189,S_c,0,0
MOT20,V002,167,switch,218,247,247,200,S_r,0,0
MOT20,V002,168,switch,217,177,177,211,S_h,0,0
MOT20,V002,174,switch,211,177,177,217,S_h,0,0
MOT20,V002,176,switch,187,221,221,191,S_r,1,0
MOT20,V002,181,switch,216,247,247,218,S_h,1,0
MOT20,V002,182,switch,195,177,177,211,S_r,1,0
MOT20,V002,182,switch,211,222,222,195,S_r,1,0
MOT20,V002,183,switch,217,221,221,187,S_r,1,0
MOT20,V002,187,switch,218,247,247,218,S_r,0,0
MOT20,V002,203,switch,200,247,247,218,S_r,0,0
MOT20,V002,212,switch,218,247,247,200,S_h,0,0
MOT20,V002,215,switch,200,247,247,218,S_h,0,0
MOT20,V002,217,switch,223,230,230,174,S_c,0,0
MOT20,V002,221,switch,218,254,254,200,S_r,1,0
MOT20,V002,229,switch,218,247,247,200,S_h,1,0
MOT20,V002,233,switch,225,265,265,216,S_r,0,0
MOT20,V002,275,switch,235,265,265,225,S_c,0,0
MOT20,V002,281,switch,236,254,254,200,S_c,0,0
MOT20,V002,327,switch,241,257,257,231,S_c,0,0
MOT20,V002,332,switch,231,245,245,196,S_r,1,0
MOT20,V002,345,switch,196,245,245,231,S_h,0,0
MOT20,V002,349,switch,231,243,243,210,S_r,1,0
MOT20,V002,351,switch,210,245,245,196,S_r,1,0
MOT20,V002,352,switch,244,255,255,220,S_c,0,0
MOT20,V002,363,switch,241,245,245,210,S_r,1,0
MOT20,V002,396,switch,251,257,257,241,S_c,0,0
MOT20,V002,398,switch,252,247,247,218,S_c,0,0
MOT20,V002,405,switch,218,245,245,241,S_r,1,0
MOT20,V002,412,switch,210,245,245,218,S_r,0,0
MOT20,V002,422,switch,258,177,177,195,S_c,0,0
MOT20,V002,436,switch,255,15,15,259,S_r,1,0
MOT20,V002,452,switch,262,265,265,235,S_c,0,0
MOT20,V002,459,switch,265,183,183,255,S_c,0,0
MOT20,V002,474,switch,267,247,247,252,S_c,0,0
MOT20,V002,483,switch,252,247,247,267,S_h,0,0
MOT20,V002,484,switch,267,247,247,267,S_h,0,0
MOT20,V002,514,switch,272,183,183,265,S_c,0,0
MOT20,V002,525,switch,275,235,235,208,S_c,0,0
MOT20,V002,530,switch,278,271,271,260,S_c,0,0
MOT20,V002,535,switch,281,183,183,272,S_c,0,0
MOT20,V002,539,switch,283,236,236,206,S_c,0,0
MOT20,V002,557,switch,278,272,272,260,S_r,1,0
MOT20,V002,563,switch,215,177,177,258,S_r,1,0
MOT20,V002,564,switch,258,175,175,213,S_h,1,0
MOT20,V002,571,switch,258,265,265,262,S_r,1,0
MOT20,V002,574,switch,287,277,277,285,S_c,0,0
MOT20,V002,577,switch,281,55,55,259,S_r,1,0
MOT20,V002,577,switch,259,183,183,281,S_r,1,0
MOT20,V002,580,switch,288,271,271,278,S_c,0,0
MOT20,V002,599,switch,291,268,268,215,S_c,0,0
MOT20,V002,613,switch,288,272,272,278,S_r,1,0
MOT20,V002,615,switch,278,272,272,288,S_r,0,0
MOT20,V002,623,switch,296,265,265,258,S_c,0,0
MOT20,V002,633,switch,259,55,55,281,S_r,1,0
MOT20,V002,635,switch,299,183,183,259,S_h,0,0
MOT20,V002,685,switch,307,272,272,278,S_r,0,0
MOT20,V002,718,switch,238,7,7,240,S_r,1,0
MOT20,V002,718,switch,240,270,270,238,S_r,1,0
MOT20,V002,798,switch,317,1,1,311,S_h,0,0
MOT20,V002,826,switch,327,286,286,300,S_c,0,0
MOT20,V002,837,switch,330,272,272,307,S_c,0,0
MOT20,V002,859,switch,256,272,272,330,S_r,1,0
MOT20,V002,859,switch,330,273,273,256,S_r,1,0
MOT20,V002,865,switch,335,271,271,288,S_c,0,0
MOT20,V002,876,switch,338,290,290,334,S_c,0,0
MOT20,V002,882,switch,339,275,275,272,S_r,0,0
MOT20,V002,885,switch,334,290,290,338,S_r,1,0
MOT20,V002,885,switch,338,293,293,334,S_r,1,0
MOT20,V002,891,switch,345,250,250,293,S_c,0,0
MOT20,V002,915,switch,336,290,290,334,S_r,1,0
MOT20,V002,915,switch,334,291,291,336,S_r,1,0
MOT20,V002,937,switch,319,285,285,320,S_r,1,0
MOT20,V002,941,switch,350,280,280,302,S_h,0,0
MOT20,V002,942,switch,320,4,4,319,S_h,1,0
MOT20,V002,947,switch,320,55,55,259,S_h,1,0
MOT20,V002,954,switch,355,55,55,320,S_c,0,0
MOT20,V002,967,switch,236,257,257,251,S_r,1,0
MOT20,V002,974,switch,364,254,254,236,S_c,0,0
MOT20,V002,985,switch,367,3,3,324,S_c,0,0
MOT20,V002,1000,switch,370,55,55,355,S_c,0,0
MOT20,V002,1001,switch,324,15,15,255,S_r,1,0
MOT20,V002,1005,switch,247,273,273,330,S_r,1,0
MOT20,V002,1014,switch,370,175,175,258,S_r,1,0
MOT20,V002,1015,switch,368,15,15,324,S_r,0,0
MOT20,V002,1025,switch,299,55,55,370,S_r,1,0
MOT20,V002,1040,switch,371,13,13,361,S_r,0,0
MOT20,V002,1041,switch,370,177,177,215,S_h,1,0
MOT20,V002,1051,switch,324,183,183,299,S_h,1,0
MOT20,V002,1053,switch,370,285,285,319,S_r,1,0
MOT20,V002,1057,switch,319,285,285,370,S_h,0,0
MOT20,V002,1058,switch,324,55,55,299,S_r,1,0
MOT20,V002,1058,switch,215,177,177,370,S_h,0,0
MOT20,V002,1068,switch,375,55,55,324,S_h,0,0
MOT20,V002,1068,switch,285,277,277,287,S_r,1,0
MOT20,V002,1072,switch,350,277,277,285,S_r,1,0
MOT20,V002,1080,switch,358,6,6,340,S_r,1,0
MOT20,V002,1080,switch,340,294,294,358,S_r,1,0
MOT20,V002,1095,switch,381,285,285,319,S_c,0,0
MOT20,V002,1147,switch,215,281,281,310,S_r,1,0
MOT20,V002,1173,switch,388,283,283,318,S_c,0,0
MOT20,V002,1189,switch,391,281,281,215,S_c,0,0
MOT20,V002,1225,switch,340,4,4,320,S_r,1,0
MOT20,V002,1225,switch,320,294,294,340,S_r,1,0
MOT20,V002,1240,switch,397,55,55,375,S_c,0,0
MOT20,V002,1241,switch,398,32,32,394,S_c,0,0
MOT20,V002,1299,switch,170,12,12,357,S_r,1,0
MOT20,V002,1300,switch,406,32,32,398,S_c,0,0
MOT20,V002,1303,switch,408,11,11,313,S_c,0,0
MOT20,V002,1305,switch,170,13,13,371,S_r,1,0
MOT20,V002,1306,switch,396,32,32,398,S_r,1,0
MOT20,V002,1306,switch,406,33,33,396,S_r,1,0
MOT20,V002,1317,switch,250,21,21,412,S_r,1,0
MOT20,V002,1323,switch,417,13,13,371,S_c,0,0
MOT20,V002,1324,switch,170,14,14,365,S_r,1,0
MOT20,V002,1324,switch,365,178,178,170,S_r,1,0
MOT20,V002,1326,switch,409,47,47,415,S_r,0,0
MOT20,V002,1327,switch,415,47,47,415,S_h,0,0
MOT20,V002,1329,switch,418,32,32,396,S_r,0,0
MOT20,V002,1335,switch,420,12,12,170,S_c,0,0
MOT20,V002,1337,switch,396,32,32,418,S_h,0,0
MOT20,V002,1352,switch,419,35,35,423,S_r,1,0
MOT20,V002,1352,switch,423,61,61,419,S_r,1,0
MOT20,V002,1366,switch,427,14,14,170,S_c,0,0
MOT20,V002,1429,switch,428,9,9,441,S_r,1,0
MOT20,V002,1429,switch,441,10,10,428,S_r,1,0
MOT20,V002,1431,switch,406,32,32,396,S_r,1,0
MOT20,V002,1431,switch,396,33,33,406,S_r,1,0
MOT20,V002,1437,switch,417,12,12,420,S_r,1,0
MOT20,V002,1437,switch,420,13,13,417,S_r,1,0
MOT20,V002,1442,switch,430,43,43,438,S_r,1,0
MOT20,V002,1461,switch,324,55,55,397,S_r,1,0
MOT20,V002,1461,switch,397,183,183,324,S_r,1,0
MOT20,V002,1463,switch,440,177,177,215,S_r,0,0
MOT20,V002,1472,switch,458,64,64,444,S_r,1,0
MOT20,V002,1472,switch,444,65,65,458,S_r,1,0
MOT20,V002,1474,switch,416,40,40,430,S_h,1,0
MOT20,V002,1484,switch,461,38,38,416,S_h,0,0
MOT20,V002,1495,switch,421,38,38,416,S_r,1,0
MOT20,V002,1508,switch,474,37,37,421,S_c,0,0
MOT20,V002,1521,switch,395,48,48,442,S_r,1,0
MOT20,V002,1522,switch,442,36,36,395,S_h,1,0
MOT20,V002,1527,switch,478,48,48,395,S_r,0,0
MOT20,V002,1529,switch,458,39,39,431,S_r,1,0
MOT20,V002,1529,switch,431,64,64,458,S_r,1,0
MOT20,V002,1531,switch,395,43,43,430,S_h,1,0
MOT20,V002,1533,switch,430,40,40,416,S_h,1,0
MOT20,V002,1535,switch,442,38,38,421,S_r,1,0
MOT20,V002,1542,switch,432,36,36,442,S_h,1,0
MOT20,V002,1561,switch,395,62,62,432,S_r,1,0
MOT20,V002,1562,switch,486,73,73,481,S_c,0,0
MOT20,V002,1569,switch,489,43,43,395,S_r,0,0
MOT20,V002,1571,switch,481,73,73,486,S_r,1,0
MOT20,V002,1598,switch,489,36,36,432,S_r,1,0
MOT20,V002,1598,switch,432,43,43,489,S_r,1,0
MOT20,V002,1613,switch,452,62,62,395,S_r,1,0
MOT20,V002,1614,switch,395,33,33,396,S_r,1,0
MOT20,V002,1614,switch,396,43,43,432,S_r,1,0
MOT20,V002,1617,switch,505,46,46,452,S_c,0,0
MOT20,V002,1617,switch,504,76,76,481,S_c,0,0
MOT20,V002,1629,switch,486,76,76,504,S_r,1,0
MOT20,V002,1629,switch,504,88,88,486,S_r,1,0
MOT20,V002,1630,switch,478,61,61,423,S_h,1,0
MOT20,V002,1636,switch,515,180,180,498,S_c,0,0
MOT20,V002,1648,switch,515,75,75,506,S_r,1,0
MOT20,V002,1651,switch,385,59,59,379,S_r,1,0
MOT20,V002,1651,switch,379,70,70,385,S_r,1,0
MOT20,V002,1653,switch,437,61,61,478,S_r,1,0
MOT20,V002,1656,switch,511,61,61,478,S_r,0,0
MOT20,V002,1661,switch,513,31,31,403,S_r,0,0
MOT20,V002,1661,switch,498,180,180,515,S_r,1,0
MOT20,V002,1666,switch,403,34,34,404,S_r,1,0
MOT20,V002,1670,switch,506,180,180,498,S_h,1,0
MOT20,V002,1671,switch,511,42,42,437,S_r,1,0
MOT20,V002,1671,switch,437,61,61,511,S_r,1,0
MOT20,V002,1677,switch,498,180,180,498,S_r,1,0
MOT20,V002,1678,switch,520,88,88,504,S_h,0,0
MOT20,V002,1696,switch,494,88,88,520,S_r,1,0
MOT20,V002,1696,switch,520,111,111,494,S_r,1,0
MOT20,V002,1706,switch,439,48,48,478,S_h,1,0
MOT20,V002,1713,switch,540,9,9,428,S_c,0,0
MOT20,V002,1732,switch,431,39,39,458,S_r,1,0
MOT20,V002,1735,switch,458,64,64,431,S_h,1,0
MOT20,V002,1746,switch,550,48,48,439,S_r,0,0
MOT20,V002,1749,switch,554,75,75,515,S_c,0,0
MOT20,V002,1752,switch,550,45,45,447,S_r,1,0
MOT20,V002,1757,switch,557,78,78,527,S_c,0,0
MOT20,V002,1759,switch,447,48,48,550,S_h,1,0
MOT20,V002,1776,switch,431,42,42,511,S_r,1,0
MOT20,V002,1777,switch,565,39,39,431,S_c,0,0
MOT20,V002,1783,switch,568,80,80,543,S_c,0,0
MOT20,V002,1799,switch,546,81,81,549,S_r,1,0
MOT20,V002,1799,switch,549,96,96,546,S_r,1,0
MOT20,V002,1802,switch,573,33,33,395,S_c,0,0
MOT20,V002,1803,switch,556,66,66,386,S_h,0,0
MOT20,V002,1803,switch,492,75,75,554,S_r,1,0
MOT20,V002,1803,switch,554,86,86,492,S_r,1,0
MOT20,V002,1809,switch,480,180,180,498,S_r,1,0
MOT20,V002,1811,switch,579,70,70,379,S_c,0,0
MOT20,V002,1814,switch,581,35,35,419,S_c,0,0
MOT20,V002,1814,switch,510,173,173,527,S_r,1,0
MOT20,V002,1821,switch,480,179,179,498,S_h,1,0
MOT20,V002,1822,switch,531,53,53,530,S_r,1,0
MOT20,V002,1822,switch,530,74,74,531,S_r,1,0
MOT20,V002,1825,switch,586,180,180,480,S_c,0,0
MOT20,V002,1826,switch,587,33,33,573,S_c,0,0
MOT20,V002,1826,switch,486,49,49,510,S_r,1,0
MOT20,V002,1826,switch,480,76,76,486,S_r,1,0
MOT20,V002,1828,switch,424,42,42,431,S_h,1,0
MOT20,V002,1830,switch,586,72,72,480,S_r,1,0
MOT20,V002,1831,switch,556,56,56,424,S_r,1,0
MOT20,V002,1832,switch,586,50,50,516,S_r,1,0
MOT20,V002,1832,switch,516,72,72,586,S_r,1,0
MOT20,V002,1832,switch,592,180,180,586,S_c,0,0
MOT20,V002,1834,switch,593,66,66,556,S_c,0,0
MOT20,V002,1835,switch,568,81,81,546,S_r,1,0
MOT20,V002,1841,switch,589,97,97,576,S_h,0,0
MOT20,V002,1842,switch,546,80,80,568,S_r,1,0
MOT20,V002,1843,switch,571,118,118,541,S_h,0,0
MOT20,V002,1844,switch,510,113,113,563,S_r,1,0
MOT20,V002,1845,switch,419,42,42,424,S_r,1,0
MOT20,V002,1845,switch,595,56,56,556,S_r,0,0
MOT20,V002,1845,switch,424,70,70,579,S_r,1,0
MOT20,V002,1845,switch,563,173,173,510,S_h,1,0
MOT20,V002,1847,switch,395,80,80,546,S_h,1,0
MOT20,V002,1848,switch,597,48,48,447,S_c,0,0
MOT20,V002,1852,switch,598,176,176,179,S_c,0,0
MOT20,V002,1853,switch,179,118,118,571,S_r,1,0
MOT20,V002,1856,switch,531,180,180,586,S_r,1,0
MOT20,V002,1857,switch,592,53,53,531,S_h,1,0
MOT20,V002,1860,switch,584,81,81,568,S_h,1,0
MOT20,V002,1861,switch,405,97,97,589,S_r,1,0
MOT20,V002,1862,switch,589,18,18,405,S_h,1,0
MOT20,V002,1865,switch,531,179,179,498,S_r,1,0
MOT20,V002,1866,switch,520,75,75,492,S_r,1,0
MOT20,V002,1866,switch,492,111,111,520,S_r,1,0
MOT20,V002,1879,switch,598,120,120,324,S_r,1,0
MOT20,V002,1879,switch,365,176,176,598,S_r,1,0
MOT20,V002,1881,switch,545,180,180,586,S_h,1,0
MOT20,V002,1883,switch,609,176,176,598,S_c,0,0
MOT20,V002,1886,switch,531,52,52,545,S_r,1,0
MOT20,V002,1890,switch,545,179,179,531,S_h,1,0
MOT20,V002,1891,switch,395,81,81,584,S_h,1,0
MOT20,V002,1902,switch,453,19,19,407,S_r,1,0
MOT20,V002,1907,switch,621,18,18,589,S_c,0,0
MOT20,V002,1907,switch,622,105,105,453,S_c,0,0
MOT20,V002,1912,switch,608,175,175,370,S_h,0,0
MOT20,V002,1918,switch,628,180,180,586,S_c,0,0
MOT20,V002,1921,switch,599,19,19,453,S_r,1,0
MOT20,V002,1921,switch,453,174,174,599,S_r,1,0
MOT20,V002,1922,switch,631,80,80,395,S_c,0,0
MOT20,V002,1924,switch,632,189,189,407,S_r,0,0
MOT20,V002,1930,switch,568,116,116,610,S_r,1,0
MOT20,V002,1930,switch,610,125,125,568,S_r,1,0
MOT20,V002,1932,switch,545,76,76,480,S_r,1,0
MOT20,V002,1932,switch,557,77,77,521,S_r,1,0
MOT20,V002,1934,switch,480,76,76,480,S_h,0,0
MOT20,V002,1936,switch,521,77,77,557,S_h,0,0
MOT20,V002,1936,switch,407,158,158,623,S_r,1,0
MOT20,V002,1937,switch,557,72,72,516,S_r,1,0
MOT20,V002,1938,switch,516,77,77,521,S_h,1,0
MOT20,V002,1938,switch,521,78,78,557,S_r,1,0
MOT20,V002,1939,switch,638,83,83,407,S_c,0,0
MOT20,V002,1940,switch,597,56,56,595,S_r,1,0
MOT20,V002,1940,switch,639,101,101,589,S_c,0,0
MOT20,V002,1940,switch,589,114,114,630,S_r,1,0
MOT20,V002,1945,switch,516,78,78,521,S_h,1,0
MOT20,V002,1955,switch,648,89,89,634,S_c,0,0
MOT20,V002,1961,switch,645,85,85,584,S_h,0,0
MOT20,V002,1964,switch,647,77,77,516,S_h,0,0
MOT20,V002,1965,switch,647,98,98,564,S_r,1,0
MOT20,V002,1965,switch,568,109,109,623,S_r,1,0
MOT20,V002,1973,switch,536,78,78,516,S_r,1,0
MOT20,V002,1975,switch,516,85,85,584,S_h,1,0
MOT20,V002,1975,switch,520,175,175,370,S_h,1,0
MOT20,V002,1981,switch,501,77,77,516,S_r,1,0
MOT20,V002,1982,switch,520,100,100,513,S_r,1,0
MOT20,V002,1982,switch,586,175,175,520,S_h,1,0
MOT20,V002,1987,switch,631,78,78,516,S_r,1,0
MOT20,V002,1987,switch,536,79,79,501,S_r,1,0
MOT20,V002,1988,switch,470,50,50,586,S_r,1,0
MOT20,V002,1989,switch,628,94,94,536,S_h,1,0
MOT20,V002,1991,switch,462,187,187,470,S_h,1,0
MOT20,V002,1995,switch,592,107,107,462,S_r,1,0
MOT20,V002,1996,switch,645,83,83,638,S_h,1,0
MOT20,V002,1996,switch,638,85,85,584,S_r,1,0
MOT20,V002,1997,switch,661,53,53,592,S_c,0,0
MOT20,V002,1997,switch,641,173,173,563,S_r,1,0
MOT20,V002,1998,switch,657,80,80,631,S_h,0,0
MOT20,V002,1998,switch,662,116,116,568,S_c,0,0
MOT20,V002,2000,switch,520,74,74,530,S_r,1,0
MOT20,V002,2000,switch,664,100,100,520,S_r,0,0
MOT20,V002,2003,switch,630,116,116,568,S_r,1,0
MOT20,V002,2004,switch,592,187,187,462,S_r,1,0
MOT20,V002,2006,switch,554,80,80,657,S_r,1,0
MOT20,V002,2007,switch,669,94,94,628,S_r,0,0
MOT20,V002,2007,switch,662,109,109,568,S_r,1,0
MOT20,V002,2007,switch,568,116,116,568,S_r,1,0
MOT20,V002,2010,switch,628,86,86,554,S_h,1,0
MOT20,V002,2012,switch,672,100,100,664,S_c,0,0
MOT20,V002,2012,switch,664,107,107,592,S_r,1,0
MOT20,V002,2013,switch,638,189,189,632,S_h,1,0
MOT20,V002,2014,switch,646,121,121,630,S_h,1,0
MOT20,V002,2017,switch,610,121,121,630,S_r,1,0
MOT20,V002,2017,switch,646,125,125,610,S_r,1,0
MOT20,V002,2022,switch,673,75,75,520,S_c,0,0
MOT20,V002,2022,switch,563,179,179,531,S_r,1,0
MOT20,V002,2027,switch,670,180,180,628,S_h,0,0
MOT20,V002,2050,switch,546,121,121,610,S_r,1,0
MOT20,V002,2050,switch,610,122,122,546,S_r,1,0
MOT20,V002,2053,switch,675,170,170,646,S_r,0,0
MOT20,V002,2054,switch,686,85,85,638,S_r,0,0
MOT20,V002,2063,switch,641,79,79,536,S_r,1,0
MOT20,V002,2063,switch,440,119,119,616,S_r,1,0
MOT20,V002,2068,switch,693,172,172,668,S_c,0,0
MOT20,V002,2070,switch,695,180,180,628,S_c,0,0
MOT20,V002,2073,switch,664,79,79,641,S_r,1,0
MOT20,V002,2073,switch,453,97,97,405,S_r,1,0
MOT20,V002,2073,switch,641,107,107,664,S_r,1,0
MOT20,V002,2073,switch,405,174,174,453,S_r,1,0
MOT20,V002,2073,switch,365,177,177,440,S_r,1,0
MOT20,V002,2073,switch,440,178,178,365,S_r,1,0
MOT20,V002,2080,switch,609,119,119,440,S_r,1,0
MOT20,V002,2082,switch,701,176,176,609,S_c,0,0
MOT20,V002,2084,switch,704,159,159,685,S_c,0,0
MOT20,V002,2084,switch,702,160,160,700,S_r,0,0
MOT20,V002,2085,switch,705,83,83,645,S_c,0,0
MOT20,V002,2086,switch,700,18,18,621,S_h,1,0
MOT20,V002,2086,switch,592,79,79,664,S_r,1,0
MOT20,V002,2087,switch,621,18,18,621,S_h,0,0
MOT20,V002,2087,switch,707,180,180,628,S_c,0,0
MOT20,V002,2090,switch,709,179,179,563,S_c,0,0
MOT20,V002,2092,switch,664,187,187,592,S_h,1,0
MOT20,V002,2098,switch,365,176,176,701,S_r,1,0
MOT20,V002,2098,switch,701,177,177,365,S_r,1,0
MOT20,V002,2099,switch,715,127,127,711,S_c,0,0
MOT20,V002,2100,switch,582,169,169,641,S_h,1,0
MOT20,V002,2100,switch,536,175,175,520,S_h,1,0
MOT20,V002,2101,switch,711,18,18,621,S_r,1,0
MOT20,V002,2102,switch,716,161,161,683,S_c,0,0
MOT20,V002,2105,switch,621,18,18,711,S_h,0,0
MOT20,V002,2111,switch,699,101,101,639,S_r,0,0
MOT20,V002,2114,switch,639,101,101,699,S_h,0,0
MOT20,V002,2116,switch,707,179,179,709,S_h,1,0
MOT20,V002,2117,switch,699,100,100,672,S_h,1,0
MOT20,V002,2118,switch,699,101,101,639,S_r,1,0
MOT20,V002,2119,switch,639,100,100,672,S_h,1,0
MOT20,V002,2125,switch,527,175,175,520,S_r,1,0
MOT20,V002,2132,switch,664,177,177,701,S_r,1,0
MOT20,V002,2133,switch,701,177,177,701,S_h,0,0
MOT20,V002,2136,switch,728,169,169,582,S_c,0,0
MOT20,V002,2137,switch,726,176,176,365,S_h,0,0
MOT20,V002,2139,switch,621,106,106,455,S_r,1,0
MOT20,V002,2139,switch,709,180,180,707,S_h,1,0
MOT20,V002,2140,switch,727,97,97,453,S_r,0,0
MOT20,V002,2140,switch,621,105,105,622,S_r,1,0
MOT20,V002,2140,switch,455,106,106,455,S_h,0,0
MOT20,V002,2140,switch,527,177,177,701,S_r,1,0
MOT20,V002,2140,switch,701,187,187,664,S_r,1,0
MOT20,V002,2142,switch,365,176,176,726,S_h,0,0
MOT20,V002,2143,switch,622,105,105,621,S_h,0,0
MOT20,V002,2144,switch,621,105,105,621,S_r,0,0
MOT20,V002,2144,switch,726,113,113,510,S_r,1,0
MOT20,V002,2144,switch,510,185,185,527,S_r,1,0
MOT20,V002,2150,switch,405,97,97,727,S_r,1,0
MOT20,V002,2150,switch,727,174,174,405,S_r,1,0
MOT20,V002,2151,switch,726,176,176,365,S_r,1,0
MOT20,V002,2155,switch,365,112,112,567,S_r,1,0
MOT20,V002,2155,switch,510,176,176,726,S_h,1,0
MOT20,V002,2156,switch,365,185,185,510,S_r,1,0
MOT20,V002,2164,switch,735,189,189,638,S_c,0,0
MOT20,V002,2184,switch,739,112,112,567,S_c,0,0
MOT20,V002,2185,switch,738,128,128,734,S_r,1,0
MOT20,V002,2185,switch,726,173,173,641,S_r,1,0
MOT20,V002,2188,switch,740,113,113,726,S_c,0,0
MOT20,V002,2191,switch,734,141,141,738,S_h,1,0
MOT20,V002,2192,switch,707,79,79,592,S_r,1,0
MOT20,V002,2194,switch,742,120,120,598,S_r,0,0
MOT20,V002,2194,switch,510,169,169,728,S_r,1,0
MOT20,V002,2194,switch,527,176,176,510,S_r,1,0
MOT20,V002,2194,switch,570,177,177,527,S_h,1,0
MOT20,V002,2195,switch,743,85,85,686,S_c,0,0
MOT20,V002,2195,switch,598,120,120,598,S_h,0,0
MOT20,V002,2202,switch,719,177,177,570,S_h,0,0
MOT20,V002,2203,switch,745,185,185,365,S_c,0,0
MOT20,V002,2204,switch,715,128,128,738,S_r,1,0
MOT20,V002,2205,switch,738,128,128,738,S_h,0,0
MOT20,V002,2228,switch,727,115,115,570,S_r,1,0
MOT20,V002,2241,switch,752,174,174,727,S_c,0,0
MOT20,V002,2244,switch,641,187,187,701,S_r,1,0
MOT20,V002,2246,switch,702,99,99,539,S_r,1,0
MOT20,V002,2246,switch,539,160,160,702,S_r,1,0
MOT20,V002,2247,switch,701,187,187,641,S_r,0,0
MOT20,V002,2249,switch,641,187,187,701,S_h,0,0
MOT20,V002,2252,switch,754,168,168,582,S_c,0,0
MOT20,V002,2278,switch,765,174,174,752,S_c,0,0
MOT20,V002,2281,switch,768,122,122,610,S_c,0,0
MOT20,V002,2286,switch,740,112,112,739,S_r,1,0
MOT20,V002,2286,switch,739,113,113,740,S_r,1,0
MOT20,V002,2311,switch,769,120,120,598,S_r,0,0
MOT20,V002,2315,switch,778,175,175,527,S_h,0,0
MOT20,V002,2327,switch,781,119,119,609,S_c,0,0
MOT20,V002,2338,switch,782,120,120,769,S_c,0,0
MOT20,V002,2360,switch,671,177,177,719,S_r,1,0
MOT20,V002,2381,switch,790,177,177,719,S_c,0,0
MOT20,V002,2386,switch,781,120,120,782,S_r,1,0
MOT20,V002,2460,switch,656,175,175,778,S_r,1,0
MOT20,V002,2462,switch,801,92,92,688,S_h,0,0
MOT20,V002,2502,switch,407,116,116,568,S_r,1,0
MOT20,V002,2503,switch,671,159,159,704,S_r,1,0
MOT20,V002,2505,switch,807,172,172,693,S_c,0,0
MOT20,V002,2506,switch,734,170,170,675,S_r,1,0
MOT20,V002,2508,switch,734,125,125,646,S_r,1,0
MOT20,V002,2508,switch,646,141,141,734,S_r,1,0
MOT20,V002,2531,switch,816,117,117,671,S_c,0,0
MOT20,V002,2535,switch,691,92,92,801,S_r,1,0
MOT20,V002,2538,switch,818,131,131,656,S_c,0,0
MOT20,V002,2547,switch,807,131,131,818,S_r,1,0
MOT20,V002,2547,switch,818,172,172,807,S_r,1,0
MOT20,V002,2564,switch,646,128,128,738,S_r,1,0
MOT20,V002,2589,switch,830,195,195,808,S_c,0,0
MOT20,V002,2590,switch,829,141,141,646,S_r,1,0
MOT20,V002,2596,switch,831,172,172,818,S_c,0,0
MOT20,V002,2597,switch,828,177,177,790,S_r,0,0
MOT20,V002,2602,switch,833,128,128,646,S_c,0,0
MOT20,V002,2604,switch,790,177,177,828,S_r,0,0
MOT20,V002,2617,switch,646,122,122,768,S_h,1,0
MOT20,V002,2618,switch,835,138,138,699,S_r,0,0
MOT20,V002,2626,switch,836,177,177,790,S_c,0,0
MOT20,V002,2632,switch,646,125,125,734,S_r,1,0
MOT20,V002,2633,switch,790,177,177,836,S_r,0,0
MOT20,V002,2667,switch,691,186,186,729,S_r,1,0
MOT20,V002,2669,switch,844,125,125,646,S_c,0,0
MOT20,V002,2685,switch,698,127,127,715,S_h,1,0
MOT20,V002,2700,switch,539,123,123,698,S_r,1,0
MOT20,V002,2724,switch,698,181,181,829,S_r,1,0
MOT20,V002,2751,switch,715,128,128,833,S_r,1,0
MOT20,V002,2757,switch,829,128,128,715,S_r,1,0
MOT20,V002,2762,switch,859,145,145,796,S_r,0,0
MOT20,V003,69,switch,941,535,535,928,S_h,0,0
MOT20,V003,82,switch,935,531,531,923,S_r,1,0
MOT20,V003,83,switch,923,531,531,923,S_h,0,0
MOT20,V003,87,switch,935,531,531,923,S_r,1,0
MOT20,V003,141,switch,974,517,517,890,S_r,0,0
MOT20,V003,145,switch,890,517,517,974,S_h,0,0
MOT20,V003,151,switch,981,522,522,939,S_r,0,0
MOT20,V003,172,switch,921,169,169,937,S_r,1,0
MOT20,V003,235,switch,1003,499,499,889,S_r,0,0
MOT20,V003,242,switch,902,30,30,879,S_h,1,0
MOT20,V003,271,switch,927,112,112,934,S_r,1,0
MOT20,V003,291,switch,943,30,30,902,S_h,1,0
MOT20,V003,309,switch,1029,110,110,927,S_c,0,0
MOT20,V003,324,switch,1020,168,168,1000,S_h,0,0
MOT20,V003,374,switch,888,29,29,875,S_r,1,0
MOT20,V003,385,switch,1045,468,468,870,S_r,0,0
MOT20,V003,432,switch,1066,110,110,1029,S_c,0,0
MOT20,V003,433,switch,1045,471,471,878,S_r,1,0
MOT20,V003,437,switch,878,471,471,1045,S_h,0,0
MOT20,V003,443,switch,1069,9,9,1020,S_c,0,0
MOT20,V003,459,switch,893,492,492,914,S_r,1,0
MOT20,V003,632,switch,869,110,110,1066,S_r,1,0
MOT20,V003,636,switch,1112,83,83,980,S_r,0,0
MOT20,V003,638,switch,896,67,67,908,S_r,1,0
MOT20,V003,641,switch,1131,186,186,868,S_c,0,0
MOT20,V003,707,switch,959,81,81,915,S_h,1,0
MOT20,V003,708,switch,915,81,81,915,S_h,0,0
MOT20,V003,726,switch,1148,46,46,1128,S_r,0,0
MOT20,V003,726,switch,1128,709,709,1079,S_r,1,0
MOT20,V003,734,switch,1151,8,8,1056,S_c,0,0
MOT20,V003,750,switch,1033,305,305,1016,S_r,1,0
MOT20,V003,782,switch,866,186,186,1131,S_r,1,0
MOT20,V003,784,switch,1154,305,305,1033,S_r,0,0
MOT20,V003,790,switch,1131,186,186,866,S_h,0,0
MOT20,V003,792,switch,866,186,186,1131,S_r,0,0
MOT20,V003,796,switch,1131,186,186,866,S_h,0,0
MOT20,V003,812,switch,866,186,186,1131,S_r,0,0
MOT20,V003,841,switch,1176,6,6,1096,S_c,0,0
MOT20,V003,854,switch,1180,5,5,1133,S_c,0,0
MOT20,V003,878,switch,1177,290,290,1185,S_r,1,0
MOT20,V003,878,switch,1185,421,421,1177,S_r,1,0
MOT20,V003,904,switch,1189,277,277,1022,S_r,0,0
MOT20,V003,918,switch,1022,49,49,1006,S_h,1,0
MOT20,V003,920,switch,1006,49,49,1022,S_h,0,0
MOT20,V003,1052,switch,1264,277,277,1189,S_r,0,0
MOT20,V003,1055,switch,1266,3,3,1123,S_c,0,0
MOT20,V003,1078,switch,1114,10,10,1076,S_h,1,0
MOT20,V003,1079,switch,999,328,328,994,S_h,1,0
MOT20,V003,1113,switch,1284,274,274,1280,S_r,0,0
MOT20,V003,1114,switch,1285,326,326,1081,S_c,0,0
MOT20,V003,1115,switch,999,48,48,1020,S_h,1,0
MOT20,V003,1124,switch,1288,323,323,979,S_c,0,0
MOT20,V003,1142,switch,1295,318,318,1280,S_r,0,0
MOT20,V003,1143,switch,1266,45,45,1115,S_r,1,0
MOT20,V003,1145,switch,1298,326,326,1285,S_r,0,0
MOT20,V003,1145,switch,1055,428,428,1030,S_r,1,0
MOT20,V003,1146,switch,1302,324,324,1074,S_c,0,0
MOT20,V003,1146,switch,1083,328,328,999,S_h,1,0
MOT20,V003,1146,switch,1030,428,428,1030,S_r,0,0
MOT20,V003,1152,switch,1309,277,277,1264,S_c,0,0
MOT20,V003,1155,switch,1055,428,428,1030,S_h,0,0
MOT20,V003,1157,switch,1030,12,12,1055,S_r,1,0
MOT20,V003,1157,switch,1269,325,325,1094,S_r,0,0
MOT20,V003,1157,switch,1094,428,428,1055,S_r,1,0
MOT20,V003,1160,switch,1232,322,322,970,S_h,1,0
MOT20,V003,1164,switch,999,322,322,970,S_r,1,0
MOT20,V003,1165,switch,1091,313,313,993,S_h,1,0
MOT20,V003,1166,switch,1295,277,277,1309,S_r,1,0
MOT20,V003,1166,switch,1309,318,318,1295,S_r,1,0
MOT20,V003,1167,switch,1091,9,9,1069,S_r,1,0
MOT20,V003,1177,switch,1055,325,325,1269,S_r,1,0
MOT20,V003,1182,switch,1151,314,314,1034,S_h,1,0
MOT20,V003,1183,switch,1055,314,314,1034,S_r,1,0
MOT20,V003,1183,switch,1034,325,325,1055,S_r,1,0
MOT20,V003,1187,switch,1324,274,274,1284,S_c,0,0
MOT20,V003,1209,switch,1103,428,428,1094,S_r,1,0
MOT20,V003,1212,switch,1254,319,319,1227,S_r,1,0
MOT20,V003,1213,switch,1232,310,310,1103,S_h,1,0
MOT20,V003,1217,switch,1154,325,325,1034,S_r,1,0
MOT20,V003,1220,switch,1343,319,319,1254,S_r,0,0
MOT20,V003,1220,switch,1314,428,428,1103,S_c,0,0
MOT20,V003,1222,switch,1103,310,310,1232,S_h,1,0
MOT20,V003,1235,switch,1351,320,320,1254,S_r,0,0
MOT20,V003,1239,switch,1351,319,319,1343,S_h,1,0
MOT20,V003,1239,switch,1254,320,320,1254,S_h,0,0
MOT20,V003,1241,switch,1343,319,319,1351,S_r,0,0
MOT20,V003,1253,switch,1142,296,296,1158,S_h,1,0
MOT20,V003,1264,switch,1158,321,321,1250,S_h,1,0
MOT20,V003,1268,switch,1254,293,293,1242,S_h,1,0
MOT20,V003,1316,switch,1254,289,289,1275,S_r,1,0
MOT20,V003,1334,switch,1386,292,292,1104,S_r,0,0
MOT20,V003,1368,switch,1104,292,292,1386,S_r,0,0
MOT20,V003,1386,switch,1416,349,349,1188,S_c,0,0
MOT20,V003,1393,switch,1414,270,270,1279,S_h,1,0
MOT20,V003,1393,switch,1289,433,433,1346,S_h,1,0
MOT20,V003,1403,switch,1279,457,457,1304,S_r,1,0
MOT20,V003,1406,switch,1245,237,237,1320,S_r,1,0
MOT20,V003,1411,switch,1244,260,260,1245,S_r,1,0
MOT20,V003,1423,switch,1205,460,460,1234,S_r,1,0
MOT20,V003,1438,switch,1445,348,348,1205,S_c,0,0
MOT20,V003,1475,switch,1454,266,266,1233,S_r,0,0
MOT20,V003,1492,switch,1464,426,426,1136,S_r,0,0
MOT20,V003,1496,switch,1136,426,426,1464,S_h,0,0
MOT20,V003,1501,switch,1461,270,270,1414,S_r,0,0
MOT20,V003,1523,switch,1479,431,431,1369,S_c,0,0
MOT20,V003,1528,switch,1369,431,431,1369,S_h,0,0
MOT20,V003,1562,switch,1512,392,392,1375,S_c,0,0
MOT20,V003,1564,switch,1514,426,426,1136,S_c,0,0
MOT20,V003,1569,switch,1507,426,426,1514,S_h,0,0
MOT20,V003,1571,switch,1516,426,426,1507,S_r,0,0
MOT20,V003,1599,switch,1205,461,461,1240,S_r,1,0
MOT20,V003,1623,switch,1557,208,208,1235,S_c,0,0
MOT20,V003,1650,switch,1407,626,626,1478,S_h,1,0
MOT20,V003,1657,switch,1478,626,626,1407,S_h,0,0
MOT20,V003,1671,switch,1584,349,349,1416,S_r,0,0
MOT20,V003,1678,switch,1279,465,465,1299,S_r,1,0
MOT20,V003,1695,switch,1478,381,381,1490,S_r,1,0
MOT20,V003,1698,switch,1593,601,601,1498,S_h,0,0
MOT20,V003,1698,switch,1498,626,626,1478,S_r,1,0
MOT20,V003,1702,switch,1490,381,381,1478,S_r,0,0
MOT20,V003,1716,switch,1609,625,625,1474,S_c,0,0
MOT20,V003,1718,switch,1246,410,410,1243,S_h,1,0
MOT20,V003,1723,switch,1246,408,408,1342,S_r,1,0
MOT20,V003,1739,switch,1437,592,592,1444,S_r,1,0
MOT20,V003,1740,switch,1621,684,684,1345,S_c,0,0
MOT20,V003,1760,switch,1628,589,589,1283,S_c,0,0
MOT20,V003,1762,switch,1444,592,592,1437,S_r,0,0
MOT20,V003,1770,switch,1631,340,340,1401,S_r,0,0
MOT20,V003,1770,switch,1408,353,353,1424,S_r,1,0
MOT20,V003,1788,switch,1647,731,731,1634,S_r,0,0
MOT20,V003,1790,switch,1584,589,589,1628,S_r,1,0
MOT20,V003,1795,switch,1653,654,654,1437,S_c,0,0
MOT20,V003,1801,switch,1659,386,386,1582,S_c,0,0
MOT20,V003,1814,switch,1657,353,353,1408,S_r,0,0
MOT20,V003,1814,switch,1408,654,654,1653,S_r,1,0
MOT20,V003,1822,switch,1377,354,354,1396,S_r,1,0
MOT20,V003,1822,switch,1667,388,388,1377,S_r,0,0
MOT20,V003,1822,switch,1365,392,392,1512,S_r,1,0
MOT20,V003,1827,switch,1413,385,385,1365,S_r,1,0
MOT20,V003,1827,switch,1365,678,678,1413,S_r,1,0
MOT20,V003,1828,switch,1401,392,392,1512,S_h,1,0
MOT20,V003,1833,switch,1396,354,354,1377,S_r,0,0
MOT20,V003,1841,switch,1674,366,366,1414,S_c,0,0
MOT20,V003,1844,switch,1377,354,354,1396,S_h,0,0
MOT20,V003,1858,switch,1614,548,548,1617,S_r,1,0
MOT20,V003,1858,switch,1617,549,549,1614,S_r,1,0
MOT20,V003,1862,switch,1393,367,367,1378,S_r,1,0
MOT20,V003,1871,switch,1687,334,334,971,S_c,0,0
MOT20,V003,1878,switch,1676,354,354,1377,S_h,0,0
MOT20,V003,1888,switch,1696,670,670,1363,S_c,0,0
MOT20,V003,1890,switch,1695,591,591,1341,S_r,0,0
MOT20,V003,1903,switch,1704,571,571,1467,S_c,0,0
MOT20,V003,1913,switch,1710,584,584,1443,S_r,0,0
MOT20,V003,1913,switch,1443,670,670,1696,S_r,1,0
MOT20,V003,1917,switch,1265,338,338,1256,S_r,1,0
MOT20,V003,1917,switch,1256,595,595,1265,S_r,1,0
MOT20,V003,1935,switch,1719,625,625,1609,S_r,0,0
MOT20,V003,1935,switch,1609,629,629,1661,S_r,1,0
MOT20,V003,1937,switch,1722,392,392,1401,S_c,0,0
MOT20,V003,1947,switch,1371,388,388,1667,S_r,1,0
MOT20,V003,1949,switch,1319,380,380,1270,S_r,1,0
MOT20,V003,1960,switch,1732,366,366,1674,S_c,0,0
MOT20,V003,1970,switch,1338,380,380,1319,S_r,1,0
MOT20,V003,1979,switch,1341,394,394,1272,S_r,1,0
MOT20,V003,1979,switch,1448,581,581,1459,S_h,1,0
MOT20,V003,1995,switch,1387,378,378,1420,S_h,1,0
MOT20,V003,1998,switch,1420,378,378,1387,S_h,0,0
MOT20,V003,2002,switch,1417,585,585,1387,S_r,1,0
MOT20,V003,2010,switch,1530,386,386,1659,S_r,1,0
MOT20,V003,2011,switch,1318,380,380,1338,S_r,1,0
MOT20,V003,2020,switch,1710,585,585,1417,S_r,1,0
MOT20,V003,2025,switch,1267,673,673,1331,S_r,1,0
MOT20,V003,2025,switch,1331,706,706,1267,S_r,1,0
MOT20,V003,2037,switch,1722,385,385,1413,S_r,1,0
MOT20,V003,2038,switch,1420,571,571,1704,S_r,1,0
MOT20,V003,2072,switch,1779,679,679,1347,S_c,0,0
MOT20,V003,2075,switch,1621,679,679,1347,S_r,1,0
MOT20,V003,2076,switch,1780,684,684,1621,S_c,0,0
MOT20,V003,2090,switch,1782,679,679,1621,S_r,0,0
MOT20,V003,2111,switch,1802,157,157,1767,S_c,0,0
MOT20,V003,2119,switch,1722,697,697,1406,S_r,1,0
MOT20,V003,2126,switch,1406,622,622,1488,S_h,1,0
MOT20,V003,2127,switch,1438,648,648,1450,S_r,1,0
MOT20,V003,2127,switch,1450,665,665,1438,S_r,1,0
MOT20,V003,2128,switch,1817,650,650,1457,S_c,0,0
MOT20,V003,2129,switch,1347,678,678,1365,S_r,1,0
MOT20,V003,2131,switch,1788,664,664,1357,S_r,0,0
MOT20,V003,2134,switch,1824,679,679,1782,S_c,0,0
MOT20,V003,2142,switch,1267,706,706,1331,S_r,1,0
MOT20,V003,2153,switch,1782,681,681,1621,S_r,1,0
MOT20,V003,2156,switch,1365,684,684,1780,S_h,1,0
MOT20,V003,2157,switch,1849,244,244,1627,S_c,0,0
MOT20,V003,2160,switch,1621,681,681,1782,S_h,0,0
MOT20,V003,2161,switch,1782,681,681,1782,S_h,0,0
MOT20,V003,2163,switch,1621,681,681,1782,S_h,0,0
MOT20,V003,2165,switch,1730,636,636,1713,S_r,1,0
MOT20,V003,2172,switch,1405,641,641,1361,S_r,1,0
MOT20,V003,2177,switch,1361,641,641,1405,S_r,0,0
MOT20,V003,2180,switch,1722,685,685,1859,S_h,1,0
MOT20,V003,2190,switch,1705,652,652,1694,S_h,1,0
MOT20,V003,2192,switch,1465,701,701,1410,S_r,1,0
MOT20,V003,2196,switch,1410,660,660,1405,S_r,1,0
MOT20,V003,2196,switch,1405,701,701,1465,S_r,1,0
MOT20,V003,2198,switch,1694,656,656,1688,S_h,1,0
MOT20,V003,2200,switch,1870,656,656,1694,S_r,0,0
MOT20,V003,2201,switch,1694,665,665,1450,S_r,1,0
MOT20,V003,2204,switch,1887,637,637,1465,S_c,0,0
MOT20,V003,2204,switch,1465,641,641,1361,S_h,1,0
MOT20,V003,2207,switch,1888,640,640,1700,S_h,0,0
MOT20,V003,2215,switch,1859,680,680,1425,S_r,1,0
MOT20,V003,2217,switch,1881,664,664,1788,S_r,0,0
MOT20,V003,2221,switch,1361,634,634,1554,S_r,1,0
MOT20,V003,2222,switch,1895,558,558,1775,S_r,0,0
MOT20,V003,2224,switch,1846,685,685,1722,S_r,1,0
MOT20,V003,2226,switch,1904,686,686,1891,S_r,0,0
MOT20,V003,2227,switch,1775,558,558,1895,S_h,0,0
MOT20,V003,2227,switch,1450,656,656,1870,S_r,1,0
MOT20,V003,2227,switch,1907,664,664,1881,S_r,0,0
MOT20,V003,2229,switch,1912,137,137,1899,S_c,0,0
MOT20,V003,2229,switch,1882,662,662,1362,S_r,0,0
MOT20,V003,2230,switch,1554,647,647,1506,S_r,1,0
MOT20,V003,2234,switch,1491,660,660,1410,S_r,1,0
MOT20,V003,2236,switch,1410,660,660,1491,S_r,0,0
MOT20,V003,2236,switch,1881,704,704,1404,S_r,1,0
MOT20,V003,2237,switch,1897,214,214,1917,S_r,1,0
MOT20,V003,2239,switch,1491,660,660,1410,S_r,1,0
MOT20,V003,2241,switch,1788,704,704,1881,S_r,1,0
MOT20,V003,2243,switch,1733,624,624,1897,S_r,1,0
MOT20,V003,2243,switch,1410,635,635,1491,S_h,1,0
MOT20,V003,2243,switch,1361,657,657,1678,S_r,1,0
MOT20,V003,2244,switch,1922,255,255,1499,S_r,0,0
MOT20,V003,2244,switch,1588,610,610,1753,S_r,1,0
MOT20,V003,2244,switch,1926,623,623,1733,S_c,0,0
MOT20,V003,2245,switch,1918,236,236,1455,S_r,0,0
MOT20,V003,2246,switch,1499,255,255,1922,S_h,0,0
MOT20,V003,2246,switch,1753,610,610,1588,S_h,0,0
MOT20,V003,2249,switch,1694,656,656,1450,S_r,1,0
MOT20,V003,2250,switch,1730,700,700,1536,S_h,1,0
MOT20,V003,2250,switch,1404,704,704,1788,S_r,0,0
MOT20,V003,2251,switch,1722,680,680,1859,S_r,1,0
MOT20,V003,2252,switch,1450,652,652,1705,S_r,1,0
MOT20,V003,2257,switch,1455,236,236,1918,S_h,0,0
MOT20,V003,2258,switch,1406,680,680,1722,S_r,1,0
MOT20,V003,2260,switch,1678,646,646,1489,S_r,1,0
MOT20,V003,2264,switch,1705,644,644,1605,S_r,1,0
MOT20,V003,2264,switch,1722,680,680,1406,S_r,0,0
MOT20,V003,2266,switch,1891,686,686,1904,S_r,1,0
MOT20,V003,2267,switch,1536,700,700,1730,S_r,0,0
MOT20,V003,2268,switch,1489,646,646,1678,S_r,0,0
MOT20,V003,2268,switch,1410,647,647,1554,S_h,1,0
MOT20,V003,2270,switch,1678,648,648,1438,S_r,1,0
MOT20,V003,2272,switch,1881,646,646,1489,S_r,1,0
MOT20,V003,2274,switch,1489,646,646,1881,S_r,0,0
MOT20,V003,2275,switch,1918,229,229,1460,S_h,1,0
MOT20,V003,2276,switch,1881,652,652,1450,S_r,1,0
MOT20,V003,2277,switch,1460,229,229,1918,S_r,0,0
MOT20,V003,2277,switch,1609,628,628,1390,S_r,1,0
MOT20,V003,2278,switch,1450,652,652,1881,S_h,0,0
MOT20,V003,2281,switch,1678,635,635,1410,S_r,1,0
MOT20,V003,2282,switch,1954,647,647,1410,S_c,0,0
MOT20,V003,2283,switch,1361,646,646,1489,S_r,1,0
MOT20,V003,2285,switch,1647,628,628,1609,S_r,1,0
MOT20,V003,2285,switch,1410,647,647,1954,S_r,1,0
MOT20,V003,2286,switch,1609,628,628,1609,S_r,0,0
MOT20,V003,2288,switch,1410,635,635,1678,S_r,1,0
MOT20,V003,2288,switch,1888,644,644,1705,S_r,1,0
MOT20,V003,2289,switch,1404,638,638,1430,S_r,1,0
MOT20,V003,2289,switch,1678,647,647,1410,S_h,1,0
MOT20,V003,2292,switch,1954,635,635,1410,S_r,1,0
MOT20,V003,2298,switch,1489,646,646,1361,S_h,0,0
MOT20,V003,2298,switch,1361,652,652,1450,S_r,1,0
MOT20,V003,2300,switch,1954,648,648,1678,S_r,1,0
MOT20,V003,2301,switch,1489,652,652,1450,S_r,1,0
MOT20,V003,2303,switch,1361,646,646,1361,S_h,1,0
MOT20,V003,2307,switch,1817,646,646,1361,S_r,1,0
MOT20,V003,2309,switch,1410,648,648,1954,S_r,1,0
MOT20,V003,2312,switch,1907,638,638,1404,S_h,1,0
MOT20,V003,2313,switch,1567,642,642,1654,S_r,1,0
MOT20,V003,2315,switch,1430,638,638,1907,S_h,0,0
MOT20,V003,2320,switch,1404,705,705,1447,S_r,1,0
MOT20,V003,2328,switch,1598,612,612,1601,S_r,1,0
MOT20,V003,2331,switch,1775,505,505,1769,S_r,1,0
MOT20,V003,2331,switch,1447,705,705,1404,S_h,0,0
MOT20,V003,2332,switch,1634,629,629,1609,S_r,1,0
MOT20,V003,2332,switch,1654,633,633,1671,S_r,1,0
MOT20,V003,2345,switch,1492,613,613,1718,S_h,1,0
MOT20,V003,2350,switch,1598,613,613,1492,S_r,1,0
MOT20,V003,2351,switch,1492,613,613,1492,S_h,0,0
MOT20,V003,2352,switch,1567,236,236,1455,S_h,1,0
MOT20,V003,2354,switch,1450,236,236,1567,S_r,1,0
MOT20,V003,2354,switch,1598,613,613,1492,S_r,1,0
MOT20,V003,2355,switch,1567,236,236,1567,S_h,0,0
MOT20,V003,2358,switch,1432,253,253,1472,S_r,1,0
MOT20,V003,2358,switch,2003,689,689,1997,S_r,0,0
MOT20,V003,2361,switch,1472,253,253,1432,S_h,0,0
MOT20,V003,2361,switch,2008,558,558,1775,S_c,0,0
MOT20,V003,2363,switch,1432,253,253,1472,S_h,0,0
MOT20,V003,2374,switch,1472,253,253,1432,S_h,0,0
MOT20,V003,2377,switch,1598,610,610,1753,S_r,1,0
MOT20,V003,2381,switch,1555,230,230,1665,S_h,1,0
MOT20,V003,2381,switch,1907,254,254,1468,S_r,1,0
MOT20,V003,2381,switch,2023,576,576,1819,S_c,0,0
MOT20,V003,2382,switch,1404,253,253,1472,S_r,1,0
MOT20,V003,2383,switch,1472,253,253,1472,S_h,0,0
MOT20,V003,2384,switch,1982,716,716,1988,S_r,1,0
MOT20,V003,2384,switch,1988,723,723,1982,S_r,1,0
MOT20,V003,2391,switch,1880,139,139,1787,S_r,1,0
MOT20,V003,2391,switch,1787,140,140,1880,S_h,1,0
MOT20,V003,2393,switch,1468,254,254,1907,S_h,0,0
MOT20,V003,2394,switch,1449,226,226,1590,S_h,1,0
MOT20,V003,2401,switch,1796,140,140,1787,S_r,1,0
MOT20,V003,2401,switch,1787,142,142,1796,S_r,1,0
MOT20,V003,2401,switch,1495,221,221,1597,S_h,1,0
MOT20,V004,7,switch,2278,349,349,2254,S_c,0,0
MOT20,V004,8,switch,2254,573,573,2252,S_r,1,0
MOT20,V004,10,switch,2253,374,374,2266,S_r,0,0
MOT20,V004,11,switch,2248,373,373,2259,S_r,0,0
MOT20,V004,46,switch,2324,1167,1167,2321,S_r,0,0
MOT20,V004,48,switch,2330,224,224,2276,S_c,0,0
MOT20,V004,65,switch,2337,297,297,2191,S_r,0,0
MOT20,V004,87,switch,2201,376,376,2243,S_h,1,0
MOT20,V004,89,switch,2216,269,269,2226,S_h,1,0
MOT20,V004,95,switch,2366,169,169,2185,S_r,0,0
MOT20,V004,97,switch,2370,135,135,2086,S_c,0,0
MOT20,V004,110,switch,2185,169,169,2366,S_h,0,0
MOT20,V004,117,switch,2201,381,381,2214,S_r,1,0
MOT20,V004,118,switch,2383,145,145,2375,S_r,0,0
MOT20,V004,118,switch,2385,215,215,2380,S_r,0,0
MOT20,V004,119,switch,2183,283,283,2256,S_h,1,0
MOT20,V004,119,switch,2388,427,427,2163,S_r,0,0
MOT20,V004,121,switch,2163,427,427,2163,S_h,0,0
MOT20,V004,122,switch,2214,381,381,2201,S_r,0,0
MOT20,V004,123,switch,2386,220,220,2351,S_r,0,0
MOT20,V004,130,switch,2386,215,215,2385,S_r,1,0
MOT20,V004,131,switch,2351,220,220,2386,S_h,0,0
MOT20,V004,134,switch,2221,378,378,2229,S_r,1,0
MOT20,V004,142,switch,2402,174,174,2387,S_h,0,0
MOT20,V004,158,switch,2416,243,243,2081,S_c,0,0
MOT20,V004,166,switch,2421,224,224,2330,S_r,0,0
MOT20,V004,168,switch,2423,170,170,2179,S_r,0,0
MOT20,V004,170,switch,2386,220,220,2351,S_r,1,0
MOT20,V004,182,switch,2419,26,26,2404,S_r,0,0
MOT20,V004,184,switch,2427,169,169,2185,S_r,0,0
MOT20,V004,206,switch,2185,169,169,2427,S_h,0,0
MOT20,V004,213,switch,2404,81,81,2333,S_r,1,0
MOT20,V004,215,switch,2445,205,205,2428,S_r,0,0
MOT20,V004,216,switch,2333,81,81,2404,S_r,0,0
MOT20,V004,218,switch,2382,215,215,2386,S_r,1,0
MOT20,V004,222,switch,2330,215,215,2382,S_h,1,0
MOT20,V004,238,switch,2098,380,380,2143,S_r,1,0
MOT20,V004,239,switch,2143,380,380,2143,S_r,0,0
MOT20,V004,240,switch,2404,81,81,2333,S_h,0,0
MOT20,V004,245,switch,2333,81,81,2404,S_h,0,0
MOT20,V004,296,switch,2455,169,169,2185,S_r,0,0
MOT20,V004,297,switch,2451,170,170,2423,S_h,0,0
MOT20,V004,307,switch,2494,81,81,2333,S_r,0,0
MOT20,V004,316,switch,2499,261,261,2277,S_c,0,0
MOT20,V004,332,switch,2185,170,170,2451,S_h,1,0
MOT20,V004,333,switch,2451,170,170,2451,S_h,0,0
MOT20,V004,335,switch,2481,424,424,2178,S_r,0,0
MOT20,V004,338,switch,2513,224,224,2421,S_r,0,0
MOT20,V004,340,switch,2421,224,224,2513,S_h,0,0
MOT20,V004,342,switch,2516,170,170,2451,S_r,0,0
MOT20,V004,351,switch,2527,1167,1167,2324,S_c,0,0
MOT20,V004,365,switch,2537,208,208,2512,S_r,0,0
MOT20,V004,366,switch,2100,247,247,2097,S_h,1,0
MOT20,V004,372,switch,2352,26,26,2419,S_r,1,0
MOT20,V004,376,switch,2419,81,81,2494,S_r,1,0
MOT20,V004,394,switch,2455,170,170,2516,S_r,1,0
MOT20,V004,395,switch,2516,169,169,2455,S_r,1,0
MOT20,V004,396,switch,2549,81,81,2494,S_c,0,0
MOT20,V004,408,switch,2419,26,26,2352,S_r,1,0
MOT20,V004,413,switch,2198,262,262,2398,S_r,1,0
MOT20,V004,414,switch,2544,169,169,2516,S_h,0,0
MOT20,V004,416,switch,2562,110,110,2062,S_c,0,0
MOT20,V004,422,switch,2115,1117,1117,2097,S_h,1,0
MOT20,V004,423,switch,2059,223,223,2228,S_r,1,0
MOT20,V004,423,switch,2097,1117,1117,2097,S_h,0,0
MOT20,V004,426,switch,2398,262,262,2198,S_h,0,0
MOT20,V004,429,switch,2198,262,262,2398,S_h,0,0
MOT20,V004,431,switch,2455,169,169,2544,S_r,1,0
MOT20,V004,431,switch,2544,170,170,2455,S_r,1,0
MOT20,V004,432,switch,2079,195,195,2192,S_h,1,0
MOT20,V004,440,switch,2276,224,224,2421,S_r,1,0
MOT20,V004,444,switch,2059,222,222,2276,S_r,1,0
MOT20,V004,446,switch,2134,193,193,2095,S_h,1,0
MOT20,V004,449,switch,2059,224,224,2421,S_r,1,0
MOT20,V004,450,switch,2065,193,193,2134,S_r,1,0
MOT20,V004,450,switch,2315,194,194,2065,S_r,1,0
MOT20,V004,455,switch,2079,192,192,2315,S_r,1,0
MOT20,V004,459,switch,2276,224,224,2059,S_r,0,0
MOT20,V004,478,switch,2352,26,26,2419,S_r,1,0
MOT20,V004,479,switch,2419,88,88,2352,S_h,1,0
MOT20,V004,485,switch,2077,230,230,2073,S_h,1,0
MOT20,V004,485,switch,2097,234,234,2207,S_r,1,0
MOT20,V004,485,switch,2207,1117,1117,2097,S_r,1,0
MOT20,V004,489,switch,2568,228,228,2064,S_h,0,0
MOT20,V004,506,switch,2499,128,128,2155,S_h,1,0
MOT20,V004,506,switch,2073,233,233,2116,S_r,1,0
MOT20,V004,508,switch,2155,128,128,2155,S_r,0,0
MOT20,V004,511,switch,2116,132,132,2073,S_h,1,0
MOT20,V004,519,switch,2604,164,164,2172,S_h,0,0
MOT20,V004,529,switch,2623,72,72,2405,S_h,0,0
MOT20,V004,542,switch,2073,132,132,2116,S_r,1,0
MOT20,V004,555,switch,2056,226,226,2281,S_r,1,0
MOT20,V004,563,switch,2405,72,72,2623,S_h,0,0
MOT20,V004,564,switch,2623,72,72,2623,S_h,0,0
MOT20,V004,565,switch,2405,72,72,2623,S_h,0,0
MOT20,V004,574,switch,2172,170,170,2544,S_h,1,0
MOT20,V004,578,switch,2432,167,167,2363,S_h,1,0
MOT20,V004,597,switch,2663,91,91,2470,S_r,0,0
MOT20,V004,599,switch,2470,91,91,2663,S_h,0,0
MOT20,V004,601,switch,2332,167,167,2432,S_h,1,0
MOT20,V004,601,switch,2544,169,169,2455,S_r,1,0
MOT20,V004,611,switch,2522,168,168,2332,S_h,1,0
MOT20,V004,627,switch,2651,159,159,2472,S_r,0,0
MOT20,V004,630,switch,2472,159,159,2651,S_r,0,0
MOT20,V004,633,switch,2455,170,170,2172,S_r,1,0
MOT20,V004,642,switch,2697,1182,1182,2681,S_r,0,0
MOT20,V004,646,switch,2172,170,170,2455,S_h,0,0
MOT20,V004,648,switch,2705,1182,1182,2697,S_c,0,0
MOT20,V004,651,switch,2455,170,170,2172,S_h,0,0
MOT20,V004,656,switch,2470,65,65,2531,S_r,1,0
MOT20,V004,658,switch,2710,69,69,2615,S_r,0,0
MOT20,V004,658,switch,2313,77,77,2356,S_r,1,0
MOT20,V004,659,switch,2713,89,89,2313,S_h,0,0
MOT20,V004,660,switch,2651,1117,1117,2207,S_h,1,0
MOT20,V004,661,switch,2615,69,69,2710,S_r,0,0
MOT20,V004,664,switch,2531,65,65,2470,S_h,0,0
MOT20,V004,665,switch,2722,153,153,2510,S_r,0,0
MOT20,V004,667,switch,2356,77,77,2313,S_r,0,0
MOT20,V004,670,switch,2470,65,65,2531,S_h,0,0
MOT20,V004,670,switch,2677,143,143,2496,S_r,0,0
MOT20,V004,671,switch,2402,146,146,2391,S_r,1,0
MOT20,V004,671,switch,2716,174,174,2402,S_h,0,0
MOT20,V004,672,switch,2727,125,125,2317,S_c,0,0
MOT20,V004,673,switch,2510,153,153,2722,S_h,0,0
MOT20,V004,690,switch,2496,143,143,2677,S_h,0,0
MOT20,V004,693,switch,2710,69,69,2615,S_r,0,0
MOT20,V004,694,switch,2615,69,69,2615,S_h,0,0
MOT20,V004,694,switch,2677,146,146,2402,S_h,1,0
MOT20,V004,696,switch,2409,126,126,2314,S_r,1,0
MOT20,V004,697,switch,2314,126,126,2314,S_h,0,0
MOT20,V004,697,switch,2375,146,146,2677,S_r,1,0
MOT20,V004,698,switch,2479,172,172,2232,S_h,1,0
MOT20,V004,698,switch,2677,173,173,2375,S_h,1,0
MOT20,V004,698,switch,2402,1118,1118,2558,S_h,1,0
MOT20,V004,699,switch,2639,175,175,2670,S_r,1,0
MOT20,V004,700,switch,2479,171,171,2189,S_r,1,0
MOT20,V004,701,switch,2232,172,172,2232,S_h,0,0
MOT20,V004,702,switch,2739,78,78,2634,S_r,0,0
MOT20,V004,703,switch,2670,175,175,2639,S_h,0,0
MOT20,V004,709,switch,2232,171,171,2479,S_r,1,0
MOT20,V004,710,switch,2746,69,69,2615,S_r,0,0
MOT20,V004,710,switch,2722,153,153,2510,S_r,0,0
MOT20,V004,711,switch,2207,176,176,2525,S_r,1,0
MOT20,V004,712,switch,2738,1060,1060,2680,S_r,0,0
MOT20,V004,714,switch,2752,143,143,2496,S_r,0,0
MOT20,V004,718,switch,2207,147,147,2319,S_h,1,0
MOT20,V004,719,switch,2319,147,147,2319,S_h,0,0
MOT20,V004,719,switch,2752,174,174,2716,S_r,1,0
MOT20,V004,720,switch,2207,147,147,2319,S_h,0,0
MOT20,V004,720,switch,2716,174,174,2716,S_h,0,0
MOT20,V004,721,switch,2760,143,143,2752,S_c,0,0
MOT20,V004,734,switch,2727,112,112,2605,S_r,1,0
MOT20,V004,741,switch,2777,98,98,2765,S_c,0,0
MOT20,V004,741,switch,2604,170,170,2455,S_r,1,0
MOT20,V004,754,switch,2756,88,88,2419,S_h,0,0
MOT20,V004,766,switch,2739,1174,1174,2643,S_h,1,0
MOT20,V004,767,switch,2786,89,89,2713,S_r,0,0
MOT20,V004,768,switch,2643,78,78,2739,S_h,1,0
MOT20,V004,775,switch,2795,1182,1182,2705,S_r,0,0
MOT20,V004,776,switch,2797,176,176,2525,S_r,0,0
MOT20,V004,779,switch,2083,44,44,2084,S_h,1,0
MOT20,V004,779,switch,2473,160,160,2601,S_r,1,0
MOT20,V004,781,switch,2601,156,156,2473,S_h,1,0
MOT20,V004,786,switch,2812,1066,1066,2642,S_c,0,0
MOT20,V004,789,switch,2810,98,98,2777,S_h,0,0
MOT20,V004,792,switch,2084,44,44,2083,S_r,0,0
MOT20,V004,794,switch,2536,75,75,2467,S_r,1,0
MOT20,V004,794,switch,2467,76,76,2536,S_r,1,0
MOT20,V004,796,switch,2690,155,155,2652,S_r,0,0
MOT20,V004,797,switch,2827,78,78,2643,S_c,0,0
MOT20,V004,803,switch,2470,51,51,2325,S_r,1,0
MOT20,V004,803,switch,2325,65,65,2470,S_r,1,0
MOT20,V004,805,switch,2672,103,103,2673,S_r,1,0
MOT20,V004,806,switch,2601,159,159,2472,S_r,1,0
MOT20,V004,809,switch,2784,83,83,2622,S_h,0,0
MOT20,V004,815,switch,2784,39,39,2622,S_r,1,0
MOT20,V004,816,switch,2622,83,83,2784,S_h,1,0
MOT20,V004,821,switch,2536,87,87,2438,S_h,1,0
MOT20,V004,821,switch,2438,91,91,2470,S_r,1,0
MOT20,V004,823,switch,2847,88,88,2756,S_c,0,0
MOT20,V004,827,switch,2438,75,75,2536,S_r,1,0
MOT20,V004,829,switch,2643,51,51,2470,S_r,1,0
MOT20,V004,830,switch,2470,51,51,2470,S_h,0,0
MOT20,V004,835,switch,2375,173,173,2677,S_r,1,0
MOT20,V004,847,switch,2651,83,83,2622,S_r,1,0
MOT20,V004,847,switch,2866,91,91,2438,S_c,0,0
MOT20,V004,854,switch,2643,89,89,2786,S_h,1,0
MOT20,V004,856,switch,2383,143,143,2760,S_h,1,0
MOT20,V004,856,switch,2864,1001,1001,2831,S_r,0,0
MOT20,V004,857,switch,2872,674,674,2131,S_r,0,0
MOT20,V004,858,switch,2536,65,65,2325,S_r,1,0
MOT20,V004,858,switch,2325,87,87,2536,S_r,1,0
MOT20,V004,858,switch,2760,143,143,2383,S_r,0,0
MOT20,V004,861,switch,2383,143,143,2383,S_h,0,0
MOT20,V004,868,switch,2622,83,83,2651,S_r,0,0
MOT20,V004,869,switch,2882,8,8,2876,S_c,0,0
MOT20,V004,870,switch,2878,143,143,2383,S_r,0,0
MOT20,V004,872,switch,2131,674,674,2872,S_h,0,0
MOT20,V004,880,switch,2894,1117,1117,2651,S_c,0,0
MOT20,V004,882,switch,2890,997,997,2889,S_r,0,0
MOT20,V004,899,switch,2643,54,54,2468,S_r,1,0
MOT20,V004,899,switch,2468,71,71,2561,S_r,1,0
MOT20,V004,899,switch,2909,89,89,2643,S_c,0,0
MOT20,V004,901,switch,2866,75,75,2438,S_r,1,0
MOT20,V004,903,switch,2335,48,48,2353,S_r,1,0
MOT20,V004,916,switch,2438,75,75,2866,S_r,1,0
MOT20,V004,919,switch,2917,1184,1184,2807,S_h,0,0
MOT20,V004,922,switch,2927,83,83,2622,S_r,0,0
MOT20,V004,922,switch,2467,925,925,2438,S_r,1,0
MOT20,V004,927,switch,2622,83,83,2927,S_h,0,0
MOT20,V004,933,switch,2866,76,76,2467,S_r,1,0
MOT20,V004,934,switch,2549,88,88,2847,S_h,1,0
MOT20,V004,941,switch,2467,91,91,2866,S_r,1,0
MOT20,V004,945,switch,2353,48,48,2335,S_r,0,0
MOT20,V004,957,switch,2600,87,87,2325,S_r,1,0
MOT20,V004,959,switch,2325,87,87,2600,S_r,0,0
MOT20,V004,965,switch,2942,921,921,2825,S_h,0,0
MOT20,V004,966,switch,2323,91,91,2467,S_h,1,0
MOT20,V004,969,switch,2468,87,87,2325,S_r,1,0
MOT20,V004,969,switch,2744,1117,1117,2894,S_r,1,0
MOT20,V004,969,switch,2962,1165,1165,2744,S_r,0,0
MOT20,V004,972,switch,2967,1175,1175,2607,S_r,0,0
MOT20,V004,979,switch,2774,12,12,2829,S_h,1,0
MOT20,V004,983,switch,2504,76,76,2866,S_h,1,0
MOT20,V004,992,switch,2607,1175,1175,2967,S_r,0,0
MOT20,V004,996,switch,2643,87,87,2468,S_r,1,0
MOT20,V004,1003,switch,2991,922,922,2830,S_c,0,0
MOT20,V004,1004,switch,2504,65,65,2536,S_r,1,0
MOT20,V004,1004,switch,2536,76,76,2504,S_r,1,0
MOT20,V004,1009,switch,2349,88,88,2549,S_r,1,0
MOT20,V004,1011,switch,2994,87,87,2643,S_c,0,0
MOT20,V004,1015,switch,2942,814,814,2823,S_r,1,0
MOT20,V004,1015,switch,2823,921,921,2942,S_r,1,0
MOT20,V004,1017,switch,2549,88,88,2349,S_r,1,0
MOT20,V004,1018,switch,2998,86,86,2565,S_c,0,0
MOT20,V004,1022,switch,3002,838,838,2382,S_c,0,0
MOT20,V004,1026,switch,2415,90,90,2467,S_r,1,0
MOT20,V004,1037,switch,3012,1171,1171,3003,S_c,0,0
MOT20,V004,1038,switch,3003,1,1,3009,S_r,1,0
MOT20,V004,1042,switch,3014,63,63,2627,S_c,0,0
MOT20,V004,1045,switch,2467,91,91,2323,S_h,1,0
MOT20,V004,1049,switch,2755,1196,1196,2754,S_h,1,0
MOT20,V004,1053,switch,2668,1155,1155,2703,S_r,1,0
MOT20,V004,1054,switch,2703,1155,1155,2703,S_h,0,0
MOT20,V004,1059,switch,3020,16,16,2737,S_r,0,0
MOT20,V004,1061,switch,3020,86,86,2998,S_r,1,0
MOT20,V004,1062,switch,3018,1176,1176,2714,S_r,0,0
MOT20,V004,1065,switch,2737,16,16,3020,S_h,0,0
MOT20,V004,1065,switch,2998,86,86,3020,S_h,0,0
MOT20,V004,1065,switch,3026,1211,1211,3017,S_c,0,0
MOT20,V004,1067,switch,3002,1090,1090,2879,S_r,1,0
MOT20,V004,1072,switch,2590,70,70,2588,S_r,1,0
MOT20,V004,1072,switch,3031,1211,1211,3026,S_c,0,0
MOT20,V004,1077,switch,2983,1182,1182,2795,S_h,0,0
MOT20,V004,1079,switch,3041,1107,1107,3016,S_c,0,0
MOT20,V004,1079,switch,2674,1175,1175,2607,S_r,1,0
MOT20,V004,1080,switch,2607,1175,1175,2607,S_h,0,0
MOT20,V004,1092,switch,2703,1159,1159,2674,S_h,1,0
MOT20,V004,1100,switch,3053,921,921,2823,S_c,0,0
MOT20,V004,1101,switch,2588,1159,1159,2674,S_h,1,0
MOT20,V004,1106,switch,2714,63,63,3014,S_h,1,0
MOT20,V004,1107,switch,2588,1177,1177,2668,S_r,1,0
MOT20,V004,1108,switch,3014,63,63,2714,S_r,0,0
MOT20,V004,1115,switch,3057,1041,1041,2339,S_r,0,0
MOT20,V004,1116,switch,3034,22,22,2570,S_h,0,0
MOT20,V004,1121,switch,3064,85,85,2646,S_r,0,0
MOT20,V004,1133,switch,2714,63,63,3014,S_r,0,0
MOT20,V004,1138,switch,3074,1173,1173,3067,S_c,0,0
MOT20,V004,1140,switch,3076,1036,1036,2161,S_c,0,0
MOT20,V004,1157,switch,3014,63,63,2714,S_r,0,0
MOT20,V004,1169,switch,3090,1154,1154,2656,S_r,0,0
MOT20,V004,1175,switch,3103,921,921,3053,S_c,0,0
MOT20,V004,1175,switch,2572,996,996,2939,S_h,1,0
MOT20,V004,1182,switch,3051,1001,1001,2864,S_h,0,0
MOT20,V004,1184,switch,3023,1001,1001,2864,S_h,1,0
MOT20,V004,1185,switch,3111,1142,1142,3105,S_c,0,0
MOT20,V004,1194,switch,3018,1159,1159,2588,S_h,1,0
MOT20,V004,1196,switch,2983,1176,1176,3018,S_r,1,0
MOT20,V004,1197,switch,3118,1147,1147,3055,S_r,0,0
MOT20,V004,1201,switch,3075,1182,1182,2983,S_h,0,0
MOT20,V004,1208,switch,3130,1160,1160,2282,S_r,0,0
MOT20,V004,1211,switch,2729,24,24,2751,S_r,1,0
MOT20,V004,1211,switch,3078,1147,1147,3118,S_r,1,0
MOT20,V004,1218,switch,2671,1172,1172,3033,S_r,1,0
MOT20,V004,1220,switch,3033,1170,1170,3067,S_r,1,0
MOT20,V004,1220,switch,3067,1173,1173,3074,S_r,1,0
MOT20,V004,1222,switch,2901,1091,1091,2849,S_r,1,0
MOT20,V004,1223,switch,2792,1041,1041,3057,S_r,1,0
MOT20,V004,1223,switch,3057,1093,1093,2792,S_r,1,0
MOT20,V004,1226,switch,2854,979,979,2851,S_r,1,0
MOT20,V004,1227,switch,3127,1125,1125,2867,S_r,0,0
MOT20,V004,1231,switch,3033,1172,1172,3033,S_r,1,0
MOT20,V004,1233,switch,2899,1198,1198,2995,S_r,1,0
MOT20,V004,1235,switch,2729,1170,1170,3033,S_r,1,0
MOT20,V004,1236,switch,2497,1077,1077,2782,S_r,1,0
MOT20,V004,1237,switch,3151,1168,1168,3016,S_c,0,0
MOT20,V004,1239,switch,2851,979,979,2854,S_h,0,0
MOT20,V004,1240,switch,2854,979,979,2854,S_h,0,0
MOT20,V004,1240,switch,3156,1162,1162,2497,S_c,0,0
MOT20,V004,1242,switch,3159,937,937,3139,S_c,0,0
MOT20,V004,1244,switch,2751,1170,1170,2729,S_r,1,0
MOT20,V004,1245,switch,3161,1045,1045,2899,S_c,0,0
MOT20,V004,1245,switch,3162,1164,1164,3155,S_c,0,0
MOT20,V004,1250,switch,3166,791,791,3028,S_c,0,0
MOT20,V004,1250,switch,3129,1153,1153,2622,S_h,0,0
MOT20,V004,1252,switch,3172,1151,1151,2981,S_c,0,0
MOT20,V004,1253,switch,2844,997,997,2890,S_r,1,0
MOT20,V004,1253,switch,2890,1081,1081,2844,S_r,1,0
MOT20,V004,1262,switch,2527,1074,1074,3156,S_r,1,0
MOT20,V004,1263,switch,3156,1167,1167,2527,S_r,1,0
MOT20,V004,1265,switch,2851,983,983,2854,S_r,1,0
MOT20,V004,1276,switch,3046,1116,1116,3021,S_r,1,0
MOT20,V004,1276,switch,2739,1179,1179,3118,S_h,1,0
MOT20,V004,1279,switch,2792,1040,1040,2093,S_r,1,0
MOT20,V004,1279,switch,2093,1041,1041,2792,S_r,1,0
MOT20,V004,1280,switch,3190,1039,1039,2348,S_r,0,0
MOT20,V004,1282,switch,2348,902,902,3169,S_h,1,0
MOT20,V004,1282,switch,2918,1151,1151,3172,S_h,1,0
MOT20,V004,1289,switch,3156,1041,1041,2093,S_h,1,0
MOT20,V004,1304,switch,3174,1166,1166,3186,S_r,1,0
MOT20,V004,1304,switch,3186,1181,1181,3174,S_r,1,0
MOT20,V004,1306,switch,2751,1145,1145,3042,S_r,1,0
MOT20,V004,1308,switch,3046,1161,1161,2498,S_h,1,0
MOT20,V004,1320,switch,2093,979,979,2854,S_h,1,0
MOT20,V004,1323,switch,2832,427,427,2163,S_r,1,0
MOT20,V004,1323,switch,2163,1095,1095,2832,S_r,1,0
MOT20,V004,1328,switch,3215,1003,1003,2745,S_c,0,0
MOT20,V004,1335,switch,3012,1133,1133,2946,S_r,1,0
MOT20,V004,1339,switch,2962,1176,1176,2983,S_r,1,0
MOT20,V004,1343,switch,2917,1042,1042,2061,S_r,1,0
MOT20,V004,1343,switch,2061,1085,1085,2917,S_r,1,0
MOT20,V004,1359,switch,2751,1133,1133,3012,S_h,1,0
MOT20,V004,1377,switch,3232,542,542,3101,S_h,0,0
MOT20,V004,1395,switch,3250,1097,1097,2914,S_c,0,0
MOT20,V004,1418,switch,3272,1000,1000,3268,S_r,0,0
MOT20,V004,1428,switch,3278,542,542,3232,S_c,0,0
MOT20,V004,1429,switch,3279,962,962,2948,S_c,0,0
MOT20,V004,1430,switch,3281,1097,1097,3250,S_c,0,0
MOT20,V004,1434,switch,2741,913,913,2775,S_r,1,0
MOT20,V004,1434,switch,2775,1113,1113,2741,S_r,1,0
MOT20,V004,1441,switch,2871,1045,1045,3161,S_h,1,0
MOT20,V004,1462,switch,3300,936,936,3066,S_r,0,0
MOT20,V004,1464,switch,3161,1072,1072,2871,S_r,1,0
MOT20,V004,1468,switch,3299,983,983,2851,S_h,0,0
MOT20,V004,1468,switch,3111,1078,1078,2931,S_r,1,0
MOT20,V004,1470,switch,2992,1079,1079,2955,S_r,1,0
MOT20,V004,1470,switch,3302,1101,1101,3046,S_r,0,0
MOT20,V004,1477,switch,3086,1141,1141,3055,S_r,1,0
MOT20,V004,1478,switch,2851,983,983,3299,S_h,0,0
MOT20,V004,1479,switch,2931,1079,1079,2992,S_r,1,0
MOT20,V004,1484,switch,2118,922,922,2991,S_r,1,0
MOT20,V004,1484,switch,2991,977,977,2118,S_r,1,0
MOT20,V004,1487,switch,3310,921,921,3103,S_c,0,0
MOT20,V004,1506,switch,3321,1086,1086,2754,S_r,0,0
MOT20,V004,1515,switch,3329,1078,1078,3111,S_r,0,0
MOT20,V004,1523,switch,3328,999,999,3326,S_r,1,0
MOT20,V004,1523,switch,3055,1083,1083,2902,S_r,1,0
MOT20,V004,1531,switch,3339,949,949,3338,S_h,0,0
MOT20,V004,1534,switch,3326,1096,1096,3328,S_r,1,0
MOT20,V004,1535,switch,3359,989,989,3307,S_r,0,0
MOT20,V004,1548,switch,3046,1101,1101,3302,S_r,0,0
MOT20,V004,1550,switch,3077,838,838,3002,S_r,1,0
MOT20,V004,1561,switch,2754,1097,1097,3281,S_h,1,0
MOT20,V004,1570,switch,3363,968,968,3245,S_r,0,0
MOT20,V004,1572,switch,3245,968,968,3363,S_h,0,0
MOT20,V004,1573,switch,3351,1101,1101,3046,S_r,0,0
MOT20,V004,1578,switch,2726,1084,1084,2731,S_r,1,0
MOT20,V004,1584,switch,2731,1102,1102,3210,S_r,1,0
MOT20,V004,1585,switch,2754,1095,1095,2163,S_r,1,0
MOT20,V004,1585,switch,2163,1097,1097,2754,S_r,1,0
MOT20,V004,1587,switch,3046,1101,1101,3351,S_h,0,0
MOT20,V004,1588,switch,2781,1066,1066,2812,S_r,1,0
MOT20,V004,1589,switch,2726,1075,1075,3204,S_r,1,0
MOT20,V004,1590,switch,2731,1098,1098,2726,S_r,1,0
MOT20,V004,1591,switch,2731,1084,1084,2726,S_r,1,0
MOT20,V004,1604,switch,3402,1102,1102,2731,S_c,0,0
MOT20,V004,1610,switch,2820,1095,1095,2754,S_r,1,0
MOT20,V004,1612,switch,3408,1094,1094,2820,S_c,0,0
MOT20,V004,1614,switch,2820,1091,1091,2901,S_r,1,0
MOT20,V004,1614,switch,2901,1095,1095,2820,S_r,1,0
MOT20,V004,1619,switch,3417,1094,1094,3408,S_c,0,0
MOT20,V004,1627,switch,3424,1088,1088,2905,S_c,0,0
MOT20,V004,1629,switch,2754,1091,1091,2820,S_r,1,0
MOT20,V004,1635,switch,3403,1092,1092,2839,S_h,0,0
MOT20,V004,1636,switch,3397,1090,1090,3002,S_r,0,0
MOT20,V004,1636,switch,2820,1092,1092,2839,S_r,1,0
MOT20,V004,1637,switch,2839,1092,1092,2839,S_h,0,0
MOT20,V004,1642,switch,3333,884,884,2589,S_r,1,0
MOT20,V004,1643,switch,3002,1090,1090,3002,S_h,0,0
MOT20,V004,1646,switch,3209,1102,1102,3402,S_r,1,0
MOT20,V004,1648,switch,3445,1015,1015,3439,S_c,0,0
MOT20,V004,1658,switch,3449,1080,1080,3130,S_r,0,0
MOT20,V004,1660,switch,3457,508,508,3333,S_c,0,0
MOT20,V004,1661,switch,3454,950,950,3426,S_r,0,0
MOT20,V004,1662,switch,3461,1047,1047,3268,S_c,0,0
MOT20,V004,1667,switch,3467,1065,1065,2906,S_c,0,0
MOT20,V004,1677,switch,2916,1094,1094,3417,S_r,1,0
MOT20,V004,1678,switch,2698,477,477,3227,S_r,1,0
MOT20,V004,1678,switch,3227,642,642,2698,S_r,1,0
MOT20,V004,1678,switch,3424,1087,1087,2916,S_h,1,0
MOT20,V004,1679,switch,3268,1046,1046,3347,S_h,1,0
MOT20,V004,1687,switch,3461,999,999,3328,S_r,1,0
MOT20,V004,1687,switch,3328,1047,1047,3461,S_r,1,0
MOT20,V004,1688,switch,3473,1097,1097,2163,S_h,0,0
MOT20,V004,1690,switch,2163,1090,1090,3002,S_r,1,0
MOT20,V004,1706,switch,3496,1020,1020,3493,S_c,0,0
MOT20,V004,1711,switch,3499,921,921,3310,S_c,0,0
MOT20,V004,1712,switch,3310,990,990,3332,S_r,1,0
MOT20,V004,1715,switch,3502,991,991,3498,S_c,0,0
MOT20,V004,1722,switch,3030,791,791,3166,S_r,1,0
MOT20,V004,1729,switch,3508,542,542,3278,S_c,0,0
MOT20,V004,1737,switch,3166,792,792,3030,S_r,1,0
MOT20,V004,1741,switch,3359,921,921,3499,S_r,1,0
MOT20,V004,1742,switch,3499,989,989,3359,S_h,1,0
MOT20,V004,1746,switch,3513,902,902,2348,S_c,0,0
MOT20,V004,1747,switch,3202,1051,1051,2498,S_r,1,0
MOT20,V004,1755,switch,3202,1101,1101,3046,S_r,1,0
MOT20,V004,1761,switch,3029,962,962,3279,S_r,1,0
MOT20,V004,1762,switch,3521,403,403,3345,S_c,0,0
MOT20,V004,1763,switch,3523,552,552,3516,S_c,0,0
MOT20,V004,1764,switch,3383,1099,1099,3407,S_h,1,0
MOT20,V004,1765,switch,2061,958,958,3098,S_h,1,0
MOT20,V004,1769,switch,3166,791,791,3030,S_r,1,0
MOT20,V004,1769,switch,3030,792,792,3030,S_r,1,0
MOT20,V004,1780,switch,3513,990,990,3310,S_r,1,0
MOT20,V004,1782,switch,3098,958,958,2061,S_h,0,0
MOT20,V004,1782,switch,3310,990,990,3513,S_h,0,0
MOT20,V004,1783,switch,3035,961,961,3027,S_r,1,0
MOT20,V004,1784,switch,3070,960,960,3145,S_r,1,0
MOT20,V004,1785,switch,2865,979,979,2093,S_r,1,0
MOT20,V004,1785,switch,2093,981,981,2865,S_r,1,0
MOT20,V004,1787,switch,3145,960,960,3070,S_r,0,0
MOT20,V004,1808,switch,3027,960,960,3145,S_h,1,0
MOT20,V004,1811,switch,3145,1055,1055,3070,S_h,1,0
MOT20,V004,1812,switch,3540,552,552,3523,S_h,0,0
MOT20,V004,1816,switch,3557,527,527,3553,S_r,0,0
MOT20,V004,1817,switch,3547,956,956,3093,S_h,0,0
MOT20,V004,1821,switch,3523,552,552,3540,S_r,0,0
MOT20,V004,1824,switch,3279,959,959,3110,S_r,1,0
MOT20,V004,1826,switch,3540,552,552,3523,S_r,0,0
MOT20,V004,1826,switch,3110,959,959,3279,S_r,0,0
MOT20,V004,1833,switch,3145,962,962,3029,S_r,1,0
MOT20,V004,1838,switch,3523,552,552,3540,S_r,0,0
MOT20,V004,1843,switch,3540,552,552,3523,S_r,0,0
MOT20,V004,1843,switch,3029,959,959,3110,S_r,1,0
MOT20,V004,1844,switch,3110,959,959,3110,S_r,0,0
MOT20,V004,1845,switch,3029,959,959,3110,S_h,0,0
MOT20,V004,1850,switch,3279,962,962,3145,S_r,1,0
MOT20,V004,1850,switch,2844,996,996,2572,S_r,1,0
MOT20,V004,1850,switch,3583,997,997,2844,S_r,0,0
MOT20,V004,1851,switch,3110,959,959,3029,S_r,0,0
MOT20,V004,1854,switch,3279,959,959,3110,S_r,1,0
MOT20,V004,1855,switch,3110,959,959,3110,S_h,0,0
MOT20,V004,1856,switch,3523,552,552,3540,S_r,0,0
MOT20,V004,1862,switch,3595,443,443,3555,S_c,0,0
MOT20,V004,1865,switch,3231,993,993,2871,S_r,1,0
MOT20,V004,1867,switch,3540,552,552,3523,S_h,0,0
MOT20,V004,1874,switch,3523,552,552,3540,S_h,0,0
MOT20,V004,1875,switch,3609,571,571,3335,S_c,0,0
MOT20,V004,1881,switch,3617,443,443,3595,S_c,0,0
MOT20,V004,1885,switch,3619,443,443,3595,S_r,0,0
MOT20,V004,1889,switch,2871,993,993,3231,S_r,0,0
MOT20,V004,1893,switch,3231,993,993,2871,S_r,0,0
MOT20,V004,1895,switch,3595,443,443,3619,S_h,0,0
MOT20,V004,1895,switch,3540,552,552,3523,S_r,0,0
MOT20,V004,1897,switch,3523,552,552,3540,S_r,0,0
MOT20,V004,1899,switch,3617,443,443,3595,S_r,0,0
MOT20,V004,1903,switch,3628,539,539,3555,S_c,0,0
MOT20,V004,1906,switch,3184,968,968,3245,S_r,1,0
MOT20,V004,1908,switch,3595,443,443,3617,S_h,0,0
MOT20,V004,1908,switch,3268,993,993,3231,S_h,1,0
MOT20,V004,1911,switch,3540,427,427,2832,S_r,1,0
MOT20,V004,1911,switch,3619,443,443,3595,S_r,0,0
MOT20,V004,1913,switch,3102,967,967,3188,S_r,1,0
MOT20,V004,1915,switch,3258,993,993,3268,S_h,1,0
MOT20,V004,1917,switch,3145,1021,1021,3276,S_r,1,0
MOT20,V004,1918,switch,3261,1021,1021,3276,S_r,1,0
MOT20,V004,1919,switch,3102,969,969,3197,S_r,1,0
MOT20,V004,1921,switch,3197,969,969,3102,S_r,0,0
MOT20,V004,1923,switch,3102,969,969,3197,S_r,0,0
MOT20,V004,1925,switch,3279,1021,1021,3261,S_r,1,0
MOT20,V004,1926,switch,3258,997,997,3583,S_h,1,0
MOT20,V004,1929,switch,3583,997,997,3258,S_h,0,0
MOT20,V004,1931,switch,3261,1021,1021,3279,S_r,1,0
MOT20,V004,1936,switch,3641,947,947,3412,S_c,0,0
MOT20,V004,1940,switch,3145,965,965,3261,S_h,1,0
MOT20,V004,1946,switch,3261,985,985,3190,S_r,1,0
MOT20,V004,1947,switch,3190,1021,1021,3261,S_r,1,0
MOT20,V004,1955,switch,3656,1020,1020,3496,S_r,0,0
MOT20,V004,1960,switch,3628,541,541,3601,S_h,1,0
MOT20,V004,1961,switch,3601,539,539,3628,S_h,1,0
MOT20,V004,1963,switch,3511,941,941,3391,S_r,1,0
MOT20,V004,1985,switch,3531,466,466,3493,S_h,1,0
MOT20,V004,1990,switch,3493,466,466,3531,S_h,0,0
MOT20,V004,1998,switch,3506,939,939,3531,S_r,1,0
MOT20,V004,1999,switch,3641,944,944,3384,S_r,1,0
MOT20,V004,2002,switch,3628,539,539,3601,S_r,1,0
MOT20,V004,2004,switch,3684,541,541,3628,S_c,0,0
MOT20,V004,2007,switch,3681,903,903,2862,S_h,0,0
MOT20,V004,2007,switch,3339,947,947,3641,S_r,1,0
MOT20,V004,2010,switch,3601,541,541,3684,S_h,1,0
MOT20,V004,2011,switch,3641,949,949,3339,S_r,1,0
MOT20,V004,2013,switch,3687,939,939,3531,S_c,0,0
MOT20,V004,2015,switch,3511,1020,1020,3656,S_r,1,0
MOT20,V004,2021,switch,2099,1012,1012,3185,S_r,1,0
MOT20,V004,2024,switch,3697,509,509,3375,S_c,0,0
MOT20,V004,2027,switch,3185,976,976,2099,S_r,1,0
MOT20,V004,2032,switch,3701,918,918,3700,S_h,0,0
MOT20,V004,2033,switch,3703,939,939,3687,S_c,0,0
MOT20,V004,2033,switch,3493,1015,1015,3445,S_r,1,0
MOT20,V004,2034,switch,3445,1015,1015,3445,S_h,0,0
MOT20,V004,2036,switch,3506,939,939,3687,S_r,1,0
MOT20,V004,2038,switch,3589,539,539,3628,S_r,1,0
MOT20,V004,2038,switch,3628,540,540,3589,S_r,1,0
MOT20,V004,2041,switch,3474,466,466,3493,S_r,1,0
MOT20,V004,2041,switch,3445,467,467,3506,S_r,1,0
MOT20,V004,2043,switch,3506,1015,1015,3445,S_r,1,0
MOT20,V004,2047,switch,2099,976,976,3185,S_r,1,0
MOT20,V004,2049,switch,3445,939,939,3506,S_r,1,0
MOT20,V004,2054,switch,3719,542,542,3508,S_c,0,0
MOT20,V004,2055,switch,3203,977,977,2991,S_h,1,0
MOT20,V004,2063,switch,3723,939,939,3445,S_c,0,0
MOT20,V004,2070,switch,3728,876,876,3726,S_c,0,0
MOT20,V004,2075,switch,3715,504,504,3400,S_r,0,0
MOT20,V004,2076,switch,3729,466,466,3474,S_r,0,0
MOT20,V004,2094,switch,3740,552,552,3523,S_r,0,0
MOT20,V004,2122,switch,3126,542,542,3719,S_r,1,0
MOT20,V004,2127,switch,3762,1198,1198,2995,S_c,0,0
MOT20,V004,2141,switch,3523,477,477,2698,S_r,1,0
MOT20,V004,2141,switch,3757,593,593,3753,S_r,0,0
MOT20,V004,2142,switch,3753,593,593,3753,S_h,0,0
MOT20,V004,2144,switch,3766,453,453,3465,S_h,0,0
MOT20,V004,2146,switch,2698,552,552,3740,S_r,1,0
MOT20,V004,2148,switch,3589,394,394,3764,S_r,1,0
MOT20,V004,2150,switch,2060,535,535,2141,S_r,1,0
MOT20,V004,2155,switch,3465,453,453,3766,S_h,0,0
MOT20,V004,2155,switch,3768,885,885,3663,S_h,0,0
MOT20,V004,2156,switch,3766,453,453,3766,S_h,0,0
MOT20,V004,2160,switch,3768,532,532,3782,S_r,1,0
MOT20,V004,2163,switch,3675,540,540,3628,S_r,1,0
MOT20,V004,2169,switch,3799,885,885,3768,S_c,0,0
MOT20,V004,2194,switch,3773,1198,1198,3762,S_h,0,0
MOT20,V004,2196,switch,3773,433,433,2046,S_r,1,0
MOT20,V004,2196,switch,2046,1198,1198,3762,S_r,1,0
MOT20,V004,2199,switch,3394,465,465,3538,S_r,1,0
MOT20,V004,2204,switch,3556,488,488,3431,S_h,1,0
MOT20,V004,2208,switch,3431,488,488,3556,S_r,0,0
MOT20,V004,2209,switch,2066,1198,1198,2046,S_r,1,0
MOT20,V004,2211,switch,2046,425,425,2066,S_h,1,0
MOT20,V004,2211,switch,3826,480,480,3286,S_r,0,0
MOT20,V004,2211,switch,3286,482,482,3620,S_r,1,0
MOT20,V004,2216,switch,3392,503,503,3377,S_h,1,0
MOT20,V004,2219,switch,3529,469,469,3518,S_r,1,0
MOT20,V004,2220,switch,3636,500,500,3731,S_r,1,0
MOT20,V004,2223,switch,3392,469,469,3518,S_r,1,0
MOT20,V004,2224,switch,3731,500,500,3636,S_r,0,0
MOT20,V004,2224,switch,3832,547,547,3749,S_c,0,0
MOT20,V004,2233,switch,3636,500,500,3731,S_h,0,0
MOT20,V004,2238,switch,3842,425,425,2046,S_c,0,0
MOT20,V004,2240,switch,2046,1198,1198,2066,S_r,1,0
MOT20,V004,2251,switch,3832,410,410,3735,S_r,1,0
MOT20,V004,2259,switch,2046,400,400,3543,S_r,1,0
MOT20,V004,2260,switch,3735,547,547,3832,S_h,1,0
MOT20,V004,2262,switch,3743,818,818,2694,S_h,1,0
MOT20,V004,2266,switch,3857,505,505,3466,S_c,0,0
MOT20,V004,2270,switch,3845,547,547,3735,S_h,0,0
MOT20,V004,2270,switch,3735,548,548,3743,S_r,1,0
MOT20,V004,2271,switch,3859,532,532,3768,S_r,0,0
MOT20,V004,2272,switch,3631,500,500,3636,S_h,1,0
MOT20,V004,2275,switch,3743,529,529,3836,S_h,1,0
MOT20,V004,2279,switch,3845,408,408,3539,S_r,1,0
MOT20,V004,2279,switch,3539,547,547,3845,S_r,1,0
MOT20,V004,2298,switch,3539,548,548,3735,S_r,1,0
MOT20,V004,2302,switch,3539,410,410,3832,S_r,1,0
MOT20,V004,2302,switch,3832,547,547,3539,S_r,1,0
MOT20,V004,2305,switch,3866,408,408,3845,S_r,0,0
MOT20,V004,2320,switch,3768,530,530,3810,S_h,1,0
MOT20,V004,2323,switch,3810,530,530,3768,S_r,0,0
MOT20,V004,2324,switch,3881,876,876,3728,S_r,0,0
MOT20,V004,2329,switch,3845,532,532,3859,S_h,1,0
MOT20,V004,2332,switch,3832,548,548,3735,S_h,1,0
MOT20,V004,2333,switch,3895,918,918,3701,S_c,0,0
MOT20,V004,2335,switch,3832,410,410,3539,S_r,1,0
MOT20,V004,2335,switch,3539,548,548,3735,S_r,1,0
MOT20,V004,2344,switch,3521,402,402,2042,S_h,1,0
MOT20,V004,2360,switch,3605,520,520,3618,S_r,1,0
MOT20,V004,2364,switch,3915,547,547,3832,S_c,0,0
MOT20,V004,2365,switch,3903,1206,1206,3908,S_r,0,0
MOT20,V004,2367,switch,3743,527,527,3557,S_h,1,0
MOT20,V004,2387,switch,3915,548,548,3539,S_r,1,0
MOT20,V004,2388,switch,3539,547,547,3915,S_h,1,0
MOT20,V004,2404,switch,3552,408,408,3866,S_r,1,0
MOT20,V004,2406,switch,3927,603,603,3848,S_r,0,0
MOT20,V004,2408,switch,3932,726,726,3924,S_c,0,0
MOT20,V004,2413,switch,3848,603,603,3927,S_r,0,0
MOT20,V004,2414,switch,3936,580,580,3814,S_c,0,0
MOT20,V004,2419,switch,3607,1208,1208,3188,S_r,1,0
MOT20,V004,2436,switch,3944,626,626,3904,S_c,0,0
MOT20,V004,2459,switch,3955,1206,1206,3903,S_r,0,0
MOT20,V004,2472,switch,3847,724,724,3856,S_r,1,0
MOT20,V004,2479,switch,3646,449,449,3643,S_r,1,0
MOT20,V004,2498,switch,3975,597,597,3937,S_c,0,0
MOT20,V004,2500,switch,3972,390,390,3734,S_r,0,0
MOT20,V004,2501,switch,3977,1206,1206,3955,S_r,0,0
MOT20,V004,2504,switch,3979,602,602,3847,S_c,0,0
MOT20,V004,2519,switch,3972,388,388,3807,S_r,1,0
MOT20,V004,2519,switch,3988,900,900,3677,S_c,0,0
MOT20,V004,2535,switch,3651,448,448,3646,S_r,1,0
MOT20,V004,2551,switch,3773,440,440,3711,S_r,1,0
MOT20,V004,2553,switch,3711,440,440,3773,S_h,0,0
MOT20,V004,2553,switch,4008,571,571,3609,S_r,0,0
MOT20,V004,2556,switch,4011,433,433,3773,S_c,0,0
MOT20,V004,2565,switch,4014,622,622,3865,S_r,0,0
MOT20,V004,2574,switch,3865,622,622,4014,S_h,0,0
MOT20,V004,2582,switch,3609,571,571,4008,S_h,0,0
MOT20,V004,2594,switch,3959,644,644,4005,S_r,1,0
MOT20,V004,2594,switch,4005,830,830,3959,S_r,1,0
MOT20,V004,2596,switch,3937,622,622,3865,S_r,1,0
MOT20,V004,2611,switch,3757,573,573,2254,S_h,1,0
MOT20,V004,2611,switch,4041,1206,1206,3977,S_c,0,0
MOT20,V004,2612,switch,2254,573,573,2254,S_h,0,0
MOT20,V004,2631,switch,3562,583,583,3787,S_h,1,0
MOT20,V004,2634,switch,4053,621,621,3937,S_c,0,0
MOT20,V004,2636,switch,4055,600,600,4046,S_r,0,0
MOT20,V004,2640,switch,4060,910,910,3562,S_c,0,0
MOT20,V004,2648,switch,3562,1198,1198,2046,S_r,1,0
MOT20,V004,2649,switch,3619,442,442,3546,S_r,1,0
MOT20,V004,2676,switch,4077,1206,1206,4041,S_r,0,0
MOT20,V004,2679,switch,3946,398,398,3965,S_r,1,0
MOT20,V004,2679,switch,4041,1206,1206,4077,S_h,0,0
MOT20,V004,2704,switch,4087,725,725,3989,S_r,0,0
MOT20,V004,2705,switch,3834,611,611,3870,S_r,1,0
MOT20,V004,2714,switch,3619,436,436,3235,S_r,1,0
MOT20,V004,2714,switch,3235,594,594,3259,S_r,1,0
MOT20,V004,2715,switch,3870,610,610,3986,S_r,1,0
MOT20,V004,2717,switch,4053,622,622,3937,S_r,1,0
MOT20,V004,2717,switch,4105,907,907,2899,S_c,0,0
MOT20,V004,2718,switch,3937,622,622,3937,S_h,0,0
MOT20,V004,2721,switch,4082,604,604,3834,S_r,1,0
MOT20,V004,2731,switch,4107,906,906,2140,S_r,0,0
MOT20,V004,2732,switch,3927,598,598,4040,S_r,1,0
MOT20,V004,2732,switch,4120,619,619,3941,S_c,0,0
MOT20,V004,2738,switch,4121,792,792,3030,S_r,0,0
MOT20,V004,2740,switch,4129,917,917,4067,S_c,0,0
MOT20,V004,2744,switch,3989,725,725,4087,S_r,0,0
MOT20,V004,2746,switch,4046,631,631,3927,S_r,1,0
MOT20,V004,2750,switch,2140,787,787,3928,S_h,1,0
MOT20,V004,2761,switch,4140,601,601,4046,S_c,0,0
MOT20,V004,2803,switch,3780,578,578,3951,S_r,1,0
MOT20,V004,2804,switch,4178,840,840,4171,S_c,0,0
MOT20,V004,2810,switch,4180,678,678,4091,S_c,0,0
MOT20,V004,2812,switch,4180,625,625,3871,S_r,1,0
MOT20,V004,2812,switch,3871,678,678,4091,S_r,1,0
MOT20,V004,2820,switch,4053,619,619,4120,S_h,1,0
MOT20,V004,2821,switch,3937,621,621,4053,S_r,1,0
MOT20,V004,2823,switch,3734,575,575,3974,S_r,1,0
MOT20,V004,2828,switch,4183,597,597,3975,S_h,0,0
MOT20,V004,2832,switch,4158,604,604,4082,S_r,0,0
MOT20,V004,2838,switch,3909,626,626,3944,S_r,1,0
MOT20,V004,2845,switch,4091,597,597,4183,S_r,1,0
MOT20,V004,2847,switch,2236,571,571,3609,S_r,1,0
MOT20,V004,2847,switch,3806,580,580,3936,S_r,1,0
MOT20,V004,2850,switch,3609,572,572,2236,S_h,1,0
MOT20,V004,2851,switch,4200,661,661,4091,S_c,0,0
MOT20,V004,2852,switch,2118,806,806,2169,S_r,1,0
MOT20,V004,2852,switch,2169,922,922,2118,S_r,1,0
MOT20,V004,2861,switch,3609,571,571,2236,S_r,1,0
MOT20,V004,2867,switch,2704,677,677,4001,S_h,1,0
MOT20,V004,2874,switch,2236,571,571,3609,S_h,0,0
MOT20,V004,2876,switch,4208,620,620,3919,S_c,0,0
MOT20,V004,2881,switch,4213,925,925,2467,S_c,0,0
MOT20,V004,2886,switch,4023,605,605,4056,S_r,1,0
MOT20,V004,2886,switch,4211,839,839,4171,S_r,0,0
MOT20,V004,2888,switch,4217,643,643,2704,S_c,0,0
MOT20,V004,2888,switch,4218,725,725,3989,S_c,0,0
MOT20,V004,2892,switch,4171,699,699,4187,S_h,1,0
MOT20,V004,2893,switch,4091,622,622,3937,S_r,1,0
MOT20,V004,2925,switch,4091,618,618,3593,S_r,1,0
MOT20,V004,2928,switch,3909,622,622,4091,S_r,1,0
MOT20,V004,2929,switch,3593,621,621,4053,S_h,1,0
MOT20,V004,2929,switch,4237,722,722,4128,S_c,0,0
MOT20,V004,2939,switch,4222,642,642,3227,S_h,0,0
MOT20,V004,2940,switch,4243,665,665,4224,S_r,1,0
MOT20,V004,2940,switch,4224,667,667,4243,S_r,1,0
MOT20,V004,2961,switch,3829,625,625,4180,S_r,1,0
MOT20,V004,2964,switch,4041,666,666,4253,S_r,1,0
MOT20,V004,2968,switch,4180,625,625,3829,S_r,0,0
MOT20,V004,2971,switch,3829,626,626,3909,S_r,1,0
MOT20,V004,2972,switch,4257,676,676,4030,S_c,0,0
MOT20,V004,2973,switch,3909,626,626,3829,S_r,1,0
MOT20,V004,2974,switch,3829,631,631,4046,S_h,1,0
MOT20,V004,2976,switch,3829,626,626,3909,S_r,1,0
MOT20,V004,2979,switch,3909,620,620,4208,S_r,1,0
MOT20,V004,2981,switch,3829,620,620,3909,S_r,1,0
MOT20,V004,2981,switch,4208,626,626,3829,S_h,1,0
MOT20,V004,2982,switch,3829,627,627,3894,S_r,1,0
MOT20,V004,2983,switch,3909,620,620,3909,S_h,0,0
MOT20,V004,2986,switch,4208,620,620,3909,S_r,1,0
MOT20,V004,2986,switch,3909,626,626,4208,S_r,1,0
MOT20,V004,2987,switch,3894,619,619,4053,S_r,1,0
MOT20,V004,2987,switch,4265,725,725,4218,S_c,0,0
MOT20,V004,2991,switch,4268,1206,1206,4041,S_r,0,0
MOT20,V004,2994,switch,4208,627,627,3829,S_r,1,0
MOT20,V004,2999,switch,3894,631,631,3829,S_h,1,0
MOT20,V004,3003,switch,4046,619,619,3894,S_r,1,0
MOT20,V004,3005,switch,3873,631,631,3894,S_r,1,0
MOT20,V004,3006,switch,3894,570,570,3873,S_h,1,0
MOT20,V004,3007,switch,3978,570,570,3873,S_h,1,0
MOT20,V004,3008,switch,3873,621,621,3593,S_r,1,0
MOT20,V004,3008,switch,3894,631,631,3873,S_r,1,0
MOT20,V004,3009,switch,3593,570,570,3978,S_r,1,0
MOT20,V004,3010,switch,3978,570,570,3978,S_h,0,0
MOT20,V004,3013,switch,3686,625,625,4180,S_h,1,0
MOT20,V004,3014,switch,4180,625,625,4180,S_h,0,0
MOT20,V004,3016,switch,3686,625,625,4180,S_h,0,0
MOT20,V004,3018,switch,3870,602,602,3979,S_r,1,0
MOT20,V004,3023,switch,4029,625,625,3686,S_h,1,0
MOT20,V004,3028,switch,4292,725,725,4265,S_c,0,0
MOT20,V004,3043,switch,3829,627,627,4208,S_h,1,0
MOT20,V004,3043,switch,3994,1198,1198,3562,S_h,1,0
MOT20,V004,3045,switch,4301,725,725,4292,S_c,0,0
MOT20,V004,3046,switch,3994,826,826,3992,S_r,1,0
MOT20,V004,3051,switch,3894,628,628,3886,S_r,1,0
MOT20,V004,3051,switch,4304,725,725,4301,S_r,0,0
MOT20,V004,3051,switch,3992,825,825,3994,S_h,1,0
MOT20,V004,3054,switch,4258,715,715,4249,S_r,1,0
MOT20,V004,3054,switch,4249,783,783,4258,S_r,1,0
MOT20,V004,3055,switch,3886,631,631,3894,S_r,1,0
MOT20,V004,3060,switch,4309,905,905,3923,S_c,0,0
MOT20,V004,3063,switch,4301,631,631,3886,S_r,1,0
MOT20,V004,3064,switch,4311,825,825,3992,S_r,0,0
MOT20,V004,3065,switch,4133,841,841,4148,S_r,1,0
MOT20,V004,3067,switch,2109,766,766,2808,S_r,1,0
MOT20,V004,3067,switch,4148,841,841,4133,S_h,0,0
MOT20,V004,3069,switch,4314,834,834,2109,S_c,0,0
MOT20,V004,3074,switch,3886,631,631,3886,S_h,0,0
MOT20,V004,3081,switch,3978,631,631,3886,S_r,1,0
MOT20,V004,3083,switch,3886,865,865,3940,S_r,1,0
MOT20,V004,3083,switch,4309,904,904,2149,S_r,1,0
MOT20,V004,3083,switch,2149,905,905,4309,S_r,1,0
MOT20,V004,3087,switch,3886,631,631,3978,S_r,1,0
MOT20,V004,3096,switch,4326,865,865,3886,S_c,0,0
MOT20,V004,3106,switch,4332,631,631,3886,S_r,0,0
MOT20,V004,3120,switch,4340,825,825,4311,S_c,0,0
MOT20,V004,3131,switch,4326,637,637,3987,S_r,1,0
MOT20,V004,3133,switch,3940,865,865,4326,S_r,0,0
MOT20,V004,3137,switch,2149,904,904,4309,S_r,1,0
MOT20,V004,3137,switch,4355,905,905,2149,S_r,0,0
MOT20,V004,3137,switch,4357,921,921,3359,S_r,0,0
MOT20,V004,3142,switch,3359,806,806,2118,S_h,1,0
MOT20,V004,3143,switch,2118,921,921,4357,S_r,1,0
MOT20,V004,3150,switch,3987,631,631,4332,S_r,1,0
MOT20,V004,3152,switch,4332,631,631,3987,S_r,0,0
MOT20,V004,3152,switch,4368,866,866,4347,S_r,0,0
MOT20,V004,3154,switch,4069,925,925,4213,S_r,1,0
MOT20,V004,3158,switch,4024,643,643,4217,S_r,1,0
MOT20,V004,3160,switch,4369,724,724,3847,S_h,0,0
MOT20,V004,3161,switch,3889,655,655,4024,S_h,1,0
MOT20,V004,3171,switch,4332,632,632,3976,S_r,1,0
MOT20,V004,3191,switch,4392,925,925,4069,S_h,0,0
MOT20,V004,3193,switch,4069,655,655,3889,S_r,1,0
MOT20,V004,3197,switch,3982,724,724,4369,S_h,1,0
MOT20,V004,3200,switch,4192,891,891,3924,S_r,1,0
MOT20,V004,3201,switch,3924,724,724,3982,S_h,1,0
MOT20,V004,3201,switch,4375,800,800,4396,S_r,1,0
MOT20,V004,3202,switch,4021,650,650,4068,S_r,1,0
MOT20,V004,3203,switch,3889,655,655,4069,S_h,0,0
MOT20,V004,3204,switch,4340,826,826,3994,S_r,1,0
MOT20,V004,3205,switch,4369,633,633,3982,S_r,1,0
MOT20,V004,3206,switch,4332,639,639,3971,S_r,1,0
MOT20,V004,3207,switch,3994,825,825,4340,S_h,1,0
MOT20,V004,3208,switch,4396,756,756,4375,S_r,1,0
MOT20,V004,3210,switch,3924,638,638,3855,S_r,1,0
MOT20,V004,3211,switch,4369,631,631,4332,S_r,1,0
MOT20,V004,3211,switch,4192,724,724,3924,S_h,1,0
MOT20,V004,3213,switch,4021,871,871,4206,S_r,1,0
MOT20,V004,3214,switch,3994,826,826,4340,S_r,1,0
MOT20,V004,3215,switch,3855,638,638,3924,S_h,0,0
MOT20,V004,3216,switch,4069,655,655,3889,S_h,0,0
MOT20,V004,3220,switch,4340,826,826,3994,S_h,0,0
MOT20,V004,3238,switch,4069,641,641,3945,S_h,1,0
MOT20,V004,3263,switch,4108,680,680,4137,S_r,1,0
MOT20,V004,3265,switch,3750,924,924,3993,S_r,1,0
MOT20,V004,3266,switch,3993,673,673,3750,S_h,1,0
MOT20,V004,3270,switch,4192,638,638,3855,S_r,1,0
MOT20,V004,3270,switch,4427,651,651,4101,S_r,0,0
MOT20,V004,3270,switch,4219,891,891,4192,S_r,1,0
MOT20,V004,3273,switch,4160,663,663,4108,S_r,1,0
MOT20,V004,3276,switch,4108,681,681,4160,S_r,1,0
MOT20,V004,3281,switch,3855,638,638,4192,S_h,0,0
MOT20,V004,3282,switch,4192,891,891,4219,S_r,1,0
MOT20,V004,3283,switch,4436,905,905,4355,S_c,0,0
MOT20,V004,3284,switch,4438,848,848,4169,S_c,0,0
MOT20,V004,3288,switch,4069,659,659,4076,S_r,1,0
MOT20,V004,3298,switch,4444,663,663,4160,S_c,0,0
MOT20,V004,3298,switch,4069,892,892,4256,S_r,1,0
MOT20,V004,3301,switch,4431,867,867,4345,S_r,0,0
MOT20,V004,3303,switch,4160,663,663,4444,S_h,0,0
MOT20,V004,3304,switch,4345,867,867,4431,S_h,0,0
MOT20,V004,3308,switch,4377,861,861,4441,S_r,1,0
MOT20,V004,3310,switch,4446,875,875,4377,S_c,0,0
MOT20,V004,3314,switch,4269,894,894,4203,S_r,1,0
MOT20,V004,3315,switch,4076,660,660,4075,S_h,1,0
SportsMOT,V001,227,switch,11,5,5,8,S_c,0,0
SportsMOT,V001,235,switch,12,6,6,9,S_c,0,0
SportsMOT,V001,686,switch,14,6,6,12,S_c,0,0
SportsMOT,V001,690,switch,15,6,6,12,S_c,0,0
SportsMOT,V001,694,switch,16,4,4,5,S_c,0,0
SportsMOT,V001,755,switch,15,1,1,3,S_r,1,0
SportsMOT,V001,756,switch,3,1,1,3,S_h,0,0
SportsMOT,V001,764,switch,6,0,0,1,S_r,1,0
SportsMOT,V001,764,switch,1,3,3,6,S_r,1,0
SportsMOT,V001,798,switch,6,2,2,4,S_r,1,0
SportsMOT,V001,801,switch,1,2,2,4,S_r,1,0
SportsMOT,V001,801,switch,6,3,3,1,S_h,1,0
SportsMOT,V001,803,switch,4,3,3,6,S_h,1,0
SportsMOT,V002,99,switch,19,3,3,24,S_r,1,0
SportsMOT,V002,99,switch,24,9,9,19,S_r,1,0
SportsMOT,V002,213,switch,26,0,0,18,S_r,1,0
SportsMOT,V002,213,switch,18,4,4,26,S_r,1,0
SportsMOT,V002,353,switch,27,8,8,22,S_c,0,0
SportsMOT,V002,363,switch,28,3,3,19,S_c,0,0
SportsMOT,V002,378,switch,29,9,9,24,S_c,0,0
SportsMOT,V002,392,switch,30,7,7,23,S_c,0,0
SportsMOT,V002,398,switch,31,4,4,18,S_c,0,0
SportsMOT,V003,205,switch,42,6,6,38,S_c,0,0
SportsMOT,V003,309,switch,43,4,4,36,S_c,0,0
SportsMOT,V003,377,switch,42,4,4,43,S_r,1,0
SportsMOT,V003,377,switch,43,6,6,42,S_r,1,0
SportsMOT,V003,390,switch,43,4,4,42,S_r,1,0
SportsMOT,V003,390,switch,42,6,6,43,S_r,1,0
SportsMOT,V003,453,switch,43,7,7,33,S_r,1,0
SportsMOT,V003,457,switch,44,7,7,33,S_c,0,0
SportsMOT,V003,461,switch,34,4,4,43,S_r,1,0
SportsMOT,V003,461,switch,43,8,8,34,S_r,1,0
SportsMOT,V003,466,switch,45,7,7,44,S_c,0,0
SportsMOT,V003,473,switch,43,7,7,45,S_r,1,0
SportsMOT,V003,473,switch,45,8,8,43,S_r,1,0
SportsMOT,V003,480,switch,46,9,9,40,S_c,0,0
SportsMOT,V004,235,switch,49,1,1,51,S_r,1,0
SportsMOT,V004,235,switch,51,8,8,49,S_r,1,0
SportsMOT,V004,386,switch,58,6,6,54,S_c,0,0
SportsMOT,V005,55,switch,67,3,3,63,S_c,0,0
SportsMOT,V005,79,switch,67,5,5,65,S_r,1,0
SportsMOT,V005,80,switch,72,3,3,67,S_c,0,0
SportsMOT,V005,185,switch,73,9,9,69,S_c,0,0
SportsMOT,V005,249,switch,67,3,3,72,S_r,1,0
SportsMOT,V005,249,switch,72,5,5,67,S_r,1,0
SportsMOT,V005,261,switch,74,7,7,66,S_c,0,0
SportsMOT,V006,28,switch,98,11,11,86,S_c,0,0
SportsMOT,V006,51,switch,99,2,2,80,S_c,0,0
SportsMOT,V006,194,switch,101,7,7,77,S_r,0,0
SportsMOT,V006,205,switch,102,6,6,75,S_c,0,0
SportsMOT,V007,102,switch,108,3,3,110,S_r,1,0
SportsMOT,V007,102,switch,110,4,4,108,S_r,1,0
SportsMOT,V007,532,switch,106,7,7,109,S_r,1,0
SportsMOT,V007,532,switch,109,9,9,106,S_r,1,0
SportsMOT,V008,134,switch,124,5,5,123,S_r,1,0
SportsMOT,V008,136,switch,123,5,5,124,S_h,0,0
SportsMOT,V009,212,switch,148,0,0,135,S_c,0,0
SportsMOT,V009,215,switch,149,1,1,131,S_c,0,0
SportsMOT,V009,289,switch,150,9,9,144,S_c,0,0
SportsMOT,V009,305,switch,151,17,17,146,S_c,0,0
SportsMOT,V009,314,switch,152,8,8,147,S_c,0,0
SportsMOT,V009,318,switch,154,7,7,145,S_c,0,0
SportsMOT,V009,484,switch,158,7,7,154,S_r,0,0
SportsMOT,V009,486,switch,158,15,15,141,S_r,1,0
SportsMOT,V009,487,switch,160,3,3,138,S_c,0,0
SportsMOT,V009,491,switch,165,7,7,158,S_c,0,0
SportsMOT,V009,672,switch,167,7,7,165,S_c,0,0
SportsMOT,V009,712,switch,168,19,19,155,S_c,0,0
SportsMOT,V010,74,switch,181,4,4,171,S_r,0,0
SportsMOT,V010,78,switch,182,3,3,169,S_c,0,0
SportsMOT,V010,89,switch,183,2,2,172,S_c,0,0
SportsMOT,V010,142,switch,184,11,11,180,S_c,0,0
SportsMOT,V010,196,switch,186,2,2,183,S_c,0,0
SportsMOT,V010,236,switch,272,16,16,252,S_c,0,0
SportsMOT,V010,237,switch,276,1,1,177,S_c,0,0
SportsMOT,V010,238,switch,279,19,19,252,S_c,0,0
SportsMOT,V010,242,switch,285,0,0,178,S_c,0,0
SportsMOT,V010,280,switch,286,18,18,270,S_c,0,0
SportsMOT,V010,287,switch,286,17,17,281,S_r,1,0
SportsMOT,V010,287,switch,287,18,18,286,S_c,0,0
SportsMOT,V010,298,switch,288,3,3,182,S_c,0,0
SportsMOT,V010,320,switch,290,4,4,181,S_c,0,0
SportsMOT,V010,320,switch,289,9,9,174,S_c,0,0
SportsMOT,V010,326,switch,291,6,6,176,S_c,0,0
SportsMOT,V010,350,switch,292,7,7,170,S_c,0,0
SportsMOT,V010,350,switch,293,10,10,179,S_c,0,0
SportsMOT,V010,403,switch,294,15,15,238,S_c,0,0
SportsMOT,V010,424,switch,295,19,19,279,S_c,0,0
SportsMOT,V010,441,switch,296,20,20,275,S_c,0,0
SportsMOT,V010,531,switch,297,1,1,276,S_c,0,0
SportsMOT,V010,535,switch,298,6,6,291,S_c,0,0
SportsMOT,V011,79,switch,326,10,10,320,S_c,0,0
SportsMOT,V011,231,switch,327,14,14,317,S_c,0,0
SportsMOT,V011,235,switch,328,17,17,301,S_c,0,0
SportsMOT,V011,235,switch,329,18,18,310,S_c,0,0
SportsMOT,V011,253,switch,330,1,1,313,S_c,0,0
SportsMOT,V011,263,switch,331,3,3,312,S_c,0,0
SportsMOT,V011,267,switch,332,4,4,314,S_c,0,0
SportsMOT,V011,375,switch,334,11,11,306,S_c,0,0
SportsMOT,V011,405,switch,335,14,14,327,S_c,0,0
SportsMOT,V011,421,switch,336,4,4,332,S_c,0,0
SportsMOT,V011,423,switch,337,5,5,316,S_c,0,0
SportsMOT,V011,554,switch,338,14,14,335,S_c,0,0
SportsMOT,V011,555,switch,339,17,17,328,S_c,0,0
SportsMOT,V011,557,switch,340,20,20,305,S_c,0,0
SportsMOT,V011,559,switch,341,20,20,305,S_c,0,0
SportsMOT,V011,562,switch,347,16,16,302,S_c,0,0
SportsMOT,V011,566,switch,355,7,7,311,S_c,0,0
SportsMOT,V011,572,switch,366,5,5,337,S_c,0,0
SportsMOT,V011,578,switch,340,9,9,303,S_h,1,0
SportsMOT,V011,583,switch,378,4,4,336,S_c,0,0
SportsMOT,V011,585,switch,380,0,0,300,S_c,0,0
SportsMOT,V011,595,switch,396,4,4,336,S_c,0,0
SportsMOT,V011,605,switch,406,19,19,304,S_c,0,0
SportsMOT,V011,662,switch,408,3,3,331,S_r,0,0
SportsMOT,V011,673,switch,409,18,18,329,S_r,0,0
SportsMOT,V011,675,switch,410,6,6,307,S_c,0,0
SportsMOT,V011,678,switch,411,14,14,338,S_c,0,0
SportsMOT,V011,715,switch,412,21,21,407,S_c,0,0
SportsMOT,V011,942,switch,413,3,3,408,S_c,0,0
SportsMOT,V011,946,switch,414,4,4,396,S_c,0,0
SportsMOT,V011,967,switch,418,15,15,315,S_c,0,0
SportsMOT,V011,968,switch,420,8,8,319,S_c,0,0
SportsMOT,V011,981,switch,434,13,13,309,S_c,0,0
SportsMOT,V011,983,switch,428,18,18,409,S_r,0,0
SportsMOT,V011,984,switch,439,13,13,309,S_c,0,0
SportsMOT,V011,998,switch,454,14,14,411,S_c,0,0
SportsMOT,V011,1013,switch,455,12,12,318,S_c,0,0
SportsMOT,V011,1037,switch,456,13,13,439,S_c,0,0
SportsMOT,V011,1038,switch,457,17,17,339,S_c,0,0
SportsMOT,V011,1053,switch,458,9,9,340,S_c,0,0
SportsMOT,V011,1094,switch,459,9,9,458,S_c,0,0
SportsMOT,V011,1124,switch,461,0,0,380,S_c,0,0
SportsMOT,V011,1133,switch,462,16,16,347,S_c,0,0
SportsMOT,V011,1163,switch,341,3,3,413,S_r,1,0
SportsMOT,V011,1163,switch,413,20,20,341,S_r,1,0
SportsMOT,V012,9,switch,478,7,7,470,S_c,0,0
SportsMOT,V012,15,switch,486,8,8,483,S_c,0,0
SportsMOT,V012,106,switch,500,1,1,466,S_c,0,0
SportsMOT,V012,116,switch,501,6,6,498,S_c,0,0
SportsMOT,V012,131,switch,502,0,0,467,S_c,0,0
SportsMOT,V012,256,switch,510,7,7,478,S_c,0,0
SportsMOT,V012,302,switch,511,12,12,504,S_c,0,0
SportsMOT,V012,306,switch,512,15,15,507,S_c,0,0
SportsMOT,V012,355,switch,513,17,17,509,S_c,0,0
SportsMOT,V012,365,switch,514,4,4,468,S_c,0,0
SportsMOT,V012,422,switch,516,9,9,493,S_c,0,0
SportsMOT,V012,451,switch,517,13,13,506,S_c,0,0
SportsMOT,V012,460,switch,518,16,16,508,S_c,0,0
SportsMOT,V012,463,switch,519,17,17,513,S_c,0,0
SportsMOT,V012,511,switch,520,9,9,516,S_c,0,0
SportsMOT,V013,94,switch,538,17,17,521,S_c,0,0
SportsMOT,V013,263,switch,543,7,7,529,S_c,0,0
SportsMOT,V013,279,switch,545,9,9,526,S_c,0,0
SportsMOT,V013,280,switch,544,10,10,533,S_r,0,0
SportsMOT,V013,293,switch,546,19,19,542,S_c,0,0
SportsMOT,V013,360,switch,547,2,2,522,S_c,0,0
SportsMOT,V013,362,switch,548,9,9,545,S_c,0,0
SportsMOT,V013,367,switch,552,7,7,543,S_c,0,0
SportsMOT,V013,370,switch,548,8,8,531,S_h,1,0
SportsMOT,V013,375,switch,567,8,8,531,S_c,0,0
SportsMOT,V013,377,switch,571,6,6,536,S_c,0,0
SportsMOT,V013,381,switch,578,3,3,535,S_c,0,0
SportsMOT,V013,382,switch,560,4,4,527,S_h,0,0
SportsMOT,V013,385,switch,560,1,1,528,S_h,1,0
SportsMOT,V013,389,switch,599,0,0,523,S_c,0,0
SportsMOT,V013,392,switch,613,1,1,528,S_c,0,0
SportsMOT,V013,405,switch,654,5,5,534,S_c,0,0
SportsMOT,V013,405,switch,653,9,9,545,S_c,0,0
SportsMOT,V013,406,switch,655,4,4,527,S_c,0,0
SportsMOT,V013,410,switch,657,8,8,567,S_c,0,0
SportsMOT,V013,410,switch,656,11,11,524,S_c,0,0
SportsMOT,V013,411,switch,658,0,0,599,S_c,0,0
SportsMOT,V013,412,switch,661,1,1,613,S_c,0,0
SportsMOT,V013,412,switch,660,6,6,571,S_c,0,0
SportsMOT,V013,412,switch,659,7,7,552,S_c,0,0
SportsMOT,V013,412,switch,662,12,12,530,S_c,0,0
SportsMOT,V013,415,switch,664,15,15,539,S_c,0,0
SportsMOT,V013,418,switch,552,2,2,547,S_h,1,0
SportsMOT,V013,418,switch,613,4,4,655,S_h,1,0
SportsMOT,V013,420,switch,668,4,4,655,S_c,0,0
SportsMOT,V013,420,switch,613,6,6,660,S_h,1,0
SportsMOT,V013,421,switch,670,2,2,552,S_c,0,0
SportsMOT,V013,421,switch,599,4,4,655,S_h,1,0
SportsMOT,V013,421,switch,655,6,6,660,S_h,1,0
SportsMOT,V013,422,switch,668,6,6,660,S_h,1,0
SportsMOT,V013,422,switch,567,9,9,653,S_h,1,0
SportsMOT,V013,423,switch,673,4,4,655,S_c,0,0
SportsMOT,V013,423,switch,599,6,6,660,S_h,1,0
SportsMOT,V013,424,switch,673,6,6,660,S_r,1,0
SportsMOT,V013,424,switch,676,13,13,525,S_c,0,0
SportsMOT,V013,425,switch,678,6,6,660,S_c,0,0
SportsMOT,V013,426,switch,682,4,4,655,S_c,0,0
SportsMOT,V013,427,switch,682,6,6,678,S_r,1,0
SportsMOT,V013,429,switch,691,6,6,678,S_c,0,0
SportsMOT,V013,430,switch,694,4,4,655,S_c,0,0
SportsMOT,V013,430,switch,695,20,20,541,S_c,0,0
SportsMOT,V013,432,switch,530,16,16,540,S_h,1,0
SportsMOT,V013,432,switch,698,20,20,541,S_c,0,0
SportsMOT,V013,433,switch,705,6,6,678,S_c,0,0
SportsMOT,V013,433,switch,703,9,9,653,S_c,0,0
SportsMOT,V013,435,switch,707,16,16,530,S_c,0,0
SportsMOT,V013,443,switch,663,17,17,538,S_r,0,0
SportsMOT,V013,443,switch,719,18,18,537,S_r,0,0
SportsMOT,V013,446,switch,726,14,14,532,S_c,0,0
SportsMOT,V013,447,switch,728,17,17,538,S_c,0,0
SportsMOT,V013,448,switch,729,14,14,532,S_c,0,0
SportsMOT,V013,449,switch,662,10,10,544,S_r,1,0
SportsMOT,V013,453,switch,730,12,12,662,S_c,0,0
SportsMOT,V013,454,switch,694,6,6,705,S_r,1,0
SportsMOT,V013,455,switch,732,4,4,694,S_c,0,0
SportsMOT,V013,455,switch,733,10,10,662,S_c,0,0
SportsMOT,V013,458,switch,732,6,6,694,S_r,1,0
SportsMOT,V013,458,switch,734,7,7,659,S_c,0,0
SportsMOT,V013,458,switch,736,8,8,657,S_c,0,0
SportsMOT,V013,459,switch,737,11,11,656,S_c,0,0
SportsMOT,V013,459,switch,738,13,13,676,S_c,0,0
SportsMOT,V013,459,switch,719,17,17,728,S_r,1,0
SportsMOT,V013,460,switch,740,18,18,719,S_c,0,0
SportsMOT,V013,461,switch,742,9,9,703,S_c,0,0
SportsMOT,V013,461,switch,744,17,17,728,S_c,0,0
SportsMOT,V013,461,switch,743,20,20,698,S_c,0,0
SportsMOT,V013,463,switch,726,14,14,729,S_h,0,0
SportsMOT,V013,464,switch,751,3,3,578,S_c,0,0
SportsMOT,V013,468,switch,761,4,4,732,S_c,0,0
SportsMOT,V013,469,switch,694,1,1,661,S_h,1,0
SportsMOT,V013,472,switch,771,1,1,661,S_c,0,0
SportsMOT,V013,475,switch,659,0,0,658,S_h,1,0
SportsMOT,V013,475,switch,719,14,14,726,S_h,1,0
SportsMOT,V013,476,switch,780,5,5,654,S_c,0,0
SportsMOT,V013,477,switch,728,14,14,726,S_h,1,0
SportsMOT,V013,478,switch,782,0,0,659,S_c,0,0
SportsMOT,V013,479,switch,783,14,14,726,S_c,0,0
SportsMOT,V013,488,switch,795,14,14,726,S_c,0,0
SportsMOT,V013,493,switch,801,4,4,761,S_c,0,0
SportsMOT,V014,130,switch,818,15,15,817,S_c,0,0
SportsMOT,V014,139,switch,819,14,14,816,S_c,0,0
SportsMOT,V014,290,switch,822,0,0,802,S_c,0,0
SportsMOT,V014,375,switch,823,14,14,819,S_c,0,0
SportsMOT,V014,505,switch,824,14,14,823,S_c,0,0
SportsMOT,V014,535,switch,825,15,15,818,S_c,0,0
SportsMOT,V015,131,switch,834,8,8,833,S_r,1,0
SportsMOT,V015,132,switch,832,9,9,834,S_r,1,0
SportsMOT,V015,133,switch,833,6,6,832,S_h,1,0
SportsMOT,V015,235,switch,836,2,2,829,S_c,0,0
SportsMOT,V015,245,switch,836,4,4,827,S_r,1,0
SportsMOT,V015,247,switch,827,4,4,827,S_h,0,0
SportsMOT,V015,305,switch,837,6,6,833,S_c,0,0
SportsMOT,V015,309,switch,838,9,9,832,S_c,0,0
SportsMOT,V015,371,switch,834,5,5,826,S_r,1,0
SportsMOT,V015,371,switch,826,8,8,834,S_h,1,0
SportsMOT,V015,651,switch,836,3,3,830,S_h,1,0
SportsMOT,V015,654,switch,830,2,2,836,S_r,1,0
SportsMOT,V015,669,switch,837,5,5,834,S_r,1,0
SportsMOT,V015,669,switch,834,6,6,837,S_r,1,0
SportsMOT,V015,692,switch,841,0,0,831,S_c,0,0
SportsMOT,V015,714,switch,842,4,4,827,S_c,0,0
SportsMOT,V015,715,switch,843,1,1,828,S_c,0,0
SportsMOT,V015,748,switch,836,8,8,826,S_r,1,0
SportsMOT,V015,756,switch,844,3,3,836,S_c,0,0
SportsMOT,V015,798,switch,845,0,0,841,S_c,0,0
SportsMOT,V016,29,switch,855,8,8,854,S_c,0,0
SportsMOT,V016,305,switch,858,8,8,855,S_c,0,0
SportsMOT,V016,336,switch,859,3,3,849,S_c,0,0
SportsMOT,V016,346,switch,860,7,7,853,S_c,0,0
SportsMOT,V016,681,switch,863,6,6,852,S_c,0,0
SportsMOT,V016,710,switch,864,6,6,863,S_c,0,0
SportsMOT,V016,754,switch,848,4,4,846,S_r,1,0
SportsMOT,V016,755,switch,846,1,1,848,S_h,1,0
SportsMOT,V016,763,switch,846,4,4,848,S_r,1,0
SportsMOT,V016,766,switch,848,4,4,848,S_h,0,0
SportsMOT,V016,769,switch,858,1,1,846,S_r,1,0
SportsMOT,V016,769,switch,846,8,8,858,S_r,1,0
SportsMOT,V016,798,switch,867,5,5,851,S_c,0,0
SportsMOT,V016,834,switch,868,3,3,859,S_c,0,0
SportsMOT,V016,860,switch,869,5,5,867,S_c,0,0
SportsMOT,V016,864,switch,870,0,0,850,S_c,0,0
SportsMOT,V016,867,switch,869,0,0,870,S_r,1,0
SportsMOT,V016,867,switch,870,5,5,869,S_r,1,0
SportsMOT,V016,927,switch,872,9,9,854,S_c,0,0
SportsMOT,V016,937,switch,873,7,7,860,S_c,0,0
SportsMOT,V016,962,switch,874,5,5,870,S_c,0,0
SportsMOT,V016,995,switch,873,2,2,847,S_r,1,0
SportsMOT,V016,995,switch,847,7,7,873,S_h,1,0
SportsMOT,V016,1005,switch,875,8,8,846,S_c,0,0
SportsMOT,V016,1020,switch,876,0,0,869,S_c,0,0
SportsMOT,V017,143,switch,887,1,1,885,S_r,1,0
SportsMOT,V017,143,switch,885,7,7,887,S_r,1,0
SportsMOT,V017,168,switch,890,1,1,887,S_c,0,0
SportsMOT,V017,170,switch,881,1,1,887,S_r,1,0
SportsMOT,V017,170,switch,890,6,6,881,S_r,1,0
SportsMOT,V017,250,switch,891,2,2,878,S_c,0,0
SportsMOT,V017,300,switch,892,1,1,881,S_c,0,0
SportsMOT,V017,320,switch,893,3,3,886,S_c,0,0
SportsMOT,V017,371,switch,894,2,2,891,S_c,0,0
SportsMOT,V017,387,switch,895,8,8,882,S_c,0,0
SportsMOT,V017,469,switch,897,9,9,883,S_c,0,0
SportsMOT,V017,581,switch,890,4,4,884,S_r,1,0
SportsMOT,V017,581,switch,884,6,6,890,S_r,1,0
SportsMOT,V017,737,switch,898,9,9,897,S_c,0,0
SportsMOT,V017,740,switch,899,6,6,884,S_c,0,0
SportsMOT,V017,748,switch,900,8,8,895,S_c,0,0
SportsMOT,V017,755,switch,901,3,3,893,S_r,0,0
SportsMOT,V017,759,switch,902,5,5,880,S_c,0,0
SportsMOT,V017,775,switch,903,7,7,885,S_c,0,0
SportsMOT,V017,846,switch,904,1,1,892,S_c,0,0
SportsMOT,V017,908,switch,900,6,6,899,S_r,1,0
SportsMOT,V017,908,switch,899,8,8,900,S_r,1,0
SportsMOT,V017,978,switch,905,1,1,904,S_c,0,0
SportsMOT,V017,1022,switch,906,4,4,890,S_c,0,0
SportsMOT,V017,1022,switch,907,5,5,902,S_c,0,0
SportsMOT,V017,1032,switch,908,2,2,894,S_c,0,0
SportsMOT,V017,1032,switch,909,3,3,901,S_c,0,0
SportsMOT,V017,1035,switch,910,2,2,908,S_c,0,0
SportsMOT,V017,1040,switch,911,7,7,903,S_c,0,0
SportsMOT,V017,1043,switch,916,0,0,879,S_c,0,0
SportsMOT,V017,1044,switch,906,2,2,910,S_r,1,0
SportsMOT,V017,1045,switch,919,0,0,879,S_c,0,0
SportsMOT,V017,1045,switch,918,4,4,906,S_c,0,0
SportsMOT,V018,232,switch,930,7,7,922,S_c,0,0
SportsMOT,V018,245,switch,931,6,6,926,S_c,0,0
SportsMOT,V018,248,switch,932,8,8,929,S_c,0,0
SportsMOT,V018,359,switch,930,1,1,925,S_r,1,0
SportsMOT,V018,362,switch,925,7,7,930,S_r,1,0
SportsMOT,V018,380,switch,927,2,2,924,S_r,1,0
SportsMOT,V018,380,switch,924,5,5,927,S_r,1,0
SportsMOT,V018,471,switch,935,9,9,928,S_c,0,0
SportsMOT,V018,503,switch,936,2,2,927,S_c,0,0
SportsMOT,V018,514,switch,937,8,8,932,S_c,0,0
SportsMOT,V018,523,switch,938,0,0,920,S_c,0,0
SportsMOT,V018,534,switch,939,6,6,931,S_c,0,0
SportsMOT,V018,537,switch,940,4,4,923,S_r,0,0
SportsMOT,V019,278,switch,951,1,1,943,S_r,1,0
SportsMOT,V019,281,switch,949,9,9,951,S_r,1,0
SportsMOT,V019,282,switch,952,7,7,949,S_c,0,0
SportsMOT,V019,296,switch,949,7,7,952,S_r,1,0
SportsMOT,V019,296,switch,952,9,9,949,S_r,1,0
SportsMOT,V019,328,switch,950,7,7,949,S_r,1,0
SportsMOT,V019,341,switch,949,6,6,948,S_h,1,0
SportsMOT,V019,343,switch,948,8,8,950,S_h,1,0
SportsMOT,V019,388,switch,953,4,4,946,S_c,0,0
SportsMOT,V019,408,switch,954,2,2,945,S_c,0,0
SportsMOT,V019,447,switch,955,0,0,942,S_c,0,0
SportsMOT,V019,456,switch,956,1,1,951,S_r,0,0
SportsMOT,V019,477,switch,953,0,0,955,S_r,1,0
SportsMOT,V019,478,switch,955,0,0,955,S_h,0,0
SportsMOT,V019,600,switch,957,7,7,950,S_c,0,0
SportsMOT,V019,606,switch,958,6,6,949,S_c,0,0
SportsMOT,V019,616,switch,959,9,9,952,S_c,0,0
SportsMOT,V019,628,switch,960,3,3,944,S_c,0,0
SportsMOT,V019,639,switch,961,1,1,956,S_r,0,0
SportsMOT,V019,666,switch,962,9,9,959,S_r,0,0
SportsMOT,V019,682,switch,963,8,8,948,S_c,0,0
SportsMOT,V019,707,switch,960,0,0,955,S_r,1,0
SportsMOT,V019,707,switch,955,3,3,960,S_r,1,0
SportsMOT,V019,751,switch,958,3,3,955,S_r,1,0
SportsMOT,V019,751,switch,955,6,6,958,S_r,1,0
SportsMOT,V019,765,switch,964,2,2,954,S_c,0,0
SportsMOT,V019,821,switch,965,6,6,955,S_c,0,0
SportsMOT,V019,824,switch,965,5,5,947,S_r,1,0
SportsMOT,V019,824,switch,947,6,6,965,S_r,1,0
SportsMOT,V019,940,switch,967,9,9,962,S_c,0,0
SportsMOT,V019,963,switch,968,2,2,964,S_c,0,0
SportsMOT,V019,983,switch,969,3,3,958,S_c,0,0
SportsMOT,V019,987,switch,970,0,0,960,S_c,0,0
SportsMOT,V019,1327,switch,972,3,3,969,S_c,0,0
SportsMOT,V019,1376,switch,972,0,0,970,S_r,1,0
SportsMOT,V019,1376,switch,970,3,3,972,S_r,1,0
SportsMOT,V019,1440,switch,975,3,3,970,S_c,0,0
SportsMOT,V019,1441,switch,957,0,0,972,S_r,1,0
SportsMOT,V019,1441,switch,972,7,7,957,S_r,1,0
SportsMOT,V019,1469,switch,976,1,1,961,S_c,0,0
SportsMOT,V019,1571,switch,947,4,4,953,S_r,1,0
SportsMOT,V019,1571,switch,953,6,6,947,S_r,1,0
SportsMOT,V019,1619,switch,979,2,2,968,S_c,0,0
SportsMOT,V019,1656,switch,980,5,5,965,S_c,0,0
SportsMOT,V019,1659,switch,981,9,9,967,S_c,0,0
SportsMOT,V019,1739,switch,982,6,6,953,S_c,0,0
SportsMOT,V019,1745,switch,983,0,0,957,S_c,0,0
SportsMOT,V020,136,switch,994,1,1,987,S_c,0,0
SportsMOT,V020,204,switch,995,1,1,994,S_c,0,0
SportsMOT,V020,234,switch,996,1,1,995,S_c,0,0
SportsMOT,V020,285,switch,993,1,1,996,S_r,1,0
SportsMOT,V020,285,switch,996,9,9,993,S_r,1,0
SportsMOT,V020,407,switch,997,1,1,993,S_c,0,0
SportsMOT,V020,411,switch,998,2,2,986,S_c,0,0
SportsMOT,V020,447,switch,999,0,0,984,S_c,0,0
SportsMOT,V020,454,switch,1000,5,5,989,S_c,0,0
SportsMOT,V020,470,switch,1001,4,4,988,S_c,0,0
SportsMOT,V020,645,switch,1005,9,9,996,S_c,0,0
SportsMOT,V021,104,switch,1016,3,3,1014,S_c,0,0
SportsMOT,V021,118,switch,1017,9,9,1007,S_c,0,0
SportsMOT,V021,209,switch,1019,0,0,1013,S_c,0,0
SportsMOT,V021,210,switch,1020,1,1,1011,S_c,0,0
SportsMOT,V021,238,switch,1009,4,4,1008,S_r,1,0
SportsMOT,V021,238,switch,1008,6,6,1009,S_r,1,0
SportsMOT,V021,288,switch,1021,1,1,1020,S_c,0,0
SportsMOT,V021,305,switch,1022,8,8,1015,S_c,0,0
SportsMOT,V021,310,switch,1023,0,0,1019,S_c,0,0
SportsMOT,V021,313,switch,1024,2,2,1010,S_c,0,0
SportsMOT,V021,340,switch,1025,3,3,1016,S_c,0,0
SportsMOT,V021,346,switch,1026,6,6,1008,S_c,0,0
SportsMOT,V021,477,switch,1026,3,3,1025,S_r,1,0
SportsMOT,V021,477,switch,1025,6,6,1026,S_r,1,0
SportsMOT,V021,509,switch,1022,7,7,1006,S_r,1,0
SportsMOT,V021,509,switch,1006,8,8,1022,S_r,1,0
SportsMOT,V021,583,switch,1006,7,7,1022,S_r,1,0
SportsMOT,V021,583,switch,1022,8,8,1006,S_r,1,0
SportsMOT,V021,688,switch,1027,5,5,1012,S_c,0,0
SportsMOT,V021,728,switch,1028,9,9,1017,S_c,0,0
SportsMOT,V021,776,switch,1029,4,4,1009,S_c,0,0
SportsMOT,V021,813,switch,1023,6,6,1025,S_r,1,0
SportsMOT,V021,821,switch,1025,6,6,1023,S_h,0,0
SportsMOT,V021,823,switch,1023,6,6,1025,S_h,0,0
SportsMOT,V021,828,switch,1027,0,0,1023,S_r,1,0
SportsMOT,V021,829,switch,1030,5,5,1027,S_c,0,0
SportsMOT,V022,51,switch,1041,5,5,1040,S_c,0,0
SportsMOT,V022,334,switch,1043,6,6,1036,S_c,0,0
SportsMOT,V022,345,switch,1044,9,9,1033,S_c,0,0
SportsMOT,V022,512,switch,1034,4,4,1037,S_r,1,0
SportsMOT,V022,512,switch,1037,7,7,1034,S_r,1,0
SportsMOT,V022,561,switch,1046,3,3,1038,S_c,0,0
SportsMOT,V022,590,switch,1047,0,0,1031,S_c,0,0
SportsMOT,V022,590,switch,1048,3,3,1046,S_c,0,0
SportsMOT,V022,599,switch,1049,1,1,1035,S_c,0,0
SportsMOT,V022,637,switch,1044,1,1,1049,S_r,1,0
SportsMOT,V022,637,switch,1049,9,9,1044,S_r,1,0
SportsMOT,V022,684,switch,1037,3,3,1048,S_r,1,0
SportsMOT,V022,684,switch,1048,7,7,1037,S_r,1,0
SportsMOT,V023,214,switch,1062,0,0,1056,S_c,0,0
SportsMOT,V023,221,switch,1063,6,6,1053,S_c,0,0
SportsMOT,V023,228,switch,1064,5,5,1055,S_c,0,0
SportsMOT,V023,270,switch,1054,2,2,1057,S_r,1,0
SportsMOT,V023,276,switch,1057,9,9,1054,S_r,1,0
SportsMOT,V023,296,switch,1054,0,0,1062,S_r,1,0
SportsMOT,V023,296,switch,1062,2,2,1054,S_r,1,0
SportsMOT,V023,299,switch,1057,2,2,1062,S_r,1,0
SportsMOT,V023,299,switch,1062,9,9,1057,S_r,1,0
SportsMOT,V023,322,switch,1067,4,4,1060,S_c,0,0
SportsMOT,V023,357,switch,1069,3,3,1059,S_c,0,0
SportsMOT,V023,413,switch,1052,5,5,1064,S_r,1,0
SportsMOT,V023,413,switch,1064,7,7,1052,S_r,1,0
SportsMOT,V023,491,switch,1062,7,7,1064,S_h,1,0
SportsMOT,V023,500,switch,1064,7,7,1062,S_r,0,0
SportsMOT,V023,512,switch,1064,6,6,1063,S_r,1,0
SportsMOT,V023,512,switch,1063,7,7,1064,S_r,1,0
SportsMOT,V024,233,switch,1072,5,5,1070,S_r,1,0
SportsMOT,V024,237,switch,1070,1,1,1072,S_r,1,0
SportsMOT,V024,332,switch,1080,1,1,1070,S_c,0,0
SportsMOT,V024,334,switch,1081,4,4,1079,S_c,0,0
SportsMOT,V024,344,switch,1082,0,0,1074,S_c,0,0
SportsMOT,V024,368,switch,1083,2,2,1073,S_c,0,0
SportsMOT,V024,369,switch,1084,7,7,1071,S_c,0,0
SportsMOT,V024,371,switch,1085,6,6,1075,S_c,0,0
SportsMOT,V024,377,switch,1086,3,3,1077,S_r,0,0
SportsMOT,V024,586,switch,1087,9,9,1076,S_r,0,0
SportsMOT,V024,589,switch,1084,1,1,1080,S_r,1,0
SportsMOT,V024,589,switch,1088,7,7,1084,S_c,0,0
SportsMOT,V024,638,switch,1082,9,9,1087,S_h,1,0
SportsMOT,V024,641,switch,1089,0,0,1082,S_r,0,0
SportsMOT,V024,766,switch,1090,1,1,1084,S_c,0,0
SportsMOT,V024,767,switch,1091,9,9,1082,S_c,0,0
SportsMOT,V024,794,switch,1092,6,6,1085,S_c,0,0
SportsMOT,V024,806,switch,1093,5,5,1072,S_c,0,0
SportsMOT,V024,810,switch,1094,7,7,1088,S_c,0,0
SportsMOT,V024,867,switch,1095,8,8,1078,S_c,0,0
SportsMOT,V024,874,switch,1096,3,3,1086,S_c,0,0
SportsMOT,V025,102,switch,1107,1,1,1098,S_c,0,0
SportsMOT,V025,153,switch,1108,2,2,1097,S_c,0,0
SportsMOT,V025,419,switch,1111,5,5,1100,S_c,0,0
SportsMOT,V025,421,switch,1112,1,1,1107,S_c,0,0
SportsMOT,V025,429,switch,1113,6,6,1104,S_c,0,0
SportsMOT,V025,454,switch,1114,2,2,1108,S_c,0,0
SportsMOT,V025,463,switch,1115,0,0,1099,S_c,0,0
SportsMOT,V025,676,switch,1106,1,1,1112,S_r,1,0
SportsMOT,V025,676,switch,1112,9,9,1106,S_r,1,0
SportsMOT,V025,719,switch,1113,8,8,1105,S_r,1,0
SportsMOT,V025,721,switch,1116,8,8,1105,S_c,0,0
SportsMOT,V026,93,switch,1121,3,3,1119,S_r,1,0
SportsMOT,V026,93,switch,1119,4,4,1124,S_r,1,0
SportsMOT,V026,94,switch,1127,2,2,1121,S_c,0,0
SportsMOT,V026,94,switch,1125,9,9,1122,S_c,0,0
SportsMOT,V026,118,switch,1118,5,5,1120,S_r,1,0
SportsMOT,V026,118,switch,1120,6,6,1118,S_r,1,0
SportsMOT,V026,176,switch,1140,9,9,1125,S_c,0,0
SportsMOT,V026,178,switch,1139,4,4,1119,S_r,0,0
SportsMOT,V026,204,switch,1139,3,3,1121,S_r,1,0
SportsMOT,V026,204,switch,1121,4,4,1139,S_r,1,0
SportsMOT,V027,64,switch,1159,1,1,1149,S_c,0,0
SportsMOT,V027,231,switch,1161,6,6,1150,S_c,0,0
SportsMOT,V028,4,switch,1167,5,5,1169,S_h,1,0
SportsMOT,V028,10,switch,1182,11,11,1179,S_c,0,0
SportsMOT,V028,13,switch,1185,3,3,1167,S_c,0,0
SportsMOT,V028,21,switch,1169,7,7,1165,S_h,1,0
SportsMOT,V028,27,switch,1167,4,4,1163,S_r,1,0
SportsMOT,V028,27,switch,1165,5,5,1167,S_h,1,0
SportsMOT,V028,37,switch,1186,0,0,1168,S_c,0,0
SportsMOT,V028,111,switch,1165,1,1,1162,S_r,1,0
SportsMOT,V028,113,switch,1162,1,1,1165,S_r,0,0
SportsMOT,V028,322,switch,1167,1,1,1162,S_r,1,0
SportsMOT,V028,322,switch,1162,4,4,1167,S_r,1,0
SportsMOT,V028,458,switch,1188,3,3,1185,S_c,0,0
SportsMOT,V028,471,switch,1162,3,3,1188,S_r,1,0
SportsMOT,V028,471,switch,1188,4,4,1162,S_r,1,0
SportsMOT,V028,498,switch,1166,6,6,1170,S_r,1,0
SportsMOT,V028,498,switch,1170,8,8,1166,S_h,1,0
SportsMOT,V029,147,switch,1216,0,0,1192,S_c,0,0
SportsMOT,V029,158,switch,1191,4,4,1195,S_r,1,0
SportsMOT,V029,159,switch,1217,2,2,1191,S_c,0,0
SportsMOT,V029,176,switch,1218,0,0,1192,S_c,0,0
SportsMOT,V029,177,switch,1219,11,11,1194,S_c,0,0
SportsMOT,V029,205,switch,1220,4,4,1191,S_c,0,0
SportsMOT,V029,210,switch,1220,2,2,1217,S_r,1,0
SportsMOT,V029,210,switch,1217,4,4,1220,S_r,1,0
SportsMOT,V029,215,switch,1221,8,8,1199,S_c,0,0
SportsMOT,V030,28,switch,1232,3,3,1229,S_r,1,0
SportsMOT,V030,29,switch,1229,4,4,1225,S_h,1,0
SportsMOT,V030,36,switch,1241,5,5,1232,S_c,0,0
SportsMOT,V030,57,switch,1225,3,3,1232,S_h,1,0
SportsMOT,V030,95,switch,1242,1,1,1226,S_c,0,0
SportsMOT,V030,109,switch,1243,2,2,1224,S_c,0,0
SportsMOT,V030,113,switch,1244,0,0,1222,S_c,0,0
SportsMOT,V030,149,switch,1241,4,4,1229,S_r,1,0
SportsMOT,V030,154,switch,1225,5,5,1241,S_r,1,0
SportsMOT,V030,165,switch,1245,3,3,1225,S_c,0,0
SportsMOT,V030,216,switch,1248,11,11,1230,S_c,0,0
SportsMOT,V030,315,switch,1249,0,0,1244,S_c,0,0
SportsMOT,V030,322,switch,1250,2,2,1243,S_c,0,0
SportsMOT,V030,333,switch,1225,4,4,1241,S_r,1,0
SportsMOT,V030,333,switch,1241,5,5,1225,S_r,1,0
SportsMOT,V031,28,switch,1264,11,11,1262,S_c,0,0
SportsMOT,V031,30,switch,1266,10,10,1262,S_c,0,0
SportsMOT,V031,32,switch,1256,4,4,1258,S_r,1,0
SportsMOT,V031,32,switch,1266,11,11,1264,S_r,1,0
SportsMOT,V031,33,switch,1273,2,2,1253,S_c,0,0
SportsMOT,V031,33,switch,1267,3,3,1256,S_c,0,0
SportsMOT,V031,33,switch,1271,5,5,1257,S_c,0,0
SportsMOT,V031,33,switch,1270,8,8,1260,S_c,0,0
SportsMOT,V031,35,switch,1277,9,9,1261,S_c,0,0
SportsMOT,V031,38,switch,1284,10,10,1266,S_c,0,0
SportsMOT,V031,42,switch,1289,1,1,1254,S_c,0,0
SportsMOT,V031,47,switch,1254,2,2,1273,S_h,1,0
SportsMOT,V031,51,switch,1273,1,1,1289,S_h,1,0
SportsMOT,V031,52,switch,1258,4,4,1256,S_h,0,0
SportsMOT,V031,53,switch,1257,5,5,1271,S_h,0,0
SportsMOT,V031,55,switch,1290,1,1,1273,S_c,0,0
SportsMOT,V031,55,switch,1258,5,5,1257,S_r,1,0
SportsMOT,V031,56,switch,1291,4,4,1258,S_c,0,0
SportsMOT,V031,60,switch,1289,0,0,1255,S_h,1,0
SportsMOT,V031,60,switch,1256,2,2,1254,S_h,1,0
SportsMOT,V031,60,switch,1260,7,7,1259,S_h,1,0
SportsMOT,V031,61,switch,1271,2,2,1254,S_h,1,0
SportsMOT,V031,61,switch,1259,7,7,1259,S_h,0,0
SportsMOT,V031,62,switch,1253,0,0,1289,S_h,1,0
SportsMOT,V031,63,switch,1260,4,4,1291,S_h,1,0
SportsMOT,V031,64,switch,1291,4,4,1291,S_h,0,0
SportsMOT,V031,167,switch,1292,9,9,1277,S_c,0,0
SportsMOT,V031,169,switch,1277,5,5,1258,S_h,1,0
SportsMOT,V031,172,switch,1270,5,5,1277,S_h,1,0
SportsMOT,V031,172,switch,1293,8,8,1270,S_c,0,0
SportsMOT,V031,181,switch,1292,8,8,1293,S_r,1,0
SportsMOT,V031,181,switch,1293,9,9,1292,S_r,1,0
SportsMOT,V032,152,switch,1299,4,4,1296,S_r,1,0
SportsMOT,V032,153,switch,1296,5,5,1299,S_h,1,0
SportsMOT,V032,166,switch,1306,4,4,1299,S_c,0,0
SportsMOT,V032,262,switch,1308,6,6,1294,S_c,0,0
SportsMOT,V032,270,switch,1310,7,7,1301,S_r,0,0
SportsMOT,V032,278,switch,1310,6,6,1308,S_r,1,0
SportsMOT,V032,278,switch,1308,7,7,1301,S_r,1,0
SportsMOT,V032,446,switch,1308,6,6,1310,S_r,1,0
SportsMOT,V032,446,switch,1310,7,7,1308,S_r,1,0
SportsMOT,V033,138,switch,1314,5,5,1312,S_h,1,0
SportsMOT,V033,145,switch,1312,5,5,1312,S_h,0,0
SportsMOT,V033,147,switch,1316,5,5,1312,S_r,1,0
SportsMOT,V033,150,switch,1312,3,3,1314,S_r,1,0
SportsMOT,V033,150,switch,1314,4,4,1316,S_r,1,0
SportsMOT,V033,158,switch,1323,8,8,1319,S_c,0,0
SportsMOT,V034,73,switch,1330,4,4,1329,S_r,1,0
SportsMOT,V034,74,switch,1336,5,5,1330,S_c,0,0
SportsMOT,V034,147,switch,1337,3,3,1327,S_c,0,0
SportsMOT,V034,201,switch,1338,6,6,1324,S_r,0,0
SportsMOT,V034,203,switch,1324,8,8,1334,S_h,1,0
SportsMOT,V034,229,switch,1334,3,3,1337,S_h,1,0
SportsMOT,V035,210,switch,1341,6,6,1346,S_r,1,0
SportsMOT,V035,210,switch,1346,11,11,1341,S_r,1,0
SportsMOT,V036,36,switch,1364,0,0,1356,S_c,0,0
SportsMOT,V037,129,switch,1379,2,2,1373,S_c,0,0
SportsMOT,V037,132,switch,1380,9,9,1366,S_c,0,0
SportsMOT,V037,137,switch,1381,5,5,1372,S_c,0,0
SportsMOT,V037,158,switch,1382,12,12,1377,S_c,0,0
SportsMOT,V037,309,switch,1384,7,7,1368,S_c,0,0
SportsMOT,V037,439,switch,1387,10,10,1375,S_c,0,0
SportsMOT,V037,454,switch,1388,11,11,1369,S_c,0,0
SportsMOT,V037,498,switch,1389,8,8,1371,S_c,0,0
SportsMOT,V037,523,switch,1393,10,10,1387,S_c,0,0
SportsMOT,V037,585,switch,1394,10,10,1393,S_c,0,0
SportsMOT,V038,213,switch,1413,11,11,1406,S_c,0,0
SportsMOT,V038,237,switch,1414,8,8,1412,S_c,0,0
SportsMOT,V038,243,switch,1415,12,12,1405,S_c,0,0
SportsMOT,V038,248,switch,1416,7,7,1402,S_c,0,0
SportsMOT,V038,304,switch,1418,13,13,1404,S_c,0,0
SportsMOT,V038,340,switch,1419,3,3,1399,S_c,0,0
SportsMOT,V038,410,switch,1420,3,3,1419,S_c,0,0
SportsMOT,V038,460,switch,1421,14,14,1417,S_c,0,0
SportsMOT,V038,479,switch,1422,5,5,1411,S_r,0,0
SportsMOT,V038,485,switch,1423,10,10,1407,S_c,0,0
SportsMOT,V038,508,switch,1425,9,9,1400,S_c,0,0
SportsMOT,V038,534,switch,1431,11,11,1413,S_c,0,0
SportsMOT,V038,538,switch,1433,11,11,1413,S_c,0,0
SportsMOT,V038,543,switch,1434,12,12,1415,S_r,0,0
SportsMOT,V038,550,switch,1431,11,11,1433,S_h,0,0
SportsMOT,V038,554,switch,1435,11,11,1431,S_c,0,0
SportsMOT,V038,555,switch,1436,6,6,1410,S_c,0,0
SportsMOT,V038,557,switch,1437,2,2,1408,S_c,0,0
SportsMOT,V038,562,switch,1439,11,11,1435,S_c,0,0
SportsMOT,V038,566,switch,1440,11,11,1435,S_c,0,0
SportsMOT,V038,575,switch,1441,4,4,1409,S_c,0,0
SportsMOT,V038,592,switch,1442,5,5,1422,S_c,0,0
SportsMOT,V038,598,switch,1443,1,1,1403,S_c,0,0
SportsMOT,V038,609,switch,1444,0,0,1401,S_c,0,0
SportsMOT,V038,729,switch,1445,12,12,1434,S_c,0,0
SportsMOT,V038,734,switch,1446,7,7,1416,S_c,0,0
SportsMOT,V038,744,switch,1447,13,13,1418,S_c,0,0
SportsMOT,V038,770,switch,1448,14,14,1421,S_c,0,0
SportsMOT,V038,891,switch,1449,16,16,1426,S_c,0,0
SportsMOT,V038,922,switch,1440,2,2,1437,S_r,1,0
SportsMOT,V038,922,switch,1437,11,11,1440,S_r,1,0
SportsMOT,V038,964,switch,1450,0,0,1444,S_c,0,0
SportsMOT,V038,1025,switch,1452,16,16,1449,S_c,0,0
SportsMOT,V038,1032,switch,1453,9,9,1425,S_c,0,0
SportsMOT,V038,1033,switch,1454,17,17,1430,S_r,0,0
SportsMOT,V038,1035,switch,1457,17,17,1430,S_c,0,0
SportsMOT,V038,1039,switch,1470,3,3,1420,S_c,0,0
SportsMOT,V038,1044,switch,1483,18,18,1432,S_c,0,0
SportsMOT,V038,1046,switch,1489,5,5,1442,S_c,0,0
SportsMOT,V038,1049,switch,1505,12,12,1445,S_c,0,0
SportsMOT,V038,1050,switch,1508,12,12,1445,S_c,0,0
SportsMOT,V038,1051,switch,1511,12,12,1445,S_c,0,0
SportsMOT,V038,1067,switch,1552,15,15,1424,S_c,0,0
SportsMOT,V038,1069,switch,1556,10,10,1423,S_c,0,0
SportsMOT,V038,1069,switch,1555,15,15,1424,S_c,0,0
SportsMOT,V038,1071,switch,1552,17,17,1457,S_h,1,0
SportsMOT,V038,1077,switch,1457,15,15,1555,S_h,1,0
SportsMOT,V038,1078,switch,1555,15,15,1555,S_h,0,0
SportsMOT,V038,1106,switch,1557,13,13,1447,S_c,0,0
SportsMOT,V038,1135,switch,1558,14,14,1448,S_c,0,0
SportsMOT,V038,1142,switch,1559,12,12,1445,S_c,0,0
SportsMOT,V038,1162,switch,1560,7,7,1446,S_r,0,0
SportsMOT,V038,1272,switch,1562,7,7,1560,S_c,0,0
SportsMOT,V038,1310,switch,1563,8,8,1414,S_r,0,0
SportsMOT,V039,2,switch,1572,8,8,1575,S_r,1,0
SportsMOT,V039,3,switch,1575,6,6,1571,S_h,1,0
SportsMOT,V039,9,switch,1593,8,8,1572,S_c,0,0
SportsMOT,V039,11,switch,1602,6,6,1571,S_c,0,0
SportsMOT,V039,13,switch,1607,9,9,1573,S_c,0,0
SportsMOT,V039,14,switch,1609,2,2,1574,S_c,0,0
SportsMOT,V039,180,switch,1611,6,6,1602,S_c,0,0
SportsMOT,V039,222,switch,1612,7,7,1572,S_c,0,0
SportsMOT,V039,318,switch,1615,8,8,1593,S_c,0,0
SportsMOT,V039,349,switch,1618,11,11,1569,S_r,0,0
SportsMOT,V039,360,switch,1620,12,12,1610,S_c,0,0
SportsMOT,V039,476,switch,1623,12,12,1620,S_c,0,0
SportsMOT,V039,543,switch,1624,3,3,1565,S_r,0,0
SportsMOT,V039,562,switch,1626,15,15,1616,S_c,0,0
SportsMOT,V039,582,switch,1627,19,19,1622,S_c,0,0
SportsMOT,V039,635,switch,1628,13,13,1613,S_c,0,0
SportsMOT,V039,703,switch,1629,5,5,1570,S_r,0,0
SportsMOT,V039,706,switch,1623,6,6,1611,S_r,1,0
SportsMOT,V039,706,switch,1614,12,12,1623,S_r,1,0
SportsMOT,V039,707,switch,1621,11,11,1618,S_r,1,0
SportsMOT,V039,708,switch,1631,18,18,1621,S_c,0,0
SportsMOT,V039,709,switch,1631,11,11,1621,S_r,1,0
SportsMOT,V039,709,switch,1633,12,12,1614,S_c,0,0
SportsMOT,V039,710,switch,1635,12,12,1614,S_c,0,0
SportsMOT,V039,710,switch,1634,18,18,1621,S_c,0,0
SportsMOT,V039,711,switch,1634,11,11,1631,S_r,1,0
SportsMOT,V039,711,switch,1636,12,12,1614,S_c,0,0
SportsMOT,V039,712,switch,1638,12,12,1614,S_c,0,0
SportsMOT,V039,712,switch,1637,18,18,1621,S_c,0,0
SportsMOT,V039,713,switch,1637,11,11,1634,S_r,1,0
SportsMOT,V039,713,switch,1639,12,12,1614,S_c,0,0
SportsMOT,V039,713,switch,1618,14,14,1614,S_h,1,0
SportsMOT,V039,714,switch,1618,12,12,1614,S_r,1,0
SportsMOT,V039,714,switch,1640,18,18,1621,S_c,0,0
SportsMOT,V039,715,switch,1640,11,11,1637,S_r,1,0
SportsMOT,V039,715,switch,1621,14,14,1614,S_h,1,0
SportsMOT,V039,716,switch,1621,12,12,1618,S_r,1,0
SportsMOT,V039,716,switch,1631,14,14,1614,S_h,1,0
SportsMOT,V039,717,switch,1643,18,18,1621,S_c,0,0
SportsMOT,V039,718,switch,1631,12,12,1621,S_r,1,0
SportsMOT,V039,719,switch,1634,14,14,1631,S_h,1,0
SportsMOT,V039,721,switch,1647,9,9,1607,S_c,0,0
SportsMOT,V039,725,switch,1648,3,3,1624,S_c,0,0
SportsMOT,V039,726,switch,1637,14,14,1634,S_h,1,0
SportsMOT,V039,727,switch,1649,3,3,1624,S_c,0,0
SportsMOT,V039,730,switch,1650,11,11,1640,S_c,0,0
SportsMOT,V039,738,switch,1638,4,4,1568,S_h,1,0
SportsMOT,V039,738,switch,1651,11,11,1650,S_c,0,0
SportsMOT,V039,738,switch,1650,18,18,1643,S_r,1,0
SportsMOT,V039,740,switch,1652,12,12,1631,S_c,0,0
SportsMOT,V039,740,switch,1617,14,14,1637,S_r,1,0
SportsMOT,V039,740,switch,1615,16,16,1617,S_r,1,0
SportsMOT,V039,741,switch,1653,8,8,1615,S_c,0,0
SportsMOT,V039,741,switch,1655,19,19,1627,S_c,0,0
SportsMOT,V039,742,switch,1658,9,9,1647,S_c,0,0
SportsMOT,V039,742,switch,1615,14,14,1617,S_r,1,0
SportsMOT,V039,742,switch,1656,17,17,1619,S_c,0,0
SportsMOT,V039,743,switch,1647,2,2,1609,S_h,1,0
SportsMOT,V039,743,switch,1659,14,14,1617,S_c,0,0
SportsMOT,V039,744,switch,1662,16,16,1615,S_c,0,0
SportsMOT,V039,745,switch,1664,5,5,1629,S_c,0,0
SportsMOT,V039,745,switch,1643,19,19,1627,S_h,1,0
SportsMOT,V039,746,switch,1648,3,3,1649,S_h,0,0
SportsMOT,V039,746,switch,1655,19,19,1627,S_h,0,0
SportsMOT,V039,747,switch,1669,17,17,1656,S_c,0,0
SportsMOT,V039,747,switch,1637,18,18,1650,S_h,1,0
SportsMOT,V039,748,switch,1615,18,18,1650,S_h,1,0
SportsMOT,V039,754,switch,1683,2,2,1609,S_c,0,0
SportsMOT,V039,755,switch,1647,6,6,1623,S_h,1,0
SportsMOT,V039,755,switch,1687,18,18,1650,S_c,0,0
SportsMOT,V039,756,switch,1623,6,6,1623,S_h,0,0
SportsMOT,V039,756,switch,1688,13,13,1628,S_c,0,0
SportsMOT,V039,811,switch,1690,4,4,1638,S_c,0,0
SportsMOT,V039,811,switch,1689,8,8,1653,S_c,0,0
SportsMOT,V039,812,switch,1689,16,16,1662,S_r,1,0
SportsMOT,V039,813,switch,1691,8,8,1653,S_c,0,0
SportsMOT,V039,814,switch,1691,16,16,1689,S_r,1,0
SportsMOT,V039,815,switch,1692,8,8,1653,S_c,0,0
SportsMOT,V039,816,switch,1692,16,16,1691,S_r,1,0
SportsMOT,V039,817,switch,1693,8,8,1653,S_c,0,0
SportsMOT,V039,817,switch,1653,15,15,1626,S_h,1,0
SportsMOT,V039,818,switch,1662,15,15,1626,S_h,1,0
SportsMOT,V039,818,switch,1693,16,16,1692,S_r,1,0
SportsMOT,V039,819,switch,1694,8,8,1653,S_c,0,0
SportsMOT,V039,819,switch,1689,15,15,1626,S_h,1,0
SportsMOT,V039,820,switch,1691,15,15,1626,S_h,1,0
SportsMOT,V039,820,switch,1694,16,16,1693,S_r,1,0
SportsMOT,V039,821,switch,1696,8,8,1653,S_c,0,0
SportsMOT,V039,821,switch,1692,15,15,1626,S_h,1,0
SportsMOT,V039,822,switch,1696,16,16,1694,S_r,1,0
SportsMOT,V039,823,switch,1699,8,8,1653,S_c,0,0
SportsMOT,V039,823,switch,1700,12,12,1652,S_c,0,0
SportsMOT,V039,826,switch,1701,5,5,1664,S_c,0,0
SportsMOT,V039,827,switch,1702,6,6,1623,S_c,0,0
SportsMOT,V039,829,switch,1704,5,5,1664,S_c,0,0
SportsMOT,V039,833,switch,1705,2,2,1683,S_c,0,0
SportsMOT,V039,836,switch,1706,9,9,1658,S_c,0,0
SportsMOT,V039,839,switch,1707,1,1,1566,S_c,0,0
SportsMOT,V039,843,switch,1701,3,3,1648,S_h,1,0
SportsMOT,V039,845,switch,1701,10,10,1594,S_h,1,0
SportsMOT,V039,850,switch,1719,3,3,1648,S_c,0,0
SportsMOT,V039,851,switch,1721,5,5,1704,S_c,0,0
SportsMOT,V039,867,switch,1722,3,3,1719,S_c,0,0
SportsMOT,V040,266,switch,1738,17,17,1731,S_c,0,0
SportsMOT,V040,455,switch,1726,17,17,1738,S_r,1,0
SportsMOT,V040,455,switch,1738,18,18,1726,S_r,1,0
SportsMOT,V040,462,switch,1742,7,7,1737,S_c,0,0
SportsMOT,V040,464,switch,1734,3,3,1732,S_r,1,0
SportsMOT,V040,465,switch,1743,5,5,1734,S_c,0,0
SportsMOT,V040,486,switch,1743,3,3,1734,S_r,1,0
SportsMOT,V040,486,switch,1734,5,5,1743,S_r,1,0
SportsMOT,V040,537,switch,1725,0,0,1723,S_r,1,0
SportsMOT,V040,537,switch,1723,4,4,1725,S_r,1,0
SportsMOT,V040,575,switch,1744,16,16,1730,S_c,0,0
SportsMOT,V040,579,switch,1745,20,20,1733,S_r,0,0
SportsMOT,V040,689,switch,1725,9,9,1729,S_r,1,0
SportsMOT,V040,689,switch,1734,20,20,1745,S_r,1,0
SportsMOT,V040,690,switch,1747,0,0,1725,S_c,0,0
SportsMOT,V040,690,switch,1746,5,5,1734,S_c,0,0
SportsMOT,V040,691,switch,1747,9,9,1725,S_r,1,0
SportsMOT,V040,692,switch,1748,0,0,1725,S_c,0,0
SportsMOT,V040,694,switch,1748,9,9,1747,S_r,1,0
SportsMOT,V040,695,switch,1749,0,0,1748,S_c,0,0
SportsMOT,V040,695,switch,1750,16,16,1744,S_c,0,0
SportsMOT,V040,696,switch,1749,9,9,1748,S_r,1,0
SportsMOT,V040,697,switch,1751,0,0,1748,S_c,0,0
SportsMOT,V040,699,switch,1743,2,2,1736,S_r,1,0
SportsMOT,V040,699,switch,1751,9,9,1749,S_r,1,0
SportsMOT,V040,699,switch,1746,20,20,1734,S_r,1,0
SportsMOT,V040,700,switch,1754,0,0,1751,S_c,0,0
SportsMOT,V040,700,switch,1752,18,18,1738,S_c,0,0
SportsMOT,V040,701,switch,1757,3,3,1743,S_c,0,0
SportsMOT,V040,701,switch,1754,9,9,1751,S_r,1,0
SportsMOT,V040,701,switch,1745,18,18,1738,S_h,1,0
SportsMOT,V040,702,switch,1761,0,0,1751,S_c,0,0
SportsMOT,V040,702,switch,1757,2,2,1743,S_r,1,0
SportsMOT,V040,703,switch,1765,3,3,1743,S_c,0,0
SportsMOT,V040,703,switch,1766,5,5,1746,S_c,0,0
SportsMOT,V040,703,switch,1764,15,15,1728,S_c,0,0
SportsMOT,V040,703,switch,1767,16,16,1750,S_c,0,0
SportsMOT,V040,704,switch,1765,2,2,1757,S_r,1,0
SportsMOT,V040,704,switch,1746,4,4,1723,S_r,1,0
SportsMOT,V040,704,switch,1747,6,6,1724,S_h,1,0
SportsMOT,V040,704,switch,1761,9,9,1754,S_r,1,0
SportsMOT,V040,704,switch,1723,19,19,1727,S_r,1,0
SportsMOT,V040,704,switch,1766,20,20,1746,S_r,1,0
SportsMOT,V040,705,switch,1773,0,0,1761,S_c,0,0
SportsMOT,V040,705,switch,1769,17,17,1726,S_c,0,0
SportsMOT,V040,705,switch,1768,18,18,1745,S_c,0,0
SportsMOT,V040,706,switch,1773,9,9,1761,S_r,1,0
SportsMOT,V040,706,switch,1775,15,15,1728,S_c,0,0
SportsMOT,V040,706,switch,1766,16,16,1750,S_r,1,0
SportsMOT,V040,706,switch,1776,20,20,1766,S_c,0,0
SportsMOT,V040,707,switch,1736,5,5,1746,S_h,1,0
SportsMOT,V040,708,switch,1783,2,2,1765,S_c,0,0
SportsMOT,V040,708,switch,1761,9,9,1773,S_h,0,0
SportsMOT,V040,709,switch,1765,2,2,1765,S_r,1,0
SportsMOT,V040,709,switch,1776,4,4,1746,S_r,1,0
SportsMOT,V040,709,switch,1757,5,5,1736,S_h,1,0
SportsMOT,V040,709,switch,1773,9,9,1773,S_r,1,0
SportsMOT,V040,709,switch,1729,17,17,1769,S_h,1,0
SportsMOT,V040,709,switch,1746,19,19,1723,S_r,1,0
SportsMOT,V040,709,switch,1736,20,20,1776,S_r,1,0
SportsMOT,V040,710,switch,1743,5,5,1736,S_h,1,0
SportsMOT,V040,710,switch,1784,6,6,1747,S_c,0,0
SportsMOT,V040,710,switch,1752,15,15,1775,S_h,1,0
SportsMOT,V040,710,switch,1734,18,18,1768,S_h,1,0
SportsMOT,V040,711,switch,1791,0,0,1773,S_c,0,0
SportsMOT,V040,711,switch,1736,16,16,1766,S_r,1,0
SportsMOT,V040,711,switch,1725,17,17,1729,S_h,1,0
SportsMOT,V040,711,switch,1757,20,20,1736,S_h,1,0
SportsMOT,V040,712,switch,1793,10,10,1739,S_c,0,0
SportsMOT,V040,712,switch,1745,15,15,1752,S_h,1,0
SportsMOT,V040,713,switch,1795,2,2,1765,S_c,0,0
SportsMOT,V040,714,switch,1765,2,2,1765,S_r,1,0
SportsMOT,V040,714,switch,1754,6,6,1784,S_h,1,0
SportsMOT,V040,714,switch,1793,11,11,1740,S_r,1,0
SportsMOT,V040,714,switch,1738,15,15,1745,S_h,1,0
SportsMOT,V040,714,switch,1743,20,20,1757,S_r,1,0
SportsMOT,V040,715,switch,1800,3,3,1765,S_c,0,0
SportsMOT,V040,715,switch,1798,10,10,1793,S_c,0,0
SportsMOT,V040,715,switch,1796,17,17,1725,S_c,0,0
SportsMOT,V040,716,switch,1798,11,11,1793,S_r,1,0
SportsMOT,V040,717,switch,1795,5,5,1743,S_h,1,0
SportsMOT,V040,717,switch,1806,10,10,1793,S_c,0,0
SportsMOT,V040,717,switch,1749,17,17,1725,S_h,1,0
SportsMOT,V040,717,switch,1805,18,18,1734,S_c,0,0
SportsMOT,V040,718,switch,1810,16,16,1736,S_c,0,0
SportsMOT,V040,719,switch,1800,2,2,1765,S_r,1,0
SportsMOT,V040,719,switch,1806,11,11,1798,S_r,1,0
SportsMOT,V040,719,switch,1743,16,16,1736,S_r,1,0
SportsMOT,V040,719,switch,1748,17,17,1749,S_h,1,0
SportsMOT,V040,719,switch,1795,20,20,1743,S_r,1,0
SportsMOT,V040,720,switch,1815,3,3,1800,S_c,0,0
SportsMOT,V040,720,switch,1812,5,5,1795,S_c,0,0
SportsMOT,V040,720,switch,1814,10,10,1806,S_c,0,0
SportsMOT,V040,720,switch,1813,12,12,1741,S_c,0,0
SportsMOT,V040,720,switch,1811,18,18,1805,S_c,0,0
SportsMOT,V040,721,switch,1815,2,2,1800,S_r,1,0
SportsMOT,V040,722,switch,1800,2,2,1800,S_h,0,0
SportsMOT,V040,722,switch,1816,3,3,1800,S_c,0,0
SportsMOT,V040,723,switch,1765,2,2,1800,S_h,0,0
SportsMOT,V040,724,switch,1800,2,2,1800,S_h,0,0
SportsMOT,V040,724,switch,1795,16,16,1743,S_r,1,0
SportsMOT,V040,724,switch,1783,18,18,1811,S_h,1,0
SportsMOT,V040,725,switch,1818,3,3,1816,S_c,0,0
SportsMOT,V040,725,switch,1817,20,20,1795,S_c,0,0
SportsMOT,V040,728,switch,1815,5,5,1812,S_h,1,0
SportsMOT,V040,729,switch,1765,2,2,1800,S_h,0,0
SportsMOT,V040,729,switch,1812,5,5,1812,S_h,0,0
SportsMOT,V040,733,switch,1800,2,2,1765,S_h,0,0
SportsMOT,V040,733,switch,1765,3,3,1818,S_r,1,0
SportsMOT,V040,733,switch,1815,20,20,1817,S_h,1,0
SportsMOT,V040,734,switch,1818,3,3,1818,S_h,0,0
SportsMOT,V040,734,switch,1764,13,13,1760,S_h,1,0
SportsMOT,V040,734,switch,1815,16,16,1795,S_r,1,0
SportsMOT,V040,734,switch,1817,20,20,1817,S_h,0,0
SportsMOT,V040,735,switch,1765,3,3,1818,S_h,0,0
SportsMOT,V040,736,switch,1795,16,16,1815,S_h,0,0
SportsMOT,V040,738,switch,1800,3,3,1765,S_r,1,0
SportsMOT,V040,745,switch,1821,14,14,1760,S_c,0,0
SportsMOT,V041,12,switch,1839,11,11,1835,S_c,0,0
SportsMOT,V041,20,switch,1835,13,13,1836,S_r,1,0
SportsMOT,V041,90,switch,1844,4,4,1829,S_c,0,0
SportsMOT,V041,95,switch,1845,2,2,1826,S_c,0,0
SportsMOT,V041,150,switch,1843,14,14,1838,S_r,1,0
SportsMOT,V041,150,switch,1846,19,19,1843,S_c,0,0
SportsMOT,V041,213,switch,1847,2,2,1845,S_c,0,0
SportsMOT,V041,214,switch,1848,8,8,1832,S_r,0,0
SportsMOT,V041,225,switch,1849,0,0,1825,S_c,0,0
SportsMOT,V041,260,switch,1850,1,1,1830,S_c,0,0
SportsMOT,V041,271,switch,1851,3,3,1833,S_c,0,0
SportsMOT,V041,445,switch,1853,6,6,1828,S_c,0,0
SportsMOT,V041,461,switch,1855,8,8,1848,S_c,0,0
SportsMOT,V041,461,switch,1854,9,9,1827,S_c,0,0
SportsMOT,V041,464,switch,1855,9,9,1854,S_r,1,0
SportsMOT,V041,465,switch,1856,8,8,1855,S_c,0,0
SportsMOT,V041,466,switch,1857,7,7,1824,S_c,0,0
SportsMOT,V041,505,switch,1858,5,5,1831,S_c,0,0
SportsMOT,V041,505,switch,1859,13,13,1835,S_c,0,0
SportsMOT,V041,508,switch,1866,4,4,1844,S_c,0,0
SportsMOT,V041,508,switch,1867,8,8,1856,S_c,0,0
SportsMOT,V041,510,switch,1873,5,5,1858,S_c,0,0
SportsMOT,V041,510,switch,1871,19,19,1846,S_c,0,0
SportsMOT,V041,513,switch,1889,0,0,1849,S_c,0,0
SportsMOT,V041,513,switch,1890,2,2,1847,S_c,0,0
SportsMOT,V041,513,switch,1892,4,4,1844,S_c,0,0
SportsMOT,V041,513,switch,1887,6,6,1853,S_c,0,0
SportsMOT,V041,513,switch,1891,8,8,1856,S_c,0,0
SportsMOT,V041,513,switch,1888,14,14,1843,S_c,0,0
SportsMOT,V041,515,switch,1894,6,6,1853,S_c,0,0
SportsMOT,V041,515,switch,1898,11,11,1839,S_c,0,0
SportsMOT,V041,515,switch,1893,14,14,1843,S_c,0,0
SportsMOT,V041,518,switch,1909,0,0,1849,S_c,0,0
SportsMOT,V041,518,switch,1908,2,2,1847,S_c,0,0
SportsMOT,V041,518,switch,1911,4,4,1844,S_c,0,0
SportsMOT,V041,518,switch,1910,8,8,1856,S_c,0,0
SportsMOT,V041,519,switch,1888,12,12,1837,S_h,1,0
SportsMOT,V041,520,switch,1912,17,17,1841,S_c,0,0
SportsMOT,V041,523,switch,1926,0,0,1849,S_c,0,0
SportsMOT,V041,523,switch,1925,2,2,1847,S_c,0,0
SportsMOT,V041,523,switch,1928,4,4,1844,S_c,0,0
SportsMOT,V041,523,switch,1927,8,8,1856,S_c,0,0
SportsMOT,V041,524,switch,1858,14,14,1893,S_h,1,0
SportsMOT,V041,525,switch,1930,0,0,1849,S_c,0,0
SportsMOT,V041,525,switch,1866,8,8,1856,S_h,1,0
SportsMOT,V041,525,switch,1929,12,12,1888,S_c,0,0
SportsMOT,V041,527,switch,1934,10,10,1834,S_c,0,0
SportsMOT,V041,528,switch,1937,4,4,1844,S_c,0,0
SportsMOT,V041,528,switch,1936,8,8,1866,S_c,0,0
SportsMOT,V041,528,switch,1893,14,14,1858,S_h,0,0
SportsMOT,V041,529,switch,1858,14,14,1858,S_h,0,0
SportsMOT,V041,529,switch,1934,16,16,1840,S_r,1,0
SportsMOT,V041,530,switch,1938,10,10,1934,S_c,0,0
SportsMOT,V041,531,switch,1892,8,8,1866,S_h,1,0
SportsMOT,V041,533,switch,1944,4,4,1844,S_c,0,0
SportsMOT,V041,533,switch,1893,14,14,1858,S_h,0,0
SportsMOT,V041,533,switch,1868,18,18,1842,S_r,0,0
SportsMOT,V041,534,switch,1858,14,14,1858,S_h,0,0
SportsMOT,V041,537,switch,1947,8,8,1892,S_c,0,0
SportsMOT,V041,539,switch,1911,8,8,1947,S_h,1,0
SportsMOT,V041,543,switch,1892,9,9,1855,S_h,1,0
SportsMOT,V041,544,switch,1855,9,9,1855,S_h,0,0
SportsMOT,V041,545,switch,1948,8,8,1911,S_c,0,0
SportsMOT,V041,548,switch,1947,9,9,1855,S_h,1,0
SportsMOT,V041,549,switch,1855,9,9,1855,S_h,0,0
SportsMOT,V041,563,switch,1893,5,5,1873,S_h,1,0
SportsMOT,V041,571,switch,1911,8,8,1948,S_h,0,0
SportsMOT,V041,574,switch,1892,9,9,1855,S_h,0,0
SportsMOT,V041,575,switch,1949,8,8,1911,S_c,0,0
SportsMOT,V041,575,switch,1947,9,9,1855,S_h,0,0
SportsMOT,V041,589,switch,1892,8,8,1949,S_h,1,0
SportsMOT,V041,591,switch,1950,0,0,1930,S_c,0,0
SportsMOT,V041,591,switch,1949,8,8,1892,S_h,0,0
SportsMOT,V041,687,switch,1951,10,10,1938,S_c,0,0
SportsMOT,V041,765,switch,1868,17,17,1912,S_r,1,0
SportsMOT,V041,765,switch,1912,18,18,1868,S_r,1,0
SportsMOT,V041,776,switch,1952,8,8,1949,S_c,0,0
SportsMOT,V041,796,switch,1953,5,5,1893,S_r,0,0
SportsMOT,V041,838,switch,1954,19,19,1871,S_r,0,0
SportsMOT,V041,884,switch,1955,0,0,1950,S_r,0,0
SportsMOT,V041,896,switch,1956,4,4,1844,S_c,0,0
SportsMOT,V041,969,switch,1957,18,18,1912,S_r,0,0
SportsMOT,V041,975,switch,1912,18,18,1957,S_h,0,0
SportsMOT,V042,4,switch,1969,2,2,1966,S_r,1,0
SportsMOT,V042,5,switch,1971,5,5,1965,S_c,0,0
SportsMOT,V042,5,switch,1973,7,7,1969,S_c,0,0
SportsMOT,V042,5,switch,1972,8,8,1963,S_c,0,0
SportsMOT,V042,5,switch,1963,10,10,1970,S_r,1,0
SportsMOT,V042,24,switch,1965,6,6,1960,S_h,1,0
SportsMOT,V042,49,switch,1963,8,8,1972,S_r,1,0
SportsMOT,V042,49,switch,1972,10,10,1963,S_r,1,0
SportsMOT,V042,50,switch,1976,11,11,1975,S_c,0,0
SportsMOT,V042,94,switch,1963,10,10,1972,S_r,1,0
SportsMOT,V042,95,switch,1978,18,18,1959,S_c,0,0
SportsMOT,V042,96,switch,1985,20,20,1968,S_c,0,0
SportsMOT,V042,98,switch,1993,0,0,1962,S_c,0,0
SportsMOT,V042,98,switch,1990,8,8,1963,S_c,0,0
SportsMOT,V042,98,switch,1991,12,12,1977,S_c,0,0
SportsMOT,V042,98,switch,1992,19,19,1986,S_c,0,0
SportsMOT,V042,99,switch,1962,8,8,1963,S_h,1,0
SportsMOT,V042,99,switch,1990,10,10,1963,S_r,1,0
SportsMOT,V042,100,switch,1997,19,19,1986,S_c,0,0
SportsMOT,V042,101,switch,1999,0,0,1962,S_c,0,0
SportsMOT,V042,101,switch,1993,8,8,1962,S_h,1,0
SportsMOT,V042,103,switch,2001,8,8,1962,S_c,0,0
SportsMOT,V042,103,switch,2002,12,12,1977,S_c,0,0
SportsMOT,V042,105,switch,2001,10,10,1990,S_r,1,0
SportsMOT,V042,105,switch,2004,15,15,1992,S_c,0,0
SportsMOT,V042,105,switch,2007,19,19,1997,S_c,0,0
SportsMOT,V042,107,switch,1999,8,8,1962,S_h,1,0
SportsMOT,V042,108,switch,2013,12,12,1977,S_c,0,0
SportsMOT,V042,109,switch,2003,8,8,1999,S_h,0,0
SportsMOT,V042,109,switch,1999,10,10,2001,S_r,1,0
SportsMOT,V042,110,switch,2015,12,12,1977,S_c,0,0
SportsMOT,V042,110,switch,2014,16,16,2012,S_c,0,0
SportsMOT,V042,132,switch,1997,19,19,2007,S_h,0,0
SportsMOT,V042,180,switch,2016,8,8,1999,S_c,0,0
SportsMOT,V042,195,switch,2017,10,10,1999,S_c,0,0
SportsMOT,V042,236,switch,2018,18,18,1959,S_c,0,0
SportsMOT,V042,263,switch,2019,0,0,1999,S_c,0,0
SportsMOT,V042,285,switch,2020,9,9,1958,S_c,0,0
SportsMOT,V042,296,switch,2021,17,17,1974,S_c,0,0
SportsMOT,V042,307,switch,2022,11,11,1976,S_c,0,0
SportsMOT,V042,337,switch,2023,19,19,1997,S_c,0,0
SportsMOT,V042,344,switch,2024,13,13,1995,S_r,0,0
SportsMOT,V042,350,switch,2025,20,20,1985,S_c,0,0
SportsMOT,V042,361,switch,2026,1,1,1961,S_c,0,0
SportsMOT,V042,365,switch,2027,1,1,2026,S_c,0,0
SportsMOT,V042,369,switch,2028,15,15,2004,S_r,0,0
SportsMOT,V042,370,switch,2029,16,16,2014,S_c,0,0
SportsMOT,V043,2,switch,2039,6,6,2045,S_r,1,0
SportsMOT,V043,2,switch,2044,7,7,2039,S_r,1,0
SportsMOT,V043,2,switch,2041,11,11,2044,S_r,1,0
SportsMOT,V043,2,switch,2042,13,13,2041,S_r,0,0
SportsMOT,V043,2,switch,2045,16,16,2043,S_r,1,0
SportsMOT,V043,3,switch,2043,8,8,2037,S_h,1,0
SportsMOT,V043,4,switch,2044,6,6,2039,S_r,1,0
SportsMOT,V043,4,switch,2041,7,7,2044,S_r,1,0
SportsMOT,V043,4,switch,2039,16,16,2045,S_r,1,0
SportsMOT,V043,5,switch,2047,11,11,2041,S_c,0,0
SportsMOT,V043,6,switch,2032,3,3,2040,S_r,1,0
SportsMOT,V043,6,switch,2047,7,7,2041,S_r,1,0
SportsMOT,V043,6,switch,2039,8,8,2043,S_r,1,0
SportsMOT,V043,6,switch,2042,11,11,2041,S_r,1,0
SportsMOT,V043,6,switch,2044,16,16,2039,S_r,1,0
SportsMOT,V043,6,switch,2040,17,17,2046,S_r,1,0
SportsMOT,V043,7,switch,2048,2,2,2032,S_c,0,0
SportsMOT,V043,7,switch,2042,7,7,2041,S_r,1,0
SportsMOT,V043,7,switch,2044,8,8,2043,S_r,1,0
SportsMOT,V043,8,switch,2051,4,4,2046,S_c,0,0
SportsMOT,V043,8,switch,2047,6,6,2044,S_h,1,0
SportsMOT,V043,8,switch,2046,13,13,2042,S_r,1,0
SportsMOT,V043,9,switch,2051,7,7,2042,S_r,1,0
SportsMOT,V043,9,switch,2041,8,8,2044,S_r,1,0
SportsMOT,V043,9,switch,2047,16,16,2039,S_r,1,0
SportsMOT,V043,10,switch,2052,4,4,2046,S_c,0,0
SportsMOT,V043,10,switch,2053,6,6,2044,S_c,0,0
SportsMOT,V043,11,switch,2040,4,4,2046,S_r,1,0
SportsMOT,V043,11,switch,2042,5,5,2038,S_h,1,0
SportsMOT,V043,11,switch,2051,6,6,2044,S_r,1,0
SportsMOT,V043,11,switch,2052,7,7,2051,S_r,1,0
SportsMOT,V043,11,switch,2053,8,8,2041,S_r,1,0
SportsMOT,V043,11,switch,2037,9,9,2035,S_h,1,0
SportsMOT,V043,11,switch,2038,16,16,2047,S_r,1,0
SportsMOT,V043,11,switch,2032,17,17,2040,S_r,1,0
SportsMOT,V043,12,switch,2054,3,3,2032,S_c,0,0
SportsMOT,V043,12,switch,2045,9,9,2035,S_h,1,0
SportsMOT,V043,12,switch,2055,13,13,2046,S_c,0,0
SportsMOT,V043,13,switch,2032,4,4,2040,S_r,1,0
SportsMOT,V043,13,switch,2046,5,5,2042,S_h,1,0
SportsMOT,V043,13,switch,2042,6,6,2051,S_r,1,0
SportsMOT,V043,13,switch,2051,8,8,2053,S_r,1,0
SportsMOT,V043,13,switch,2039,9,9,2035,S_h,1,0
SportsMOT,V043,13,switch,2040,13,13,2046,S_r,1,0
SportsMOT,V043,13,switch,2054,17,17,2032,S_r,1,0
SportsMOT,V043,14,switch,2057,3,3,2032,S_c,0,0
SportsMOT,V043,14,switch,2044,9,9,2035,S_h,1,0
SportsMOT,V043,15,switch,2054,4,4,2032,S_r,1,0
SportsMOT,V043,15,switch,2032,17,17,2032,S_r,1,0
SportsMOT,V043,16,switch,2057,4,4,2032,S_r,1,0
SportsMOT,V043,16,switch,2052,5,5,2046,S_r,1,0
SportsMOT,V043,16,switch,2055,6,6,2042,S_h,1,0
SportsMOT,V043,16,switch,2054,7,7,2052,S_r,1,0
SportsMOT,V043,16,switch,2042,8,8,2051,S_r,1,0
SportsMOT,V043,16,switch,2047,9,9,2044,S_h,1,0
SportsMOT,V043,16,switch,2032,11,11,2041,S_r,1,0
SportsMOT,V043,17,switch,2060,4,4,2032,S_c,0,0
SportsMOT,V043,17,switch,2046,6,6,2042,S_h,1,0
SportsMOT,V043,17,switch,2061,17,17,2032,S_c,0,0
SportsMOT,V043,18,switch,2063,3,3,2057,S_c,0,0
SportsMOT,V043,18,switch,2042,18,18,2041,S_r,1,0
SportsMOT,V043,19,switch,2063,4,4,2060,S_r,1,0
SportsMOT,V043,19,switch,2054,6,6,2046,S_h,1,0
SportsMOT,V043,19,switch,2032,7,7,2052,S_r,1,0
SportsMOT,V043,19,switch,2046,8,8,2042,S_r,1,0
SportsMOT,V043,19,switch,2061,11,11,2032,S_r,1,0
SportsMOT,V043,19,switch,2064,14,14,2058,S_c,0,0
SportsMOT,V043,20,switch,2066,3,3,2057,S_c,0,0
SportsMOT,V043,20,switch,2053,12,12,2033,S_h,1,0
SportsMOT,V043,21,switch,2032,5,5,2052,S_r,1,0
SportsMOT,V043,21,switch,2052,6,6,2054,S_r,1,0
SportsMOT,V043,21,switch,2063,7,7,2032,S_r,1,0
SportsMOT,V043,21,switch,2051,9,9,2047,S_h,1,0
SportsMOT,V043,21,switch,2066,11,11,2061,S_r,1,0
SportsMOT,V043,21,switch,2033,12,12,2033,S_h,0,0
SportsMOT,V043,21,switch,2061,13,13,2040,S_r,1,0
SportsMOT,V043,21,switch,2054,18,18,2042,S_r,1,0
SportsMOT,V043,22,switch,2066,7,7,2032,S_r,1,0
SportsMOT,V043,22,switch,2068,11,11,2061,S_c,0,0
SportsMOT,V043,22,switch,2067,14,14,2064,S_c,0,0
SportsMOT,V043,22,switch,2046,18,18,2042,S_r,1,0
SportsMOT,V043,23,switch,2070,3,3,2057,S_c,0,0
SportsMOT,V043,23,switch,2060,5,5,2032,S_r,1,0
SportsMOT,V043,23,switch,2057,8,8,2046,S_h,1,0
SportsMOT,V043,24,switch,2063,8,8,2046,S_h,1,0
SportsMOT,V043,24,switch,2070,11,11,2068,S_r,1,0
SportsMOT,V043,24,switch,2068,13,13,2061,S_r,1,0
SportsMOT,V043,25,switch,2071,3,3,2057,S_c,0,0
SportsMOT,V043,25,switch,2043,10,10,2034,S_h,1,0
SportsMOT,V043,25,switch,2055,12,12,2033,S_h,1,0
SportsMOT,V043,25,switch,2054,16,16,2038,S_h,1,0
SportsMOT,V043,25,switch,2040,17,17,2061,S_h,1,0
SportsMOT,V043,26,switch,2063,6,6,2052,S_r,1,0
SportsMOT,V043,26,switch,2068,7,7,2066,S_r,1,0
SportsMOT,V043,26,switch,2060,8,8,2063,S_h,1,0
SportsMOT,V043,26,switch,2034,10,10,2034,S_h,0,0
SportsMOT,V043,26,switch,2033,12,12,2033,S_h,0,0
SportsMOT,V043,26,switch,2071,13,13,2068,S_r,1,0
SportsMOT,V043,26,switch,2038,16,16,2038,S_h,0,0
SportsMOT,V043,26,switch,2052,18,18,2046,S_r,1,0
SportsMOT,V043,27,switch,2074,3,3,2057,S_c,0,0
SportsMOT,V043,27,switch,2070,7,7,2066,S_r,1,0
SportsMOT,V043,27,switch,2054,9,9,2051,S_h,1,0
SportsMOT,V043,27,switch,2063,18,18,2046,S_r,1,0
SportsMOT,V043,28,switch,2060,6,6,2052,S_r,1,0
SportsMOT,V043,28,switch,2032,8,8,2060,S_h,1,0
SportsMOT,V043,28,switch,2076,11,11,2070,S_c,0,0
SportsMOT,V043,28,switch,2052,18,18,2046,S_h,0,0
SportsMOT,V043,31,switch,2074,5,5,2032,S_r,1,0
SportsMOT,V043,31,switch,2076,7,7,2070,S_r,1,0
SportsMOT,V043,31,switch,2060,18,18,2052,S_r,1,0
SportsMOT,V043,32,switch,2032,6,6,2060,S_r,1,0
SportsMOT,V043,32,switch,2061,8,8,2032,S_r,1,0
SportsMOT,V043,35,switch,2078,3,3,2074,S_c,0,0
SportsMOT,V043,35,switch,2079,11,11,2076,S_c,0,0
SportsMOT,V043,35,switch,2042,12,12,2033,S_h,1,0
SportsMOT,V043,36,switch,2071,5,5,2074,S_r,1,0
SportsMOT,V043,36,switch,2079,7,7,2076,S_r,1,0
SportsMOT,V043,36,switch,2063,9,9,2054,S_h,1,0
SportsMOT,V043,36,switch,2074,11,11,2076,S_r,1,0
SportsMOT,V043,36,switch,2033,12,12,2033,S_h,0,0
SportsMOT,V043,37,switch,2076,7,7,2076,S_h,0,0
SportsMOT,V043,37,switch,2080,17,17,2040,S_c,0,0
SportsMOT,V043,39,switch,2071,2,2,2048,S_r,1,0
SportsMOT,V043,39,switch,2048,13,13,2071,S_r,1,0
SportsMOT,V043,40,switch,2060,6,6,2032,S_r,1,0
SportsMOT,V043,40,switch,2042,12,12,2033,S_h,0,0
SportsMOT,V043,40,switch,2052,18,18,2060,S_h,0,0
SportsMOT,V043,44,switch,2082,2,2,2071,S_c,0,0
SportsMOT,V043,44,switch,2083,4,4,2063,S_c,0,0
SportsMOT,V043,45,switch,2046,6,6,2060,S_h,1,0
SportsMOT,V043,45,switch,2032,8,8,2061,S_h,1,0
SportsMOT,V043,46,switch,2054,9,9,2063,S_h,0,0
SportsMOT,V043,46,switch,2033,18,18,2052,S_h,1,0
SportsMOT,V043,48,switch,2061,11,11,2074,S_h,1,0
SportsMOT,V043,49,switch,2060,8,8,2032,S_h,1,0
SportsMOT,V043,50,switch,2052,8,8,2032,S_h,1,0
SportsMOT,V043,51,switch,2032,11,11,2061,S_h,1,0
SportsMOT,V043,53,switch,2063,12,12,2042,S_h,1,0
SportsMOT,V043,56,switch,2061,4,4,2083,S_h,1,0
SportsMOT,V043,64,switch,2078,2,2,2082,S_r,1,0
SportsMOT,V043,64,switch,2082,3,3,2078,S_r,1,0
SportsMOT,V043,66,switch,2080,12,12,2063,S_r,1,0
SportsMOT,V043,66,switch,2063,17,17,2080,S_r,1,0
SportsMOT,V043,88,switch,2085,0,0,2036,S_r,0,0
SportsMOT,V043,142,switch,2086,16,16,2038,S_c,0,0
SportsMOT,V043,143,switch,2087,14,14,2067,S_c,0,0
SportsMOT,V043,145,switch,2088,15,15,2069,S_c,0,0
SportsMOT,V043,146,switch,2038,12,12,2080,S_h,1,0
SportsMOT,V043,147,switch,2089,16,16,2086,S_c,0,0
SportsMOT,V043,151,switch,2086,12,12,2038,S_h,1,0
SportsMOT,V043,160,switch,2092,20,20,2090,S_c,0,0
SportsMOT,V043,162,switch,2094,20,20,2090,S_c,0,0
SportsMOT,V043,176,switch,2063,9,9,2054,S_r,1,0
SportsMOT,V043,177,switch,2080,12,12,2086,S_h,0,0
SportsMOT,V043,177,switch,2095,17,17,2063,S_c,0,0
SportsMOT,V043,179,switch,2054,4,4,2061,S_h,1,0
SportsMOT,V043,182,switch,2096,4,4,2054,S_c,0,0
SportsMOT,V043,182,switch,2097,12,12,2080,S_c,0,0
SportsMOT,V043,186,switch,2061,6,6,2046,S_h,1,0
SportsMOT,V043,186,switch,2086,16,16,2089,S_h,1,0
SportsMOT,V043,188,switch,2054,8,8,2052,S_h,1,0
SportsMOT,V043,189,switch,2052,8,8,2052,S_h,0,0
SportsMOT,V043,191,switch,2046,8,8,2052,S_h,1,0
SportsMOT,V043,192,switch,2098,16,16,2086,S_c,0,0
SportsMOT,V043,204,switch,2099,13,13,2048,S_c,0,0
SportsMOT,V043,207,switch,2100,13,13,2099,S_c,0,0
SportsMOT,V043,271,switch,2033,9,9,2063,S_r,1,0
SportsMOT,V043,271,switch,2063,17,17,2095,S_r,1,0
SportsMOT,V043,272,switch,2101,18,18,2033,S_c,0,0
SportsMOT,V043,276,switch,2101,9,9,2033,S_r,1,0
SportsMOT,V043,277,switch,2103,2,2,2078,S_c,0,0
SportsMOT,V043,277,switch,2102,18,18,2101,S_c,0,0
SportsMOT,V043,278,switch,2102,9,9,2101,S_r,1,0
SportsMOT,V043,279,switch,2104,18,18,2101,S_c,0,0
SportsMOT,V043,281,switch,2104,17,17,2063,S_r,1,0
SportsMOT,V043,282,switch,2105,18,18,2104,S_c,0,0
SportsMOT,V043,287,switch,2107,9,9,2102,S_c,0,0
SportsMOT,V043,302,switch,2108,11,11,2032,S_c,0,0
SportsMOT,V043,323,switch,2109,20,20,2094,S_c,0,0
SportsMOT,V043,328,switch,2110,15,15,2088,S_c,0,0
SportsMOT,V043,332,switch,2111,15,15,2110,S_c,0,0
SportsMOT,V043,337,switch,2112,14,14,2087,S_c,0,0
SportsMOT,V043,407,switch,2114,3,3,2082,S_c,0,0
SportsMOT,V043,431,switch,2098,6,6,2061,S_r,1,0
SportsMOT,V043,431,switch,2076,17,17,2104,S_r,1,0
SportsMOT,V043,431,switch,2046,18,18,2105,S_r,1,0
SportsMOT,V043,432,switch,2115,4,4,2096,S_c,0,0
SportsMOT,V043,432,switch,2117,7,7,2076,S_c,0,0
SportsMOT,V043,432,switch,2120,14,14,2112,S_c,0,0
SportsMOT,V043,435,switch,2129,8,8,2046,S_c,0,0
SportsMOT,V043,435,switch,2128,9,9,2107,S_c,0,0
SportsMOT,V043,435,switch,2127,16,16,2098,S_c,0,0
SportsMOT,V043,436,switch,2105,4,4,2115,S_h,1,0
SportsMOT,V043,436,switch,2129,18,18,2046,S_r,1,0
SportsMOT,V043,437,switch,2132,6,6,2098,S_c,0,0
SportsMOT,V043,437,switch,2061,8,8,2046,S_h,1,0
SportsMOT,V043,437,switch,2130,9,9,2107,S_c,0,0
SportsMOT,V043,440,switch,2134,16,16,2098,S_c,0,0
SportsMOT,V043,441,switch,2127,8,8,2061,S_h,1,0
SportsMOT,V043,441,switch,2061,18,18,2129,S_r,1,0
SportsMOT,V043,449,switch,2107,12,12,2097,S_h,1,0
SportsMOT,V043,450,switch,2097,10,10,2034,S_h,1,0
SportsMOT,V043,451,switch,2128,12,12,2107,S_h,1,0
SportsMOT,V043,455,switch,2134,18,18,2061,S_h,1,0
SportsMOT,V043,457,switch,2115,4,4,2105,S_h,0,0
SportsMOT,V043,473,switch,2107,10,10,2097,S_h,1,0
SportsMOT,V043,499,switch,2136,8,8,2127,S_c,0,0
SportsMOT,V043,508,switch,2137,0,0,2085,S_c,0,0
SportsMOT,V043,513,switch,2138,16,16,2098,S_c,0,0
SportsMOT,V043,522,switch,2139,19,19,2084,S_c,0,0
SportsMOT,V043,546,switch,2140,6,6,2132,S_r,0,0
SportsMOT,V043,565,switch,2141,11,11,2108,S_c,0,0
SportsMOT,V043,609,switch,2142,5,5,2071,S_c,0,0
SportsMOT,V043,612,switch,2143,5,5,2142,S_c,0,0
SportsMOT,V043,623,switch,2142,18,18,2134,S_r,1,0
SportsMOT,V043,632,switch,2144,3,3,2114,S_c,0,0
SportsMOT,V043,648,switch,2145,19,19,2139,S_c,0,0
SportsMOT,V043,673,switch,2146,14,14,2120,S_c,0,0
SportsMOT,V043,687,switch,2147,2,2,2103,S_c,0,0
SportsMOT,V043,722,switch,2148,5,5,2143,S_c,0,0
SportsMOT,V043,751,switch,2138,8,8,2136,S_r,1,0
SportsMOT,V043,751,switch,2136,16,16,2138,S_r,1,0
SportsMOT,V043,752,switch,2150,18,18,2142,S_c,0,0
SportsMOT,V043,754,switch,2152,1,1,2031,S_c,0,0
SportsMOT,V043,756,switch,2150,3,3,2144,S_r,1,0
SportsMOT,V043,757,switch,2154,1,1,2152,S_c,0,0
SportsMOT,V043,757,switch,2153,18,18,2150,S_c,0,0
SportsMOT,V043,766,switch,2153,3,3,2150,S_r,1,0
SportsMOT,V043,767,switch,2156,18,18,2153,S_c,0,0
SportsMOT,V043,767,switch,2155,19,19,2145,S_c,0,0
SportsMOT,V043,771,switch,2156,3,3,2153,S_r,1,0
SportsMOT,V043,772,switch,2157,18,18,2156,S_c,0,0
SportsMOT,V043,773,switch,2158,13,13,2100,S_c,0,0
SportsMOT,V043,792,switch,2159,15,15,2111,S_c,0,0
SportsMOT,V043,802,switch,2153,3,3,2156,S_h,0,0
SportsMOT,V043,853,switch,2161,12,12,2128,S_c,0,0
SportsMOT,V043,859,switch,2115,12,12,2161,S_r,1,0
SportsMOT,V043,861,switch,2161,12,12,2161,S_r,0,0
SportsMOT,V043,867,switch,2140,16,16,2136,S_r,1,0
SportsMOT,V043,870,switch,2162,6,6,2140,S_c,0,0
SportsMOT,V043,871,switch,2138,6,6,2140,S_r,1,0
SportsMOT,V043,871,switch,2162,8,8,2138,S_r,1,0
SportsMOT,V044,40,switch,2173,14,14,2172,S_c,0,0
SportsMOT,V044,44,switch,2166,0,0,2165,S_r,1,0
SportsMOT,V044,45,switch,2175,3,3,2174,S_c,0,0
SportsMOT,V044,45,switch,2176,10,10,2166,S_c,0,0
SportsMOT,V044,49,switch,2176,0,0,2166,S_r,1,0
SportsMOT,V044,50,switch,2177,10,10,2176,S_c,0,0
SportsMOT,V044,69,switch,2166,10,10,2177,S_h,1,0
SportsMOT,V044,113,switch,2183,14,14,2173,S_c,0,0
SportsMOT,V044,115,switch,2184,4,4,2182,S_c,0,0
SportsMOT,V044,115,switch,2185,14,14,2173,S_c,0,0
SportsMOT,V044,125,switch,2188,16,16,2186,S_c,0,0
SportsMOT,V044,160,switch,2191,6,6,2190,S_c,0,0
SportsMOT,V044,173,switch,2196,17,17,2192,S_c,0,0
SportsMOT,V044,178,switch,2201,17,17,2192,S_c,0,0
SportsMOT,V044,182,switch,2205,17,17,2192,S_c,0,0
SportsMOT,V044,185,switch,2208,17,17,2205,S_c,0,0
SportsMOT,V044,208,switch,2210,2,2,2167,S_c,0,0
SportsMOT,V044,368,switch,2211,9,9,2209,S_c,0,0
SportsMOT,V044,388,switch,2212,19,19,2207,S_c,0,0
SportsMOT,V044,447,switch,2213,15,15,2178,S_c,0,0
SportsMOT,V045,5,switch,2235,8,8,2232,S_c,0,0
SportsMOT,V045,5,switch,2236,10,10,2233,S_c,0,0
SportsMOT,V045,15,switch,2235,9,9,2231,S_r,1,0
SportsMOT,V045,18,switch,2231,8,8,2235,S_h,1,0
SportsMOT,V045,30,switch,2232,9,9,2235,S_h,1,0
SportsMOT,V045,60,switch,2226,9,9,2232,S_r,1,0
SportsMOT,V045,60,switch,2227,17,17,2229,S_r,1,0
SportsMOT,V045,61,switch,2241,11,11,2226,S_c,0,0
SportsMOT,V045,61,switch,2242,14,14,2219,S_c,0,0
SportsMOT,V045,61,switch,2240,16,16,2227,S_c,0,0
SportsMOT,V045,61,switch,2239,19,19,2224,S_c,0,0
SportsMOT,V045,67,switch,2244,20,20,2223,S_c,0,0
SportsMOT,V045,71,switch,2249,17,17,2227,S_c,0,0
SportsMOT,V045,110,switch,2249,16,16,2240,S_r,1,0
SportsMOT,V045,111,switch,2250,17,17,2249,S_c,0,0
SportsMOT,V045,115,switch,2250,16,16,2249,S_r,1,0
SportsMOT,V045,116,switch,2251,17,17,2250,S_c,0,0
SportsMOT,V045,120,switch,2251,16,16,2250,S_r,1,0
SportsMOT,V045,121,switch,2252,17,17,2251,S_c,0,0
SportsMOT,V045,125,switch,2252,16,16,2251,S_r,1,0
SportsMOT,V045,126,switch,2253,0,0,2234,S_c,0,0
SportsMOT,V045,127,switch,2255,17,17,2252,S_c,0,0
SportsMOT,V045,130,switch,2255,16,16,2252,S_r,1,0
SportsMOT,V045,131,switch,2256,17,17,2255,S_c,0,0
SportsMOT,V045,143,switch,2264,16,16,2255,S_c,0,0
SportsMOT,V045,146,switch,2265,16,16,2264,S_c,0,0
SportsMOT,V045,151,switch,2267,16,16,2265,S_c,0,0
SportsMOT,V045,154,switch,2222,8,8,2231,S_r,1,0
SportsMOT,V045,157,switch,2231,6,6,2222,S_r,1,0
SportsMOT,V045,160,switch,2222,10,10,2236,S_r,1,0
SportsMOT,V045,161,switch,2252,17,17,2256,S_h,1,0
SportsMOT,V045,164,switch,2268,17,17,2252,S_c,0,0
SportsMOT,V045,165,switch,2231,10,10,2222,S_r,1,0
SportsMOT,V045,166,switch,2271,6,6,2231,S_c,0,0
SportsMOT,V045,166,switch,2272,8,8,2222,S_c,0,0
SportsMOT,V045,166,switch,2270,14,14,2242,S_c,0,0
SportsMOT,V045,166,switch,2269,17,17,2252,S_c,0,0
SportsMOT,V045,169,switch,2273,16,16,2267,S_c,0,0
SportsMOT,V045,171,switch,2274,2,2,2225,S_c,0,0
SportsMOT,V045,171,switch,2275,12,12,2220,S_c,0,0
SportsMOT,V045,171,switch,2276,16,16,2267,S_c,0,0
SportsMOT,V045,171,switch,2277,17,17,2269,S_c,0,0
SportsMOT,V045,176,switch,2278,19,19,2239,S_c,0,0
SportsMOT,V045,178,switch,2269,17,17,2277,S_h,0,0
SportsMOT,V045,179,switch,2279,0,0,2253,S_c,0,0
SportsMOT,V045,187,switch,2280,1,1,2221,S_c,0,0
SportsMOT,V045,192,switch,2281,15,15,2218,S_c,0,0
SportsMOT,V045,194,switch,2282,20,20,2244,S_c,0,0
SportsMOT,V045,225,switch,2283,18,18,2214,S_c,0,0
SportsMOT,V046,4,switch,2293,7,7,2290,S_r,0,0
SportsMOT,V046,89,switch,2290,5,5,2288,S_r,1,0
SportsMOT,V046,92,switch,2288,8,8,2290,S_r,1,0
SportsMOT,V046,103,switch,2288,7,7,2293,S_r,1,0
SportsMOT,V046,107,switch,2296,2,2,2287,S_c,0,0
SportsMOT,V046,111,switch,2297,4,4,2291,S_c,0,0
SportsMOT,V046,111,switch,2298,8,8,2288,S_c,0,0
SportsMOT,V046,545,switch,2288,3,3,2289,S_r,1,0
SportsMOT,V046,545,switch,2289,7,7,2288,S_r,1,0
SportsMOT,V046,872,switch,2299,9,9,2294,S_c,0,0
SportsMOT,V046,883,switch,2300,4,4,2297,S_c,0,0
SportsMOT,V046,885,switch,2301,8,8,2298,S_c,0,0
SportsMOT,V046,1002,switch,2302,6,6,2292,S_c,0,0
SportsMOT,V047,714,switch,2313,4,4,2312,S_c,0,0
SportsMOT,V047,888,switch,2318,6,6,2310,S_c,0,0
SportsMOT,V047,908,switch,2319,8,8,2308,S_c,0,0
SportsMOT,V047,922,switch,2320,9,9,2303,S_c,0,0
SportsMOT,V047,926,switch,2321,7,7,2306,S_c,0,0
SportsMOT,V047,1009,switch,2322,5,5,2311,S_c,0,0
SportsMOT,V047,1101,switch,2318,3,3,2304,S_r,1,0
SportsMOT,V047,1102,switch,2325,1,1,2305,S_c,0,0
SportsMOT,V047,1102,switch,2323,8,8,2319,S_c,0,0
SportsMOT,V047,1107,switch,2331,3,3,2318,S_c,0,0
SportsMOT,V047,1109,switch,2337,8,8,2323,S_c,0,0
SportsMOT,V047,1112,switch,2346,2,2,2307,S_c,0,0
SportsMOT,V047,1112,switch,2345,6,6,2318,S_c,0,0
SportsMOT,V047,1112,switch,2344,8,8,2337,S_c,0,0
SportsMOT,V047,1117,switch,2323,1,1,2325,S_h,1,0
SportsMOT,V047,1118,switch,2325,2,2,2346,S_h,1,0
SportsMOT,V047,1118,switch,2337,8,8,2344,S_h,0,0
SportsMOT,V047,1120,switch,2307,1,1,2323,S_h,1,0
SportsMOT,V047,1120,switch,2323,2,2,2325,S_r,1,0
SportsMOT,V047,1122,switch,2307,2,2,2323,S_r,1,0
SportsMOT,V047,1123,switch,2347,1,1,2307,S_c,0,0
SportsMOT,V048,59,switch,2351,0,0,2349,S_r,1,0
SportsMOT,V048,59,switch,2349,1,1,2351,S_r,1,0
SportsMOT,V048,216,switch,2349,0,0,2351,S_r,1,0
SportsMOT,V048,216,switch,2351,1,1,2349,S_r,1,0
SportsMOT,V048,332,switch,2353,7,7,2350,S_r,1,0
SportsMOT,V048,334,switch,2350,2,2,2353,S_h,1,0
SportsMOT,V048,349,switch,2360,5,5,2352,S_c,0,0
SportsMOT,V048,389,switch,2361,4,4,2355,S_c,0,0
SportsMOT,V048,402,switch,2362,6,6,2354,S_c,0,0
SportsMOT,V048,404,switch,2363,8,8,2358,S_c,0,0
SportsMOT,V048,554,switch,2350,0,0,2349,S_r,1,0
SportsMOT,V048,578,switch,2349,2,2,2350,S_h,1,0
SportsMOT,V049,52,switch,2374,4,4,2369,S_c,0,0
SportsMOT,V049,54,switch,2375,9,9,2373,S_c,0,0
SportsMOT,V049,115,switch,2372,1,1,2367,S_r,1,0
SportsMOT,V049,115,switch,2367,8,8,2372,S_r,1,0
SportsMOT,V049,236,switch,2377,8,8,2367,S_c,0,0
SportsMOT,V049,237,switch,2377,7,7,2371,S_r,1,0
SportsMOT,V049,238,switch,2371,8,8,2367,S_h,1,0
SportsMOT,V049,288,switch,2379,0,0,2370,S_c,0,0
SportsMOT,V049,288,switch,2380,3,3,2364,S_c,0,0
SportsMOT,V049,304,switch,2381,5,5,2366,S_c,0,0
SportsMOT,V049,445,switch,2377,1,1,2372,S_r,1,0
SportsMOT,V049,445,switch,2372,7,7,2377,S_r,1,0
SportsMOT,V049,584,switch,2372,2,2,2368,S_r,1,0
SportsMOT,V049,584,switch,2368,7,7,2372,S_r,1,0
SportsMOT,V049,706,switch,2382,0,0,2379,S_c,0,0
SportsMOT,V050,462,switch,2390,2,2,2384,S_r,1,0
SportsMOT,V050,462,switch,2384,8,8,2390,S_r,1,0
SportsMOT,V050,574,switch,2384,2,2,2390,S_r,1,0
SportsMOT,V050,574,switch,2390,8,8,2384,S_r,1,0
SportsMOT,V050,875,switch,2393,2,2,2384,S_c,0,0
SportsMOT,V051,387,switch,2404,0,0,2398,S_c,0,0
SportsMOT,V051,389,switch,2398,2,2,2396,S_h,1,0
SportsMOT,V051,404,switch,2402,2,2,2398,S_r,1,0
SportsMOT,V051,404,switch,2398,7,7,2402,S_r,1,0
SportsMOT,V051,459,switch,2405,1,1,2401,S_c,0,0
SportsMOT,V051,465,switch,2406,5,5,2403,S_c,0,0
SportsMOT,V051,475,switch,2407,8,8,2394,S_c,0,0
SportsMOT,V051,492,switch,2408,9,9,2397,S_r,0,0
SportsMOT,V051,712,switch,2399,0,0,2404,S_r,1,0
SportsMOT,V051,714,switch,2400,5,5,2406,S_r,1,0
SportsMOT,V051,714,switch,2406,6,6,2400,S_r,1,0
SportsMOT,V052,16,switch,2409,2,2,2413,S_r,1,0
SportsMOT,V052,16,switch,2411,4,4,2412,S_r,1,0
SportsMOT,V052,16,switch,2412,5,5,2410,S_r,1,0
SportsMOT,V052,16,switch,2415,7,7,2416,S_r,1,0
SportsMOT,V052,17,switch,2420,6,6,2415,S_c,0,0
SportsMOT,V052,17,switch,2418,8,8,2417,S_c,0,0
SportsMOT,V052,18,switch,2423,4,4,2411,S_c,0,0
SportsMOT,V052,18,switch,2411,5,5,2412,S_r,1,0
SportsMOT,V052,19,switch,2426,4,4,2411,S_c,0,0
SportsMOT,V052,19,switch,2423,5,5,2412,S_r,1,0
SportsMOT,V052,20,switch,2428,4,4,2411,S_c,0,0
SportsMOT,V052,20,switch,2426,5,5,2412,S_r,1,0
SportsMOT,V052,20,switch,2417,9,9,2425,S_h,1,0
SportsMOT,V052,21,switch,2429,2,2,2409,S_c,0,0
SportsMOT,V052,21,switch,2428,5,5,2412,S_r,1,0
SportsMOT,V052,21,switch,2410,6,6,2420,S_h,1,0
SportsMOT,V052,22,switch,2437,1,1,2414,S_c,0,0
SportsMOT,V052,22,switch,2435,4,4,2411,S_c,0,0
SportsMOT,V052,22,switch,2433,9,9,2425,S_c,0,0
SportsMOT,V052,23,switch,2440,4,4,2411,S_c,0,0
SportsMOT,V052,23,switch,2435,5,5,2428,S_r,1,0
SportsMOT,V052,23,switch,2423,6,6,2410,S_h,1,0
SportsMOT,V052,24,switch,2443,4,4,2411,S_c,0,0
SportsMOT,V052,24,switch,2440,5,5,2428,S_r,1,0
SportsMOT,V052,24,switch,2426,6,6,2410,S_h,1,0
SportsMOT,V052,25,switch,2446,4,4,2411,S_c,0,0
SportsMOT,V052,25,switch,2443,5,5,2428,S_r,1,0
SportsMOT,V052,25,switch,2412,6,6,2410,S_h,1,0
SportsMOT,V052,26,switch,2449,4,4,2411,S_c,0,0
SportsMOT,V052,26,switch,2446,5,5,2428,S_r,1,0
SportsMOT,V052,26,switch,2411,6,6,2410,S_h,1,0
SportsMOT,V052,27,switch,2451,0,0,2409,S_c,0,0
SportsMOT,V052,27,switch,2450,2,2,2409,S_c,0,0
SportsMOT,V052,27,switch,2452,4,4,2411,S_c,0,0
SportsMOT,V052,27,switch,2449,5,5,2428,S_r,1,0
SportsMOT,V052,28,switch,2453,3,3,2411,S_c,0,0
SportsMOT,V052,28,switch,2452,5,5,2428,S_r,1,0
SportsMOT,V052,29,switch,2453,4,4,2411,S_r,1,0
SportsMOT,V052,30,switch,2455,3,3,2411,S_c,0,0
SportsMOT,V052,31,switch,2413,3,3,2411,S_h,1,0
SportsMOT,V052,31,switch,2455,5,5,2452,S_r,1,0
SportsMOT,V052,32,switch,2429,4,4,2453,S_h,1,0
SportsMOT,V052,44,switch,2428,3,3,2413,S_h,1,0
SportsMOT,V052,48,switch,2452,3,3,2428,S_h,1,0
SportsMOT,V052,92,switch,2457,1,1,2437,S_c,0,0
SportsMOT,V052,111,switch,2458,0,0,2451,S_c,0,0
SportsMOT,V052,120,switch,2459,5,5,2455,S_c,0,0
SportsMOT,V052,128,switch,2459,4,4,2429,S_r,1,0
SportsMOT,V052,128,switch,2429,5,5,2459,S_r,1,0
SportsMOT,V052,131,switch,2459,5,5,2429,S_r,1,0
SportsMOT,V052,137,switch,2461,5,5,2459,S_c,0,0
SportsMOT,V052,142,switch,2461,4,4,2459,S_r,1,0
SportsMOT,V052,142,switch,2429,5,5,2461,S_r,0,0
SportsMOT,V052,145,switch,2460,5,5,2429,S_h,0,0
SportsMOT,V052,236,switch,2411,7,7,2415,S_r,1,0
SportsMOT,V052,237,switch,2463,6,6,2411,S_c,0,0
SportsMOT,V052,241,switch,2415,5,5,2460,S_h,1,0
SportsMOT,V052,252,switch,2465,4,4,2461,S_c,0,0
SportsMOT,V052,252,switch,2461,7,7,2411,S_h,1,0
SportsMOT,V052,283,switch,2466,6,6,2463,S_c,0,0
SportsMOT,V052,286,switch,2418,6,6,2466,S_r,1,0
SportsMOT,V052,286,switch,2466,8,8,2418,S_r,1,0
SportsMOT,V052,376,switch,2465,5,5,2415,S_r,1,0
SportsMOT,V052,376,switch,2466,7,7,2461,S_r,1,0
SportsMOT,V052,377,switch,2468,4,4,2465,S_c,0,0
SportsMOT,V052,377,switch,2467,8,8,2466,S_c,0,0
SportsMOT,V052,387,switch,2461,7,7,2466,S_h,0,0
SportsMOT,V052,389,switch,2415,5,5,2465,S_h,0,0
SportsMOT,V052,391,switch,2465,4,4,2468,S_h,1,0
SportsMOT,V052,399,switch,2469,10,10,2417,S_c,0,0
SportsMOT,V052,436,switch,2470,5,5,2415,S_r,0,0
SportsMOT,V052,462,switch,2467,6,6,2418,S_r,1,0
SportsMOT,V052,462,switch,2418,8,8,2467,S_r,1,0
SportsMOT,V052,509,switch,2457,0,0,2458,S_r,1,0
SportsMOT,V052,513,switch,2458,0,0,2457,S_r,0,0
SportsMOT,V052,526,switch,2470,4,4,2465,S_r,1,0
SportsMOT,V052,531,switch,2452,5,5,2470,S_h,1,0
SportsMOT,V052,532,switch,2483,3,3,2452,S_c,0,0
SportsMOT,V052,532,switch,2482,4,4,2470,S_c,0,0
SportsMOT,V053,43,switch,2484,3,3,2489,S_r,1,0
SportsMOT,V053,43,switch,2490,6,6,2485,S_h,1,0
SportsMOT,V053,44,switch,2497,1,1,2486,S_c,0,0
SportsMOT,V053,46,switch,2489,6,6,2490,S_h,1,0
SportsMOT,V053,48,switch,2513,3,3,2484,S_c,0,0
SportsMOT,V053,49,switch,2520,4,4,2490,S_c,0,0
SportsMOT,V053,49,switch,2522,6,6,2489,S_c,0,0
SportsMOT,V053,49,switch,2518,8,8,2500,S_c,0,0
SportsMOT,V053,49,switch,2519,9,9,2512,S_c,0,0
SportsMOT,V053,50,switch,2520,3,3,2513,S_r,1,0
SportsMOT,V053,50,switch,2526,4,4,2490,S_c,0,0
SportsMOT,V053,50,switch,2486,5,5,2484,S_h,1,0
SportsMOT,V053,51,switch,2526,3,3,2513,S_r,1,0
SportsMOT,V053,53,switch,2486,4,4,2490,S_r,1,0
SportsMOT,V053,53,switch,2513,6,6,2522,S_h,1,0
SportsMOT,V053,54,switch,2539,2,2,2488,S_c,0,0
SportsMOT,V053,55,switch,2543,3,3,2526,S_c,0,0
SportsMOT,V053,56,switch,2545,5,5,2486,S_c,0,0
SportsMOT,V053,58,switch,2486,3,3,2543,S_r,1,0
SportsMOT,V053,58,switch,2545,4,4,2486,S_r,1,0
SportsMOT,V053,59,switch,2546,5,5,2545,S_c,0,0
SportsMOT,V053,61,switch,2522,6,6,2513,S_h,0,0
SportsMOT,V053,65,switch,2543,3,3,2486,S_h,0,0
SportsMOT,V053,66,switch,2529,9,9,2519,S_r,1,0
SportsMOT,V053,67,switch,2486,5,5,2546,S_h,1,0
SportsMOT,V053,67,switch,2547,10,10,2529,S_c,0,0
SportsMOT,V053,70,switch,2484,3,3,2543,S_h,0,0
SportsMOT,V053,72,switch,2486,4,4,2545,S_r,1,0
SportsMOT,V053,72,switch,2543,5,5,2486,S_h,1,0
SportsMOT,V053,89,switch,2548,2,2,2539,S_c,0,0
SportsMOT,V053,95,switch,2549,0,0,2487,S_c,0,0
SportsMOT,V053,97,switch,2550,1,1,2497,S_c,0,0
SportsMOT,V053,98,switch,2546,0,0,2487,S_h,1,0
SportsMOT,V053,101,switch,2545,0,0,2546,S_h,1,0
SportsMOT,V053,104,switch,2551,0,0,2545,S_c,0,0
SportsMOT,V053,113,switch,2543,3,3,2484,S_r,1,0
SportsMOT,V053,113,switch,2484,5,5,2543,S_r,1,0
SportsMOT,V053,130,switch,2553,3,3,2543,S_c,0,0
SportsMOT,V053,232,switch,2484,3,3,2553,S_r,1,0
SportsMOT,V053,232,switch,2553,5,5,2484,S_r,1,0
SportsMOT,V054,40,switch,2562,3,3,2560,S_r,1,0
SportsMOT,V054,40,switch,2559,4,4,2562,S_r,1,0
SportsMOT,V054,41,switch,2565,2,2,2559,S_c,0,0
SportsMOT,V054,43,switch,2559,3,3,2562,S_r,1,0
SportsMOT,V054,43,switch,2565,4,4,2559,S_h,1,0
SportsMOT,V054,44,switch,2565,3,3,2562,S_r,1,0
SportsMOT,V054,44,switch,2567,4,4,2559,S_c,0,0
SportsMOT,V054,45,switch,2569,3,3,2562,S_c,0,0
SportsMOT,V054,45,switch,2562,6,6,2557,S_h,1,0
SportsMOT,V054,46,switch,2571,0,0,2558,S_c,0,0
SportsMOT,V054,46,switch,2574,3,3,2562,S_c,0,0
SportsMOT,V054,46,switch,2575,4,4,2559,S_c,0,0
SportsMOT,V054,46,switch,2565,6,6,2557,S_h,1,0
SportsMOT,V054,47,switch,2575,3,3,2562,S_r,1,0
SportsMOT,V054,47,switch,2580,4,4,2559,S_c,0,0
SportsMOT,V054,47,switch,2567,6,6,2557,S_h,1,0
SportsMOT,V054,48,switch,2580,3,3,2562,S_r,1,0
SportsMOT,V054,48,switch,2586,4,4,2559,S_c,0,0
SportsMOT,V054,48,switch,2569,6,6,2557,S_h,1,0
SportsMOT,V054,49,switch,2587,1,1,2556,S_c,0,0
SportsMOT,V054,49,switch,2586,3,3,2562,S_r,1,0
SportsMOT,V054,49,switch,2591,4,4,2559,S_c,0,0
SportsMOT,V054,49,switch,2574,6,6,2557,S_h,1,0
SportsMOT,V054,50,switch,2595,3,3,2562,S_c,0,0
SportsMOT,V054,50,switch,2580,6,6,2557,S_h,1,0
SportsMOT,V054,50,switch,2560,7,7,2564,S_h,1,0
SportsMOT,V054,51,switch,2596,1,1,2556,S_c,0,0
SportsMOT,V054,51,switch,2602,4,4,2559,S_c,0,0
SportsMOT,V054,51,switch,2586,6,6,2557,S_h,1,0
SportsMOT,V054,51,switch,2597,8,8,2581,S_c,0,0
SportsMOT,V054,52,switch,2556,2,2,2559,S_h,1,0
SportsMOT,V054,52,switch,2564,7,7,2560,S_h,0,0
SportsMOT,V054,53,switch,2606,5,5,2561,S_c,0,0
SportsMOT,V054,53,switch,2591,6,6,2586,S_h,1,0
SportsMOT,V054,56,switch,2607,5,5,2606,S_c,0,0
SportsMOT,V054,56,switch,2608,6,6,2591,S_c,0,0
SportsMOT,V054,57,switch,2575,7,7,2564,S_h,1,0
SportsMOT,V054,59,switch,2587,2,2,2556,S_h,1,0
SportsMOT,V054,60,switch,2556,2,2,2556,S_h,0,0
SportsMOT,V054,62,switch,2558,1,1,2596,S_h,1,0
SportsMOT,V054,65,switch,2581,8,8,2597,S_h,0,0
SportsMOT,V054,67,switch,2606,5,5,2607,S_h,0,0
SportsMOT,V054,68,switch,2564,4,4,2602,S_h,1,0
SportsMOT,V054,69,switch,2587,4,4,2602,S_h,1,0
SportsMOT,V054,94,switch,2609,0,0,2571,S_c,0,0
SportsMOT,V054,135,switch,2608,9,9,2599,S_r,1,0
SportsMOT,V054,136,switch,2610,6,6,2608,S_c,0,0
SportsMOT,V054,139,switch,2614,5,5,2606,S_c,0,0
SportsMOT,V054,140,switch,2575,3,3,2595,S_r,1,0
SportsMOT,V054,140,switch,2605,7,7,2575,S_r,1,0
SportsMOT,V054,140,switch,2610,9,9,2608,S_r,1,0
SportsMOT,V054,140,switch,2599,10,10,2579,S_h,1,0
SportsMOT,V054,141,switch,2617,2,2,2556,S_c,0,0
SportsMOT,V054,141,switch,2615,5,5,2606,S_c,0,0
SportsMOT,V054,141,switch,2619,6,6,2610,S_c,0,0
SportsMOT,V054,141,switch,2608,8,8,2581,S_h,1,0
SportsMOT,V054,142,switch,2606,0,0,2609,S_h,1,0
SportsMOT,V054,142,switch,2581,11,11,2605,S_h,1,0
SportsMOT,V054,143,switch,2625,4,4,2587,S_c,0,0
SportsMOT,V054,149,switch,2625,3,3,2575,S_r,1,0
SportsMOT,V054,149,switch,2575,4,4,2625,S_r,1,0
SportsMOT,V054,155,switch,2609,0,0,2606,S_h,0,0
SportsMOT,V054,209,switch,2627,11,11,2581,S_c,0,0
SportsMOT,V054,214,switch,2628,8,8,2608,S_c,0,0
SportsMOT,V054,217,switch,2629,9,9,2610,S_c,0,0
SportsMOT,V054,227,switch,2630,6,6,2619,S_c,0,0
SportsMOT,V054,275,switch,2631,1,1,2558,S_c,0,0
SportsMOT,V055,40,switch,2633,1,1,2638,S_r,1,0
SportsMOT,V055,41,switch,2640,0,0,2637,S_c,0,0
SportsMOT,V055,42,switch,2642,2,2,2633,S_c,0,0
SportsMOT,V055,43,switch,2642,1,1,2633,S_r,1,0
SportsMOT,V055,44,switch,2644,1,1,2633,S_c,0,0
SportsMOT,V055,45,switch,2637,6,6,2636,S_h,1,0
SportsMOT,V055,46,switch,2653,1,1,2633,S_c,0,0
SportsMOT,V055,46,switch,2650,5,5,2635,S_c,0,0
SportsMOT,V055,47,switch,2660,1,1,2633,S_c,0,0
SportsMOT,V055,47,switch,2632,3,3,2634,S_h,1,0
SportsMOT,V055,47,switch,2633,6,6,2637,S_h,1,0
SportsMOT,V055,48,switch,2665,1,1,2633,S_c,0,0
SportsMOT,V055,48,switch,2668,8,8,2643,S_c,0,0
SportsMOT,V055,48,switch,2666,9,9,2643,S_c,0,0
SportsMOT,V055,49,switch,2670,1,1,2633,S_c,0,0
SportsMOT,V055,50,switch,2635,4,4,2632,S_h,1,0
SportsMOT,V055,50,switch,2640,6,6,2633,S_h,1,0
SportsMOT,V055,50,switch,2668,9,9,2666,S_r,1,0
SportsMOT,V055,51,switch,2678,1,1,2633,S_c,0,0
SportsMOT,V055,51,switch,2677,8,8,2643,S_c,0,0
SportsMOT,V055,52,switch,2683,0,0,2640,S_c,0,0
SportsMOT,V055,52,switch,2682,2,2,2633,S_c,0,0
SportsMOT,V055,52,switch,2681,3,3,2632,S_c,0,0
SportsMOT,V055,54,switch,2644,7,7,2639,S_h,1,0
SportsMOT,V055,93,switch,2684,5,5,2650,S_r,0,0
SportsMOT,V055,240,switch,2644,8,8,2677,S_r,1,0
SportsMOT,V055,241,switch,2686,7,7,2644,S_c,0,0
SportsMOT,V056,25,switch,2693,2,2,2691,S_r,1,0
SportsMOT,V056,25,switch,2692,4,4,2689,S_r,1,0
SportsMOT,V056,25,switch,2689,5,5,2687,S_r,1,0
SportsMOT,V056,26,switch,2696,3,3,2692,S_c,0,0
SportsMOT,V056,29,switch,2700,10,10,2701,S_r,1,0
SportsMOT,V056,30,switch,2696,4,4,2692,S_r,1,0
SportsMOT,V056,30,switch,2692,5,5,2689,S_r,1,0
SportsMOT,V056,31,switch,2706,1,1,2693,S_c,0,0
SportsMOT,V056,31,switch,2705,3,3,2696,S_c,0,0
SportsMOT,V056,31,switch,2708,9,9,2700,S_c,0,0
SportsMOT,V056,32,switch,2709,2,2,2693,S_c,0,0
SportsMOT,V056,36,switch,2711,11,11,2701,S_c,0,0
SportsMOT,V056,43,switch,2692,4,4,2696,S_r,1,0
SportsMOT,V056,43,switch,2689,5,5,2692,S_h,0,0
SportsMOT,V056,71,switch,2712,0,0,2690,S_c,0,0
SportsMOT,V056,76,switch,2713,1,1,2706,S_c,0,0
SportsMOT,V056,91,switch,2694,6,6,2688,S_r,1,0
SportsMOT,V056,91,switch,2688,7,7,2694,S_r,1,0
SportsMOT,V056,106,switch,2689,4,4,2692,S_r,1,0
SportsMOT,V056,106,switch,2714,5,5,2689,S_c,0,0
SportsMOT,V056,220,switch,2688,6,6,2694,S_r,1,0
SportsMOT,V056,221,switch,2715,5,5,2714,S_c,0,0
SportsMOT,V056,221,switch,2717,7,7,2688,S_c,0,0
SportsMOT,V056,221,switch,2711,9,9,2708,S_r,1,0
SportsMOT,V056,221,switch,2716,11,11,2711,S_c,0,0
SportsMOT,V056,226,switch,2720,2,2,2709,S_c,0,0
SportsMOT,V056,226,switch,2721,4,4,2689,S_c,0,0
SportsMOT,V056,226,switch,2718,5,5,2715,S_c,0,0
SportsMOT,V056,226,switch,2719,6,6,2688,S_c,0,0
SportsMOT,V056,230,switch,2715,5,5,2718,S_h,0,0
SportsMOT,V056,231,switch,2689,5,5,2718,S_h,1,0
SportsMOT,V056,231,switch,2688,6,6,2719,S_h,0,0
SportsMOT,V056,231,switch,2719,7,7,2717,S_r,1,0
SportsMOT,V056,232,switch,2709,2,2,2720,S_h,0,0
SportsMOT,V056,233,switch,2717,1,1,2713,S_h,1,0
SportsMOT,V056,233,switch,2714,6,6,2688,S_h,1,0
SportsMOT,V056,235,switch,2688,1,1,2717,S_h,1,0
SportsMOT,V056,235,switch,2708,9,9,2711,S_h,0,0
SportsMOT,V056,236,switch,2715,2,2,2709,S_h,1,0
SportsMOT,V056,236,switch,2723,5,5,2689,S_c,0,0
SportsMOT,V056,237,switch,2718,2,2,2709,S_h,1,0
SportsMOT,V057,12,switch,2725,5,5,2727,S_r,1,0
SportsMOT,V057,13,switch,2731,4,4,2725,S_c,0,0
SportsMOT,V057,17,switch,2726,4,4,2731,S_r,1,0
SportsMOT,V057,17,switch,2731,5,5,2725,S_r,1,0
SportsMOT,V057,18,switch,2735,3,3,2726,S_c,0,0
SportsMOT,V057,18,switch,2733,6,6,2730,S_c,0,0
SportsMOT,V057,18,switch,2734,7,7,2732,S_c,0,0
SportsMOT,V057,22,switch,2726,5,5,2731,S_r,1,0
SportsMOT,V057,22,switch,2730,7,7,2734,S_h,1,0
SportsMOT,V057,23,switch,2740,8,8,2736,S_c,0,0
SportsMOT,V057,23,switch,2739,9,9,2732,S_c,0,0
SportsMOT,V057,27,switch,2735,5,5,2726,S_r,1,0
SportsMOT,V057,27,switch,2734,9,9,2739,S_h,1,0
SportsMOT,V057,28,switch,2750,3,3,2735,S_c,0,0
SportsMOT,V057,28,switch,2748,7,7,2730,S_c,0,0
SportsMOT,V057,28,switch,2749,10,10,2732,S_c,0,0
SportsMOT,V057,28,switch,2732,11,11,2743,S_h,1,0
SportsMOT,V057,33,switch,2756,4,4,2726,S_c,0,0
SportsMOT,V057,34,switch,2735,4,4,2726,S_r,1,0
SportsMOT,V057,34,switch,2756,5,5,2735,S_r,1,0
SportsMOT,V057,41,switch,2739,9,9,2734,S_h,0,0
SportsMOT,V057,44,switch,2730,7,7,2748,S_h,0,0
SportsMOT,V057,46,switch,2756,4,4,2735,S_r,1,0
SportsMOT,V057,46,switch,2726,5,5,2756,S_h,0,0
SportsMOT,V057,46,switch,2725,6,6,2733,S_h,1,0
SportsMOT,V057,46,switch,2734,7,7,2730,S_h,1,0
SportsMOT,V057,48,switch,2726,4,4,2756,S_r,1,0
SportsMOT,V057,49,switch,2757,5,5,2726,S_c,0,0
SportsMOT,V057,51,switch,2731,4,4,2726,S_h,1,0
SportsMOT,V057,63,switch,2759,0,0,2728,S_c,0,0
SportsMOT,V057,63,switch,2758,2,2,2724,S_c,0,0
SportsMOT,V057,70,switch,2760,1,1,2729,S_c,0,0
SportsMOT,V057,214,switch,2732,6,6,2725,S_r,1,0
SportsMOT,V057,214,switch,2725,11,11,2732,S_r,1,0
SportsMOT,V058,156,switch,2781,2,2,2777,S_c,0,0
SportsMOT,V058,162,switch,2782,15,15,2764,S_c,0,0
SportsMOT,V058,192,switch,2783,1,1,2768,S_c,0,0
SportsMOT,V058,202,switch,2784,11,11,2769,S_c,0,0
SportsMOT,V058,329,switch,2786,11,11,2784,S_c,0,0
SportsMOT,V058,371,switch,2788,0,0,2767,S_c,0,0
SportsMOT,V058,372,switch,2789,4,4,2778,S_c,0,0
SportsMOT,V058,373,switch,2783,15,15,2782,S_r,1,0
SportsMOT,V058,375,switch,2799,15,15,2783,S_c,0,0
SportsMOT,V058,377,switch,2782,2,2,2781,S_h,1,0
SportsMOT,V058,377,switch,2771,3,3,2765,S_h,1,0
SportsMOT,V058,377,switch,2778,14,14,2771,S_h,1,0
SportsMOT,V058,377,switch,2813,15,15,2799,S_c,0,0
SportsMOT,V058,378,switch,2772,2,2,2781,S_h,1,0
SportsMOT,V058,378,switch,2818,15,15,2799,S_c,0,0
SportsMOT,V058,379,switch,2827,15,15,2799,S_c,0,0
SportsMOT,V058,380,switch,2837,15,15,2799,S_c,0,0
SportsMOT,V058,381,switch,2813,2,2,2781,S_h,1,0
SportsMOT,V058,381,switch,2778,3,3,2765,S_h,1,0
SportsMOT,V058,381,switch,2780,4,4,2778,S_h,1,0
SportsMOT,V058,381,switch,2847,15,15,2799,S_c,0,0
SportsMOT,V058,382,switch,2827,2,2,2781,S_h,1,0
SportsMOT,V058,382,switch,2857,15,15,2799,S_c,0,0
SportsMOT,V058,383,switch,2837,2,2,2781,S_h,1,0
SportsMOT,V058,383,switch,2773,5,5,2780,S_h,1,0
SportsMOT,V058,383,switch,2868,15,15,2799,S_c,0,0
SportsMOT,V058,384,switch,2847,2,2,2781,S_h,1,0
SportsMOT,V058,384,switch,2876,15,15,2799,S_c,0,0
SportsMOT,V058,385,switch,2857,2,2,2781,S_h,1,0
SportsMOT,V058,385,switch,2782,5,5,2773,S_h,1,0
SportsMOT,V058,385,switch,2813,7,7,2773,S_h,1,0
SportsMOT,V058,385,switch,2884,17,17,2772,S_c,0,0
SportsMOT,V058,386,switch,2868,2,2,2781,S_h,1,0
SportsMOT,V058,386,switch,2827,7,7,2773,S_h,1,0
SportsMOT,V058,386,switch,2780,14,14,2771,S_h,1,0
SportsMOT,V058,387,switch,2837,7,7,2773,S_h,1,0
SportsMOT,V058,387,switch,2895,10,10,2762,S_c,0,0
SportsMOT,V058,388,switch,2847,7,7,2773,S_h,1,0
SportsMOT,V058,389,switch,2910,4,4,2778,S_c,0,0
SportsMOT,V058,389,switch,2857,7,7,2773,S_h,1,0
SportsMOT,V058,389,switch,2914,18,18,2779,S_c,0,0
SportsMOT,V058,390,switch,2884,2,2,2781,S_h,1,0
SportsMOT,V058,390,switch,2780,3,3,2765,S_h,1,0
SportsMOT,V058,390,switch,2781,5,5,2773,S_h,1,0
SportsMOT,V058,390,switch,2868,7,7,2773,S_h,1,0
SportsMOT,V058,390,switch,2771,12,12,2774,S_h,1,0
SportsMOT,V058,392,switch,2928,14,14,2771,S_c,0,0
SportsMOT,V058,393,switch,2934,3,3,2780,S_c,0,0
SportsMOT,V058,393,switch,2932,7,7,2868,S_c,0,0
SportsMOT,V058,393,switch,2936,8,8,2766,S_c,0,0
SportsMOT,V058,394,switch,2778,6,6,2763,S_h,1,0
SportsMOT,V058,394,switch,2941,8,8,2766,S_c,0,0
SportsMOT,V058,395,switch,2945,18,18,2779,S_c,0,0
SportsMOT,V058,396,switch,2946,6,6,2763,S_c,0,0
SportsMOT,V058,396,switch,2948,12,12,2774,S_c,0,0
SportsMOT,V058,396,switch,2947,16,16,2776,S_c,0,0
SportsMOT,V058,400,switch,2818,10,10,2895,S_h,1,0
SportsMOT,V060,89,switch,2971,1,1,2963,S_c,0,0
SportsMOT,V060,148,switch,2972,7,7,2962,S_c,0,0
SportsMOT,V060,216,switch,2969,2,2,2965,S_r,1,0
SportsMOT,V060,216,switch,2965,9,9,2969,S_r,1,0
SportsMOT,V060,262,switch,2973,2,2,2969,S_c,0,0
SportsMOT,V060,426,switch,2967,3,3,2966,S_r,1,0
SportsMOT,V060,426,switch,2966,8,8,2967,S_r,1,0
SportsMOT,V060,428,switch,2974,2,2,2973,S_c,0,0
SportsMOT,V060,442,switch,2967,1,1,2971,S_r,1,0
SportsMOT,V060,442,switch,2971,3,3,2967,S_r,1,0
SportsMOT,V060,506,switch,2976,4,4,2968,S_c,0,0
SportsMOT,V060,562,switch,2977,2,2,2974,S_c,0,0
SportsMOT,V060,566,switch,2978,9,9,2965,S_c,0,0
SportsMOT,V060,769,switch,2976,0,0,2961,S_r,1,0
SportsMOT,V060,771,switch,2961,4,4,2976,S_h,1,0
SportsMOT,V061,28,switch,2989,9,9,2981,S_c,0,0
SportsMOT,V061,112,switch,2990,2,2,2988,S_c,0,0
SportsMOT,V061,120,switch,2991,3,3,2986,S_c,0,0
SportsMOT,V061,138,switch,2992,0,0,2987,S_c,0,0
SportsMOT,V061,140,switch,2993,1,1,2985,S_c,0,0
SportsMOT,V061,196,switch,2993,0,0,2992,S_r,1,0
SportsMOT,V061,196,switch,2992,1,1,2993,S_r,1,0
SportsMOT,V061,250,switch,2984,0,0,2993,S_r,1,0
SportsMOT,V061,250,switch,2993,8,8,2984,S_r,1,0
SportsMOT,V061,256,switch,2980,6,6,2979,S_r,1,0
SportsMOT,V061,256,switch,2979,7,7,2980,S_r,1,0
SportsMOT,V062,303,switch,3000,0,0,2999,S_r,1,0
SportsMOT,V062,303,switch,2999,7,7,3000,S_r,1,0
SportsMOT,V062,387,switch,3009,1,1,3007,S_c,0,0
SportsMOT,V062,398,switch,3010,3,3,3003,S_c,0,0
SportsMOT,V062,411,switch,3011,4,4,3008,S_c,0,0
SportsMOT,V062,414,switch,3012,6,6,3001,S_c,0,0
SportsMOT,V062,505,switch,3013,0,0,3000,S_c,0,0
SportsMOT,V063,28,switch,3024,2,2,3015,S_r,1,0
SportsMOT,V063,28,switch,3015,9,9,3024,S_r,1,0
SportsMOT,V063,257,switch,3019,2,2,3024,S_r,1,0
SportsMOT,V063,257,switch,3024,7,7,3019,S_r,1,0
SportsMOT,V063,342,switch,3025,0,0,3017,S_c,0,0
SportsMOT,V063,347,switch,3026,4,4,3022,S_c,0,0
SportsMOT,V063,351,switch,3027,3,3,3023,S_c,0,0
SportsMOT,V063,710,switch,3026,3,3,3027,S_r,1,0
SportsMOT,V063,710,switch,3027,4,4,3026,S_r,1,0
SportsMOT,V063,796,switch,3021,2,2,3019,S_r,1,0
SportsMOT,V063,799,switch,3028,5,5,3021,S_c,0,0
SportsMOT,V063,808,switch,3028,1,1,3018,S_r,1,0
SportsMOT,V063,808,switch,3018,5,5,3028,S_r,1,0
SportsMOT,V063,829,switch,3029,8,8,3020,S_c,0,0
SportsMOT,V063,832,switch,3030,9,9,3015,S_c,0,0
SportsMOT,V064,486,switch,3041,7,7,3033,S_c,0,0
SportsMOT,V064,501,switch,3042,6,6,3034,S_c,0,0
SportsMOT,V064,567,switch,3044,9,9,3038,S_c,0,0
SportsMOT,V064,610,switch,3045,8,8,3037,S_c,0,0
SportsMOT,V064,746,switch,3046,9,9,3044,S_c,0,0
SportsMOT,V064,759,switch,3047,4,4,3040,S_c,0,0
SportsMOT,V065,17,switch,3057,4,4,3054,S_r,1,0
SportsMOT,V065,17,switch,3054,9,9,3057,S_r,1,0
SportsMOT,V065,235,switch,3051,5,5,3053,S_r,1,0
SportsMOT,V065,235,switch,3053,6,6,3051,S_r,1,0
SportsMOT,V065,285,switch,3053,4,4,3057,S_r,1,0
SportsMOT,V065,285,switch,3057,6,6,3053,S_r,1,0
SportsMOT,V065,340,switch,3059,1,1,3048,S_c,0,0
SportsMOT,V065,351,switch,3060,9,9,3054,S_c,0,0
SportsMOT,V065,376,switch,3061,7,7,3055,S_c,0,0
SportsMOT,V065,390,switch,3062,8,8,3056,S_c,0,0
SportsMOT,V065,491,switch,3063,4,4,3053,S_c,0,0
SportsMOT,V065,556,switch,3057,5,5,3051,S_r,1,0
SportsMOT,V065,556,switch,3051,6,6,3057,S_r,1,0
SportsMOT,V065,589,switch,3064,0,0,3052,S_c,0,0
SportsMOT,V065,596,switch,3065,4,4,3063,S_c,0,0
SportsMOT,V065,654,switch,3066,5,5,3057,S_c,0,0
SportsMOT,V065,942,switch,3067,5,5,3066,S_h,0,0
SportsMOT,V065,946,switch,3067,2,2,3050,S_r,1,0
SportsMOT,V065,946,switch,3050,5,5,3067,S_r,1,0
SportsMOT,V066,28,switch,3089,10,10,3079,S_c,0,0
SportsMOT,V066,31,switch,3098,7,7,3075,S_c,0,0
SportsMOT,V066,35,switch,3105,9,9,3075,S_c,0,0
SportsMOT,V066,35,switch,3106,11,11,3075,S_c,0,0
SportsMOT,V066,39,switch,3072,3,3,3070,S_r,1,0
SportsMOT,V066,40,switch,3107,5,5,3072,S_c,0,0
SportsMOT,V066,44,switch,3109,3,3,3072,S_c,0,0
SportsMOT,V066,44,switch,3110,4,4,3073,S_c,0,0
SportsMOT,V066,48,switch,3070,2,2,3069,S_h,1,0
SportsMOT,V066,52,switch,3072,2,2,3070,S_h,1,0
SportsMOT,V066,81,switch,3111,1,1,3071,S_c,0,0
SportsMOT,V066,84,switch,3112,0,0,3068,S_c,0,0
SportsMOT,V067,32,switch,3120,6,6,3119,S_c,0,0
SportsMOT,V067,33,switch,3120,7,7,3119,S_r,1,0
SportsMOT,V067,34,switch,3121,6,6,3119,S_c,0,0
SportsMOT,V067,36,switch,3123,6,6,3121,S_c,0,0
SportsMOT,V067,36,switch,3121,7,7,3120,S_r,1,0
SportsMOT,V067,61,switch,3117,3,3,3116,S_r,1,0
SportsMOT,V067,62,switch,3134,4,4,3117,S_c,0,0
SportsMOT,V067,80,switch,3135,0,0,3113,S_c,0,0
SportsMOT,V067,113,switch,3136,3,3,3117,S_c,0,0
SportsMOT,V067,114,switch,3134,3,3,3117,S_r,1,0
SportsMOT,V067,114,switch,3136,4,4,3134,S_r,1,0
SportsMOT,V068,34,switch,3165,9,9,3145,S_c,0,0
SportsMOT,V068,36,switch,3170,8,8,3146,S_c,0,0
SportsMOT,V068,37,switch,3172,11,11,3145,S_c,0,0
SportsMOT,V068,97,switch,3174,0,0,3137,S_c,0,0
SportsMOT,V068,155,switch,3175,3,3,3139,S_c,0,0
SportsMOT,V068,210,switch,3143,7,7,3144,S_r,1,0
SportsMOT,V068,212,switch,3144,7,7,3144,S_r,0,0
SportsMOT,V068,253,switch,3144,6,6,3143,S_r,1,0
SportsMOT,V068,253,switch,3143,7,7,3144,S_r,1,0
SportsMOT,V068,295,switch,3174,1,1,3138,S_r,1,0
SportsMOT,V068,327,switch,3176,0,0,3174,S_c,0,0
SportsMOT,V068,334,switch,3181,4,4,3141,S_c,0,0
SportsMOT,V068,394,switch,3182,9,9,3165,S_c,0,0
SportsMOT,V069,54,switch,3226,9,9,3211,S_c,0,0
SportsMOT,V069,55,switch,3226,11,11,3211,S_r,1,0
SportsMOT,V069,56,switch,3231,9,9,3211,S_c,0,0
SportsMOT,V069,96,switch,3239,2,2,3185,S_c,0,0
SportsMOT,V069,115,switch,3240,1,1,3184,S_c,0,0
SportsMOT,V069,136,switch,3241,0,0,3183,S_c,0,0
SportsMOT,V069,164,switch,3187,5,5,3238,S_r,1,0
SportsMOT,V069,175,switch,3243,5,5,3187,S_c,0,0
SportsMOT,V069,180,switch,3243,4,4,3187,S_r,1,0
SportsMOT,V069,180,switch,3187,5,5,3243,S_r,1,0
SportsMOT,V069,190,switch,3244,10,10,3225,S_c,0,0
SportsMOT,V069,215,switch,3245,6,6,3199,S_c,0,0
SportsMOT,V069,219,switch,3246,11,11,3226,S_r,0,0
SportsMOT,V069,240,switch,3231,8,8,3208,S_r,1,0
SportsMOT,V069,242,switch,3243,1,1,3240,S_r,1,0
SportsMOT,V069,242,switch,3240,4,4,3243,S_r,1,0
SportsMOT,V069,244,switch,3208,7,7,3201,S_h,1,0
SportsMOT,V070,13,switch,3257,8,8,3256,S_c,0,0
SportsMOT,V070,26,switch,3260,7,7,3253,S_c,0,0
SportsMOT,V070,32,switch,3260,6,6,3251,S_r,1,0
SportsMOT,V070,32,switch,3251,7,7,3260,S_r,1,0
SportsMOT,V070,35,switch,3256,9,9,3250,S_h,1,0
SportsMOT,V070,67,switch,3257,7,7,3251,S_r,1,0
SportsMOT,V070,67,switch,3251,8,8,3257,S_r,1,0
SportsMOT,V070,105,switch,3261,1,1,3254,S_c,0,0
SportsMOT,V070,109,switch,3262,0,0,3247,S_c,0,0
SportsMOT,V070,111,switch,3263,2,2,3255,S_c,0,0
SportsMOT,V070,118,switch,3264,3,3,3252,S_c,0,0
SportsMOT,V070,122,switch,3251,7,7,3257,S_r,1,0
SportsMOT,V070,125,switch,3257,8,8,3251,S_h,1,0
SportsMOT,V070,134,switch,3264,4,4,3248,S_r,1,0
SportsMOT,V070,135,switch,3265,3,3,3264,S_c,0,0
SportsMOT,V070,136,switch,3248,8,8,3257,S_h,1,0
SportsMOT,V070,139,switch,3267,7,7,3251,S_c,0,0
SportsMOT,V070,142,switch,3268,0,0,3262,S_r,0,0
SportsMOT,V070,143,switch,3262,0,0,3262,S_h,0,0
SportsMOT,V070,144,switch,3268,0,0,3262,S_h,0,0
SportsMOT,V070,251,switch,3267,6,6,3260,S_r,1,0
SportsMOT,V070,251,switch,3260,7,7,3267,S_r,1,0
SportsMOT,V070,280,switch,3269,0,0,3268,S_c,0,0
SportsMOT,V070,296,switch,3270,1,1,3261,S_c,0,0
SportsMOT,V070,303,switch,3272,2,2,3263,S_c,0,0
SportsMOT,V070,355,switch,3273,11,11,3259,S_c,0,0
SportsMOT,V070,378,switch,3277,6,6,3267,S_r,0,0
SportsMOT,V070,378,switch,3267,7,7,3260,S_r,1,0
SportsMOT,V070,433,switch,3279,1,1,3270,S_c,0,0
SportsMOT,V070,444,switch,3280,0,0,3269,S_c,0,0
SportsMOT,V070,448,switch,3281,2,2,3272,S_c,0,0
SportsMOT,V070,453,switch,3265,4,4,3264,S_r,1,0
SportsMOT,V070,489,switch,3284,4,4,3265,S_c,0,0
SportsMOT,V070,495,switch,3284,3,3,3265,S_r,1,0
SportsMOT,V070,495,switch,3265,4,4,3284,S_r,1,0
SportsMOT,V071,165,switch,3295,8,8,3288,S_c,0,0
SportsMOT,V071,189,switch,3296,4,4,3289,S_c,0,0
SportsMOT,V071,192,switch,3297,9,9,3286,S_c,0,0
SportsMOT,V071,344,switch,3298,1,1,3290,S_c,0,0
SportsMOT,V071,345,switch,3299,3,3,3294,S_c,0,0
SportsMOT,V071,348,switch,3300,2,2,3292,S_c,0,0
SportsMOT,V071,349,switch,3285,5,5,3293,S_r,1,0
SportsMOT,V071,349,switch,3293,7,7,3285,S_r,1,0
SportsMOT,V072,30,switch,3306,0,0,3303,S_r,1,0
SportsMOT,V072,32,switch,3303,1,1,3306,S_r,1,0
SportsMOT,V072,83,switch,3303,2,2,3305,S_h,1,0
SportsMOT,V072,87,switch,3311,1,1,3303,S_c,0,0
SportsMOT,V072,130,switch,3312,6,6,3301,S_c,0,0
SportsMOT,V072,135,switch,3313,8,8,3310,S_c,0,0
SportsMOT,V072,141,switch,3314,9,9,3308,S_c,0,0
SportsMOT,V072,435,switch,3314,2,2,3303,S_r,1,0
SportsMOT,V072,435,switch,3303,9,9,3314,S_r,1,0
SportsMOT,V072,571,switch,3315,3,3,3307,S_r,0,0
SportsMOT,V072,583,switch,3304,3,3,3307,S_r,1,0
SportsMOT,V072,583,switch,3315,4,4,3304,S_r,1,0
SportsMOT,V073,37,switch,3323,3,3,3324,S_r,1,0
SportsMOT,V073,38,switch,3327,4,4,3323,S_c,0,0
SportsMOT,V073,198,switch,3321,1,1,3319,S_r,1,0
SportsMOT,V073,198,switch,3319,5,5,3321,S_r,1,0
SportsMOT,V073,231,switch,3318,5,5,3319,S_r,1,0
SportsMOT,V073,232,switch,3319,5,5,3319,S_h,0,0
SportsMOT,V073,425,switch,3323,0,0,3318,S_r,1,0
SportsMOT,V073,430,switch,3318,3,3,3323,S_h,1,0
SportsMOT,V073,448,switch,3322,3,3,3318,S_r,1,0
SportsMOT,V073,448,switch,3318,8,8,3322,S_r,1,0
SportsMOT,V073,500,switch,3328,7,7,3317,S_c,0,0
SportsMOT,V073,559,switch,3329,5,5,3319,S_c,0,0
SportsMOT,V073,767,switch,3331,2,2,3326,S_c,0,0
SportsMOT,V074,53,switch,3344,10,10,3335,S_c,0,0
SportsMOT,V074,186,switch,3345,9,9,3343,S_c,0,0
SportsMOT,V074,188,switch,3345,6,6,3340,S_r,1,0
SportsMOT,V074,188,switch,3340,9,9,3345,S_r,1,0
SportsMOT,V074,283,switch,3336,1,1,3338,S_r,1,0
SportsMOT,V074,283,switch,3338,2,2,3336,S_r,1,0
SportsMOT,V074,300,switch,3338,1,1,3336,S_r,1,0
SportsMOT,V074,300,switch,3336,2,2,3338,S_r,1,0
SportsMOT,V074,359,switch,3346,5,5,3339,S_c,0,0
SportsMOT,V074,364,switch,3347,7,7,3341,S_c,0,0
SportsMOT,V074,394,switch,3348,8,8,3342,S_c,0,0
SportsMOT,V074,487,switch,3345,5,5,3346,S_r,1,0
SportsMOT,V074,487,switch,3346,6,6,3345,S_r,1,0
SportsMOT,V074,570,switch,3349,8,8,3348,S_c,0,0
SportsMOT,V074,594,switch,3350,7,7,3347,S_c,0,0
SportsMOT,V074,598,switch,3351,10,10,3344,S_c,0,0
SportsMOT,V075,71,switch,3364,0,0,3353,S_c,0,0
SportsMOT,V075,82,switch,3359,6,6,3358,S_r,1,0
SportsMOT,V075,84,switch,3361,7,7,3359,S_r,1,0
SportsMOT,V075,85,switch,3358,11,11,3361,S_h,1,0
SportsMOT,V075,151,switch,3365,10,10,3362,S_r,0,0
SportsMOT,V075,158,switch,3366,6,6,3359,S_r,0,0
SportsMOT,V075,190,switch,3352,0,0,3364,S_r,1,0
SportsMOT,V075,190,switch,3364,2,2,3352,S_r,1,0
SportsMOT,V075,201,switch,3367,10,10,3365,S_c,0,0
SportsMOT,V075,217,switch,3360,7,7,3361,S_r,1,0
SportsMOT,V075,220,switch,3361,8,8,3360,S_r,1,0
SportsMOT,V075,221,switch,3360,6,6,3366,S_r,1,0
SportsMOT,V075,221,switch,3361,7,7,3360,S_r,1,0
SportsMOT,V075,227,switch,3366,7,7,3361,S_r,1,0
SportsMOT,V075,243,switch,3361,7,7,3366,S_r,1,0
SportsMOT,V075,243,switch,3366,8,8,3361,S_r,1,0
SportsMOT,V075,258,switch,3368,2,2,3364,S_c,0,0
SportsMOT,V076,23,switch,3378,8,8,3377,S_c,0,0
SportsMOT,V076,31,switch,3382,11,11,3377,S_c,0,0
SportsMOT,V076,39,switch,3392,10,10,3377,S_c,0,0
SportsMOT,V076,46,switch,3374,3,3,3372,S_r,1,0
SportsMOT,V076,47,switch,3393,5,5,3374,S_c,0,0
SportsMOT,V076,48,switch,3373,3,3,3374,S_r,1,0
SportsMOT,V076,49,switch,3394,4,4,3373,S_c,0,0
SportsMOT,V076,74,switch,3395,0,0,3370,S_c,0,0
SportsMOT,V076,88,switch,3396,1,1,3371,S_c,0,0
SportsMOT,V076,174,switch,3394,0,0,3395,S_r,1,0
SportsMOT,V076,174,switch,3395,4,4,3394,S_r,1,0
SportsMOT,V076,337,switch,3393,4,4,3395,S_r,1,0
SportsMOT,V076,337,switch,3395,5,5,3393,S_r,1,0
SportsMOT,V077,3,switch,3415,18,18,3405,S_r,1,0
SportsMOT,V077,4,switch,3417,19,19,3415,S_c,0,0
SportsMOT,V077,5,switch,3417,18,18,3415,S_r,1,0
SportsMOT,V077,6,switch,3418,19,19,3415,S_c,0,0
SportsMOT,V077,7,switch,3418,18,18,3417,S_r,1,0
SportsMOT,V077,8,switch,3419,19,19,3415,S_c,0,0
SportsMOT,V077,9,switch,3419,18,18,3418,S_r,1,0
SportsMOT,V077,10,switch,3420,19,19,3415,S_c,0,0
SportsMOT,V077,11,switch,3420,18,18,3419,S_r,1,0
SportsMOT,V077,12,switch,3421,19,19,3415,S_c,0,0
SportsMOT,V077,13,switch,3421,18,18,3420,S_r,1,0
SportsMOT,V077,14,switch,3422,19,19,3415,S_c,0,0
SportsMOT,V077,15,switch,3422,18,18,3421,S_r,1,0
SportsMOT,V077,16,switch,3423,19,19,3415,S_c,0,0
SportsMOT,V077,17,switch,3423,18,18,3422,S_r,1,0
SportsMOT,V077,18,switch,3424,19,19,3415,S_c,0,0
SportsMOT,V077,19,switch,3424,18,18,3423,S_r,1,0
SportsMOT,V077,20,switch,3425,19,19,3415,S_c,0,0
SportsMOT,V077,39,switch,3425,18,18,3424,S_r,1,0
SportsMOT,V077,39,switch,3424,19,19,3425,S_r,1,0
SportsMOT,V077,134,switch,3426,12,12,3412,S_c,0,0
SportsMOT,V077,159,switch,3427,13,13,3401,S_c,0,0
SportsMOT,V077,162,switch,3428,16,16,3409,S_c,0,0
SportsMOT,V077,163,switch,3429,19,19,3424,S_c,0,0
SportsMOT,V077,170,switch,3430,18,18,3425,S_c,0,0
SportsMOT,V077,171,switch,3431,17,17,3403,S_c,0,0
SportsMOT,V077,182,switch,3432,15,15,3404,S_c,0,0
SportsMOT,V077,246,switch,3432,17,17,3431,S_r,1,0
SportsMOT,V077,247,switch,3431,15,15,3432,S_r,1,0
SportsMOT,V077,271,switch,3434,8,8,3416,S_c,0,0
SportsMOT,V077,291,switch,3435,4,4,3397,S_c,0,0
SportsMOT,V077,321,switch,3436,1,1,3398,S_r,0,0
SportsMOT,V077,332,switch,3437,2,2,3414,S_c,0,0
SportsMOT,V077,342,switch,3439,0,0,3400,S_c,0,0
SportsMOT,V077,342,switch,3438,3,3,3407,S_r,0,0
SportsMOT,V077,382,switch,3440,16,16,3428,S_c,0,0
SportsMOT,V077,395,switch,3441,17,17,3432,S_c,0,0
SportsMOT,V077,402,switch,3442,15,15,3431,S_c,0,0
SportsMOT,V077,403,switch,3443,18,18,3430,S_c,0,0
SportsMOT,V077,405,switch,3445,19,19,3429,S_c,0,0
SportsMOT,V077,512,switch,3452,20,20,3449,S_c,0,0
SportsMOT,V077,536,switch,3454,12,12,3426,S_r,0,0
SportsMOT,V078,138,switch,3477,6,6,3463,S_c,0,0
SportsMOT,V078,157,switch,3478,1,1,3462,S_c,0,0
SportsMOT,V078,193,switch,3479,17,17,3472,S_c,0,0
SportsMOT,V078,196,switch,3480,15,15,3459,S_c,0,0
SportsMOT,V078,205,switch,3481,20,20,3475,S_c,0,0
SportsMOT,V078,220,switch,3482,19,19,3474,S_c,0,0
SportsMOT,V078,298,switch,3483,18,18,3473,S_r,0,0
SportsMOT,V078,431,switch,3498,10,10,3458,S_c,0,0
SportsMOT,V079,158,switch,3506,5,5,3501,S_r,1,0
SportsMOT,V079,159,switch,3520,11,11,3506,S_c,0,0
SportsMOT,V079,172,switch,3521,3,3,3499,S_c,0,0
SportsMOT,V079,174,switch,3522,4,4,3502,S_c,0,0
SportsMOT,V079,186,switch,3523,1,1,3510,S_c,0,0
SportsMOT,V079,216,switch,3525,15,15,3518,S_c,0,0
SportsMOT,V079,236,switch,3526,14,14,3516,S_c,0,0
SportsMOT,V079,239,switch,3527,4,4,3522,S_c,0,0
SportsMOT,V079,244,switch,3506,11,11,3520,S_r,1,0
SportsMOT,V079,245,switch,3528,17,17,3519,S_c,0,0
SportsMOT,V079,248,switch,3538,16,16,3517,S_c,0,0
SportsMOT,V079,250,switch,3508,10,10,3511,S_h,1,0
SportsMOT,V079,252,switch,3503,9,9,3508,S_h,1,0
SportsMOT,V079,260,switch,3595,17,17,3519,S_c,0,0
SportsMOT,V079,263,switch,3604,18,18,3528,S_c,0,0
SportsMOT,V079,268,switch,3609,10,10,3511,S_c,0,0
SportsMOT,V079,269,switch,3610,13,13,3513,S_c,0,0
SportsMOT,V079,318,switch,3611,10,10,3609,S_c,0,0
SportsMOT,V079,332,switch,3612,8,8,3503,S_c,0,0
SportsMOT,V079,333,switch,3612,9,9,3503,S_r,1,0
SportsMOT,V079,334,switch,3613,8,8,3503,S_c,0,0
SportsMOT,V079,347,switch,3614,3,3,3521,S_c,0,0
SportsMOT,V079,356,switch,3615,11,11,3506,S_c,0,0
SportsMOT,V079,362,switch,3616,5,5,3506,S_c,0,0
SportsMOT,V079,423,switch,3617,12,12,3509,S_r,0,0
SportsMOT,V079,543,switch,3618,14,14,3526,S_c,0,0
SportsMOT,V079,586,switch,3619,3,3,3614,S_c,0,0
SportsMOT,V079,605,switch,3620,13,13,3610,S_c,0,0
SportsMOT,V079,627,switch,3621,9,9,3612,S_c,0,0
SportsMOT,V080,146,switch,3670,2,2,3622,S_c,0,0
SportsMOT,V080,148,switch,3634,9,9,3631,S_h,1,0
SportsMOT,V080,148,switch,3679,12,12,3635,S_c,0,0
SportsMOT,V080,150,switch,3685,13,13,3626,S_c,0,0
SportsMOT,V080,212,switch,3687,6,6,3630,S_c,0,0
SportsMOT,V080,282,switch,3689,1,1,3625,S_c,0,0
SportsMOT,V080,289,switch,3702,18,18,3638,S_c,0,0
SportsMOT,V080,291,switch,3705,16,16,3636,S_c,0,0
SportsMOT,V081,81,switch,3729,7,7,3713,S_c,0,0
SportsMOT,V081,166,switch,3742,10,10,3719,S_c,0,0
SportsMOT,V081,168,switch,3751,4,4,3714,S_c,0,0
SportsMOT,V081,168,switch,3748,5,5,3715,S_c,0,0
SportsMOT,V081,184,switch,3783,2,2,3718,S_c,0,0
SportsMOT,V081,185,switch,3788,1,1,3721,S_c,0,0
SportsMOT,V081,187,switch,3791,1,1,3721,S_c,0,0
SportsMOT,V081,190,switch,3788,3,3,3724,S_h,1,0
SportsMOT,V081,192,switch,3804,0,0,3712,S_c,0,0
SportsMOT,V081,195,switch,3810,6,6,3720,S_c,0,0
SportsMOT,V081,196,switch,3813,11,11,3722,S_c,0,0
SportsMOT,V081,198,switch,3817,3,3,3788,S_c,0,0
SportsMOT,V081,245,switch,3819,7,7,3729,S_r,0,0
SportsMOT,V081,314,switch,3821,11,11,3813,S_c,0,0
SportsMOT,V081,319,switch,3822,12,12,3717,S_c,0,0
SportsMOT,V081,334,switch,3823,8,8,3716,S_c,0,0
SportsMOT,V081,339,switch,3824,17,17,3728,S_c,0,0
SportsMOT,V081,340,switch,3825,16,16,3726,S_c,0,0
SportsMOT,V081,343,switch,3826,15,15,3725,S_c,0,0
SportsMOT,V081,348,switch,3827,18,18,3727,S_c,0,0
SportsMOT,V081,382,switch,3828,7,7,3819,S_c,0,0
SportsMOT,V081,399,switch,3829,9,9,3723,S_c,0,0
SportsMOT,V081,453,switch,3830,4,4,3751,S_c,0,0
SportsMOT,V081,456,switch,3831,5,5,3748,S_c,0,0
SportsMOT,V082,48,switch,3848,11,11,3846,S_c,0,0
SportsMOT,V082,90,switch,3849,11,11,3848,S_r,0,0
SportsMOT,V082,230,switch,3857,8,8,3841,S_c,0,0
SportsMOT,V082,257,switch,3858,7,7,3833,S_r,0,0
SportsMOT,V082,261,switch,3859,5,5,3834,S_c,0,0
SportsMOT,V082,377,switch,3861,16,16,3851,S_c,0,0
SportsMOT,V082,385,switch,3880,19,19,3860,S_c,0,0
SportsMOT,V082,398,switch,3853,15,15,3850,S_h,1,0
SportsMOT,V082,407,switch,4002,9,9,3843,S_c,0,0
SportsMOT,V082,409,switch,4016,3,3,3839,S_c,0,0
SportsMOT,V082,413,switch,4049,10,10,3844,S_c,0,0
SportsMOT,V082,414,switch,4056,10,10,3844,S_c,0,0
SportsMOT,V082,415,switch,4057,6,6,3838,S_c,0,0
SportsMOT,V082,416,switch,4065,11,11,3849,S_c,0,0
SportsMOT,V082,416,switch,4063,16,16,3851,S_c,0,0
SportsMOT,V082,417,switch,4068,4,4,3842,S_c,0,0
SportsMOT,V082,417,switch,4071,10,10,3844,S_c,0,0
SportsMOT,V082,417,switch,4069,13,13,3840,S_c,0,0
SportsMOT,V082,418,switch,4074,10,10,3844,S_c,0,0
SportsMOT,V082,418,switch,4073,12,12,3845,S_c,0,0
SportsMOT,V082,418,switch,4072,15,15,3850,S_c,0,0
SportsMOT,V082,419,switch,4075,10,10,3844,S_c,0,0
SportsMOT,V082,420,switch,4076,10,10,3844,S_c,0,0
SportsMOT,V082,423,switch,4079,8,8,3857,S_c,0,0
SportsMOT,V083,392,switch,4100,4,4,4083,S_c,0,0
SportsMOT,V083,421,switch,4101,2,2,4084,S_c,0,0
SportsMOT,V083,423,switch,4102,2,2,4084,S_c,0,0
SportsMOT,V083,444,switch,4103,12,12,4094,S_c,0,0
SportsMOT,V083,448,switch,4104,5,5,4087,S_c,0,0
SportsMOT,V083,448,switch,4105,13,13,4081,S_c,0,0
SportsMOT,V083,483,switch,4106,16,16,4098,S_c,0,0
SportsMOT,V083,501,switch,4107,10,10,4090,S_c,0,0
SportsMOT,V083,590,switch,4103,5,5,4104,S_r,1,0
SportsMOT,V083,590,switch,4104,12,12,4103,S_r,1,0
SportsMOT,V083,611,switch,4109,0,0,4080,S_c,0,0
SportsMOT,V083,674,switch,4110,4,4,4100,S_c,0,0
SportsMOT,V083,677,switch,4111,10,10,4107,S_c,0,0
SportsMOT,V083,699,switch,4112,15,15,4097,S_c,0,0
SportsMOT,V083,704,switch,4113,16,16,4106,S_r,0,0
SportsMOT,V083,718,switch,4114,6,6,4086,S_c,0,0
SportsMOT,V083,746,switch,4116,21,21,4108,S_c,0,0
SportsMOT,V083,750,switch,4117,10,10,4111,S_c,0,0
SportsMOT,V083,750,switch,4118,11,11,4092,S_c,0,0
SportsMOT,V083,750,switch,4121,12,12,4104,S_c,0,0
SportsMOT,V083,750,switch,4119,16,16,4113,S_c,0,0
SportsMOT,V083,750,switch,4124,21,21,4116,S_c,0,0
SportsMOT,V083,755,switch,4142,1,1,4088,S_c,0,0
SportsMOT,V083,758,switch,4149,5,5,4103,S_c,0,0
SportsMOT,V083,760,switch,4152,6,6,4114,S_c,0,0
SportsMOT,V083,761,switch,4154,5,5,4103,S_c,0,0
SportsMOT,V083,763,switch,4157,2,2,4102,S_c,0,0
SportsMOT,V083,767,switch,4160,2,2,4102,S_c,0,0
SportsMOT,V083,770,switch,4161,2,2,4160,S_c,0,0
SportsMOT,V083,841,switch,4164,4,4,4110,S_r,0,0
SportsMOT,V083,875,switch,4117,6,6,4152,S_r,1,0
SportsMOT,V083,875,switch,4152,10,10,4117,S_r,1,0
SportsMOT,V084,142,switch,4183,8,8,4171,S_c,0,0
SportsMOT,V084,142,switch,4182,11,11,4176,S_c,0,0
SportsMOT,V084,142,switch,4184,15,15,4179,S_c,0,0
SportsMOT,V084,146,switch,4179,16,16,4181,S_h,1,0
SportsMOT,V084,147,switch,4186,4,4,4167,S_c,0,0
SportsMOT,V084,147,switch,4189,9,9,4168,S_c,0,0
SportsMOT,V084,147,switch,4187,11,11,4182,S_c,0,0
SportsMOT,V084,147,switch,4188,15,15,4184,S_c,0,0
SportsMOT,V084,148,switch,4195,12,12,4177,S_c,0,0
SportsMOT,V084,149,switch,4199,14,14,4180,S_c,0,0
SportsMOT,V084,152,switch,4171,4,4,4186,S_h,1,0
SportsMOT,V084,152,switch,4204,12,12,4195,S_c,0,0
SportsMOT,V084,153,switch,4210,16,16,4179,S_c,0,0
SportsMOT,V084,154,switch,4215,11,11,4187,S_c,0,0
SportsMOT,V084,157,switch,4226,11,11,4215,S_c,0,0
SportsMOT,V084,157,switch,4228,14,14,4199,S_c,0,0
SportsMOT,V084,157,switch,4225,15,15,4188,S_c,0,0
SportsMOT,V084,162,switch,4233,10,10,4169,S_c,0,0
SportsMOT,V084,170,switch,4238,10,10,4233,S_c,0,0
SportsMOT,V084,172,switch,4239,10,10,4233,S_c,0,0
SportsMOT,V084,255,switch,4242,2,2,4165,S_r,0,0
SportsMOT,V084,426,switch,4244,11,11,4226,S_c,0,0
SportsMOT,V084,429,switch,4246,10,10,4239,S_c,0,0
SportsMOT,V084,446,switch,4247,3,3,4174,S_r,0,0
SportsMOT,V085,52,switch,4259,12,12,4264,S_r,1,0
SportsMOT,V085,52,switch,4264,14,14,4259,S_r,1,0
SportsMOT,V085,104,switch,4265,15,15,4252,S_c,0,0
SportsMOT,V085,113,switch,4267,16,16,4256,S_c,0,0
SportsMOT,V085,120,switch,4269,14,14,4264,S_c,0,0
SportsMOT,V085,134,switch,4271,13,13,4257,S_c,0,0
SportsMOT,V085,224,switch,4272,1,1,4251,S_c,0,0
SportsMOT,V085,279,switch,4273,4,4,4248,S_c,0,0
SportsMOT,V085,355,switch,4274,13,13,4271,S_c,0,0
SportsMOT,V085,386,switch,4275,12,12,4259,S_c,0,0
SportsMOT,V085,438,switch,4275,8,8,4258,S_h,1,0
SportsMOT,V085,438,switch,4258,12,12,4275,S_r,1,0
SportsMOT,V085,470,switch,4277,0,0,4263,S_c,0,0
SportsMOT,V085,470,switch,4262,17,17,4270,S_r,1,0
SportsMOT,V085,474,switch,4265,17,17,4262,S_r,1,0
SportsMOT,V085,475,switch,4283,10,10,4262,S_c,0,0
SportsMOT,V085,475,switch,4281,11,11,4254,S_c,0,0
SportsMOT,V085,476,switch,4286,18,18,4268,S_c,0,0
SportsMOT,V085,479,switch,4289,17,17,4265,S_c,0,0
SportsMOT,V085,480,switch,4291,18,18,4286,S_c,0,0
SportsMOT,V085,481,switch,4292,15,15,4265,S_c,0,0
SportsMOT,V086,62,switch,4301,5,5,4297,S_c,0,0
SportsMOT,V086,67,switch,4304,1,1,4296,S_c,0,0
SportsMOT,V086,67,switch,4306,3,3,4294,S_c,0,0
SportsMOT,V086,67,switch,4305,4,4,4295,S_c,0,0
SportsMOT,V086,67,switch,4308,7,7,4302,S_c,0,0
SportsMOT,V086,71,switch,4296,2,2,4293,S_h,1,0
SportsMOT,V086,72,switch,4326,7,7,4308,S_c,0,0
SportsMOT,V086,77,switch,4349,10,10,4339,S_c,0,0
SportsMOT,V086,82,switch,4402,13,13,4381,S_c,0,0
SportsMOT,V086,86,switch,4295,7,7,4326,S_h,1,0
SportsMOT,V086,87,switch,4446,10,10,4349,S_c,0,0
SportsMOT,V086,88,switch,4458,3,3,4306,S_c,0,0
SportsMOT,V086,89,switch,4472,2,2,4296,S_c,0,0
SportsMOT,V086,92,switch,4495,2,2,4472,S_c,0,0
SportsMOT,V086,92,switch,4493,3,3,4458,S_c,0,0
SportsMOT,V086,92,switch,4498,6,6,4299,S_c,0,0
SportsMOT,V086,92,switch,4494,7,7,4295,S_c,0,0
SportsMOT,V086,92,switch,4497,8,8,4309,S_c,0,0
SportsMOT,V086,97,switch,4538,5,5,4301,S_c,0,0
SportsMOT,V086,97,switch,4537,9,9,4309,S_c,0,0
SportsMOT,V086,97,switch,4535,15,15,4297,S_c,0,0
SportsMOT,V086,97,switch,4531,16,16,4509,S_c,0,0
SportsMOT,V086,97,switch,4534,18,18,4511,S_c,0,0
SportsMOT,V086,99,switch,4542,5,5,4301,S_c,0,0
SportsMOT,V086,99,switch,4540,9,9,4309,S_c,0,0
SportsMOT,V086,102,switch,4546,5,5,4542,S_c,0,0
SportsMOT,V086,102,switch,4545,9,9,4540,S_c,0,0
SportsMOT,V086,116,switch,4540,11,11,4297,S_h,1,0
SportsMOT,V086,303,switch,4566,19,19,4548,S_c,0,0
SportsMOT,V086,364,switch,4577,13,13,4402,S_c,0,0
SportsMOT,V086,364,switch,4578,17,17,4532,S_c,0,0
SportsMOT,V086,366,switch,4583,9,9,4545,S_c,0,0
SportsMOT,V086,369,switch,4595,16,16,4531,S_c,0,0
SportsMOT,V086,375,switch,4583,8,8,4497,S_h,1,0
SportsMOT,V086,379,switch,4647,8,8,4583,S_c,0,0
SportsMOT,V086,380,switch,4655,10,10,4446,S_c,0,0
SportsMOT,V086,383,switch,4534,13,13,4577,S_h,1,0
SportsMOT,V086,384,switch,4686,7,7,4494,S_c,0,0
SportsMOT,V086,384,switch,4679,10,10,4655,S_c,0,0
SportsMOT,V086,386,switch,4699,5,5,4546,S_c,0,0
SportsMOT,V086,386,switch,4693,8,8,4647,S_c,0,0
SportsMOT,V086,390,switch,4715,13,13,4534,S_c,0,0
SportsMOT,V086,391,switch,4724,6,6,4498,S_c,0,0
SportsMOT,V086,394,switch,4736,5,5,4546,S_c,0,0
SportsMOT,V086,394,switch,4733,6,6,4724,S_c,0,0
SportsMOT,V086,394,switch,4734,8,8,4693,S_c,0,0
SportsMOT,V086,395,switch,4743,1,1,4304,S_c,0,0
SportsMOT,V086,395,switch,4742,4,4,4305,S_c,0,0
SportsMOT,V086,395,switch,4595,11,11,4540,S_h,1,0
SportsMOT,V086,395,switch,4740,13,13,4715,S_c,0,0
SportsMOT,V086,398,switch,4577,9,9,4545,S_h,1,0
SportsMOT,V086,399,switch,4751,1,1,4304,S_c,0,0
SportsMOT,V086,399,switch,4752,2,2,4495,S_c,0,0
SportsMOT,V086,401,switch,4743,3,3,4493,S_h,1,0
SportsMOT,V086,402,switch,4757,11,11,4540,S_c,0,0
SportsMOT,V086,404,switch,4760,11,11,4540,S_c,0,0
SportsMOT,V086,422,switch,4740,9,9,4577,S_h,1,0
SportsMOT,V086,437,switch,4763,0,0,4298,S_c,0,0
SportsMOT,V086,439,switch,4764,12,12,4559,S_c,0,0
SportsMOT,V086,445,switch,4765,9,9,4740,S_c,0,0
SportsMOT,V086,464,switch,4766,14,14,4533,S_c,0,0
SportsMOT,V086,469,switch,4767,13,13,4715,S_c,0,0
SportsMOT,V086,481,switch,4768,19,19,4566,S_c,0,0
SportsMOT,V086,486,switch,4769,15,15,4535,S_c,0,0
SportsMOT,V086,515,switch,4785,15,15,4769,S_c,0,0
SportsMOT,V086,527,switch,4786,17,17,4578,S_c,0,0
SportsMOT,V086,530,switch,4788,16,16,4531,S_c,0,0
SportsMOT,V086,530,switch,4787,17,17,4786,S_c,0,0
SportsMOT,V086,535,switch,4790,5,5,4736,S_c,0,0
SportsMOT,V086,535,switch,4792,18,18,4534,S_c,0,0
SportsMOT,V086,540,switch,4798,7,7,4686,S_c,0,0
SportsMOT,V086,541,switch,4786,18,18,4792,S_r,1,0
SportsMOT,V086,547,switch,4812,15,15,4785,S_c,0,0
SportsMOT,V086,550,switch,4816,15,15,4812,S_c,0,0
SportsMOT,V086,553,switch,4820,11,11,4760,S_c,0,0
SportsMOT,V086,555,switch,4822,15,15,4816,S_c,0,0
SportsMOT,V086,557,switch,4824,11,11,4760,S_c,0,0
SportsMOT,V086,560,switch,4826,11,11,4760,S_c,0,0
SportsMOT,V086,582,switch,4824,15,15,4822,S_h,1,0
SportsMOT,V086,584,switch,4822,15,15,4824,S_h,0,0
SportsMOT,V086,590,switch,4827,20,20,4565,S_c,0,0
SportsMOT,V086,712,switch,4828,10,10,4679,S_c,0,0
SportsMOT,V086,714,switch,4829,15,15,4822,S_c,0,0
SportsMOT,V086,716,switch,4830,15,15,4822,S_c,0,0
SportsMOT,V086,745,switch,4831,9,9,4765,S_r,0,0
SportsMOT,V086,754,switch,4832,11,11,4826,S_c,0,0
SportsMOT,V086,756,switch,4833,11,11,4826,S_c,0,0
SportsMOT,V087,104,switch,4848,11,11,4838,S_r,0,0
SportsMOT,V087,104,switch,4850,14,14,4849,S_c,0,0
SportsMOT,V087,196,switch,4856,18,18,4854,S_r,0,0
SportsMOT,V087,197,switch,4854,19,19,4855,S_h,1,0
SportsMOT,V087,213,switch,4847,14,14,4850,S_r,1,0
SportsMOT,V087,214,switch,4857,13,13,4847,S_c,0,0
SportsMOT,V087,216,switch,4858,6,6,4843,S_c,0,0
SportsMOT,V087,222,switch,4859,7,7,4841,S_c,0,0
SportsMOT,V087,224,switch,4860,7,7,4841,S_c,0,0
SportsMOT,V087,229,switch,4859,3,3,4844,S_h,1,0
SportsMOT,V087,234,switch,4861,2,2,4834,S_c,0,0
SportsMOT,V087,239,switch,4862,4,4,4839,S_c,0,0
SportsMOT,V087,261,switch,4863,1,1,4837,S_c,0,0
SportsMOT,V087,283,switch,4865,10,10,4842,S_c,0,0
SportsMOT,V087,285,switch,4866,10,10,4842,S_c,0,0
SportsMOT,V087,286,switch,4867,6,6,4858,S_c,0,0
SportsMOT,V087,289,switch,4868,0,0,4836,S_c,0,0
SportsMOT,V087,315,switch,4870,6,6,4867,S_c,0,0
SportsMOT,V087,318,switch,4867,9,9,4845,S_h,1,0
SportsMOT,V087,319,switch,4840,3,3,4859,S_r,1,0
SportsMOT,V087,319,switch,4859,7,7,4860,S_r,1,0
SportsMOT,V087,319,switch,4862,8,8,4840,S_r,1,0
SportsMOT,V087,319,switch,4848,9,9,4845,S_r,1,0
SportsMOT,V087,319,switch,4835,11,11,4848,S_r,1,0
SportsMOT,V087,320,switch,4872,4,4,4862,S_c,0,0
SportsMOT,V087,320,switch,4874,5,5,4835,S_c,0,0
SportsMOT,V087,320,switch,4871,12,12,4846,S_c,0,0
SportsMOT,V087,320,switch,4873,15,15,4851,S_c,0,0
SportsMOT,V087,321,switch,4875,13,13,4857,S_c,0,0
SportsMOT,V087,324,switch,4862,3,3,4840,S_r,1,0
SportsMOT,V087,324,switch,4840,7,7,4859,S_r,1,0
SportsMOT,V087,324,switch,4872,8,8,4862,S_r,1,0
SportsMOT,V087,324,switch,4835,9,9,4848,S_r,1,0
SportsMOT,V087,324,switch,4874,11,11,4835,S_r,1,0
SportsMOT,V087,325,switch,4881,5,5,4874,S_c,0,0
SportsMOT,V087,325,switch,4878,13,13,4875,S_c,0,0
SportsMOT,V087,325,switch,4877,14,14,4847,S_c,0,0
SportsMOT,V087,325,switch,4876,17,17,4852,S_c,0,0
SportsMOT,V087,326,switch,4884,10,10,4866,S_c,0,0
SportsMOT,V087,329,switch,4872,3,3,4862,S_r,1,0
SportsMOT,V087,329,switch,4860,6,6,4870,S_h,1,0
SportsMOT,V087,329,switch,4889,8,8,4872,S_c,0,0
SportsMOT,V087,329,switch,4874,9,9,4835,S_r,1,0
SportsMOT,V087,329,switch,4881,11,11,4874,S_r,1,0
SportsMOT,V087,329,switch,4846,13,13,4878,S_h,1,0
SportsMOT,V087,329,switch,4875,14,14,4877,S_h,1,0
SportsMOT,V087,330,switch,4893,5,5,4881,S_c,0,0
SportsMOT,V087,330,switch,4862,7,7,4840,S_h,1,0
SportsMOT,V087,330,switch,4894,19,19,4854,S_c,0,0
SportsMOT,V087,331,switch,4870,10,10,4884,S_r,1,0
SportsMOT,V087,331,switch,4896,16,16,4853,S_c,0,0
SportsMOT,V087,334,switch,4878,14,14,4875,S_h,1,0
SportsMOT,V087,335,switch,4901,16,16,4896,S_c,0,0
SportsMOT,V087,336,switch,4905,18,18,4856,S_c,0,0
SportsMOT,V087,340,switch,4915,18,18,4905,S_c,0,0
SportsMOT,V087,341,switch,4918,6,6,4860,S_c,0,0
SportsMOT,V087,344,switch,4860,9,9,4874,S_h,1,0
SportsMOT,V087,346,switch,4874,9,9,4860,S_h,0,0
SportsMOT,V087,350,switch,4867,19,19,4894,S_h,1,0
SportsMOT,V087,355,switch,4875,14,14,4878,S_h,0,0
SportsMOT,V087,386,switch,4921,9,9,4874,S_c,0,0
SportsMOT,V087,399,switch,4901,19,19,4867,S_r,1,0
SportsMOT,V087,402,switch,4922,16,16,4901,S_c,0,0
SportsMOT,V087,405,switch,4924,10,10,4870,S_c,0,0
SportsMOT,V087,405,switch,4923,16,16,4922,S_c,0,0
SportsMOT,V087,406,switch,4925,8,8,4889,S_c,0,0
SportsMOT,V087,408,switch,4926,6,6,4918,S_c,0,0
SportsMOT,V087,409,switch,4924,8,8,4925,S_r,1,0
SportsMOT,V087,409,switch,4923,19,19,4901,S_r,1,0
SportsMOT,V087,410,switch,4926,7,7,4862,S_r,1,0
SportsMOT,V087,410,switch,4927,10,10,4924,S_c,0,0
SportsMOT,V087,410,switch,4928,16,16,4923,S_c,0,0
SportsMOT,V087,410,switch,4922,18,18,4915,S_h,1,0
SportsMOT,V087,411,switch,4929,3,3,4872,S_c,0,0
SportsMOT,V087,414,switch,4925,6,6,4918,S_r,1,0
SportsMOT,V087,414,switch,4915,18,18,4922,S_h,0,0
SportsMOT,V087,415,switch,4930,7,7,4926,S_c,0,0
SportsMOT,V087,416,switch,4931,2,2,4861,S_c,0,0
SportsMOT,V087,418,switch,4932,4,4,4872,S_c,0,0
SportsMOT,V087,419,switch,4930,6,6,4925,S_r,1,0
SportsMOT,V087,420,switch,4933,4,4,4872,S_c,0,0
SportsMOT,V087,420,switch,4934,7,7,4930,S_c,0,0
SportsMOT,V087,425,switch,4935,1,1,4863,S_c,0,0
SportsMOT,V087,434,switch,4937,0,0,4868,S_c,0,0
SportsMOT,V087,442,switch,4922,18,18,4915,S_h,0,0
SportsMOT,V087,458,switch,4924,4,4,4933,S_r,1,0
SportsMOT,V087,458,switch,4933,8,8,4924,S_r,1,0
SportsMOT,V087,459,switch,4924,3,3,4929,S_r,1,0
SportsMOT,V087,459,switch,4929,4,4,4933,S_r,1,0
SportsMOT,V087,474,switch,4933,3,3,4924,S_r,1,0
SportsMOT,V087,474,switch,4924,8,8,4933,S_r,1,0
SportsMOT,V087,484,switch,4939,18,18,4922,S_c,0,0
SportsMOT,V087,528,switch,4940,1,1,4935,S_c,0,0
SportsMOT,V087,536,switch,4941,0,0,4937,S_c,0,0
SportsMOT,V087,556,switch,4942,19,19,4923,S_c,0,0
SportsMOT,V087,583,switch,4943,16,16,4928,S_c,0,0
SportsMOT,V087,597,switch,4945,7,7,4934,S_c,0,0
SportsMOT,V087,597,switch,4944,9,9,4921,S_c,0,0
SportsMOT,V087,601,switch,4929,7,7,4945,S_r,1,0
SportsMOT,V087,601,switch,4921,11,11,4881,S_h,1,0
SportsMOT,V087,601,switch,4871,15,15,4873,S_r,1,0
SportsMOT,V087,602,switch,4946,12,12,4871,S_c,0,0
SportsMOT,V087,602,switch,4947,14,14,4875,S_c,0,0
SportsMOT,V087,603,switch,4954,13,13,4846,S_c,0,0
SportsMOT,V087,607,switch,4961,13,13,4954,S_c,0,0
SportsMOT,V087,608,switch,4966,9,9,4944,S_c,0,0
SportsMOT,V087,611,switch,4944,11,11,4921,S_h,1,0
SportsMOT,V087,625,switch,4934,13,13,4961,S_h,1,0
SportsMOT,V088,139,switch,4993,1,1,4985,S_c,0,0
SportsMOT,V088,151,switch,4994,4,4,4983,S_c,0,0
SportsMOT,V088,153,switch,4995,12,12,4987,S_c,0,0
SportsMOT,V088,154,switch,4996,4,4,4994,S_c,0,0
SportsMOT,V088,157,switch,4997,0,0,4977,S_c,0,0
SportsMOT,V088,171,switch,4981,7,7,4988,S_r,1,0
SportsMOT,V088,171,switch,4988,8,8,4981,S_r,1,0
SportsMOT,V088,255,switch,4998,9,9,4982,S_r,0,0
SportsMOT,V088,266,switch,5000,10,10,4984,S_c,0,0
SportsMOT,V088,325,switch,5003,17,17,5002,S_c,0,0
SportsMOT,V088,385,switch,5006,4,4,4996,S_c,0,0
SportsMOT,V088,412,switch,5008,5,5,4978,S_c,0,0
SportsMOT,V088,412,switch,5009,13,13,4991,S_c,0,0
SportsMOT,V088,533,switch,5010,16,16,5001,S_r,0,0
SportsMOT,V088,548,switch,5011,17,17,5003,S_c,0,0
SportsMOT,V089,28,switch,5019,6,6,5016,S_r,1,0
SportsMOT,V089,28,switch,5016,7,7,5019,S_r,1,0
SportsMOT,V089,57,switch,5021,0,0,5020,S_c,0,0
SportsMOT,V089,79,switch,5023,9,9,5022,S_c,0,0
SportsMOT,V089,104,switch,5026,11,11,5025,S_c,0,0
SportsMOT,V089,105,switch,5025,12,12,5022,S_h,1,0
SportsMOT,V089,109,switch,5027,12,12,5025,S_c,0,0
SportsMOT,V089,124,switch,5032,14,14,5030,S_c,0,0
SportsMOT,V089,129,switch,5035,15,15,5030,S_c,0,0
SportsMOT,V089,167,switch,5038,7,7,5016,S_c,0,0
SportsMOT,V089,251,switch,5040,8,8,5015,S_c,0,0
SportsMOT,V089,276,switch,5041,2,2,5012,S_c,0,0
SportsMOT,V089,361,switch,5042,11,11,5026,S_c,0,0
SportsMOT,V089,411,switch,5045,10,10,5024,S_c,0,0
SportsMOT,V089,513,switch,5046,14,14,5032,S_c,0,0
SportsMOT,V089,523,switch,5048,10,10,5045,S_c,0,0
SportsMOT,V089,572,switch,5049,0,0,5021,S_c,0,0
SportsMOT,V089,573,switch,5049,12,12,5027,S_r,1,0
SportsMOT,V089,574,switch,5050,0,0,5021,S_c,0,0
SportsMOT,V089,576,switch,5050,12,12,5049,S_r,1,0
SportsMOT,V089,577,switch,5051,0,0,5050,S_c,0,0
SportsMOT,V089,595,switch,5052,13,13,5029,S_c,0,0
SportsMOT,V089,598,switch,5053,17,17,5036,S_c,0,0
SportsMOT,V089,712,switch,5046,11,11,5042,S_r,1,0
SportsMOT,V089,713,switch,5055,14,14,5046,S_c,0,0
SportsMOT,V089,717,switch,5055,11,11,5046,S_r,1,0
SportsMOT,V089,717,switch,5019,14,14,5055,S_r,1,0
SportsMOT,V089,718,switch,5056,3,3,5013,S_c,0,0
SportsMOT,V089,718,switch,5057,6,6,5019,S_c,0,0
SportsMOT,V089,722,switch,5019,11,11,5055,S_r,1,0
SportsMOT,V089,722,switch,5057,14,14,5019,S_r,1,0
SportsMOT,V089,724,switch,5067,15,15,5035,S_c,0,0
SportsMOT,V089,724,switch,5066,17,17,5053,S_c,0,0
SportsMOT,V089,724,switch,5062,18,18,5037,S_r,0,0
SportsMOT,V089,726,switch,5073,6,6,5057,S_c,0,0
SportsMOT,V089,727,switch,5046,10,10,5048,S_h,1,0
SportsMOT,V089,727,switch,5042,13,13,5052,S_h,1,0
SportsMOT,V089,728,switch,5078,11,11,5019,S_c,0,0
SportsMOT,V089,729,switch,5080,11,11,5019,S_c,0,0
SportsMOT,V089,730,switch,5082,11,11,5019,S_c,0,0
SportsMOT,V089,731,switch,5085,11,11,5019,S_c,0,0
SportsMOT,V089,731,switch,5084,16,16,5033,S_c,0,0
SportsMOT,V089,733,switch,5088,6,6,5057,S_c,0,0
SportsMOT,V089,733,switch,5089,10,10,5046,S_c,0,0
SportsMOT,V089,733,switch,5090,13,13,5042,S_c,0,0
SportsMOT,V089,734,switch,5073,10,10,5046,S_h,1,0
SportsMOT,V089,737,switch,5080,10,10,5073,S_h,1,0
SportsMOT,V089,739,switch,5082,10,10,5080,S_h,1,0
SportsMOT,V089,740,switch,5085,10,10,5080,S_h,1,0
SportsMOT,V089,743,switch,5098,10,10,5085,S_c,0,0
SportsMOT,V089,773,switch,5106,21,21,5099,S_c,0,0
SportsMOT,V090,68,switch,5121,14,14,5118,S_c,0,0
SportsMOT,V090,71,switch,5122,15,15,5112,S_c,0,0
SportsMOT,V090,232,switch,5127,20,20,5125,S_c,0,0
SportsMOT,V090,233,switch,5130,4,4,5116,S_c,0,0
SportsMOT,V090,237,switch,5137,15,15,5122,S_c,0,0
SportsMOT,V090,237,switch,5136,16,16,5134,S_c,0,0
SportsMOT,V090,242,switch,5148,4,4,5130,S_c,0,0
SportsMOT,V090,264,switch,5122,8,8,5114,S_h,1,0
SportsMOT,V090,270,switch,5149,4,4,5148,S_c,0,0
SportsMOT,V090,271,switch,5114,14,14,5121,S_h,1,0
SportsMOT,V090,272,switch,5150,8,8,5122,S_c,0,0
SportsMOT,V090,275,switch,5122,14,14,5114,S_h,1,0
SportsMOT,V090,277,switch,5154,1,1,5109,S_c,0,0
SportsMOT,V090,277,switch,5151,3,3,5108,S_c,0,0
SportsMOT,V090,277,switch,5152,4,4,5149,S_c,0,0
SportsMOT,V090,277,switch,5153,14,14,5114,S_c,0,0
SportsMOT,V090,279,switch,5155,16,16,5136,S_c,0,0
SportsMOT,V090,282,switch,5157,14,14,5153,S_c,0,0
SportsMOT,V090,282,switch,5158,15,15,5137,S_c,0,0
SportsMOT,V090,283,switch,5161,9,9,5119,S_c,0,0
SportsMOT,V090,286,switch,5137,8,8,5150,S_h,1,0
SportsMOT,V090,287,switch,5170,0,0,5111,S_c,0,0
SportsMOT,V090,288,switch,5122,4,4,5152,S_h,1,0
SportsMOT,V090,289,switch,5121,4,4,5152,S_h,1,0
SportsMOT,V090,290,switch,5114,4,4,5152,S_h,1,0
SportsMOT,V090,290,switch,5176,5,5,5117,S_c,0,0
SportsMOT,V090,290,switch,5150,8,8,5137,S_h,0,0
SportsMOT,V090,292,switch,5177,4,4,5152,S_c,0,0
SportsMOT,V090,297,switch,5183,5,5,5117,S_c,0,0
SportsMOT,V090,352,switch,5150,14,14,5157,S_r,1,0
SportsMOT,V090,353,switch,5191,0,0,5170,S_c,0,0
SportsMOT,V090,353,switch,5186,15,15,5158,S_c,0,0
SportsMOT,V090,353,switch,5189,17,17,5120,S_c,0,0
SportsMOT,V090,355,switch,5120,15,15,5186,S_h,1,0
SportsMOT,V090,358,switch,5217,0,0,5191,S_c,0,0
SportsMOT,V090,358,switch,5222,13,13,5113,S_c,0,0
SportsMOT,V090,358,switch,5223,14,14,5150,S_c,0,0
SportsMOT,V090,358,switch,5214,15,15,5120,S_c,0,0
SportsMOT,V090,358,switch,5220,17,17,5189,S_c,0,0
SportsMOT,V090,358,switch,5215,18,18,5123,S_c,0,0
SportsMOT,V090,361,switch,5177,8,8,5150,S_h,1,0
SportsMOT,V090,362,switch,5189,15,15,5214,S_h,1,0
SportsMOT,V090,362,switch,5110,17,17,5220,S_h,1,0
SportsMOT,V090,363,switch,5151,6,6,5110,S_h,1,0
SportsMOT,V090,363,switch,5247,14,14,5223,S_c,0,0
SportsMOT,V090,363,switch,5250,19,19,5129,S_c,0,0
SportsMOT,V090,368,switch,5271,3,3,5151,S_c,0,0
SportsMOT,V090,368,switch,5272,6,6,5151,S_c,0,0
SportsMOT,V090,368,switch,5275,14,14,5247,S_c,0,0
SportsMOT,V090,368,switch,5274,16,16,5155,S_c,0,0
SportsMOT,V090,373,switch,5295,4,4,5177,S_c,0,0
SportsMOT,V090,373,switch,5296,14,14,5275,S_c,0,0
SportsMOT,V090,374,switch,5300,8,8,5150,S_c,0,0
SportsMOT,V090,377,switch,5300,14,14,5296,S_r,1,0
SportsMOT,V090,378,switch,5308,8,8,5300,S_c,0,0
SportsMOT,V090,378,switch,5307,20,20,5127,S_c,0,0
SportsMOT,V090,380,switch,5214,15,15,5189,S_h,0,0
SportsMOT,V090,381,switch,5220,17,17,5110,S_h,0,0
SportsMOT,V090,389,switch,5247,14,14,5300,S_h,0,0
SportsMOT,V090,391,switch,5275,14,14,5247,S_h,0,0
SportsMOT,V090,394,switch,5296,14,14,5275,S_h,0,0
SportsMOT,V090,405,switch,5250,16,16,5274,S_r,1,0
SportsMOT,V090,405,switch,5274,19,19,5250,S_r,1,0
SportsMOT,V090,428,switch,5309,6,6,5272,S_c,0,0
SportsMOT,V090,483,switch,5250,2,2,5107,S_r,1,0
SportsMOT,V090,483,switch,5310,9,9,5161,S_c,0,0
SportsMOT,V090,483,switch,5107,16,16,5250,S_r,1,0
SportsMOT,V090,516,switch,5311,1,1,5154,S_c,0,0
SportsMOT,V090,521,switch,5312,4,4,5295,S_c,0,0
SportsMOT,V090,522,switch,5313,0,0,5217,S_c,0,0
SportsMOT,V090,534,switch,5316,3,3,5271,S_c,0,0
SportsMOT,V090,534,switch,5317,8,8,5308,S_c,0,0
SportsMOT,V090,534,switch,5308,14,14,5296,S_h,1,0
SportsMOT,V090,534,switch,5319,17,17,5220,S_c,0,0
SportsMOT,V090,534,switch,5315,20,20,5307,S_c,0,0
SportsMOT,V090,538,switch,5317,14,14,5308,S_r,1,0
SportsMOT,V090,539,switch,5322,3,3,5316,S_c,0,0
SportsMOT,V090,539,switch,5321,15,15,5214,S_c,0,0
SportsMOT,V090,540,switch,5327,4,4,5312,S_c,0,0
SportsMOT,V090,543,switch,5214,2,2,5250,S_h,1,0
SportsMOT,V090,543,switch,5220,14,14,5317,S_h,1,0
SportsMOT,V090,544,switch,5343,0,0,5313,S_c,0,0
SportsMOT,V090,544,switch,5344,11,11,5184,S_c,0,0
SportsMOT,V090,545,switch,5350,4,4,5327,S_c,0,0
SportsMOT,V090,546,switch,5358,8,8,5317,S_c,0,0
SportsMOT,V090,549,switch,5319,14,14,5220,S_h,1,0
SportsMOT,V090,549,switch,5368,17,17,5319,S_c,0,0
SportsMOT,V090,551,switch,5375,4,4,5327,S_c,0,0
SportsMOT,V090,551,switch,5376,6,6,5309,S_c,0,0
SportsMOT,V090,552,switch,5319,8,8,5358,S_r,1,0
SportsMOT,V090,553,switch,5296,4,4,5375,S_h,1,0
SportsMOT,V090,554,switch,5385,5,5,5183,S_c,0,0
SportsMOT,V090,554,switch,5384,6,6,5376,S_c,0,0
SportsMOT,V090,554,switch,5383,12,12,5185,S_c,0,0
SportsMOT,V090,556,switch,5315,14,14,5319,S_h,1,0
SportsMOT,V090,558,switch,5315,8,8,5319,S_r,1,0
SportsMOT,V090,559,switch,5319,8,8,5319,S_h,0,0
SportsMOT,V090,561,switch,5389,10,10,5124,S_c,0,0
SportsMOT,V090,562,switch,5313,0,0,5343,S_h,0,0
SportsMOT,V090,563,switch,5343,0,0,5343,S_h,0,0
SportsMOT,V090,655,switch,5390,13,13,5222,S_c,0,0
SportsMOT,V090,660,switch,5391,4,4,5296,S_c,0,0
SportsMOT,V090,665,switch,5392,6,6,5384,S_c,0,0
SportsMOT,V090,669,switch,5393,6,6,5384,S_c,0,0
SportsMOT,V090,674,switch,5394,2,2,5214,S_c,0,0
SportsMOT,V090,675,switch,5395,8,8,5319,S_c,0,0
SportsMOT,V090,677,switch,5396,7,7,5115,S_c,0,0
SportsMOT,V090,680,switch,5397,7,7,5115,S_c,0,0
SportsMOT,V090,686,switch,5398,17,17,5368,S_c,0,0
SportsMOT,V090,692,switch,5399,14,14,5315,S_c,0,0
SportsMOT,V090,693,switch,5400,15,15,5321,S_c,0,0
SportsMOT,V090,693,switch,5401,18,18,5215,S_c,0,0
SportsMOT,V090,695,switch,5403,14,14,5315,S_c,0,0
SportsMOT,V090,696,switch,5404,16,16,5107,S_c,0,0
SportsMOT,V090,700,switch,5405,16,16,5404,S_c,0,0
SportsMOT,V090,715,switch,5408,9,9,5310,S_c,0,0
SportsMOT,V090,715,switch,5407,19,19,5274,S_c,0,0
SportsMOT,V090,736,switch,5409,20,20,5307,S_c,0,0
SportsMOT,V090,811,switch,5411,6,6,5393,S_c,0,0
