dataset,seq,frame,class,track_id,gt_id_new,no_box,f_weak,f_comp,f_swap,r_weak,r_comp,r_swap
MOT17,V001,317,S_r,25,17,0,0.128753,0.031835,-1.797965,0.935327,0.268506,0.260670
MOT17,V001,318,S_c,32,76,0,0.571035,0.029926,-1.359967,0.996455,0.266202,0.641238
MOT17,V001,348,S_c,38,38,0,0.777963,0.220038,-0.568718,0.997634,0.556153,0.989151
MOT17,V001,353,S_c,40,56,0,0.651326,0.097803,-1.220265,0.997096,0.357652,0.743968
MOT17,V001,358,S_r,23,28,0,0.137057,0.615875,-0.597638,0.942916,0.981698,0.986184
MOT17,V001,364,S_r,9,31,0,0.126815,0.213704,-1.299589,0.933398,0.545356,0.687904
MOT17,V001,366,S_c,43,29,0,0.527580,0.326971,-0.985100,0.996007,0.728263,0.879943
MOT17,V001,389,S_r,24,18,0,0.417444,0.037980,-1.495960,0.994065,0.276245,0.526967
MOT17,V001,391,S_r,26,42,0,0.128186,0.149539,-1.519532,0.934774,0.438465,0.506779
MOT17,V001,394,S_r,35,9,0,0.230388,0.178172,-1.369020,0.980620,0.485309,0.633875
MOT17,V001,395,S_r,40,48,0,0.172600,0.277823,-1.177270,0.964748,0.652324,0.772290
MOT17,V001,395,S_c,46,67,0,0.869289,0.035601,-1.038404,0.998003,0.273302,0.853661
MOT17,V001,400,S_h,33,17,0,0.319840,0.238529,-1.141637,0.990061,0.587085,0.794917
MOT17,V001,404,S_h,9,26,0,0.125250,0.290801,-1.065357,0.931708,0.673150,0.839423
MOT17,V001,405,S_h,25,10,0,0.374192,0.232893,-0.965453,0.992663,0.577729,0.889044
MOT17,V001,405,S_c,47,15,0,0.704734,0.091912,-1.144507,0.997356,0.348686,0.793114
MOT17,V001,408,S_h,22,41,0,0.168305,0.071887,-1.699889,0.962810,0.320545,0.351407
MOT17,V001,423,S_r,15,61,0,0.132584,0.026312,-1.780700,0.938956,0.261797,0.277971
MOT17,V001,427,S_h,23,31,0,0.494118,0.295719,-0.980101,0.995574,0.680906,0.882327
MOT17,V001,429,S_r,33,9,0,0.113844,0.629636,-0.445803,0.917265,0.985491,0.995413
MOT17,V001,442,S_r,43,31,0,0.174376,0.529469,-0.657075,0.965534,0.941179,0.978393
MOT17,V001,443,S_c,50,60,0,0.674180,0.016313,-1.252213,0.997214,0.249327,0.722340
MOT17,V001,448,S_c,52,17,0,0.953973,0.007434,-0.929983,0.998290,0.237837,0.904193
MOT17,V001,448,S_h,33,76,0,0.959120,0.009176,-0.707719,0.998306,0.240181,0.970017
MOT17,V001,451,S_r,12,48,0,0.126219,0.713869,-0.221929,0.932777,0.998513,0.998796
MOT17,V001,452,S_c,54,10,0,0.825749,0.159173,-0.978024,0.997830,0.454081,0.883260
MOT17,V001,452,S_r,30,33,0,0.369409,0.154444,-1.273231,0.992514,0.446347,0.707172
MOT17,V001,454,S_h,32,9,0,0.541616,0.093030,-1.095607,0.996170,0.350362,0.822916
MOT17,V001,455,S_h,37,33,0,0.684201,0.063733,-1.125297,0.997263,0.309409,0.805012
MOT17,V001,457,S_r,54,9,0,0.586231,0.278615,-0.716880,0.996597,0.653603,0.968384
MOT17,V001,457,S_c,55,40,0,0.962586,0.020605,-0.881222,0.998318,0.254789,0.922964
MOT17,V001,458,S_h,32,9,0,0.404754,0.343772,-0.361992,0.993703,0.751786,0.997227
MOT17,V001,458,S_r,46,41,0,0.051731,0.112351,-1.666081,0.681760,0.379787,0.380247
MOT17,V001,461,S_r,35,9,0,0.081744,0.569165,-0.743861,0.846374,0.963557,0.962833
MOT17,V001,461,S_h,40,48,0,0.826046,0.078896,-0.898164,0.997830,0.330317,0.916649
MOT17,V001,461,S_r,34,56,0,0.317383,0.270020,-0.980537,0.989907,0.639453,0.882122
MOT17,V001,462,S_h,22,42,0,0.542851,0.228382,-1.137498,0.996181,0.570211,0.797502
MOT17,V001,462,S_h,10,49,0,0.582746,0.034931,-0.872311,0.996566,0.272436,0.926058
MOT17,V001,473,S_r,46,42,0,0.162138,0.418438,-0.885543,0.959836,0.844418,0.921388
MOT17,V001,473,S_r,22,67,0,0.105460,0.428422,-0.885543,0.904008,0.855398,0.921388
MOT17,V001,475,S_r,37,32,0,0.013955,0.360599,-1.231774,0.104003,0.774158,0.736374
MOT17,V001,475,S_r,30,33,0,0.025137,0.368534,-1.231774,0.310900,0.784260,0.736374
MOT17,V001,479,S_r,52,41,0,0.032470,0.289827,-1.312755,0.442411,0.671616,0.678145
MOT17,V001,485,S_r,46,17,0,0.087848,0.120599,-1.567755,0.864822,0.392421,0.464941
MOT17,V001,486,S_h,12,56,0,0.464060,0.000000,-1.457639,0.995095,0.226412,0.559592
MOT17,V001,488,S_c,57,42,0,0.734637,0.254429,-0.988109,0.997470,0.613717,0.878556
MOT17,V001,496,S_c,58,31,0,0.362017,0.509971,-0.602358,0.992228,0.927835,0.985635
MOT17,V001,498,S_r,33,41,0,0.102939,0.464789,-0.863485,0.899441,0.891387,0.929080
MOT17,V001,498,S_r,52,78,0,0.087585,0.475392,-0.919691,0.864130,0.900640,0.908311
MOT17,V001,508,S_r,33,42,0,0.123700,0.620296,-0.333674,0.929977,0.983007,0.997635
MOT17,V001,508,S_r,57,78,0,0.040565,0.333949,-1.031518,0.561809,0.738146,0.857129
MOT17,V001,514,S_r,47,18,0,0.508620,0.282206,-0.403952,0.995775,0.659488,0.996444
MOT17,V001,514,S_h,52,42,0,0.565847,0.200843,-0.187595,0.996406,0.523576,0.999038
MOT17,V001,516,S_r,33,9,0,0.149450,0.677604,-0.417766,0.952293,0.995177,0.996137
MOT17,V001,516,S_r,35,41,0,0.140224,0.390769,-0.985436,0.945535,0.811839,0.879787
MOT17,V001,519,S_r,24,18,0,0.132404,0.100330,-1.653361,0.938798,0.361522,0.391147
MOT17,V001,523,S_r,52,10,0,0.107051,0.377914,-1.071099,0.906724,0.796090,0.836397
MOT17,V001,523,S_r,22,17,0,0.041756,0.314580,-1.140383,0.576815,0.709981,0.795703
MOT17,V001,524,S_r,54,42,0,0.551755,0.351661,-0.697235,0.996268,0.762507,0.971928
MOT17,V001,530,S_r,54,9,0,0.080969,0.496978,-0.765635,0.843798,0.918183,0.957781
MOT17,V001,530,S_r,33,42,0,0.130234,0.526183,-0.765635,0.936760,0.939055,0.957781
MOT17,V001,554,S_r,22,15,0,0.093985,0.125714,-1.615596,0.880660,0.400492,0.423464
MOT17,V001,570,S_c,67,18,0,1.000000,0.000000,-0.904359,1.000000,0.226412,0.914298
MOT17,V001,580,S_r,21,31,0,0.029549,0.687111,-0.521110,0.392416,0.996406,0.992431
MOT17,V001,596,S_h,57,15,0,0.735145,0.087280,-1.155104,0.997472,0.342145,0.786412
MOT17,V002,317,S_r,98,17,0,0.128753,0.031835,-1.797965,0.935327,0.268506,0.260670
MOT17,V002,318,S_c,105,76,0,0.571035,0.029926,-1.359967,0.996455,0.266202,0.641238
MOT17,V002,348,S_c,111,38,0,0.777963,0.220038,-0.568718,0.997634,0.556153,0.989151
MOT17,V002,353,S_c,113,56,0,0.651326,0.097803,-1.220265,0.997096,0.357652,0.743968
MOT17,V002,358,S_r,96,28,0,0.137057,0.615875,-0.597638,0.942916,0.981698,0.986184
MOT17,V002,364,S_r,82,31,0,0.126815,0.213704,-1.299589,0.933398,0.545356,0.687904
MOT17,V002,366,S_c,116,29,0,0.527580,0.326971,-0.985100,0.996007,0.728263,0.879943
MOT17,V002,389,S_r,97,18,0,0.417444,0.037980,-1.495960,0.994065,0.276245,0.526967
MOT17,V002,391,S_r,99,42,0,0.128186,0.149539,-1.519532,0.934774,0.438465,0.506779
MOT17,V002,394,S_r,108,9,0,0.230388,0.178172,-1.369020,0.980620,0.485309,0.633875
MOT17,V002,395,S_r,113,48,0,0.172600,0.277823,-1.177270,0.964748,0.652324,0.772290
MOT17,V002,395,S_c,119,67,0,0.869289,0.035601,-1.038404,0.998003,0.273302,0.853661
MOT17,V002,400,S_h,106,17,0,0.319840,0.238529,-1.141637,0.990061,0.587085,0.794917
MOT17,V002,404,S_h,82,26,0,0.125250,0.290801,-1.065357,0.931708,0.673150,0.839423
MOT17,V002,405,S_h,98,10,0,0.374192,0.232893,-0.965453,0.992663,0.577729,0.889044
MOT17,V002,405,S_c,120,15,0,0.704734,0.091912,-1.144507,0.997356,0.348686,0.793114
MOT17,V002,408,S_h,95,41,0,0.168305,0.071887,-1.699889,0.962810,0.320545,0.351407
MOT17,V002,423,S_r,88,61,0,0.132584,0.026312,-1.780700,0.938956,0.261797,0.277971
MOT17,V002,427,S_h,96,31,0,0.494118,0.295719,-0.980101,0.995574,0.680906,0.882327
MOT17,V002,429,S_r,106,9,0,0.113844,0.629636,-0.445803,0.917265,0.985491,0.995413
MOT17,V002,442,S_r,116,31,0,0.174376,0.529469,-0.657075,0.965534,0.941179,0.978393
MOT17,V002,443,S_c,123,60,0,0.674180,0.016313,-1.252213,0.997214,0.249327,0.722340
MOT17,V002,448,S_c,125,17,0,0.953973,0.007434,-0.929983,0.998290,0.237837,0.904193
MOT17,V002,448,S_h,106,76,0,0.959120,0.009176,-0.707719,0.998306,0.240181,0.970017
MOT17,V002,451,S_r,85,48,0,0.126219,0.713869,-0.221929,0.932777,0.998513,0.998796
MOT17,V002,452,S_c,127,10,0,0.825749,0.159173,-0.978024,0.997830,0.454081,0.883260
MOT17,V002,452,S_r,103,33,0,0.369409,0.154444,-1.273231,0.992514,0.446347,0.707172
MOT17,V002,454,S_h,105,9,0,0.541616,0.093030,-1.095607,0.996170,0.350362,0.822916
MOT17,V002,455,S_h,110,33,0,0.684201,0.063733,-1.125297,0.997263,0.309409,0.805012
MOT17,V002,457,S_r,127,9,0,0.586231,0.278615,-0.716880,0.996597,0.653603,0.968384
MOT17,V002,457,S_c,128,40,0,0.962586,0.020605,-0.881222,0.998318,0.254789,0.922964
MOT17,V002,458,S_h,105,9,0,0.404754,0.343772,-0.361992,0.993703,0.751786,0.997227
MOT17,V002,458,S_r,119,41,0,0.051731,0.112351,-1.666081,0.681760,0.379787,0.380247
MOT17,V002,461,S_r,108,9,0,0.081744,0.569165,-0.743861,0.846374,0.963557,0.962833
MOT17,V002,461,S_h,113,48,0,0.826046,0.078896,-0.898164,0.997830,0.330317,0.916649
MOT17,V002,461,S_r,107,56,0,0.317383,0.270020,-0.980537,0.989907,0.639453,0.882122
MOT17,V002,462,S_h,95,42,0,0.542851,0.228382,-1.137498,0.996181,0.570211,0.797502
MOT17,V002,462,S_h,83,49,0,0.582746,0.034931,-0.872311,0.996566,0.272436,0.926058
MOT17,V002,473,S_r,119,42,0,0.162138,0.418438,-0.885543,0.959836,0.844418,0.921388
MOT17,V002,473,S_r,95,67,0,0.105460,0.428422,-0.885543,0.904008,0.855398,0.921388
MOT17,V002,475,S_r,110,32,0,0.013955,0.360599,-1.231774,0.104003,0.774158,0.736374
MOT17,V002,475,S_r,103,33,0,0.025137,0.368534,-1.231774,0.310900,0.784260,0.736374
MOT17,V002,479,S_r,125,41,0,0.032470,0.289827,-1.312755,0.442411,0.671616,0.678145
MOT17,V002,485,S_r,119,17,0,0.087848,0.120599,-1.567755,0.864822,0.392421,0.464941
MOT17,V002,486,S_h,85,56,0,0.464060,0.000000,-1.457639,0.995095,0.226412,0.559592
MOT17,V002,488,S_c,130,42,0,0.734637,0.254429,-0.988109,0.997470,0.613717,0.878556
MOT17,V002,496,S_c,131,31,0,0.362017,0.509971,-0.602358,0.992228,0.927835,0.985635
MOT17,V002,498,S_r,106,41,0,0.102939,0.464789,-0.863485,0.899441,0.891387,0.929080
MOT17,V002,498,S_r,125,78,0,0.087585,0.475392,-0.919691,0.864130,0.900640,0.908311
MOT17,V002,508,S_r,106,42,0,0.123700,0.620296,-0.333674,0.929977,0.983007,0.997635
MOT17,V002,508,S_r,130,78,0,0.040565,0.333949,-1.031518,0.561809,0.738146,0.857129
MOT17,V002,514,S_r,120,18,0,0.508620,0.282206,-0.403952,0.995775,0.659488,0.996444
MOT17,V002,514,S_h,125,42,0,0.565847,0.200843,-0.187595,0.996406,0.523576,0.999038
MOT17,V002,516,S_r,106,9,0,0.149450,0.677604,-0.417766,0.952293,0.995177,0.996137
MOT17,V002,516,S_r,108,41,0,0.140224,0.390769,-0.985436,0.945535,0.811839,0.879787
MOT17,V002,519,S_r,97,18,0,0.132404,0.100330,-1.653361,0.938798,0.361522,0.391147
MOT17,V002,523,S_r,125,10,0,0.107051,0.377914,-1.071099,0.906724,0.796090,0.836397
MOT17,V002,523,S_r,95,17,0,0.041756,0.314580,-1.140383,0.576815,0.709981,0.795703
MOT17,V002,524,S_r,127,42,0,0.551755,0.351661,-0.697235,0.996268,0.762507,0.971928
MOT17,V002,530,S_r,127,9,0,0.080969,0.496978,-0.765635,0.843798,0.918183,0.957781
MOT17,V002,530,S_r,106,42,0,0.130234,0.526183,-0.765635,0.936760,0.939055,0.957781
MOT17,V002,554,S_r,95,15,0,0.093985,0.125714,-1.615596,0.880660,0.400492,0.423464
MOT17,V002,570,S_c,140,18,0,1.000000,0.000000,-0.904359,1.000000,0.226412,0.914298
MOT17,V002,580,S_r,94,31,0,0.029549,0.687111,-0.521110,0.392416,0.996406,0.992431
MOT17,V002,596,S_h,130,15,0,0.735145,0.087280,-1.155104,0.997472,0.342145,0.786412
MOT17,V003,317,S_r,171,17,0,0.128753,0.031835,-1.797965,0.935327,0.268506,0.260670
MOT17,V003,318,S_c,178,76,0,0.571035,0.029926,-1.359967,0.996455,0.266202,0.641238
MOT17,V003,348,S_c,184,38,0,0.777963,0.220038,-0.568718,0.997634,0.556153,0.989151
MOT17,V003,353,S_c,186,56,0,0.651326,0.097803,-1.220265,0.997096,0.357652,0.743968
MOT17,V003,358,S_r,169,28,0,0.137057,0.615875,-0.597638,0.942916,0.981698,0.986184
MOT17,V003,364,S_r,155,31,0,0.126815,0.213704,-1.299589,0.933398,0.545356,0.687904
MOT17,V003,366,S_c,189,29,0,0.527580,0.326971,-0.985100,0.996007,0.728263,0.879943
MOT17,V003,389,S_r,170,18,0,0.417444,0.037980,-1.495960,0.994065,0.276245,0.526967
MOT17,V003,391,S_r,172,42,0,0.128186,0.149539,-1.519532,0.934774,0.438465,0.506779
MOT17,V003,394,S_r,181,9,0,0.230388,0.178172,-1.369020,0.980620,0.485309,0.633875
MOT17,V003,395,S_r,186,48,0,0.172600,0.277823,-1.177270,0.964748,0.652324,0.772290
MOT17,V003,395,S_c,192,67,0,0.869289,0.035601,-1.038404,0.998003,0.273302,0.853661
MOT17,V003,400,S_h,179,17,0,0.319840,0.238529,-1.141637,0.990061,0.587085,0.794917
MOT17,V003,404,S_h,155,26,0,0.125250,0.290801,-1.065357,0.931708,0.673150,0.839423
MOT17,V003,405,S_h,171,10,0,0.374192,0.232893,-0.965453,0.992663,0.577729,0.889044
MOT17,V003,405,S_c,193,15,0,0.704734,0.091912,-1.144507,0.997356,0.348686,0.793114
MOT17,V003,408,S_h,168,41,0,0.168305,0.071887,-1.699889,0.962810,0.320545,0.351407
MOT17,V003,423,S_r,161,61,0,0.132584,0.026312,-1.780700,0.938956,0.261797,0.277971
MOT17,V003,427,S_h,169,31,0,0.494118,0.295719,-0.980101,0.995574,0.680906,0.882327
MOT17,V003,429,S_r,179,9,0,0.113844,0.629636,-0.445803,0.917265,0.985491,0.995413
MOT17,V003,442,S_r,189,31,0,0.174376,0.529469,-0.657075,0.965534,0.941179,0.978393
MOT17,V003,443,S_c,196,60,0,0.674180,0.016313,-1.252213,0.997214,0.249327,0.722340
MOT17,V003,448,S_c,198,17,0,0.953973,0.007434,-0.929983,0.998290,0.237837,0.904193
MOT17,V003,448,S_h,179,76,0,0.959120,0.009176,-0.707719,0.998306,0.240181,0.970017
MOT17,V003,451,S_r,158,48,0,0.126219,0.713869,-0.221929,0.932777,0.998513,0.998796
MOT17,V003,452,S_c,200,10,0,0.825749,0.159173,-0.978024,0.997830,0.454081,0.883260
MOT17,V003,452,S_r,176,33,0,0.369409,0.154444,-1.273231,0.992514,0.446347,0.707172
MOT17,V003,454,S_h,178,9,0,0.541616,0.093030,-1.095607,0.996170,0.350362,0.822916
MOT17,V003,455,S_h,183,33,0,0.684201,0.063733,-1.125297,0.997263,0.309409,0.805012
MOT17,V003,457,S_r,200,9,0,0.586231,0.278615,-0.716880,0.996597,0.653603,0.968384
MOT17,V003,457,S_c,201,40,0,0.962586,0.020605,-0.881222,0.998318,0.254789,0.922964
MOT17,V003,458,S_h,178,9,0,0.404754,0.343772,-0.361992,0.993703,0.751786,0.997227
MOT17,V003,458,S_r,192,41,0,0.051731,0.112351,-1.666081,0.681760,0.379787,0.380247
MOT17,V003,461,S_r,181,9,0,0.081744,0.569165,-0.743861,0.846374,0.963557,0.962833
MOT17,V003,461,S_h,186,48,0,0.826046,0.078896,-0.898164,0.997830,0.330317,0.916649
MOT17,V003,461,S_r,180,56,0,0.317383,0.270020,-0.980537,0.989907,0.639453,0.882122
MOT17,V003,462,S_h,168,42,0,0.542851,0.228382,-1.137498,0.996181,0.570211,0.797502
MOT17,V003,462,S_h,156,49,0,0.582746,0.034931,-0.872311,0.996566,0.272436,0.926058
MOT17,V003,473,S_r,192,42,0,0.162138,0.418438,-0.885543,0.959836,0.844418,0.921388
MOT17,V003,473,S_r,168,67,0,0.105460,0.428422,-0.885543,0.904008,0.855398,0.921388
MOT17,V003,475,S_r,183,32,0,0.013955,0.360599,-1.231774,0.104003,0.774158,0.736374
MOT17,V003,475,S_r,176,33,0,0.025137,0.368534,-1.231774,0.310900,0.784260,0.736374
MOT17,V003,479,S_r,198,41,0,0.032470,0.289827,-1.312755,0.442411,0.671616,0.678145
MOT17,V003,485,S_r,192,17,0,0.087848,0.120599,-1.567755,0.864822,0.392421,0.464941
MOT17,V003,486,S_h,158,56,0,0.464060,0.000000,-1.457639,0.995095,0.226412,0.559592
MOT17,V003,488,S_c,203,42,0,0.734637,0.254429,-0.988109,0.997470,0.613717,0.878556
MOT17,V003,496,S_c,204,31,0,0.362017,0.509971,-0.602358,0.992228,0.927835,0.985635
MOT17,V003,498,S_r,179,41,0,0.102939,0.464789,-0.863485,0.899441,0.891387,0.929080
MOT17,V003,498,S_r,198,78,0,0.087585,0.475392,-0.919691,0.864130,0.900640,0.908311
MOT17,V003,508,S_r,179,42,0,0.123700,0.620296,-0.333674,0.929977,0.983007,0.997635
MOT17,V003,508,S_r,203,78,0,0.040565,0.333949,-1.031518,0.561809,0.738146,0.857129
MOT17,V003,514,S_r,193,18,0,0.508620,0.282206,-0.403952,0.995775,0.659488,0.996444
MOT17,V003,514,S_h,198,42,0,0.565847,0.200843,-0.187595,0.996406,0.523576,0.999038
MOT17,V003,516,S_r,179,9,0,0.149450,0.677604,-0.417766,0.952293,0.995177,0.996137
MOT17,V003,516,S_r,181,41,0,0.140224,0.390769,-0.985436,0.945535,0.811839,0.879787
MOT17,V003,519,S_r,170,18,0,0.132404,0.100330,-1.653361,0.938798,0.361522,0.391147
MOT17,V003,523,S_r,198,10,0,0.107051,0.377914,-1.071099,0.906724,0.796090,0.836397
MOT17,V003,523,S_r,168,17,0,0.041756,0.314580,-1.140383,0.576815,0.709981,0.795703
MOT17,V003,524,S_r,200,42,0,0.551755,0.351661,-0.697235,0.996268,0.762507,0.971928
MOT17,V003,530,S_r,200,9,0,0.080969,0.496978,-0.765635,0.843798,0.918183,0.957781
MOT17,V003,530,S_r,179,42,0,0.130234,0.526183,-0.765635,0.936760,0.939055,0.957781
MOT17,V003,554,S_r,168,15,0,0.093985,0.125714,-1.615596,0.880660,0.400492,0.423464
MOT17,V003,570,S_c,213,18,0,1.000000,0.000000,-0.904359,1.000000,0.226412,0.914298
MOT17,V003,580,S_r,167,31,0,0.029549,0.687111,-0.521110,0.392416,0.996406,0.992431
MOT17,V003,596,S_h,203,15,0,0.735145,0.087280,-1.155104,0.997472,0.342145,0.786412
MOT17,V004,624,S_c,269,93,0,0.368395,0.172450,-1.108366,0.992482,0.475783,0.815410
MOT17,V004,839,S_r,233,93,0,0.015992,0.477567,-1.008804,0.138213,0.902464,0.868447
MOT17,V004,839,S_r,269,96,0,0.018602,0.479035,-1.008804,0.185250,0.903677,0.868447
MOT17,V004,915,S_c,285,141,0,0.599023,0.104424,-1.230734,0.996726,0.367734,0.737058
MOT17,V004,936,S_r,276,141,0,0.025976,0.036942,-1.858801,0.327005,0.274927,0.187970
MOT17,V004,956,S_h,285,141,0,0.426298,0.004604,-1.506344,0.994290,0.233872,0.518240
MOT17,V005,624,S_c,339,93,0,0.368395,0.172450,-1.108366,0.992482,0.475783,0.815410
MOT17,V005,839,S_r,303,93,0,0.015992,0.477567,-1.008804,0.138213,0.902464,0.868447
MOT17,V005,839,S_r,339,96,0,0.018602,0.479035,-1.008804,0.185250,0.903677,0.868447
MOT17,V005,915,S_c,355,141,0,0.599023,0.104424,-1.230734,0.996726,0.367734,0.737058
MOT17,V005,936,S_r,346,141,0,0.025976,0.036942,-1.858801,0.327005,0.274927,0.187970
MOT17,V005,956,S_h,355,141,0,0.426298,0.004604,-1.506344,0.994290,0.233872,0.518240
MOT17,V006,624,S_c,409,93,0,0.368395,0.172450,-1.108366,0.992482,0.475783,0.815410
MOT17,V006,839,S_r,373,93,0,0.015992,0.477567,-1.008804,0.138213,0.902464,0.868447
MOT17,V006,839,S_r,409,96,0,0.018602,0.479035,-1.008804,0.185250,0.903677,0.868447
MOT17,V006,915,S_c,425,141,0,0.599023,0.104424,-1.230734,0.996726,0.367734,0.737058
MOT17,V006,936,S_r,416,141,0,0.025976,0.036942,-1.858801,0.327005,0.274927,0.187970
MOT17,V006,956,S_h,425,141,0,0.426298,0.004604,-1.506344,0.994290,0.233872,0.518240
MOT17,V007,420,S_r,434,48,0,0.312438,0.554607,-0.132955,0.989582,0.956002,0.999331
MOT17,V007,422,S_c,435,49,0,0.614221,0.000000,-1.291576,0.996832,0.226412,0.693811
MOT17,V007,443,S_r,438,124,0,0.146567,0.000000,-1.805814,0.950350,0.226412,0.252516
MOT17,V007,444,S_h,434,49,0,1.000000,0.000000,-0.889818,1.000000,0.226412,0.919810
MOT17,V007,445,S_c,442,48,0,0.702200,0.000000,-1.227053,0.997349,0.226412,0.739554
MOT17,V007,447,S_h,439,124,0,0.286791,0.000000,-1.658012,0.987607,0.226412,0.387138
MOT17,V007,463,S_r,434,48,0,0.497094,0.484292,-0.135984,0.995613,0.908100,0.999320
MOT17,V007,522,S_r,440,54,0,0.203379,0.136695,-1.432055,0.974938,0.418091,0.581364
MOT17,V007,530,S_h,437,54,0,0.603885,0.019821,-1.293909,0.996767,0.253813,0.692068
MOT17,V007,558,S_r,440,60,0,0.673143,0.312881,-0.402306,0.997212,0.707391,0.996460
MOT17,V007,561,S_h,443,52,0,0.622094,0.080738,-0.952353,0.996889,0.332971,0.894798
MOT17,V007,589,S_h,443,53,0,0.372605,0.186205,-1.182638,0.992611,0.498812,0.768779
MOT17,V007,593,S_h,441,54,0,0.168566,0.179022,-1.280712,0.962940,0.486725,0.701663
MOT17,V007,602,S_h,437,54,0,0.192319,0.130262,-1.543277,0.971916,0.407793,0.486178
MOT17,V007,733,S_h,472,136,0,0.441616,0.000000,-1.521343,0.994644,0.226412,0.505202
MOT17,V007,754,S_h,453,83,0,0.250842,0.086682,-1.572296,0.983767,0.341302,0.460925
MOT17,V007,755,S_c,479,89,0,0.961075,0.000127,-0.093376,0.998313,0.226653,0.999477
MOT17,V007,761,S_h,478,84,0,0.965871,0.024473,-0.985385,0.998326,0.259608,0.879819
MOT17,V007,762,S_h,477,96,0,0.114178,0.035593,-1.600638,0.917762,0.273292,0.436346
MOT17,V007,762,S_h,479,98,0,0.680920,0.027736,-1.191661,0.997257,0.263473,0.762901
MOT17,V007,764,S_c,482,89,0,0.832880,0.009517,-1.012250,0.997859,0.240629,0.866826
MOT17,V007,767,S_h,478,96,0,0.485026,0.359809,-0.824010,0.995448,0.773096,0.941892
MOT17,V007,780,S_c,488,141,0,0.980987,0.000000,-0.959364,0.998376,0.226412,0.891751
MOT17,V007,785,S_c,490,84,0,0.687366,0.000000,-1.267447,0.997279,0.226412,0.711408
MOT17,V007,785,S_c,491,96,0,0.821640,0.000000,-1.082319,0.997820,0.226412,0.830268
MOT17,V007,790,S_h,482,98,0,0.283891,0.091599,-1.452104,0.987322,0.348239,0.564283
MOT17,V007,794,S_h,478,99,0,0.498420,0.007038,-1.311822,0.995628,0.237307,0.678813
MOT17,V007,797,S_h,482,99,0,0.351427,0.000000,-1.537264,0.991756,0.226412,0.491436
MOT17,V007,798,S_c,496,98,0,1.000000,0.000000,-0.919692,1.000000,0.226412,0.908311
MOT17,V007,799,S_h,479,99,0,0.243726,0.012369,-1.690612,0.982790,0.244289,0.359438
MOT17,V007,800,S_h,477,97,0,0.286715,0.142503,-1.039933,0.987598,0.427383,0.852903
MOT17,V007,804,S_h,488,97,0,0.198951,0.291210,-1.155532,0.973765,0.673784,0.786159
MOT17,V007,805,S_h,477,97,0,0.160825,0.283886,-1.070050,0.959154,0.662218,0.836960
MOT17,V007,807,S_r,453,71,0,0.077302,0.648268,-0.566759,0.830794,0.989708,0.989333
MOT17,V007,809,S_r,479,98,0,0.178138,0.133023,-1.047352,0.967018,0.412321,0.848911
MOT17,V007,809,S_h,496,101,0,0.340460,0.301028,-1.047352,0.991204,0.689269,0.848911
MOT17,V007,810,S_r,456,71,0,0.253692,0.616702,0.283143,0.984115,0.981957,0.999884
MOT17,V007,816,S_h,498,99,0,0.519074,0.000000,-1.411328,0.995901,0.226412,0.598922
MOT17,V007,824,S_h,482,110,0,0.290176,0.264528,-0.958148,0.987914,0.630394,0.892278
MOT17,V007,834,S_h,488,110,0,0.434089,0.000000,-1.535907,0.994467,0.226412,0.492636
MOT17,V008,420,S_r,505,48,0,0.312438,0.554607,-0.132955,0.989582,0.956002,0.999331
MOT17,V008,422,S_c,506,49,0,0.614221,0.000000,-1.291576,0.996832,0.226412,0.693811
MOT17,V008,443,S_r,509,124,0,0.146567,0.000000,-1.805814,0.950350,0.226412,0.252516
MOT17,V008,444,S_h,505,49,0,1.000000,0.000000,-0.889818,1.000000,0.226412,0.919810
MOT17,V008,445,S_c,513,48,0,0.702200,0.000000,-1.227053,0.997349,0.226412,0.739554
MOT17,V008,447,S_h,510,124,0,0.286791,0.000000,-1.658012,0.987607,0.226412,0.387138
MOT17,V008,463,S_r,505,48,0,0.497094,0.484292,-0.135984,0.995613,0.908100,0.999320
MOT17,V008,522,S_r,511,54,0,0.203379,0.136695,-1.432055,0.974938,0.418091,0.581364
MOT17,V008,530,S_h,508,54,0,0.603885,0.019821,-1.293909,0.996767,0.253813,0.692068
MOT17,V008,558,S_r,511,60,0,0.673143,0.312881,-0.402306,0.997212,0.707391,0.996460
MOT17,V008,561,S_h,514,52,0,0.622094,0.080738,-0.952353,0.996889,0.332971,0.894798
MOT17,V008,589,S_h,514,53,0,0.372605,0.186205,-1.182638,0.992611,0.498812,0.768779
MOT17,V008,593,S_h,512,54,0,0.168566,0.179022,-1.280712,0.962940,0.486725,0.701663
MOT17,V008,602,S_h,508,54,0,0.192319,0.130262,-1.543277,0.971916,0.407793,0.486178
MOT17,V008,733,S_h,543,136,0,0.441616,0.000000,-1.521343,0.994644,0.226412,0.505202
MOT17,V008,754,S_h,524,83,0,0.250842,0.086682,-1.572296,0.983767,0.341302,0.460925
MOT17,V008,755,S_c,550,89,0,0.961075,0.000127,-0.093376,0.998313,0.226653,0.999477
MOT17,V008,761,S_h,549,84,0,0.965871,0.024473,-0.985385,0.998326,0.259608,0.879819
MOT17,V008,762,S_h,548,96,0,0.114178,0.035593,-1.600638,0.917762,0.273292,0.436346
MOT17,V008,762,S_h,550,98,0,0.680920,0.027736,-1.191661,0.997257,0.263473,0.762901
MOT17,V008,764,S_c,553,89,0,0.832880,0.009517,-1.012250,0.997859,0.240629,0.866826
MOT17,V008,767,S_h,549,96,0,0.485026,0.359809,-0.824010,0.995448,0.773096,0.941892
MOT17,V008,780,S_c,559,141,0,0.980987,0.000000,-0.959364,0.998376,0.226412,0.891751
MOT17,V008,785,S_c,561,84,0,0.687366,0.000000,-1.267447,0.997279,0.226412,0.711408
MOT17,V008,785,S_c,562,96,0,0.821640,0.000000,-1.082319,0.997820,0.226412,0.830268
MOT17,V008,790,S_h,553,98,0,0.283891,0.091599,-1.452104,0.987322,0.348239,0.564283
MOT17,V008,794,S_h,549,99,0,0.498420,0.007038,-1.311822,0.995628,0.237307,0.678813
MOT17,V008,797,S_h,553,99,0,0.351427,0.000000,-1.537264,0.991756,0.226412,0.491436
MOT17,V008,798,S_c,567,98,0,1.000000,0.000000,-0.919692,1.000000,0.226412,0.908311
MOT17,V008,799,S_h,550,99,0,0.243726,0.012369,-1.690612,0.982790,0.244289,0.359438
MOT17,V008,800,S_h,548,97,0,0.286715,0.142503,-1.039933,0.987598,0.427383,0.852903
MOT17,V008,804,S_h,559,97,0,0.198951,0.291210,-1.155532,0.973765,0.673784,0.786159
MOT17,V008,805,S_h,548,97,0,0.160825,0.283886,-1.070050,0.959154,0.662218,0.836960
MOT17,V008,807,S_r,524,71,0,0.077302,0.648268,-0.566759,0.830794,0.989708,0.989333
MOT17,V008,809,S_r,550,98,0,0.178138,0.133023,-1.047352,0.967018,0.412321,0.848911
MOT17,V008,809,S_h,567,101,0,0.340460,0.301028,-1.047352,0.991204,0.689269,0.848911
MOT17,V008,810,S_r,527,71,0,0.253692,0.616702,0.283143,0.984115,0.981957,0.999884
MOT17,V008,816,S_h,569,99,0,0.519074,0.000000,-1.411328,0.995901,0.226412,0.598922
MOT17,V008,824,S_h,553,110,0,0.290176,0.264528,-0.958148,0.987914,0.630394,0.892278
MOT17,V008,834,S_h,559,110,0,0.434089,0.000000,-1.535907,0.994467,0.226412,0.492636
MOT17,V009,420,S_r,576,48,0,0.312438,0.554607,-0.132955,0.989582,0.956002,0.999331
MOT17,V009,422,S_c,577,49,0,0.614221,0.000000,-1.291576,0.996832,0.226412,0.693811
MOT17,V009,443,S_r,580,124,0,0.146567,0.000000,-1.805814,0.950350,0.226412,0.252516
MOT17,V009,444,S_h,576,49,0,1.000000,0.000000,-0.889818,1.000000,0.226412,0.919810
MOT17,V009,445,S_c,584,48,0,0.702200,0.000000,-1.227053,0.997349,0.226412,0.739554
MOT17,V009,447,S_h,581,124,0,0.286791,0.000000,-1.658012,0.987607,0.226412,0.387138
MOT17,V009,463,S_r,576,48,0,0.497094,0.484292,-0.135984,0.995613,0.908100,0.999320
MOT17,V009,522,S_r,582,54,0,0.203379,0.136695,-1.432055,0.974938,0.418091,0.581364
MOT17,V009,530,S_h,579,54,0,0.603885,0.019821,-1.293909,0.996767,0.253813,0.692068
MOT17,V009,558,S_r,582,60,0,0.673143,0.312881,-0.402306,0.997212,0.707391,0.996460
MOT17,V009,561,S_h,585,52,0,0.622094,0.080738,-0.952353,0.996889,0.332971,0.894798
MOT17,V009,589,S_h,585,53,0,0.372605,0.186205,-1.182638,0.992611,0.498812,0.768779
MOT17,V009,593,S_h,583,54,0,0.168566,0.179022,-1.280712,0.962940,0.486725,0.701663
MOT17,V009,602,S_h,579,54,0,0.192319,0.130262,-1.543277,0.971916,0.407793,0.486178
MOT17,V009,733,S_h,614,136,0,0.441616,0.000000,-1.521343,0.994644,0.226412,0.505202
MOT17,V009,754,S_h,595,83,0,0.250842,0.086682,-1.572296,0.983767,0.341302,0.460925
MOT17,V009,755,S_c,621,89,0,0.961075,0.000127,-0.093376,0.998313,0.226653,0.999477
MOT17,V009,761,S_h,620,84,0,0.965871,0.024473,-0.985385,0.998326,0.259608,0.879819
MOT17,V009,762,S_h,619,96,0,0.114178,0.035593,-1.600638,0.917762,0.273292,0.436346
MOT17,V009,762,S_h,621,98,0,0.680920,0.027736,-1.191661,0.997257,0.263473,0.762901
MOT17,V009,764,S_c,624,89,0,0.832880,0.009517,-1.012250,0.997859,0.240629,0.866826
MOT17,V009,767,S_h,620,96,0,0.485026,0.359809,-0.824010,0.995448,0.773096,0.941892
MOT17,V009,780,S_c,630,141,0,0.980987,0.000000,-0.959364,0.998376,0.226412,0.891751
MOT17,V009,785,S_c,632,84,0,0.687366,0.000000,-1.267447,0.997279,0.226412,0.711408
MOT17,V009,785,S_c,633,96,0,0.821640,0.000000,-1.082319,0.997820,0.226412,0.830268
MOT17,V009,790,S_h,624,98,0,0.283891,0.091599,-1.452104,0.987322,0.348239,0.564283
MOT17,V009,794,S_h,620,99,0,0.498420,0.007038,-1.311822,0.995628,0.237307,0.678813
MOT17,V009,797,S_h,624,99,0,0.351427,0.000000,-1.537264,0.991756,0.226412,0.491436
MOT17,V009,798,S_c,638,98,0,1.000000,0.000000,-0.919692,1.000000,0.226412,0.908311
MOT17,V009,799,S_h,621,99,0,0.243726,0.012369,-1.690612,0.982790,0.244289,0.359438
MOT17,V009,800,S_h,619,97,0,0.286715,0.142503,-1.039933,0.987598,0.427383,0.852903
MOT17,V009,804,S_h,630,97,0,0.198951,0.291210,-1.155532,0.973765,0.673784,0.786159
MOT17,V009,805,S_h,619,97,0,0.160825,0.283886,-1.070050,0.959154,0.662218,0.836960
MOT17,V009,807,S_r,595,71,0,0.077302,0.648268,-0.566759,0.830794,0.989708,0.989333
MOT17,V009,809,S_r,621,98,0,0.178138,0.133023,-1.047352,0.967018,0.412321,0.848911
MOT17,V009,809,S_h,638,101,0,0.340460,0.301028,-1.047352,0.991204,0.689269,0.848911
MOT17,V009,810,S_r,598,71,0,0.253692,0.616702,0.283143,0.984115,0.981957,0.999884
MOT17,V009,816,S_h,640,99,0,0.519074,0.000000,-1.411328,0.995901,0.226412,0.598922
MOT17,V009,824,S_h,624,110,0,0.290176,0.264528,-0.958148,0.987914,0.630394,0.892278
MOT17,V009,834,S_h,630,110,0,0.434089,0.000000,-1.535907,0.994467,0.226412,0.492636
MOT17,V010,281,S_r,651,2,0,0.118254,0.262946,-1.302068,0.923269,0.627789,0.686104
MOT17,V010,281,S_h,653,7,0,0.560142,0.418119,-0.748186,0.996359,0.844079,0.961846
MOT17,V010,294,S_r,651,1,0,0.037672,0.557175,-0.803831,0.522538,0.957394,0.947855
MOT17,V010,296,S_c,656,2,0,0.522891,0.311698,-0.641257,0.995949,0.705613,0.980761
MOT17,V010,317,S_r,653,29,0,0.009575,0.616708,-0.746043,0.043936,0.981957,0.962319
MOT17,V010,318,S_h,643,7,0,0.602056,0.355931,-0.798891,0.996753,0.768081,0.949148
MOT17,V010,360,S_h,653,11,0,0.284486,0.057848,-1.510326,0.987383,0.301543,0.514824
MOT17,V010,366,S_c,660,29,0,0.445168,0.278143,-0.730484,0.994718,0.652859,0.965690
MOT17,V010,401,S_r,651,29,0,0.015102,0.514087,-0.925923,0.122889,0.930814,0.905810
MOT17,V010,419,S_h,643,1,0,0.366798,0.165083,-1.087210,0.992422,0.463761,0.827598
MOT17,V010,446,S_h,651,12,0,0.529982,0.350187,0.230949,0.996034,0.760501,0.999854
MOT17,V010,454,S_r,650,12,0,0.250958,0.399279,-1.007887,0.983783,0.822109,0.868905
MOT17,V010,454,S_r,651,15,0,0.055187,0.463564,-0.947622,0.710347,0.890269,0.896799
MOT17,V010,460,S_r,645,11,0,0.188358,0.357240,-0.939360,0.970625,0.769796,0.900319
MOT17,V010,464,S_c,664,13,0,0.357646,0.095780,-1.488088,0.992023,0.354584,0.533523
MOT17,V010,465,S_h,653,11,0,0.415195,0.167073,-1.292557,0.994021,0.466984,0.693071
MOT17,V010,491,S_r,643,13,0,0.029177,0.176217,-1.598774,0.385895,0.482025,0.438033
MOT17,V010,498,S_r,662,14,0,0.052889,0.204679,-1.515346,0.691608,0.530114,0.510426
MOT17,V010,498,S_h,649,17,0,0.596450,0.331815,-0.844650,0.996708,0.735110,0.935397
MOT17,V010,502,S_r,649,15,0,0.072855,0.287072,-1.316842,0.812754,0.667210,0.675052
MOT17,V010,504,S_h,651,17,0,0.638660,0.254327,-0.995807,0.997014,0.613547,0.874892
MOT17,V011,281,S_r,676,2,0,0.118254,0.262946,-1.302068,0.923269,0.627789,0.686104
MOT17,V011,281,S_h,678,7,0,0.560142,0.418119,-0.748186,0.996359,0.844079,0.961846
MOT17,V011,294,S_r,676,1,0,0.037672,0.557175,-0.803831,0.522538,0.957394,0.947855
MOT17,V011,296,S_c,681,2,0,0.522891,0.311698,-0.641257,0.995949,0.705613,0.980761
MOT17,V011,317,S_r,678,29,0,0.009575,0.616708,-0.746043,0.043936,0.981957,0.962319
MOT17,V011,318,S_h,668,7,0,0.602056,0.355931,-0.798891,0.996753,0.768081,0.949148
MOT17,V011,360,S_h,678,11,0,0.284486,0.057848,-1.510326,0.987383,0.301543,0.514824
MOT17,V011,366,S_c,685,29,0,0.445168,0.278143,-0.730484,0.994718,0.652859,0.965690
MOT17,V011,401,S_r,676,29,0,0.015102,0.514087,-0.925923,0.122889,0.930814,0.905810
MOT17,V011,419,S_h,668,1,0,0.366798,0.165083,-1.087210,0.992422,0.463761,0.827598
MOT17,V011,446,S_h,676,12,0,0.529982,0.350187,0.230949,0.996034,0.760501,0.999854
MOT17,V011,454,S_r,675,12,0,0.250958,0.399279,-1.007887,0.983783,0.822109,0.868905
MOT17,V011,454,S_r,676,15,0,0.055187,0.463564,-0.947622,0.710347,0.890269,0.896799
MOT17,V011,460,S_r,670,11,0,0.188358,0.357240,-0.939360,0.970625,0.769796,0.900319
MOT17,V011,464,S_c,689,13,0,0.357646,0.095780,-1.488088,0.992023,0.354584,0.533523
MOT17,V011,465,S_h,678,11,0,0.415195,0.167073,-1.292557,0.994021,0.466984,0.693071
MOT17,V011,491,S_r,668,13,0,0.029177,0.176217,-1.598774,0.385895,0.482025,0.438033
MOT17,V011,498,S_r,687,14,0,0.052889,0.204679,-1.515346,0.691608,0.530114,0.510426
MOT17,V011,498,S_h,674,17,0,0.596450,0.331815,-0.844650,0.996708,0.735110,0.935397
MOT17,V011,502,S_r,674,15,0,0.072855,0.287072,-1.316842,0.812754,0.667210,0.675052
MOT17,V011,504,S_h,676,17,0,0.638660,0.254327,-0.995807,0.997014,0.613547,0.874892
MOT17,V012,281,S_r,701,2,0,0.118254,0.262946,-1.302068,0.923269,0.627789,0.686104
MOT17,V012,281,S_h,703,7,0,0.560142,0.418119,-0.748186,0.996359,0.844079,0.961846
MOT17,V012,294,S_r,701,1,0,0.037672,0.557175,-0.803831,0.522538,0.957394,0.947855
MOT17,V012,296,S_c,706,2,0,0.522891,0.311698,-0.641257,0.995949,0.705613,0.980761
MOT17,V012,317,S_r,703,29,0,0.009575,0.616708,-0.746043,0.043936,0.981957,0.962319
MOT17,V012,318,S_h,693,7,0,0.602056,0.355931,-0.798891,0.996753,0.768081,0.949148
MOT17,V012,360,S_h,703,11,0,0.284486,0.057848,-1.510326,0.987383,0.301543,0.514824
MOT17,V012,366,S_c,710,29,0,0.445168,0.278143,-0.730484,0.994718,0.652859,0.965690
MOT17,V012,401,S_r,701,29,0,0.015102,0.514087,-0.925923,0.122889,0.930814,0.905810
MOT17,V012,419,S_h,693,1,0,0.366798,0.165083,-1.087210,0.992422,0.463761,0.827598
MOT17,V012,446,S_h,701,12,0,0.529982,0.350187,0.230949,0.996034,0.760501,0.999854
MOT17,V012,454,S_r,700,12,0,0.250958,0.399279,-1.007887,0.983783,0.822109,0.868905
MOT17,V012,454,S_r,701,15,0,0.055187,0.463564,-0.947622,0.710347,0.890269,0.896799
MOT17,V012,460,S_r,695,11,0,0.188358,0.357240,-0.939360,0.970625,0.769796,0.900319
MOT17,V012,464,S_c,714,13,0,0.357646,0.095780,-1.488088,0.992023,0.354584,0.533523
MOT17,V012,465,S_h,703,11,0,0.415195,0.167073,-1.292557,0.994021,0.466984,0.693071
MOT17,V012,491,S_r,693,13,0,0.029177,0.176217,-1.598774,0.385895,0.482025,0.438033
MOT17,V012,498,S_r,712,14,0,0.052889,0.204679,-1.515346,0.691608,0.530114,0.510426
MOT17,V012,498,S_h,699,17,0,0.596450,0.331815,-0.844650,0.996708,0.735110,0.935397
MOT17,V012,502,S_r,699,15,0,0.072855,0.287072,-1.316842,0.812754,0.667210,0.675052
MOT17,V012,504,S_h,701,17,0,0.638660,0.254327,-0.995807,0.997014,0.613547,0.874892
MOT17,V013,345,S_r,737,31,0,0.521876,0.181182,-1.202500,0.995935,0.490327,0.755838
MOT17,V013,355,S_r,737,23,0,0.380695,0.532594,-0.584216,0.992901,0.943201,0.987616
MOT17,V013,355,S_r,729,32,0,0.282654,0.262848,-0.952003,0.987212,0.627635,0.894949
MOT17,V013,358,S_c,738,56,0,0.996132,0.000000,-0.911444,0.998434,0.226412,0.911549
MOT17,V013,379,S_c,740,23,0,0.934929,0.000000,-0.891439,0.998230,0.226412,0.919229
MOT17,V013,380,S_c,741,34,0,0.696275,0.111541,-1.089171,0.997325,0.378515,0.826525
MOT17,V013,390,S_r,729,31,0,0.098544,0.727370,-0.181064,0.890742,0.998993,0.999077
MOT17,V013,398,S_h,737,32,0,0.833543,0.013627,-1.041651,0.997861,0.245906,0.851980
MOT17,V013,423,S_c,745,31,0,0.916154,0.000000,-1.049616,0.998171,0.226412,0.847761
MOT17,V013,430,S_c,747,57,0,0.848210,0.000000,-1.033156,0.997910,0.226412,0.856315
MOT17,V013,434,S_r,738,71,0,0.175972,0.168084,-1.340185,0.966179,0.468694,0.657121
MOT17,V013,447,S_r,735,56,0,0.192812,0.010490,-1.526385,0.972073,0.241914,0.500906
MOT17,V013,458,S_c,749,59,0,0.798342,0.112017,-1.007614,0.997719,0.379246,0.869028
MOT17,V013,471,S_c,750,57,0,0.852417,0.000000,-1.099090,0.997933,0.226412,0.820814
MOT17,V013,533,S_r,751,48,0,0.347097,0.107334,-1.333621,0.991555,0.372208,0.662186
MOT17,V013,542,S_r,753,46,0,0.132587,0.157982,-1.526039,0.938958,0.452156,0.501203
MOT17,V013,561,S_c,759,47,0,0.844338,0.020005,-1.001934,0.997899,0.254039,0.871902
MOT17,V013,562,S_r,754,68,0,0.409885,0.124618,-1.115004,0.993859,0.398770,0.811291
MOT17,V013,563,S_h,755,67,0,0.540789,0.456347,-0.300711,0.996159,0.883443,0.998054
MOT17,V013,563,S_r,749,72,0,0.239927,0.029888,-1.471621,0.982217,0.266159,0.547696
MOT17,V013,567,S_h,756,66,0,0.357211,0.248040,-0.996113,0.992000,0.603013,0.874744
MOT17,V013,567,S_r,754,67,0,0.344278,0.447435,-0.417258,0.991407,0.874911,0.996152
MOT17,V013,569,S_r,755,66,0,0.272443,0.606486,-0.204487,0.986227,0.978795,0.998919
MOT17,V013,569,S_c,760,68,0,0.754166,0.097509,-0.998574,0.997554,0.357213,0.873534
MOT17,V013,571,S_c,761,73,0,0.852839,0.000000,-1.121199,0.997935,0.226412,0.807500
MOT17,V013,617,S_r,754,66,0,0.127359,0.099960,-1.524020,0.933961,0.360954,0.502935
MOT17,V013,654,S_h,742,50,0,0.433923,0.065755,-1.380916,0.994464,0.312138,0.624158
MOT17,V014,345,S_r,781,31,0,0.521876,0.181182,-1.202500,0.995935,0.490327,0.755838
MOT17,V014,355,S_r,781,23,0,0.380695,0.532594,-0.584216,0.992901,0.943201,0.987616
MOT17,V014,355,S_r,773,32,0,0.282654,0.262848,-0.952003,0.987212,0.627635,0.894949
MOT17,V014,358,S_c,782,56,0,0.996132,0.000000,-0.911444,0.998434,0.226412,0.911549
MOT17,V014,379,S_c,784,23,0,0.934929,0.000000,-0.891439,0.998230,0.226412,0.919229
MOT17,V014,380,S_c,785,34,0,0.696275,0.111541,-1.089171,0.997325,0.378515,0.826525
MOT17,V014,390,S_r,773,31,0,0.098544,0.727370,-0.181064,0.890742,0.998993,0.999077
MOT17,V014,398,S_h,781,32,0,0.833543,0.013627,-1.041651,0.997861,0.245906,0.851980
MOT17,V014,423,S_c,789,31,0,0.916154,0.000000,-1.049616,0.998171,0.226412,0.847761
MOT17,V014,430,S_c,791,57,0,0.848210,0.000000,-1.033156,0.997910,0.226412,0.856315
MOT17,V014,434,S_r,782,71,0,0.175972,0.168084,-1.340185,0.966179,0.468694,0.657121
MOT17,V014,447,S_r,779,56,0,0.192812,0.010490,-1.526385,0.972073,0.241914,0.500906
MOT17,V014,458,S_c,793,59,0,0.798342,0.112017,-1.007614,0.997719,0.379246,0.869028
MOT17,V014,471,S_c,794,57,0,0.852417,0.000000,-1.099090,0.997933,0.226412,0.820814
MOT17,V014,533,S_r,795,48,0,0.347097,0.107334,-1.333621,0.991555,0.372208,0.662186
MOT17,V014,542,S_r,797,46,0,0.132587,0.157982,-1.526039,0.938958,0.452156,0.501203
MOT17,V014,561,S_c,803,47,0,0.844338,0.020005,-1.001934,0.997899,0.254039,0.871902
MOT17,V014,562,S_r,798,68,0,0.409885,0.124618,-1.115004,0.993859,0.398770,0.811291
MOT17,V014,563,S_h,799,67,0,0.540789,0.456347,-0.300711,0.996159,0.883443,0.998054
MOT17,V014,563,S_r,793,72,0,0.239927,0.029888,-1.471621,0.982217,0.266159,0.547696
MOT17,V014,567,S_h,800,66,0,0.357211,0.248040,-0.996113,0.992000,0.603013,0.874744
MOT17,V014,567,S_r,798,67,0,0.344278,0.447435,-0.417258,0.991407,0.874911,0.996152
MOT17,V014,569,S_r,799,66,0,0.272443,0.606486,-0.204487,0.986227,0.978795,0.998919
MOT17,V014,569,S_c,804,68,0,0.754166,0.097509,-0.998574,0.997554,0.357213,0.873534
MOT17,V014,571,S_c,805,73,0,0.852839,0.000000,-1.121199,0.997935,0.226412,0.807500
MOT17,V014,617,S_r,798,66,0,0.127359,0.099960,-1.524020,0.933961,0.360954,0.502935
MOT17,V014,654,S_h,786,50,0,0.433923,0.065755,-1.380916,0.994464,0.312138,0.624158
MOT17,V015,345,S_r,825,31,0,0.521876,0.181182,-1.202500,0.995935,0.490327,0.755838
MOT17,V015,355,S_r,825,23,0,0.380695,0.532594,-0.584216,0.992901,0.943201,0.987616
MOT17,V015,355,S_r,817,32,0,0.282654,0.262848,-0.952003,0.987212,0.627635,0.894949
MOT17,V015,358,S_c,826,56,0,0.996132,0.000000,-0.911444,0.998434,0.226412,0.911549
MOT17,V015,379,S_c,828,23,0,0.934929,0.000000,-0.891439,0.998230,0.226412,0.919229
MOT17,V015,380,S_c,829,34,0,0.696275,0.111541,-1.089171,0.997325,0.378515,0.826525
MOT17,V015,390,S_r,817,31,0,0.098544,0.727370,-0.181064,0.890742,0.998993,0.999077
MOT17,V015,398,S_h,825,32,0,0.833543,0.013627,-1.041651,0.997861,0.245906,0.851980
MOT17,V015,423,S_c,833,31,0,0.916154,0.000000,-1.049616,0.998171,0.226412,0.847761
MOT17,V015,430,S_c,835,57,0,0.848210,0.000000,-1.033156,0.997910,0.226412,0.856315
MOT17,V015,434,S_r,826,71,0,0.175972,0.168084,-1.340185,0.966179,0.468694,0.657121
MOT17,V015,447,S_r,823,56,0,0.192812,0.010490,-1.526385,0.972073,0.241914,0.500906
MOT17,V015,458,S_c,837,59,0,0.798342,0.112017,-1.007614,0.997719,0.379246,0.869028
MOT17,V015,471,S_c,838,57,0,0.852417,0.000000,-1.099090,0.997933,0.226412,0.820814
MOT17,V015,533,S_r,839,48,0,0.347097,0.107334,-1.333621,0.991555,0.372208,0.662186
MOT17,V015,542,S_r,841,46,0,0.132587,0.157982,-1.526039,0.938958,0.452156,0.501203
MOT17,V015,561,S_c,847,47,0,0.844338,0.020005,-1.001934,0.997899,0.254039,0.871902
MOT17,V015,562,S_r,842,68,0,0.409885,0.124618,-1.115004,0.993859,0.398770,0.811291
MOT17,V015,563,S_h,843,67,0,0.540789,0.456347,-0.300711,0.996159,0.883443,0.998054
MOT17,V015,563,S_r,837,72,0,0.239927,0.029888,-1.471621,0.982217,0.266159,0.547696
MOT17,V015,567,S_h,844,66,0,0.357211,0.248040,-0.996113,0.992000,0.603013,0.874744
MOT17,V015,567,S_r,842,67,0,0.344278,0.447435,-0.417258,0.991407,0.874911,0.996152
MOT17,V015,569,S_r,843,66,0,0.272443,0.606486,-0.204487,0.986227,0.978795,0.998919
MOT17,V015,569,S_c,848,68,0,0.754166,0.097509,-0.998574,0.997554,0.357213,0.873534
MOT17,V015,571,S_c,849,73,0,0.852839,0.000000,-1.121199,0.997935,0.226412,0.807500
MOT17,V015,617,S_r,842,66,0,0.127359,0.099960,-1.524020,0.933961,0.360954,0.502935
MOT17,V015,654,S_h,830,50,0,0.433923,0.065755,-1.380916,0.994464,0.312138,0.624158
MOT17,V016,512,S_r,860,32,0,0.102398,0.238702,-1.273434,0.898424,0.587384,0.707029
MOT17,V016,564,S_r,861,39,0,0.026172,0.420320,-1.115581,0.330712,0.846519,0.810907
MOT17,V016,564,S_r,854,41,0,0.037432,0.400496,-1.115581,0.519066,0.823527,0.810907
MOT17,V016,575,S_c,863,42,0,0.486846,0.072555,-1.339393,0.995475,0.321454,0.657742
MOT17,V016,726,S_r,867,34,0,0.124418,0.391044,-1.000121,0.930814,0.812187,0.872792
MOT17,V016,730,S_r,869,34,0,0.073882,0.614393,-0.605897,0.817132,0.981247,0.985235
MOT17,V016,731,S_r,867,34,0,0.262850,0.721402,-0.037228,0.985189,0.998813,0.999623
MOT17,V016,734,S_h,869,34,0,0.532232,0.006177,-1.374299,0.996064,0.236125,0.629566
MOT17,V016,738,S_c,873,43,0,0.915676,0.000000,-0.678655,0.998170,0.226412,0.974978
MOT17,V016,771,S_r,869,33,0,0.090117,0.532507,-0.238684,0.871041,0.943142,0.998650
MOT17,V016,774,S_h,867,34,0,0.541806,0.170560,-0.902859,0.996172,0.472784,0.914839
MOT17,V016,844,S_c,881,67,0,0.898119,0.000000,-1.063561,0.998107,0.226412,0.840358
MOT17,V016,877,S_r,884,70,0,0.027959,0.000000,-1.834964,0.363618,0.226412,0.219291
MOT17,V016,878,S_h,883,71,0,0.662121,0.000000,-1.261128,0.997163,0.226412,0.715891
MOT17,V016,891,S_r,883,72,0,0.771601,0.030578,-1.092553,0.997604,0.266981,0.824682
MOT17,V016,892,S_c,891,71,0,1.000000,0.000000,-0.964679,1.000000,0.226412,0.889403
MOT17,V017,512,S_r,906,32,0,0.102398,0.238702,-1.273434,0.898424,0.587384,0.707029
MOT17,V017,564,S_r,907,39,0,0.026172,0.420320,-1.115581,0.330712,0.846519,0.810907
MOT17,V017,564,S_r,900,41,0,0.037432,0.400496,-1.115581,0.519066,0.823527,0.810907
MOT17,V017,575,S_c,909,42,0,0.486846,0.072555,-1.339393,0.995475,0.321454,0.657742
MOT17,V017,726,S_r,913,34,0,0.124418,0.391044,-1.000121,0.930814,0.812187,0.872792
MOT17,V017,730,S_r,915,34,0,0.073882,0.614393,-0.605897,0.817132,0.981247,0.985235
MOT17,V017,731,S_r,913,34,0,0.262850,0.721402,-0.037228,0.985189,0.998813,0.999623
MOT17,V017,734,S_h,915,34,0,0.532232,0.006177,-1.374299,0.996064,0.236125,0.629566
MOT17,V017,738,S_c,919,43,0,0.915676,0.000000,-0.678655,0.998170,0.226412,0.974978
MOT17,V017,771,S_r,915,33,0,0.090117,0.532507,-0.238684,0.871041,0.943142,0.998650
MOT17,V017,774,S_h,913,34,0,0.541806,0.170560,-0.902859,0.996172,0.472784,0.914839
MOT17,V017,844,S_c,927,67,0,0.898119,0.000000,-1.063561,0.998107,0.226412,0.840358
MOT17,V017,877,S_r,930,70,0,0.027959,0.000000,-1.834964,0.363618,0.226412,0.219291
MOT17,V017,878,S_h,929,71,0,0.662121,0.000000,-1.261128,0.997163,0.226412,0.715891
MOT17,V017,891,S_r,929,72,0,0.771601,0.030578,-1.092553,0.997604,0.266981,0.824682
MOT17,V017,892,S_c,937,71,0,1.000000,0.000000,-0.964679,1.000000,0.226412,0.889403
MOT17,V018,512,S_r,952,32,0,0.102398,0.238702,-1.273434,0.898424,0.587384,0.707029
MOT17,V018,564,S_r,953,39,0,0.026172,0.420320,-1.115581,0.330712,0.846519,0.810907
MOT17,V018,564,S_r,946,41,0,0.037432,0.400496,-1.115581,0.519066,0.823527,0.810907
MOT17,V018,575,S_c,955,42,0,0.486846,0.072555,-1.339393,0.995475,0.321454,0.657742
MOT17,V018,726,S_r,959,34,0,0.124418,0.391044,-1.000121,0.930814,0.812187,0.872792
MOT17,V018,730,S_r,961,34,0,0.073882,0.614393,-0.605897,0.817132,0.981247,0.985235
MOT17,V018,731,S_r,959,34,0,0.262850,0.721402,-0.037228,0.985189,0.998813,0.999623
MOT17,V018,734,S_h,961,34,0,0.532232,0.006177,-1.374299,0.996064,0.236125,0.629566
MOT17,V018,738,S_c,965,43,0,0.915676,0.000000,-0.678655,0.998170,0.226412,0.974978
MOT17,V018,771,S_r,961,33,0,0.090117,0.532507,-0.238684,0.871041,0.943142,0.998650
MOT17,V018,774,S_h,959,34,0,0.541806,0.170560,-0.902859,0.996172,0.472784,0.914839
MOT17,V018,844,S_c,973,67,0,0.898119,0.000000,-1.063561,0.998107,0.226412,0.840358
MOT17,V018,877,S_r,976,70,0,0.027959,0.000000,-1.834964,0.363618,0.226412,0.219291
MOT17,V018,878,S_h,975,71,0,0.662121,0.000000,-1.261128,0.997163,0.226412,0.715891
MOT17,V018,891,S_r,975,72,0,0.771601,0.030578,-1.092553,0.997604,0.266981,0.824682
MOT17,V018,892,S_c,983,71,0,1.000000,0.000000,-0.964679,1.000000,0.226412,0.889403
MOT17,V019,412,S_h,997,153,0,0.174766,0.000000,-1.743243,0.965706,0.226412,0.313156
MOT17,V019,416,S_r,1007,155,0,0.038538,0.298549,-1.310767,0.534640,0.685373,0.679594
MOT17,V019,416,S_r,992,161,0,0.045592,0.306553,-1.310767,0.621306,0.697774,0.679594
MOT17,V019,424,S_h,995,70,0,0.156633,0.473586,-0.996152,0.956790,0.899138,0.874722
MOT17,V019,430,S_h,996,142,0,0.157423,0.495174,-0.517226,0.957232,0.916806,0.992664
MOT17,V019,434,S_c,1029,163,0,0.791696,0.100485,-1.047717,0.997691,0.361740,0.848726
MOT17,V019,437,S_h,991,65,0,0.088365,0.106535,-1.647584,0.866270,0.370984,0.396111
MOT17,V020,412,S_h,1139,153,0,0.174766,0.000000,-1.743243,0.965706,0.226412,0.313156
MOT17,V020,416,S_r,1149,155,0,0.038538,0.298549,-1.310767,0.534640,0.685373,0.679594
MOT17,V020,416,S_r,1134,161,0,0.045592,0.306553,-1.310767,0.621306,0.697774,0.679594
MOT17,V020,424,S_h,1137,70,0,0.156633,0.473586,-0.996152,0.956790,0.899138,0.874722
MOT17,V020,430,S_h,1138,142,0,0.157423,0.495174,-0.517226,0.957232,0.916806,0.992664
MOT17,V020,434,S_c,1171,163,0,0.791696,0.100485,-1.047717,0.997691,0.361740,0.848726
MOT17,V020,437,S_h,1133,65,0,0.088365,0.106535,-1.647584,0.866270,0.370984,0.396111
MOT17,V021,412,S_h,1281,153,0,0.174766,0.000000,-1.743243,0.965706,0.226412,0.313156
MOT17,V021,416,S_r,1291,155,0,0.038538,0.298549,-1.310767,0.534640,0.685373,0.679594
MOT17,V021,416,S_r,1276,161,0,0.045592,0.306553,-1.310767,0.621306,0.697774,0.679594
MOT17,V021,424,S_h,1279,70,0,0.156633,0.473586,-0.996152,0.956790,0.899138,0.874722
MOT17,V021,430,S_h,1280,142,0,0.157423,0.495174,-0.517226,0.957232,0.916806,0.992664
MOT17,V021,434,S_c,1313,163,0,0.791696,0.100485,-1.047717,0.997691,0.361740,0.848726
MOT17,V021,437,S_h,1275,65,0,0.088365,0.106535,-1.647584,0.866270,0.370984,0.396111
MOT20,V001,104,S_c,47,36,0,0.945589,0.049550,-0.965408,0.998266,0.290833,0.889059
MOT20,V001,124,S_r,20,8,0,0.099907,0.399600,-1.083473,0.893619,0.822491,0.829640
MOT20,V001,128,S_r,12,7,0,0.024634,0.551130,-0.836092,0.301282,0.954109,0.938234
MOT20,V001,140,S_r,17,12,0,0.549086,0.394458,-0.809746,0.996243,0.816299,0.946152
MOT20,V001,144,S_c,54,35,0,0.729112,0.054134,-0.850017,0.997454,0.296755,0.933646
MOT20,V001,151,S_r,40,29,0,0.074957,0.072726,-1.760333,0.821605,0.321666,0.297593
MOT20,V001,169,S_c,66,47,0,0.678684,0.292571,-0.797638,0.997240,0.675978,0.949460
MOT20,V001,171,S_r,40,30,0,0.060079,0.131702,-1.599934,0.745015,0.410154,0.436996
MOT20,V001,185,S_r,67,77,0,0.021033,0.632386,-0.627565,0.231623,0.986142,0.982702
MOT20,V001,188,S_c,76,29,0,0.631912,0.236941,-0.834301,0.996968,0.584495,0.938772
MOT20,V001,201,S_r,24,77,0,0.116470,0.587842,-0.595267,0.920939,0.971744,0.986456
MOT20,V001,224,S_c,83,74,0,0.339478,0.232179,-1.200561,0.991152,0.576529,0.757085
MOT20,V001,229,S_r,71,77,0,0.142009,0.338519,-1.196594,0.946953,0.744531,0.759661
MOT20,V001,238,S_r,24,78,0,0.048347,0.652406,-0.606883,0.650131,0.990614,0.985127
MOT20,V001,239,S_h,26,78,0,0.192898,0.493135,-0.632111,0.972091,0.915193,0.982068
MOT20,V001,242,S_h,24,78,0,0.165599,0.455595,-0.946819,0.961568,0.882710,0.897158
MOT20,V001,247,S_r,86,49,0,0.014709,0.655803,-0.605753,0.116364,0.991335,0.985248
MOT20,V001,247,S_r,38,53,0,0.175635,0.810998,-0.131619,0.966060,0.999902,0.999338
MOT20,V001,249,S_r,38,31,0,0.102036,0.324309,-1.254295,0.897766,0.724353,0.720842
MOT20,V001,249,S_h,11,32,0,0.473230,0.092828,-1.114582,0.995259,0.350070,0.811539
MOT20,V001,249,S_r,34,53,0,0.051686,0.553263,-0.762444,0.681380,0.955263,0.958497
MOT20,V001,254,S_c,93,63,0,0.421676,0.412050,-0.472447,0.994165,0.837174,0.994545
MOT20,V001,266,S_c,95,46,0,0.414330,0.113731,-1.435976,0.994000,0.381964,0.578036
MOT20,V001,282,S_r,10,26,0,0.046981,0.445295,-0.952604,0.636246,0.872803,0.894688
MOT20,V001,284,S_r,103,58,0,0.043123,0.344432,-1.216004,0.593117,0.752742,0.746772
MOT20,V001,291,S_r,103,23,0,0.050314,0.438646,-1.064373,0.669111,0.866039,0.839919
MOT20,V001,296,S_r,106,23,0,0.133532,0.584490,-0.598356,0.939808,0.970347,0.986111
MOT20,V001,296,S_h,25,58,0,0.169711,0.315766,-1.216510,0.963461,0.711758,0.746420
MOT20,V001,297,S_r,40,29,0,0.025618,0.390614,-1.169272,0.320100,0.811633,0.777414
MOT20,V001,298,S_r,25,20,0,0.156909,0.526276,-0.733441,0.956947,0.939106,0.965079
MOT20,V001,298,S_r,35,58,0,0.060959,0.522416,-0.733441,0.750613,0.936521,0.965079
MOT20,V001,299,S_r,103,20,0,0.024985,0.472153,-0.848192,0.307980,0.897893,0.934269
MOT20,V001,301,S_r,74,23,0,0.026876,0.741744,-0.385302,0.343812,0.999304,0.996812
MOT20,V001,301,S_r,66,46,0,0.012174,0.525030,-0.676633,0.076953,0.938274,0.975307
MOT20,V001,303,S_c,118,30,0,0.375210,0.447223,-0.847896,0.992695,0.874682,0.934355
MOT20,V001,309,S_r,116,23,0,0.085067,0.277211,-1.310807,0.856790,0.651324,0.679566
MOT20,V001,312,S_r,35,47,0,0.323214,0.473783,-0.787071,0.990255,0.899304,0.952408
MOT20,V001,312,S_h,119,58,0,0.239264,0.105024,-1.483764,0.982121,0.368659,0.537252
MOT20,V001,314,S_r,121,77,0,0.034673,0.462597,-0.881276,0.477859,0.889333,0.922943
MOT20,V001,317,S_r,74,20,0,0.180338,0.686092,-0.516633,0.967841,0.996271,0.992694
MOT20,V001,319,S_r,25,22,0,0.070872,0.634604,-0.319657,0.804060,0.986651,0.997841
MOT20,V001,322,S_r,106,20,0,0.051849,0.599268,-0.696084,0.682768,0.976201,0.972149
MOT20,V001,323,S_r,62,10,0,0.014665,0.039538,-1.851756,0.115619,0.278186,0.197767
MOT20,V001,326,S_r,71,77,0,0.094038,0.753346,-0.023056,0.880774,0.999481,0.999647
MOT20,V001,344,S_r,74,22,0,0.218818,0.025702,-1.699645,0.978443,0.261098,0.351616
MOT20,V001,348,S_r,28,30,0,0.049011,0.708015,-0.242974,0.656663,0.998227,0.998611
MOT20,V001,358,S_r,74,21,0,0.040633,0.015218,-1.909960,0.562674,0.247930,0.102249
MOT20,V001,362,S_r,134,78,0,0.148925,0.655973,-0.195102,0.951935,0.991375,0.998989
MOT20,V001,366,S_c,136,22,0,0.670326,0.182447,-0.486976,0.997198,0.492540,0.994053
MOT20,V001,368,S_h,24,77,0,0.260929,0.000000,-1.731404,0.984971,0.226412,0.323775
MOT20,V001,387,S_c,143,21,0,0.499574,0.455870,-0.607352,0.995645,0.882962,0.985079
MOT20,V001,397,S_r,140,78,0,0.097669,0.600097,-0.188464,0.888919,0.976517,0.999031
MOT20,V001,409,S_h,147,21,0,0.255947,0.621942,-0.652772,0.984368,0.983466,0.979041
MOT20,V001,409,S_r,134,77,0,0.039260,0.488756,-0.800947,0.544627,0.911748,0.948566
MOT20,V001,412,S_r,24,78,0,0.153565,0.730913,0.096742,0.954958,0.999074,0.999771
MOT20,V001,413,S_h,147,51,0,0.166406,0.381884,-1.071636,0.961947,0.800960,0.836109
MOT20,V001,415,S_r,147,22,0,0.159756,0.402461,-1.048331,0.958565,0.825915,0.848411
MOT20,V001,416,S_r,33,7,0,0.120975,0.420532,-0.608758,0.926724,0.846729,0.984900
MOT20,V001,416,S_h,136,21,0,0.394898,0.453703,0.226508,0.993414,0.880941,0.999851
MOT20,V001,416,S_r,140,78,0,0.109108,0.709552,-0.327972,0.910058,0.998300,0.997722
MOT20,V001,419,S_c,151,51,0,0.403483,0.494229,-0.386260,0.993667,0.916082,0.996795
MOT20,V001,420,S_h,12,18,0,0.265664,0.631267,-0.458452,0.985519,0.985893,0.995028
MOT20,V001,424,S_r,12,12,0,0.072473,0.585659,-0.711709,0.811132,0.970825,0.969329
MOT20,V001,424,S_r,17,18,0,0.031034,0.432404,-1.053323,0.418317,0.859559,0.845814
MOT20,V001,424,S_r,151,50,0,0.034762,0.453302,-1.028763,0.479313,0.880567,0.858563
MOT20,V001,424,S_r,5,51,0,0.065632,0.412584,-1.040449,0.777999,0.837772,0.852611
MOT20,V001,427,S_c,153,68,0,0.550509,0.260680,-0.609449,0.996260,0.624087,0.984824
MOT20,V002,24,S_r,185,231,0,0.023358,0.499466,-0.928514,0.276496,0.920062,0.904767
MOT20,V002,26,S_h,188,228,0,0.548272,0.229909,-1.068599,0.996232,0.572736,0.837717
MOT20,V002,49,S_r,193,224,0,0.186754,0.615732,-0.291451,0.970108,0.981657,0.998153
MOT20,V002,53,S_r,174,224,0,0.052744,0.742108,-0.189692,0.690404,0.999312,0.999020
MOT20,V002,53,S_r,193,229,0,0.507247,0.469698,-0.348944,0.995749,0.895727,0.997427
MOT20,V002,58,S_r,187,218,0,0.040848,0.383055,-1.167096,0.565407,0.802445,0.778806
MOT20,V002,58,S_r,171,219,0,0.025870,0.383131,-1.167096,0.324976,0.802541,0.778806
MOT20,V002,66,S_r,189,224,0,0.173969,0.506888,-0.102738,0.965366,0.925566,0.999442
MOT20,V002,70,S_r,174,230,0,0.303301,0.268251,-1.185593,0.988951,0.636539,0.766815
MOT20,V002,79,S_r,203,217,0,0.101627,0.000000,-1.828027,0.896991,0.226412,0.227605
MOT20,V002,131,S_r,206,236,0,0.139225,0.451442,-0.778884,0.944728,0.878800,0.954434
MOT20,V002,131,S_r,210,243,0,0.120790,0.509659,-0.778884,0.926502,0.927601,0.954434
MOT20,V002,145,S_c,214,224,0,1.000000,0.000000,-0.985293,1.000000,0.226412,0.879856
MOT20,V002,167,S_r,218,247,0,0.258523,0.488592,-0.225592,0.984702,0.911613,0.998762
MOT20,V002,168,S_h,217,177,0,0.355863,0.388712,-0.960006,0.991957,0.809297,0.891457
MOT20,V002,174,S_h,211,177,0,0.180005,0.637988,-0.629518,0.967715,0.987491,0.982449
MOT20,V002,176,S_r,187,221,0,0.032788,0.621280,-0.684964,0.447675,0.983280,0.973989
MOT20,V002,181,S_h,216,247,0,0.350436,0.590678,-0.534149,0.991708,0.972886,0.991720
MOT20,V002,182,S_r,195,177,0,0.061277,0.393480,-1.009332,0.752627,0.815144,0.868177
MOT20,V002,182,S_r,211,222,0,0.093153,0.442758,-1.009332,0.878670,0.870283,0.868177
MOT20,V002,183,S_r,217,221,0,0.065498,0.661284,-0.351892,0.777273,0.992495,0.997369
MOT20,V002,187,S_r,218,247,0,0.149127,0.438554,-1.005629,0.952077,0.865943,0.870094
MOT20,V002,203,S_r,200,247,0,0.024357,0.482697,-0.995844,0.295876,0.906718,0.874870
MOT20,V002,212,S_h,218,247,0,0.476021,0.267599,-0.932661,0.995305,0.635444,0.903057
MOT20,V002,215,S_h,200,247,0,0.469294,0.168693,-1.137817,0.995186,0.469703,0.797289
MOT20,V002,217,S_c,223,230,0,0.551724,0.124250,-1.110062,0.996268,0.398201,0.814398
MOT20,V002,221,S_r,218,254,0,0.300232,0.523086,-0.770853,0.988714,0.936983,0.956484
MOT20,V002,229,S_h,218,247,0,0.442650,0.528790,-0.387116,0.994665,0.940727,0.996776
MOT20,V002,233,S_r,225,265,0,0.167156,0.240680,-1.275942,0.962292,0.590719,0.705180
MOT20,V002,275,S_c,235,265,0,0.594642,0.297999,-0.932668,0.996689,0.684485,0.903054
MOT20,V002,281,S_c,236,254,0,0.500025,0.140457,-1.313941,0.995655,0.424151,0.677239
MOT20,V002,327,S_c,241,257,0,0.625855,0.203973,-0.702724,0.996916,0.528897,0.970918
MOT20,V002,332,S_r,231,245,0,0.075414,0.737495,-0.285345,0.823464,0.999221,0.998218
MOT20,V002,345,S_h,196,245,0,0.382942,0.455976,-0.587763,0.992989,0.883073,0.987261
MOT20,V002,349,S_r,231,243,0,0.162435,0.642269,-0.539516,0.959990,0.988405,0.991409
MOT20,V002,351,S_r,210,245,0,0.327337,0.486405,-0.448880,0.990495,0.909844,0.995307
MOT20,V002,352,S_c,244,255,0,0.411540,0.259485,-1.059853,0.993919,0.622135,0.842422
MOT20,V002,363,S_r,241,245,0,0.178551,0.592884,-0.385141,0.967166,0.973764,0.996813
MOT20,V002,396,S_c,251,257,0,0.569491,0.173641,-0.805523,0.996439,0.477730,0.947360
MOT20,V002,398,S_c,252,247,0,0.689591,0.149778,-1.072545,0.997292,0.438830,0.835590
MOT20,V002,405,S_r,218,245,0,0.342509,0.523326,-0.719463,0.991300,0.937160,0.967854
MOT20,V002,412,S_r,210,245,0,0.065892,0.645126,-0.624287,0.779381,0.989021,0.983113
MOT20,V002,422,S_c,258,177,0,0.536225,0.274673,-0.954962,0.996110,0.647124,0.893677
MOT20,V002,436,S_r,255,15,0,0.053087,0.398316,-1.150208,0.693324,0.820928,0.789481
MOT20,V002,452,S_c,262,265,0,0.525164,0.317022,-0.866556,0.995969,0.713615,0.927991
MOT20,V002,459,S_c,265,183,0,0.393829,0.126387,-1.313951,0.993378,0.401511,0.677232
MOT20,V002,474,S_c,267,247,0,0.524862,0.245347,-0.704408,0.995968,0.598517,0.970625
MOT20,V002,483,S_h,252,247,0,0.335397,0.315188,-1.126195,0.990943,0.710893,0.804455
MOT20,V002,484,S_h,267,247,0,0.346173,0.207564,-1.109297,0.991504,0.534940,0.814829
MOT20,V002,514,S_c,272,183,0,0.341191,0.366890,-1.001668,0.991238,0.782221,0.872066
MOT20,V002,525,S_c,275,235,0,1.000000,0.000000,-0.963987,1.000000,0.226412,0.889688
MOT20,V002,530,S_c,278,271,0,0.338388,0.255268,-0.945057,0.991110,0.615129,0.897878
MOT20,V002,535,S_c,281,183,0,0.387645,0.539292,-0.717069,0.993147,0.947294,0.968339
MOT20,V002,539,S_c,283,236,0,0.751073,0.000000,-1.238370,0.997547,0.226412,0.731878
MOT20,V002,557,S_r,278,272,0,0.053262,0.332558,-1.276511,0.694811,0.736141,0.704754
MOT20,V002,563,S_r,215,177,0,0.075743,0.449654,-1.004496,0.824759,0.877054,0.870615
MOT20,V002,567,S_r,258,265,0,0.252411,0.729767,-0.177005,0.983974,0.999049,0.999095
MOT20,V002,574,S_c,287,277,0,0.392888,0.502292,-0.592321,0.993344,0.922168,0.986766
MOT20,V002,577,S_r,281,55,0,0.011610,0.440605,-1.053432,0.069139,0.868067,0.845767
MOT20,V002,577,S_r,259,183,0,0.026627,0.479050,-0.973400,0.339197,0.903691,0.885418
MOT20,V002,580,S_c,288,271,0,0.417943,0.320319,-0.886927,0.994078,0.718486,0.920833
MOT20,V002,599,S_c,291,268,0,1.000000,0.000000,-0.964780,1.000000,0.226412,0.889342
MOT20,V002,613,S_r,288,272,0,0.074275,0.688049,-0.337863,0.818790,0.996516,0.997579
MOT20,V002,615,S_r,278,272,0,0.055623,0.652364,-0.605005,0.713657,0.990605,0.985322
MOT20,V002,623,S_c,296,265,0,0.728122,0.062762,-1.183529,0.997449,0.308056,0.768175
MOT20,V002,633,S_r,259,55,0,0.014453,0.535496,-0.902597,0.112117,0.945010,0.914952
MOT20,V002,635,S_h,299,183,0,0.309028,0.481670,-0.814748,0.989358,0.905872,0.944653
MOT20,V002,685,S_r,307,272,0,0.144756,0.615374,-0.441468,0.949013,0.981565,0.995556
MOT20,V002,718,S_r,238,7,0,0.052694,0.506546,-0.925306,0.689980,0.925320,0.906075
MOT20,V002,718,S_r,240,270,0,0.055663,0.498279,-0.887303,0.713971,0.919163,0.920702
MOT20,V002,798,S_h,317,1,0,0.265220,0.261794,-1.252844,0.985465,0.625864,0.721885
MOT20,V002,826,S_c,327,286,0,0.675545,0.000000,-1.305887,0.997225,0.226412,0.683235
MOT20,V002,837,S_c,330,272,0,0.973625,0.000000,-1.006426,0.998354,0.226412,0.869656
MOT20,V002,859,S_r,256,272,0,0.049310,0.427017,-1.047331,0.659559,0.853861,0.848918
MOT20,V002,859,S_r,330,273,0,0.048746,0.427596,-1.047331,0.654055,0.854494,0.848918
MOT20,V002,865,S_c,335,271,0,0.675429,0.000000,-1.221148,0.997223,0.226412,0.743402
MOT20,V002,876,S_c,338,290,0,0.344914,0.501440,-0.607352,0.991434,0.921548,0.985079
MOT20,V002,882,S_r,339,275,0,0.019678,0.000000,-1.941036,0.205644,0.226412,0.044177
MOT20,V002,885,S_r,334,290,0,0.144152,0.583753,-0.685770,0.948556,0.970039,0.973869
MOT20,V002,885,S_r,338,293,0,0.170790,0.538573,-0.769919,0.963935,0.946841,0.956737
MOT20,V002,891,S_c,345,250,0,0.393696,0.360262,-0.988806,0.993371,0.773713,0.878246
MOT20,V002,915,S_r,336,290,0,0.037254,0.379640,-1.195843,0.516506,0.798164,0.760101
MOT20,V002,915,S_r,334,291,0,0.025430,0.361834,-1.195843,0.316472,0.775763,0.760101
MOT20,V002,937,S_r,319,285,0,0.216652,0.502504,-0.809909,0.978008,0.922330,0.946099
MOT20,V002,941,S_h,350,280,0,0.887638,0.013857,-1.071178,0.998062,0.246183,0.836364
MOT20,V002,942,S_h,320,4,0,0.333094,0.196018,-1.235343,0.990812,0.515502,0.733926
MOT20,V002,947,S_h,320,55,0,0.360349,0.439964,-0.652606,0.992151,0.867406,0.979070
MOT20,V002,954,S_c,355,55,0,0.329617,0.286478,-0.874480,0.990622,0.666253,0.925355
MOT20,V002,967,S_r,236,257,0,0.070316,0.545447,-0.799866,0.801559,0.950934,0.948876
MOT20,V002,974,S_c,364,254,0,0.438856,0.352018,-0.984738,0.994590,0.762976,0.880099
MOT20,V002,985,S_c,367,3,0,0.891736,0.002010,-1.084950,0.998080,0.229884,0.828782
MOT20,V002,1000,S_c,370,55,0,0.345426,0.261616,-0.980042,0.991464,0.625590,0.882359
MOT20,V002,1001,S_r,324,15,0,0.124775,0.210204,-1.485316,0.931173,0.539452,0.535852
MOT20,V002,1005,S_r,247,273,0,0.118695,0.028554,-1.346481,0.923855,0.264513,0.652138
MOT20,V002,1015,S_r,368,15,0,0.146702,0.278031,-1.315544,0.950439,0.652679,0.676001
MOT20,V002,1025,S_r,299,55,0,0.048239,0.643202,-0.499556,0.649001,0.988619,0.993542
MOT20,V002,1040,S_r,371,13,0,0.092493,0.517908,-0.839430,0.877084,0.933430,0.937190
MOT20,V002,1041,S_h,370,177,0,0.097902,0.520643,-0.875088,0.889429,0.935291,0.925149
MOT20,V002,1051,S_h,324,183,0,0.925118,0.000000,-1.043108,0.998195,0.226412,0.851223
MOT20,V002,1053,S_r,370,285,0,0.296647,0.702554,0.050193,0.988436,0.997872,0.999731
MOT20,V002,1057,S_h,319,285,0,0.348898,0.576744,-0.622069,0.991637,0.967001,0.983378
MOT20,V002,1058,S_r,324,55,0,0.096939,0.000648,-1.877648,0.887324,0.227647,0.159661
MOT20,V002,1058,S_h,215,177,0,0.311534,0.440438,-0.529098,0.989530,0.867896,0.992012
MOT20,V002,1068,S_h,375,55,0,0.768636,0.000000,-1.211396,0.997598,0.226412,0.749938
MOT20,V002,1068,S_r,285,277,0,0.025179,0.000000,-1.959136,0.311742,0.226412,0.017719
MOT20,V002,1072,S_r,350,277,0,0.228904,0.633755,-0.137342,0.980344,0.986447,0.999315
MOT20,V002,1080,S_r,358,6,0,0.092879,0.482500,-0.907713,0.878026,0.906563,0.912978
MOT20,V002,1080,S_r,340,294,0,0.030205,0.486702,-0.907713,0.404041,0.910086,0.912978
MOT20,V002,1095,S_c,381,285,0,0.378789,0.060661,-1.517046,0.992833,0.305271,0.508921
MOT20,V002,1147,S_r,215,281,0,0.057393,0.491741,-0.899918,0.726687,0.914086,0.915967
MOT20,V002,1173,S_c,388,283,0,0.992923,0.000000,-0.985334,0.998417,0.226412,0.879840
MOT20,V002,1189,S_c,391,281,0,0.725837,0.000572,-1.259972,0.997440,0.227517,0.716768
MOT20,V002,1225,S_r,340,4,0,0.100182,0.452068,-0.891893,0.894172,0.879381,0.919079
MOT20,V002,1225,S_r,320,294,0,0.050339,0.505518,-0.891893,0.669335,0.924594,0.919079
MOT20,V002,1240,S_c,397,55,0,0.318677,0.366567,-0.827776,0.989990,0.781816,0.940722
MOT20,V002,1241,S_c,398,32,0,0.378035,0.222505,-1.146551,0.992806,0.560264,0.791866
MOT20,V002,1299,S_r,170,12,0,0.023982,0.267196,-1.423706,0.288631,0.634792,0.588410
MOT20,V002,1300,S_c,406,32,0,0.464926,0.491352,-0.671057,0.995110,0.913818,0.976181
MOT20,V002,1303,S_c,408,11,0,0.602505,0.000000,-1.391412,0.996755,0.226412,0.615299
MOT20,V002,1305,S_r,170,13,0,0.035112,0.277054,-1.391147,0.484597,0.651065,0.615548
MOT20,V002,1306,S_r,396,32,0,0.095600,0.361528,-1.127916,0.884364,0.775361,0.803491
MOT20,V002,1306,S_r,406,33,0,0.038039,0.484583,-0.919767,0.527803,0.908348,0.908283
MOT20,V002,1317,S_r,250,21,0,0.041488,0.159562,-1.634565,0.573429,0.454700,0.407201
MOT20,V002,1323,S_c,417,13,0,0.850282,0.022298,-0.834089,0.997922,0.256869,0.938828
MOT20,V002,1324,S_r,170,14,0,0.063908,0.256617,-1.348381,0.768463,0.617397,0.650540
MOT20,V002,1324,S_r,365,178,0,0.059793,0.560175,-0.784435,0.743088,0.959038,0.953095
MOT20,V002,1326,S_r,409,47,0,0.142651,0.799003,-0.023350,0.947417,0.999866,0.999647
MOT20,V002,1327,S_h,415,47,0,0.395443,0.305214,-0.929135,0.993429,0.695679,0.904531
MOT20,V002,1329,S_r,418,32,0,0.031429,0.587405,-0.745006,0.425129,0.971564,0.962574
MOT20,V002,1335,S_c,420,12,0,0.917612,0.000000,-1.062950,0.998173,0.226412,0.840669
MOT20,V002,1337,S_h,396,32,0,0.289425,0.308813,-1.090386,0.987837,0.701225,0.825899
MOT20,V002,1352,S_r,419,35,0,0.097024,0.441821,-1.020663,0.887527,0.869285,0.862625
MOT20,V002,1352,S_r,423,61,0,0.048704,0.391787,-1.020663,0.653662,0.813094,0.862625
MOT20,V002,1366,S_c,427,14,0,1.000000,0.000000,-0.981722,1.000000,0.226412,0.881529
MOT20,V002,1429,S_r,428,9,0,0.046764,0.355266,-1.162360,0.633962,0.767234,0.781782
MOT20,V002,1429,S_r,441,10,0,0.081576,0.354034,-1.162360,0.845861,0.765606,0.781782
MOT20,V002,1431,S_r,406,32,0,0.072774,0.480476,-0.934407,0.812433,0.904896,0.902322
MOT20,V002,1431,S_r,396,33,0,0.131042,0.306174,-1.210653,0.937545,0.697189,0.750416
MOT20,V002,1437,S_r,417,12,0,0.033528,0.409223,-1.049834,0.459809,0.833861,0.847657
MOT20,V002,1437,S_r,420,13,0,0.069466,0.437949,-1.049834,0.797568,0.865337,0.847657
MOT20,V002,1442,S_r,430,43,0,0.253081,0.512811,-0.809558,0.984044,0.929863,0.946215
MOT20,V002,1461,S_r,324,55,0,0.045928,0.454405,-1.058785,0.624953,0.881615,0.842974
MOT20,V002,1461,S_r,397,183,0,0.011233,0.429650,-1.058785,0.064136,0.856711,0.842974
MOT20,V002,1463,S_r,440,177,0,0.015941,0.259014,-1.425864,0.137345,0.621323,0.586589
MOT20,V002,1472,S_r,458,64,0,0.067392,0.502633,-0.874330,0.787181,0.922433,0.925404
MOT20,V002,1472,S_r,444,65,0,0.102824,0.435421,-0.974403,0.899220,0.862747,0.884943
MOT20,V002,1474,S_h,416,40,0,0.659300,0.329389,-0.824319,0.997147,0.731714,0.941820
MOT20,V002,1484,S_h,461,38,0,0.333446,0.419331,-0.720279,0.990826,0.845416,0.967694
MOT20,V002,1495,S_r,421,38,0,0.550521,0.330840,-0.991494,0.996260,0.733766,0.876976
MOT20,V002,1508,S_c,474,37,0,0.348792,0.581129,-0.573569,0.991634,0.968911,0.988673
MOT20,V002,1521,S_r,395,48,0,0.211977,0.416608,-0.738153,0.976983,0.842400,0.964029
MOT20,V002,1522,S_h,442,36,0,0.231546,0.326116,-1.064125,0.980825,0.727033,0.840056
MOT20,V002,1527,S_r,478,48,0,0.143374,0.698632,-0.230288,0.947947,0.997547,0.998731
MOT20,V002,1529,S_r,458,39,0,0.049841,0.602983,-0.717293,0.664594,0.977562,0.968285
MOT20,V002,1529,S_r,431,64,0,0.063730,0.435702,-1.045181,0.767440,0.863005,0.850126
MOT20,V002,1531,S_h,395,43,0,0.252549,0.389085,-0.952930,0.983987,0.809732,0.894549
MOT20,V002,1533,S_h,430,40,0,0.484556,0.468709,-0.648920,0.995434,0.894897,0.979660
MOT20,V002,1535,S_r,442,38,0,0.142357,0.680268,-0.321255,0.947209,0.995540,0.997820
MOT20,V002,1542,S_h,432,36,0,0.256563,0.252240,-1.292802,0.984440,0.610073,0.692895
MOT20,V002,1561,S_r,395,62,0,0.116606,0.427299,-0.953044,0.921102,0.854165,0.894508
MOT20,V002,1562,S_c,486,73,0,0.462489,0.510984,-0.651869,0.995070,0.928589,0.979194
MOT20,V002,1569,S_r,489,43,0,0.364471,0.424302,-0.864339,0.992331,0.850891,0.928758
MOT20,V002,1571,S_r,481,73,0,0.434283,0.524949,0.601330,0.994472,0.938216,0.999984
MOT20,V002,1598,S_r,489,36,0,0.008766,0.447498,-1.077553,0.035372,0.874977,0.832856
MOT20,V002,1598,S_r,432,43,0,0.050833,0.493658,-0.904568,0.673793,0.915632,0.914218
MOT20,V002,1613,S_r,452,62,0,0.060929,0.533326,-0.790819,0.750443,0.943659,0.951396
MOT20,V002,1614,S_r,395,33,0,0.367637,0.552327,-0.295593,0.992453,0.954795,0.998111
MOT20,V002,1614,S_r,396,43,0,0.085613,0.698831,-0.295593,0.858436,0.997565,0.998111
MOT20,V002,1617,S_c,505,46,0,0.438338,0.322182,-0.681141,0.994575,0.721195,0.974608
MOT20,V002,1617,S_c,504,76,0,0.350530,0.160123,-1.133581,0.991710,0.455642,0.800004
MOT20,V002,1629,S_r,486,76,0,0.025206,0.447243,-1.057101,0.312252,0.874703,0.843879
MOT20,V002,1629,S_r,504,88,0,0.051684,0.418766,-1.057101,0.681366,0.844783,0.843879
MOT20,V002,1630,S_h,478,61,0,0.485365,0.473653,-0.467233,0.995454,0.899190,0.994725
MOT20,V002,1636,S_c,515,180,0,0.353128,0.529255,-0.739541,0.991827,0.941026,0.963726
MOT20,V002,1648,S_r,515,75,0,0.324868,0.480253,-0.779570,0.990342,0.904701,0.954279
MOT20,V002,1651,S_r,385,59,0,0.080347,0.514277,-0.790443,0.841638,0.930941,0.951482
MOT20,V002,1651,S_r,379,70,0,0.026291,0.500315,-0.889789,0.332899,0.920718,0.919821
MOT20,V002,1653,S_r,437,61,0,0.094789,0.491502,-0.905583,0.882480,0.913924,0.913801
MOT20,V002,1656,S_r,511,61,0,0.049107,0.471643,-0.842635,0.657556,0.897442,0.936092
MOT20,V002,1661,S_r,513,31,0,0.054759,0.722887,-0.188549,0.706935,0.998856,0.999030
MOT20,V002,1661,S_r,498,180,0,0.073043,0.379477,-1.121559,0.813564,0.797969,0.807265
MOT20,V002,1666,S_r,403,34,0,0.109492,0.741103,-0.387344,0.910663,0.999286,0.996764
MOT20,V002,1670,S_h,506,180,0,0.421382,0.330630,-1.041060,0.994162,0.733480,0.852292
MOT20,V002,1671,S_r,511,42,0,0.033216,0.560445,-0.838371,0.454683,0.959182,0.937531
MOT20,V002,1671,S_r,437,61,0,0.114220,0.557872,-0.665279,0.917820,0.957795,0.977111
MOT20,V002,1677,S_r,498,180,0,0.031010,0.411762,-1.076547,0.417904,0.836848,0.833409
MOT20,V002,1678,S_h,520,88,0,0.246574,0.099478,-1.445888,0.983229,0.360191,0.569558
MOT20,V002,1696,S_r,494,88,0,0.034513,0.449038,-0.999688,0.475371,0.876509,0.873013
MOT20,V002,1696,S_r,520,111,0,0.088627,0.428134,-0.999688,0.866974,0.855081,0.873013
MOT20,V002,1706,S_h,439,48,0,0.397753,0.256076,-0.960667,0.993498,0.616501,0.891178
MOT20,V002,1713,S_c,540,9,0,0.371918,0.156808,-1.375365,0.992590,0.450270,0.628693
MOT20,V002,1732,S_r,431,39,0,0.024563,0.515369,-0.919701,0.299869,0.931721,0.908304
MOT20,V002,1735,S_h,458,64,0,0.427495,0.541232,-0.590763,0.994317,0.948448,0.986922
MOT20,V002,1746,S_r,550,48,0,0.406615,0.412595,-0.536461,0.993754,0.837787,0.991589
MOT20,V002,1749,S_c,554,75,0,0.326406,0.430023,-0.872074,0.990441,0.857102,0.926161
MOT20,V002,1752,S_r,550,45,0,0.089536,0.552187,-0.786281,0.869428,0.954712,0.952606
MOT20,V002,1757,S_c,557,78,0,0.281633,0.339506,-1.111819,0.987122,0.745887,0.813306
MOT20,V002,1759,S_h,447,48,0,0.361325,0.462866,-0.783623,0.992194,0.889579,0.953308
MOT20,V002,1776,S_r,431,42,0,0.121447,0.621953,-0.555597,0.927301,0.983469,0.990251
MOT20,V002,1777,S_c,565,39,0,0.434615,0.471338,-0.451435,0.994480,0.897170,0.995231
MOT20,V002,1783,S_c,568,80,0,0.442169,0.354982,-0.902271,0.994657,0.766872,0.915088
MOT20,V002,1799,S_r,546,81,0,0.021597,0.527885,-0.911229,0.242608,0.940156,0.911611
MOT20,V002,1799,S_r,549,96,0,0.032315,0.501660,-0.933697,0.439870,0.921726,0.902623
MOT20,V002,1802,S_c,573,33,0,0.442153,0.554790,-0.613381,0.994657,0.956107,0.984340
MOT20,V002,1803,S_h,556,66,0,0.284188,0.346653,-0.912265,0.987349,0.755792,0.911245
MOT20,V002,1803,S_r,492,75,0,0.046086,0.458239,-1.047841,0.626652,0.885254,0.848671
MOT20,V002,1803,S_r,554,86,0,0.014890,0.432943,-1.047841,0.119386,0.860138,0.848671
MOT20,V002,1809,S_r,480,180,0,0.126718,0.376962,-1.010938,0.933305,0.794896,0.867430
MOT20,V002,1811,S_c,579,70,0,0.335422,0.316902,-0.991546,0.990944,0.713437,0.876942
MOT20,V002,1814,S_c,581,35,0,0.508181,0.479127,-0.441038,0.995761,0.903760,0.995569
MOT20,V002,1814,S_r,510,173,0,0.253434,0.538820,-0.049648,0.984089,0.946999,0.999601
MOT20,V002,1821,S_h,480,179,0,0.387108,0.519592,-0.375342,0.993129,0.934607,0.997002
MOT20,V002,1822,S_r,531,53,0,0.037327,0.487701,-0.923169,0.517550,0.910882,0.906885
MOT20,V002,1822,S_r,530,74,0,0.036575,0.515228,-0.923169,0.506562,0.931626,0.906885
MOT20,V002,1825,S_c,586,180,0,0.476634,0.201192,-0.990591,0.995316,0.524143,0.877420
MOT20,V002,1826,S_c,587,33,0,0.548352,0.243384,-1.010340,0.996232,0.595195,0.867716
MOT20,V002,1826,S_r,486,49,0,0.122416,0.427408,-0.940057,0.928434,0.854281,0.900046
MOT20,V002,1826,S_r,480,76,0,0.036944,0.581347,-0.725166,0.512036,0.968993,0.966757
MOT20,V002,1828,S_h,424,42,0,0.318976,0.423163,-0.799338,0.990002,0.849624,0.949032
MOT20,V002,1830,S_r,586,72,0,0.119582,0.403091,-0.999023,0.925004,0.826665,0.873310
MOT20,V002,1831,S_r,556,56,0,0.128472,0.453145,-0.885819,0.935046,0.880392,0.921266
MOT20,V002,1832,S_r,586,50,0,0.041949,0.345952,-1.215979,0.579213,0.754819,0.746787
MOT20,V002,1832,S_r,516,72,0,0.053914,0.370710,-1.166597,0.700271,0.787021,0.779117
MOT20,V002,1832,S_c,592,180,0,0.456371,0.431361,-0.730909,0.994952,0.858480,0.965585
MOT20,V002,1834,S_c,593,66,0,0.489660,0.405765,-0.852487,0.995517,0.829852,0.932829
MOT20,V002,1835,S_r,568,81,0,0.046553,0.524830,-0.793733,0.631712,0.938127,0.950586
MOT20,V002,1841,S_h,589,97,0,0.286117,0.407440,-0.926524,0.987541,0.831776,0.905565
MOT20,V002,1842,S_r,546,80,0,0.122371,0.598044,-0.702750,0.928377,0.975731,0.970913
MOT20,V002,1843,S_h,571,118,0,0.225156,0.600684,-0.653519,0.979651,0.976731,0.978920
MOT20,V002,1844,S_r,510,113,0,0.024039,0.659018,-0.305916,0.289708,0.992046,0.998008
MOT20,V002,1845,S_r,419,42,0,0.111485,0.636301,-0.371892,0.913762,0.987070,0.997067
MOT20,V002,1845,S_r,595,56,0,0.433565,0.539196,-0.151791,0.994453,0.947239,0.999239
MOT20,V002,1845,S_r,424,70,0,0.155828,0.457490,-0.929517,0.956325,0.884558,0.904381
MOT20,V002,1845,S_h,563,173,0,0.429472,0.298452,-0.959989,0.994364,0.685218,0.891463
MOT20,V002,1847,S_h,395,80,0,0.281783,0.668049,-0.360449,0.987140,0.993705,0.997260
MOT20,V002,1848,S_c,597,48,0,0.610883,0.334292,-0.858863,0.996808,0.738627,0.930672
MOT20,V002,1852,S_c,598,176,0,0.475633,0.518636,-0.719382,0.995298,0.933931,0.967874
MOT20,V002,1853,S_r,179,118,0,0.089212,0.684206,-0.465865,0.868554,0.996059,0.994780
MOT20,V002,1856,S_r,531,180,0,0.507231,0.321190,-0.415642,0.995749,0.719780,0.996189
MOT20,V002,1857,S_h,592,53,0,0.367465,0.340034,-0.918437,0.992447,0.746606,0.908837
MOT20,V002,1860,S_h,584,81,0,0.361468,0.589433,-0.533189,0.992202,0.972390,0.991772
MOT20,V002,1861,S_r,405,97,0,0.072023,0.416155,-1.092640,0.809185,0.841853,0.824634
MOT20,V002,1862,S_h,589,18,0,0.488764,0.411611,-0.636594,0.995504,0.836683,0.981450
MOT20,V002,1865,S_r,531,179,0,0.178663,0.442514,-0.977176,0.967215,0.870017,0.883685
MOT20,V002,1866,S_r,520,75,0,0.029531,0.480797,-0.966743,0.392097,0.905150,0.888477
MOT20,V002,1866,S_r,492,111,0,0.028622,0.620046,-0.681882,0.375776,0.982947,0.974485
MOT20,V002,1879,S_r,598,120,0,0.071218,0.380527,-1.046551,0.805651,0.799278,0.849339
MOT20,V002,1879,S_r,365,176,0,0.262866,0.506172,-0.836513,0.985190,0.925073,0.938125
MOT20,V002,1881,S_h,545,180,0,0.457082,0.349516,-0.786120,0.994966,0.759597,0.952651
MOT20,V002,1883,S_c,609,176,0,0.361702,0.364236,-0.703630,0.992213,0.778826,0.970763
MOT20,V002,1886,S_r,531,52,0,0.379729,0.384196,0.331506,0.992861,0.803803,0.999906
MOT20,V002,1890,S_h,545,179,0,0.485187,0.350525,-0.678574,0.995452,0.760962,0.974985
MOT20,V002,1891,S_h,395,81,0,0.398139,0.421711,-0.587635,0.993508,0.848022,0.987273
MOT20,V002,1902,S_r,453,19,0,0.022486,0.702753,-0.539077,0.259786,0.997890,0.991424
MOT20,V002,1907,S_c,621,18,0,0.403075,0.448849,-0.542117,0.993658,0.876326,0.991241
MOT20,V002,1907,S_c,622,105,0,0.320901,0.362345,-0.883847,0.990119,0.776401,0.922022
MOT20,V002,1918,S_c,628,180,0,0.496706,0.349373,-0.835013,0.995610,0.759401,0.938565
MOT20,V002,1921,S_r,599,19,0,0.089378,0.435628,-1.022042,0.869004,0.862932,0.861965
MOT20,V002,1921,S_r,453,174,0,0.055736,0.397216,-1.022042,0.714530,0.819604,0.861965
MOT20,V002,1922,S_c,631,80,0,0.198313,0.579446,-0.640238,0.973603,0.968170,0.980915
MOT20,V002,1924,S_r,632,189,0,0.214576,0.516025,-0.806522,0.977562,0.932148,0.947056
MOT20,V002,1930,S_r,568,116,0,0.038265,0.463290,-0.984151,0.530947,0.889991,0.880351
MOT20,V002,1930,S_r,610,125,0,0.045079,0.469214,-0.984151,0.615642,0.895307,0.880351
MOT20,V002,1932,S_r,545,76,0,0.122892,0.488524,-0.857202,0.929008,0.911558,0.931224
MOT20,V002,1932,S_r,557,77,0,0.255172,0.577304,-0.164413,0.984289,0.967267,0.999176
MOT20,V002,1934,S_h,480,76,0,0.136855,0.676184,-0.480985,0.942746,0.994983,0.994282
MOT20,V002,1936,S_h,521,77,0,0.478022,0.477815,-0.379542,0.995331,0.902679,0.996929
MOT20,V002,1936,S_r,407,158,0,0.132973,0.468298,-0.858267,0.939313,0.894517,0.930894
MOT20,V002,1937,S_r,557,72,0,0.124657,0.624556,-0.262692,0.931046,0.984141,0.998451
MOT20,V002,1938,S_h,516,77,0,0.350557,0.578154,-0.326002,0.991712,0.967625,0.997757
MOT20,V002,1938,S_r,521,78,0,0.393241,0.488776,-0.498386,0.993359,0.911764,0.993584
MOT20,V002,1939,S_c,638,83,0,0.475632,0.410664,-0.568627,0.995298,0.835591,0.989158
MOT20,V002,1940,S_r,597,56,0,0.009156,0.355563,-1.255417,0.039389,0.767588,0.720026
MOT20,V002,1940,S_c,639,101,0,0.387882,0.375979,-0.743430,0.993156,0.793667,0.962917
MOT20,V002,1940,S_r,589,114,0,0.141553,0.551983,-0.613210,0.946566,0.954594,0.984367
MOT20,V002,1945,S_h,516,78,0,0.415177,0.466875,-0.455901,0.994020,0.893251,0.995109
MOT20,V002,1955,S_c,648,89,0,0.409191,0.484871,-0.496393,0.993837,0.908585,0.993676
MOT20,V002,1961,S_h,645,85,0,0.381202,0.367551,-0.958918,0.992916,0.783049,0.891952
MOT20,V002,1964,S_h,647,77,0,0.321708,0.347475,-0.966325,0.990172,0.756884,0.888664
MOT20,V002,1965,S_r,647,98,0,0.242680,0.433507,-0.945088,0.982624,0.860724,0.897872
MOT20,V002,1965,S_r,568,109,0,0.041156,0.495799,-0.955705,0.569294,0.917266,0.893328
MOT20,V002,1973,S_r,536,78,0,0.375139,0.499376,-0.753132,0.992692,0.919990,0.960707
MOT20,V002,1975,S_h,516,85,0,0.289867,0.552131,-0.614601,0.987885,0.954684,0.984205
MOT20,V002,1981,S_r,501,77,0,0.216651,0.641868,-0.535371,0.978008,0.988327,0.991655
MOT20,V002,1981,S_h,520,100,0,0.386578,0.489118,-0.790485,0.993111,0.912040,0.951472
MOT20,V002,1987,S_r,631,78,0,0.051913,0.510608,-0.893963,0.683347,0.928319,0.918263
MOT20,V002,1987,S_r,536,79,0,0.106009,0.701196,-0.424188,0.904988,0.997765,0.995980
MOT20,V002,1988,S_r,470,50,0,0.326172,0.478289,-0.837906,0.990427,0.903047,0.937669
MOT20,V002,1989,S_h,628,94,0,0.414838,0.314487,-0.864158,0.994010,0.709835,0.928822
MOT20,V002,1991,S_h,462,187,0,0.364107,0.286367,-0.954783,0.992321,0.666083,0.893755
MOT20,V002,1995,S_r,592,107,0,0.049908,0.477274,-0.647202,0.665243,0.902226,0.979869
MOT20,V002,1996,S_h,645,83,0,0.342152,0.316142,-1.114162,0.991282,0.712291,0.811827
MOT20,V002,1996,S_r,638,85,0,0.101330,0.311138,-1.241948,0.896427,0.704752,0.729466
MOT20,V002,1997,S_c,661,53,0,0.512511,0.468240,-0.524348,0.995824,0.894461,0.992258
MOT20,V002,1997,S_r,641,173,0,0.255725,0.649501,-0.223790,0.984341,0.989960,0.998780
MOT20,V002,1998,S_h,657,80,0,0.476243,0.336155,-0.695131,0.995308,0.741243,0.972345
MOT20,V002,1998,S_c,662,116,0,0.453271,0.406323,-0.669795,0.994885,0.830499,0.976373
MOT20,V002,2000,S_r,520,74,0,0.030448,0.569935,-0.725037,0.408232,0.963920,0.966784
MOT20,V002,2000,S_r,664,100,0,0.067540,0.702039,-0.520596,0.787967,0.997823,0.992461
MOT20,V002,2001,S_r,646,114,0,0.061885,0.583805,-0.776965,0.756348,0.970062,0.954902
MOT20,V002,2003,S_h,589,114,0,0.293109,0.658940,0.392269,0.988153,0.992029,0.999933
MOT20,V002,2003,S_r,630,116,0,0.354762,0.357776,-0.739862,0.991911,0.770462,0.963662
MOT20,V002,2004,S_r,592,187,0,0.481769,0.484306,-0.301269,0.995382,0.908108,0.998048
MOT20,V002,2006,S_r,554,80,0,0.043091,0.394935,-1.126536,0.592755,0.816900,0.804280
MOT20,V002,2007,S_r,669,94,0,0.120252,0.364143,-0.911622,0.925848,0.778697,0.911498
MOT20,V002,2007,S_r,662,109,0,0.065949,0.496484,-0.936122,0.779661,0.917806,0.901622
MOT20,V002,2007,S_r,568,116,0,0.044635,0.456441,-1.011744,0.610639,0.883549,0.867057
MOT20,V002,2010,S_h,628,86,0,0.302086,0.572989,-0.539231,0.988860,0.965312,0.991417
MOT20,V002,2012,S_c,672,100,0,0.328983,0.494156,-0.666452,0.990585,0.916016,0.976910
MOT20,V002,2012,S_r,664,107,0,0.024946,0.485464,-0.929589,0.307245,0.909065,0.904352
MOT20,V002,2013,S_h,638,189,0,0.130427,0.539849,-0.750678,0.936939,0.947623,0.961250
MOT20,V002,2014,S_h,646,121,0,0.362784,0.166727,-1.216366,0.992257,0.466436,0.746515
MOT20,V002,2017,S_r,610,121,0,0.027352,0.375313,-1.095160,0.352503,0.792821,0.823183
MOT20,V002,2017,S_r,646,125,0,0.096593,0.405581,-1.095160,0.886560,0.829649,0.823183
MOT20,V002,2022,S_c,673,75,0,0.744307,0.105901,-0.741836,0.997517,0.370003,0.963268
MOT20,V002,2022,S_r,563,179,0,0.298487,0.575883,-0.563995,0.988584,0.966591,0.989569
MOT20,V002,2027,S_h,670,180,0,0.391554,0.561501,-0.704322,0.993291,0.959722,0.970638
MOT20,V002,2050,S_r,546,121,0,0.090208,0.546336,-0.726392,0.871289,0.951428,0.966529
MOT20,V002,2050,S_r,610,122,0,0.083002,0.554062,-0.726392,0.850453,0.955714,0.966529
MOT20,V002,2054,S_r,686,85,0,0.032922,0.399944,-1.145500,0.449914,0.822884,0.792519
MOT20,V002,2063,S_r,641,79,0,0.360671,0.543938,-0.687457,0.992167,0.950074,0.973592
MOT20,V002,2063,S_r,440,119,0,0.013926,0.576002,-0.757910,0.103544,0.966659,0.959589
MOT20,V002,2068,S_c,693,172,0,0.717460,0.273303,-0.853863,0.997413,0.644865,0.932386
MOT20,V002,2070,S_c,695,180,0,0.181675,0.581868,-0.696204,0.968323,0.969227,0.972111
MOT20,V002,2073,S_r,664,79,0,0.153841,0.513535,-0.764060,0.955135,0.930425,0.958135
MOT20,V002,2073,S_r,453,97,0,0.011802,0.527203,-0.923704,0.071832,0.939728,0.906696
MOT20,V002,2073,S_r,641,107,0,0.066084,0.682939,-0.484869,0.780385,0.995908,0.994145
MOT20,V002,2073,S_r,405,174,0,0.029320,0.507970,-0.923704,0.388438,0.926387,0.906696
MOT20,V002,2073,S_r,365,177,0,0.138982,0.491685,-0.848931,0.944519,0.914045,0.934035
MOT20,V002,2073,S_r,440,178,0,0.020094,0.518135,-0.845112,0.213608,0.933593,0.935254
MOT20,V002,2080,S_r,609,119,0,0.015932,0.257170,-1.441596,0.137203,0.618308,0.573305
MOT20,V002,2082,S_c,701,176,0,0.392492,0.447285,-0.901777,0.993327,0.874756,0.915282
MOT20,V002,2084,S_c,704,159,0,0.294472,0.277222,-1.077776,0.988250,0.651343,0.832734
MOT20,V002,2084,S_r,702,160,0,0.108747,0.443638,-0.769942,0.909508,0.871160,0.956727
MOT20,V002,2085,S_c,705,83,0,0.496791,0.345160,-0.746681,0.995611,0.753719,0.962182
MOT20,V002,2086,S_h,700,18,0,0.149215,0.349824,-1.080044,0.952145,0.760022,0.831486
MOT20,V002,2086,S_r,592,79,0,0.054803,0.442196,-1.032634,0.707275,0.869674,0.856591
MOT20,V002,2087,S_h,621,18,0,0.092531,0.413350,-0.990308,0.877187,0.838660,0.877546
MOT20,V002,2087,S_c,707,180,0,0.385318,0.183310,-1.231121,0.993071,0.494002,0.736814
MOT20,V002,2090,S_c,709,179,0,0.630269,0.283305,-0.849988,0.996950,0.661268,0.933664
MOT20,V002,2092,S_h,664,187,0,0.338844,0.376770,-0.707987,0.991130,0.794662,0.969967
MOT20,V002,2098,S_r,365,176,0,0.044818,0.546808,-0.828083,0.612648,0.951687,0.940634
MOT20,V002,2098,S_r,701,177,0,0.092251,0.339700,-1.233342,0.876493,0.746159,0.735268
MOT20,V002,2099,S_c,715,127,0,0.483031,0.288679,-0.739946,0.995402,0.669799,0.963644
MOT20,V002,2101,S_r,711,18,0,0.080476,0.885282,-0.012937,0.842089,0.999996,0.999664
MOT20,V002,2102,S_c,716,161,0,0.320626,0.444659,-0.689290,0.990107,0.872158,0.973283
MOT20,V002,2105,S_h,621,18,0,0.458043,0.419301,-0.777957,0.994991,0.845381,0.954669
MOT20,V002,2111,S_r,699,101,0,0.195121,0.621201,-0.149350,0.972717,0.983256,0.999247
MOT20,V002,2114,S_h,639,101,0,0.746624,0.164841,-0.999113,0.997527,0.463357,0.873267
MOT20,V002,2116,S_h,707,179,0,0.567210,0.356576,-0.525552,0.996415,0.768907,0.992209
MOT20,V002,2117,S_h,699,100,0,0.153112,0.261948,-1.264366,0.954673,0.626119,0.713670
MOT20,V002,2118,S_r,699,101,0,0.074075,0.527051,-0.581292,0.817945,0.939623,0.987918
MOT20,V002,2119,S_h,639,100,0,0.547320,0.438998,-0.700459,0.996224,0.866416,0.971371
MOT20,V002,2132,S_r,664,177,0,0.124993,0.749849,-0.035675,0.931406,0.999440,0.999626
MOT20,V002,2133,S_h,701,177,0,0.120261,0.354848,-1.098661,0.925859,0.766689,0.821077
MOT20,V002,2137,S_h,726,176,0,0.231403,0.517787,-0.801838,0.980799,0.933340,0.948347
MOT20,V002,2139,S_r,621,106,0,0.119439,0.628017,-0.597487,0.924799,0.985064,0.986192
MOT20,V002,2139,S_h,709,180,0,0.295886,0.602339,-0.584875,0.988375,0.977328,0.987536
MOT20,V002,2140,S_r,727,97,0,0.035722,0.617381,-0.633962,0.493782,0.982139,0.981799
MOT20,V002,2140,S_r,621,105,0,0.437167,0.451621,-0.276957,0.994539,0.878972,0.998302
MOT20,V002,2140,S_h,455,106,0,0.165604,0.668651,-0.276957,0.961571,0.993789,0.998302
MOT20,V002,2140,S_r,527,177,0,0.102435,0.402074,-1.055183,0.898504,0.825417,0.844854
MOT20,V002,2140,S_r,701,187,0,0.572229,0.423918,-0.366410,0.996467,0.850450,0.997158
MOT20,V002,2142,S_h,365,176,0,0.196871,0.524272,-0.820772,0.973234,0.937763,0.942891
MOT20,V002,2143,S_h,622,105,0,0.129250,0.721790,-0.372444,0.935805,0.998827,0.997057
MOT20,V002,2144,S_r,621,105,0,0.394485,0.557545,-0.547640,0.993403,0.957605,0.990856
MOT20,V002,2144,S_r,726,113,0,0.111589,0.582424,-0.615822,0.913913,0.969471,0.984059
MOT20,V002,2144,S_r,510,185,0,0.111777,0.682214,-0.457883,0.914209,0.995820,0.995042
MOT20,V002,2150,S_r,405,97,0,0.047925,0.418829,-0.985811,0.645838,0.844858,0.879625
MOT20,V002,2150,S_r,727,174,0,0.072898,0.474538,-0.985811,0.812941,0.899917,0.879625
MOT20,V002,2151,S_r,726,176,0,0.090703,0.661763,-0.273297,0.872602,0.992576,0.998350
MOT20,V002,2155,S_r,365,112,0,0.032148,0.531300,-0.855576,0.437147,0.942376,0.931775
MOT20,V002,2155,S_h,510,176,0,0.501136,0.339944,-0.842488,0.995673,0.746476,0.936148
MOT20,V002,2156,S_r,365,185,0,0.184221,0.427249,-0.835599,0.969208,0.854113,0.938380
MOT20,V002,2164,S_c,735,189,0,0.547711,0.217297,-1.098506,0.996229,0.551521,0.821170
MOT20,V002,2184,S_c,739,112,0,0.374335,0.087866,-1.409917,0.992669,0.342936,0.600115
MOT20,V002,2185,S_r,738,128,0,0.112425,0.558204,-0.589892,0.915188,0.957974,0.987018
MOT20,V002,2185,S_r,726,173,0,0.484433,0.397069,-0.104252,0.995431,0.819413,0.999437
MOT20,V002,2188,S_c,740,113,0,0.399891,0.196145,-0.971799,0.993553,0.515721,0.886127
MOT20,V002,2191,S_h,734,141,0,0.405534,0.467248,-0.554193,0.993729,0.893588,0.990363
MOT20,V002,2192,S_r,707,79,0,0.147208,0.572900,-0.378812,0.950768,0.965274,0.996941
MOT20,V002,2194,S_r,742,120,0,0.126120,0.644246,-0.405954,0.932671,0.988837,0.996404
MOT20,V002,2194,S_r,527,176,0,0.046440,0.407863,-1.123694,0.630471,0.832272,0.805990
MOT20,V002,2194,S_h,570,177,0,0.411051,0.474001,-0.692945,0.993904,0.899479,0.972702
MOT20,V002,2195,S_c,743,85,0,0.691820,0.236303,-0.728683,0.997303,0.583447,0.966042
MOT20,V002,2195,S_h,598,120,0,0.294441,0.655063,-0.551977,0.988248,0.991187,0.990533
MOT20,V002,2202,S_h,719,177,0,0.537897,0.239752,-0.683634,0.996126,0.589165,0.974197
MOT20,V002,2203,S_c,745,185,0,0.846648,0.104881,-0.476222,0.997908,0.368427,0.994434
MOT20,V002,2204,S_r,715,128,0,0.379850,0.571321,-0.409450,0.992865,0.964562,0.996328
MOT20,V002,2205,S_h,738,128,0,0.132115,0.560114,-0.528698,0.938548,0.958998,0.992028
MOT20,V002,2228,S_r,727,115,0,0.546545,0.116594,-1.105035,0.996216,0.386375,0.817333
MOT20,V002,2241,S_c,752,174,0,0.337721,0.639293,-0.410650,0.991077,0.987765,0.996304
MOT20,V002,2244,S_r,641,187,0,0.052276,0.536764,-0.569545,0.686453,0.945763,0.989057
MOT20,V002,2246,S_r,702,99,0,0.113135,0.358835,-0.540050,0.916236,0.771823,0.991371
MOT20,V002,2246,S_r,539,160,0,0.362612,0.625368,-0.540050,0.992252,0.984365,0.991371
MOT20,V002,2247,S_r,701,187,0,0.258260,0.587567,-0.154173,0.984662,0.971624,0.999230
MOT20,V002,2249,S_h,641,187,0,0.472343,0.000000,-1.468996,0.995242,0.226412,0.549916
MOT20,V002,2252,S_c,754,168,0,0.990931,0.000000,-0.913238,0.998408,0.226412,0.910897
MOT20,V002,2278,S_c,765,174,0,0.263684,0.089256,-1.484887,0.985299,0.344895,0.536198
MOT20,V002,2281,S_c,768,122,0,0.464698,0.217797,-0.916668,0.995106,0.552339,0.909506
MOT20,V002,2286,S_r,740,112,0,0.046752,0.470686,-0.948851,0.633826,0.896599,0.896288
MOT20,V002,2286,S_r,739,113,0,0.030628,0.503084,-0.948851,0.411330,0.922772,0.896288
MOT20,V002,2311,S_r,769,120,0,0.022669,0.546758,-0.842634,0.263279,0.951653,0.936093
MOT20,V002,2327,S_c,781,119,0,0.684987,0.104524,-0.858993,0.997269,0.367877,0.930627
MOT20,V002,2338,S_c,782,120,0,0.498215,0.151697,-1.050529,0.995626,0.441933,0.847263
MOT20,V002,2360,S_r,671,177,0,0.046000,0.415597,-1.114458,0.625726,0.841255,0.811625
MOT20,V002,2381,S_c,790,177,0,0.623569,0.324423,-0.737098,0.996898,0.724541,0.964294
MOT20,V002,2386,S_r,781,120,0,0.067036,0.213680,-1.466308,0.785385,0.545314,0.552283
MOT20,V002,2462,S_h,801,92,0,0.171981,0.404704,-0.936463,0.964484,0.828594,0.901500
MOT20,V002,2502,S_r,407,116,0,0.073424,0.545423,-0.588008,0.815140,0.950915,0.987238
MOT20,V002,2503,S_r,671,159,0,0.589482,0.078993,-1.250770,0.996629,0.330446,0.723356
MOT20,V002,2505,S_c,807,172,0,0.680256,0.162810,-1.078005,0.997252,0.460026,0.832602
MOT20,V002,2508,S_r,734,125,0,0.027297,0.496528,-0.980437,0.351527,0.917843,0.882177
MOT20,V002,2508,S_r,646,141,0,0.015220,0.480518,-0.980437,0.124821,0.904936,0.882177
MOT20,V002,2531,S_c,816,117,0,0.666570,0.093279,-1.176643,0.997185,0.350718,0.772671
MOT20,V002,2535,S_r,691,92,0,0.011353,0.529383,-0.923555,0.065711,0.941120,0.906753
MOT20,V002,2538,S_c,818,131,0,0.320190,0.399397,-0.758920,0.990088,0.822262,0.959328
MOT20,V002,2547,S_r,807,131,0,0.116664,0.539964,-0.831010,0.921173,0.947691,0.939770
MOT20,V002,2547,S_r,818,172,0,0.030556,0.426615,-0.988278,0.410086,0.853416,0.878486
MOT20,V002,2564,S_r,646,128,0,0.216363,0.441864,-0.516033,0.977946,0.869323,0.992724
MOT20,V002,2585,S_r,829,141,0,0.114508,0.093199,-1.672061,0.918224,0.350607,0.375232
MOT20,V002,2596,S_c,831,172,0,0.408148,0.304521,-1.093219,0.993803,0.694653,0.824266
MOT20,V002,2597,S_r,828,177,0,0.617932,0.072866,-0.932317,0.996863,0.321847,0.903203
MOT20,V002,2602,S_c,833,128,0,0.786512,0.129356,-0.796586,0.997672,0.406295,0.949767
MOT20,V002,2604,S_r,790,177,0,0.198881,0.010735,-1.762487,0.973750,0.242257,0.295643
MOT20,V002,2617,S_h,646,122,0,0.497470,0.473380,-0.689985,0.995619,0.898964,0.973172
MOT20,V002,2618,S_r,835,138,0,0.139423,0.815263,0.019650,0.944889,0.999922,0.999709
MOT20,V002,2626,S_c,836,177,0,0.816816,0.096357,-1.007161,0.997800,0.355447,0.869250
MOT20,V002,2632,S_r,646,125,0,0.017004,0.584769,-0.789113,0.155923,0.970455,0.951827
MOT20,V002,2633,S_r,790,177,0,0.078161,0.109324,-1.611989,0.833964,0.375190,0.426600
MOT20,V002,2667,S_r,691,186,0,0.069458,0.645551,-0.622224,0.797518,0.989109,0.983356
MOT20,V002,2669,S_c,844,125,0,0.837547,0.019050,-0.994844,0.997878,0.252849,0.875328
MOT20,V002,2685,S_h,698,127,0,0.353277,0.563959,-0.486943,0.991837,0.960937,0.994058
MOT20,V002,2700,S_r,539,123,0,0.089197,0.495776,-0.913056,0.868512,0.917253,0.910960
MOT20,V002,2751,S_r,715,128,0,0.027563,0.468848,-0.238086,0.356357,0.895011,0.998661
MOT20,V002,2757,S_r,829,128,0,0.092190,0.616409,-0.291401,0.876353,0.981862,0.998154
MOT20,V002,2762,S_r,859,145,0,0.111131,0.542483,-0.474944,0.913219,0.949196,0.994471
MOT20,V003,69,S_h,941,535,0,0.555972,0.277076,-0.986315,0.996308,0.651099,0.879386
MOT20,V003,82,S_r,935,531,0,0.068616,0.522074,-0.409309,0.793384,0.936303,0.996334
MOT20,V003,83,S_h,923,531,0,0.319891,0.023639,-1.583817,0.990065,0.258553,0.450996
MOT20,V003,87,S_r,935,531,0,0.136226,0.070755,-1.573328,0.942215,0.318992,0.459999
MOT20,V003,141,S_r,974,517,0,0.126803,0.667348,-0.326719,0.933386,0.993589,0.997749
MOT20,V003,145,S_h,890,517,0,0.758504,0.000000,-1.230439,0.997569,0.226412,0.737270
MOT20,V003,151,S_r,981,522,0,0.157944,0.439009,-0.769643,0.957552,0.866424,0.956814
MOT20,V003,172,S_r,921,169,0,0.048531,0.000000,-1.924660,0.651945,0.226412,0.074251
MOT20,V003,235,S_r,1003,499,0,0.109419,0.611295,-0.289984,0.910551,0.980319,0.998168
MOT20,V003,242,S_h,902,30,0,0.996063,0.000000,-0.985306,0.998434,0.226412,0.879855
MOT20,V003,271,S_r,927,112,0,0.048235,0.222330,-1.476221,0.648963,0.559947,0.543730
MOT20,V003,291,S_h,943,30,0,1.000000,0.000000,-0.960047,1.000000,0.226412,0.891436
MOT20,V003,309,S_c,1029,110,0,0.547810,0.183212,-1.150626,0.996229,0.493831,0.789225
MOT20,V003,324,S_h,1020,168,0,0.441164,0.094988,-1.291358,0.994638,0.353321,0.693985
MOT20,V003,374,S_r,888,29,0,0.178979,0.654560,-0.007639,0.967339,0.991086,0.999669
MOT20,V003,385,S_r,1045,468,0,0.064215,0.243539,-1.411530,0.770257,0.595436,0.598725
MOT20,V003,432,S_c,1066,110,0,0.623857,0.334721,-0.801990,0.996900,0.739211,0.948306
MOT20,V003,433,S_r,1045,471,0,0.115070,0.762579,-0.122351,0.918987,0.999595,0.999378
MOT20,V003,437,S_h,878,471,0,0.160554,0.000000,-1.821831,0.959006,0.226412,0.234825
MOT20,V003,443,S_c,1069,9,0,0.708380,0.000000,-1.240204,0.997369,0.226412,0.730616
MOT20,V003,459,S_r,893,492,0,0.078257,0.020861,-1.857899,0.834294,0.255089,0.189282
MOT20,V003,632,S_r,869,110,0,0.057278,0.223320,-1.430871,0.725862,0.561644,0.582387
MOT20,V003,636,S_r,1112,83,0,0.097370,0.706161,-0.400617,0.888245,0.998122,0.996493
MOT20,V003,638,S_r,896,67,0,0.050685,0.695994,-0.253320,0.672461,0.997329,0.998533
MOT20,V003,641,S_c,1131,186,0,0.357160,0.030150,-1.581218,0.991997,0.266461,0.453187
MOT20,V003,707,S_h,959,81,0,0.277454,0.655225,-0.527809,0.986735,0.991223,0.992088
MOT20,V003,708,S_h,915,81,0,0.255073,0.548758,-0.471507,0.984279,0.952761,0.994584
MOT20,V003,726,S_r,1148,46,0,0.092345,0.484020,-0.832213,0.876724,0.907859,0.939397
MOT20,V003,734,S_c,1151,8,0,1.000000,0.000000,-0.975580,1.000000,0.226412,0.884435
MOT20,V003,750,S_r,1033,305,0,0.740045,0.088481,-0.774661,0.997492,0.343806,0.955510
MOT20,V003,782,S_r,866,186,0,0.072681,0.204486,-1.498179,0.812026,0.529777,0.525076
MOT20,V003,784,S_r,1154,305,0,0.119236,0.005416,-1.806418,0.924552,0.235044,0.251873
MOT20,V003,790,S_h,1131,186,0,0.504514,0.326688,-0.908317,0.995718,0.727838,0.912741
MOT20,V003,792,S_r,866,186,0,0.038434,0.541887,-0.499921,0.533257,0.948833,0.993524
MOT20,V003,796,S_h,1131,186,0,0.504526,0.388633,-0.814905,0.995718,0.809201,0.944605
MOT20,V003,812,S_r,866,186,0,0.054530,0.493163,-0.921111,0.705120,0.915218,0.907748
MOT20,V003,841,S_c,1176,6,0,0.822446,0.022289,-1.124620,0.997822,0.256857,0.805405
MOT20,V003,854,S_c,1180,5,0,0.380836,0.089574,-1.469198,0.992908,0.345357,0.549765
MOT20,V003,878,S_r,1177,290,0,0.014411,0.369318,-1.035864,0.111436,0.785218,0.855000
MOT20,V003,878,S_r,1185,421,0,0.208235,0.372173,-1.035864,0.976151,0.788889,0.855000
MOT20,V003,904,S_r,1189,277,0,0.067843,0.473214,-0.672124,0.789531,0.898809,0.976052
MOT20,V003,918,S_h,1022,49,0,0.185817,0.597678,-0.722014,0.969800,0.975613,0.967370
MOT20,V003,920,S_h,1006,49,0,0.286135,0.439465,-0.584941,0.987543,0.866913,0.987531
MOT20,V003,1052,S_r,1264,277,0,0.070238,0.000000,-1.897827,0.801184,0.226412,0.125022
MOT20,V003,1055,S_c,1266,3,0,0.631047,0.000000,-1.349123,0.996954,0.226412,0.649954
MOT20,V003,1078,S_h,1114,10,0,0.413959,0.430279,-0.850889,0.993990,0.857341,0.933353
MOT20,V003,1079,S_h,999,328,0,0.485859,0.454281,-0.839356,0.995460,0.881490,0.937211
MOT20,V003,1113,S_r,1284,274,0,0.233608,0.513407,-0.252985,0.981215,0.930323,0.998538
MOT20,V003,1114,S_c,1285,326,0,1.000000,0.000000,-0.969899,1.000000,0.226412,0.886952
MOT20,V003,1115,S_h,999,48,0,0.136764,0.334852,-1.179300,0.942663,0.739410,0.770941
MOT20,V003,1124,S_c,1288,323,0,0.573985,0.359782,-0.787380,0.996486,0.773064,0.952308
MOT20,V003,1142,S_r,1295,318,0,0.095426,0.196958,-0.774158,0.883936,0.517064,0.955641
MOT20,V003,1143,S_r,1266,45,0,0.015155,0.000000,-1.760444,0.123735,0.226412,0.297495
MOT20,V003,1145,S_r,1298,326,0,0.070347,0.619584,-0.310216,0.801694,0.982805,0.997953
MOT20,V003,1145,S_r,1055,428,0,0.205703,0.500732,-0.746830,0.975544,0.921048,0.962155
MOT20,V003,1146,S_c,1302,324,0,0.563751,0.130836,-1.239896,0.996387,0.408756,0.730804
MOT20,V003,1146,S_h,1083,328,0,0.191783,0.206941,-1.383216,0.971744,0.533914,0.622221
MOT20,V003,1146,S_r,1030,428,0,0.077689,0.483340,-0.965049,0.832236,0.907244,0.889223
MOT20,V003,1152,S_c,1309,277,0,0.759535,0.000000,-1.124129,0.997571,0.226412,0.805726
MOT20,V003,1155,S_h,1055,428,0,0.470465,0.318755,-0.847497,0.995207,0.716248,0.934469
MOT20,V003,1157,S_r,1030,12,0,0.473059,0.267623,-0.878159,0.995257,0.635475,0.924122
MOT20,V003,1157,S_r,1269,325,0,0.039095,0.415072,-1.107169,0.542326,0.840652,0.816119
MOT20,V003,1157,S_r,1094,428,0,0.294603,0.561611,-0.136281,0.988263,0.959782,0.999319
MOT20,V003,1160,S_h,1232,322,0,0.420445,0.385376,-0.792461,0.994137,0.805259,0.950930
MOT20,V003,1164,S_r,999,322,0,0.099847,0.570948,-0.557206,0.893497,0.964379,0.990120
MOT20,V003,1165,S_h,1091,313,0,0.394741,0.291255,-1.000475,0.993409,0.673853,0.872625
MOT20,V003,1166,S_r,1295,277,0,0.330102,0.533117,-0.327459,0.990648,0.943536,0.997732
MOT20,V003,1166,S_r,1309,318,0,0.089385,0.719938,-0.327459,0.869016,0.998758,0.997732
MOT20,V003,1167,S_r,1091,9,0,0.042801,0.607566,-0.353952,0.589422,0.979121,0.997343
MOT20,V003,1177,S_r,1055,325,0,0.173870,0.540860,-0.633419,0.965324,0.948227,0.981878
MOT20,V003,1182,S_h,1151,314,0,0.425670,0.424759,-0.620512,0.994271,0.851388,0.983547
MOT20,V003,1183,S_r,1055,314,0,0.148221,0.498606,-0.632033,0.951483,0.919417,0.982074
MOT20,V003,1183,S_r,1034,325,0,0.045885,0.362744,-0.988211,0.624490,0.776918,0.878511
MOT20,V003,1187,S_c,1324,274,0,0.401915,0.000000,-1.559042,0.993624,0.226412,0.472552
MOT20,V003,1209,S_r,1103,428,0,0.307196,0.125458,-1.343570,0.989242,0.400098,0.654477
MOT20,V003,1212,S_r,1254,319,0,0.085671,0.426397,-1.058504,0.858600,0.853173,0.843132
MOT20,V003,1213,S_h,1232,310,0,0.542838,0.225944,0.605056,0.996181,0.566057,0.999984
MOT20,V003,1217,S_r,1154,325,0,0.282762,0.267699,-1.210297,0.987219,0.635623,0.750650
MOT20,V003,1220,S_r,1343,319,0,0.224450,0.458738,-0.832091,0.979518,0.885753,0.939437
MOT20,V003,1220,S_c,1314,428,0,0.764030,0.064397,-1.096747,0.997585,0.310325,0.822212
MOT20,V003,1222,S_h,1103,310,0,0.393031,0.196516,-1.282938,0.993350,0.516326,0.700143
MOT20,V003,1235,S_r,1351,320,0,0.276905,0.548370,-0.453967,0.986677,0.952564,0.995164
MOT20,V003,1239,S_h,1351,319,0,0.547467,0.323138,-0.747004,0.996226,0.722656,0.962116
MOT20,V003,1239,S_h,1254,320,0,0.621226,0.307437,-0.841361,0.996885,0.699131,0.936534
MOT20,V003,1241,S_r,1343,319,0,0.118902,0.336893,-0.989150,0.924109,0.742258,0.878090
MOT20,V003,1253,S_h,1142,296,0,0.200931,0.105652,-1.600103,0.974275,0.369609,0.436828
MOT20,V003,1264,S_h,1158,321,0,0.368361,0.000000,-0.631639,0.992482,0.226412,0.982137
MOT20,V003,1268,S_h,1254,293,0,0.410721,0.261784,-1.059896,0.993890,0.625844,0.842399
MOT20,V003,1316,S_r,1254,289,0,0.109426,0.293166,-1.291817,0.910560,0.676918,0.693639
MOT20,V003,1334,S_r,1386,292,0,0.043882,0.607254,-0.562446,0.602205,0.979044,0.989679
MOT20,V003,1368,S_r,1104,292,0,0.044638,0.393516,-1.122099,0.610676,0.815185,0.806944
MOT20,V003,1386,S_c,1416,349,0,0.964976,0.000000,-0.995600,0.998324,0.226412,0.874995
MOT20,V003,1393,S_h,1414,270,0,0.749079,0.225577,-0.463503,0.997536,0.565431,0.994872
MOT20,V003,1393,S_h,1289,433,0,0.955587,0.020967,-0.892596,0.998295,0.255221,0.918795
MOT20,V003,1403,S_r,1279,457,0,0.185717,0.780524,0.018689,0.969765,0.999758,0.999708
MOT20,V003,1406,S_r,1245,237,0,0.210784,0.444899,-0.858034,0.976713,0.872421,0.930974
MOT20,V003,1411,S_r,1244,260,0,0.155913,0.237523,-1.334205,0.956376,0.585487,0.661736
MOT20,V003,1423,S_r,1205,460,0,0.033262,0.376679,-1.191653,0.455458,0.794559,0.762903
MOT20,V003,1438,S_c,1445,348,0,0.442734,0.465474,-0.735104,0.994667,0.892018,0.964738
MOT20,V003,1475,S_r,1454,266,0,0.093250,0.387358,-1.046994,0.878892,0.807634,0.849094
MOT20,V003,1492,S_r,1464,426,0,0.195454,0.744800,0.021861,0.972816,0.999355,0.999710
MOT20,V003,1496,S_h,1136,426,0,0.932608,0.009139,-1.016708,0.998222,0.240137,0.864666
MOT20,V003,1501,S_r,1461,270,0,0.350968,0.000000,-1.601604,0.991733,0.226412,0.435501
MOT20,V003,1523,S_c,1479,431,0,1.000000,0.000000,-0.977452,1.000000,0.226412,0.883533
MOT20,V003,1528,S_h,1369,431,0,1.000000,0.000000,-0.985125,1.000000,0.226412,0.879932
MOT20,V003,1562,S_c,1512,392,0,0.457441,0.292491,-1.047894,0.994974,0.675865,0.848635
MOT20,V003,1564,S_c,1514,426,0,0.314448,0.086593,-1.457938,0.989712,0.341205,0.559357
MOT20,V003,1569,S_h,1507,426,0,0.624269,0.000000,-1.340991,0.996903,0.226412,0.656525
MOT20,V003,1571,S_r,1516,426,0,0.139662,0.672197,-0.188141,0.945084,0.994359,0.999035
MOT20,V003,1599,S_r,1205,461,0,0.096487,0.556643,-0.439871,0.886338,0.957109,0.995603
MOT20,V003,1623,S_c,1557,208,0,0.611199,0.000000,-1.366758,0.996810,0.226412,0.635669
MOT20,V003,1650,S_h,1407,626,0,0.304393,0.391108,-0.839077,0.989028,0.812259,0.937299
MOT20,V003,1657,S_h,1478,626,0,0.239960,0.204738,-1.266228,0.982224,0.530205,0.712329
MOT20,V003,1671,S_r,1584,349,0,0.075003,0.588988,-0.380214,0.821807,0.972200,0.996917
MOT20,V003,1678,S_r,1279,465,0,0.135755,0.691922,-0.172323,0.941794,0.996955,0.999131
MOT20,V003,1695,S_r,1478,381,0,0.148649,0.309829,-1.215319,0.951764,0.702770,0.747248
MOT20,V003,1698,S_h,1593,601,0,0.430120,0.288119,-0.943811,0.994379,0.668897,0.898416
MOT20,V003,1698,S_r,1498,626,0,0.414485,0.154723,-1.092842,0.994002,0.446819,0.824510
MOT20,V003,1702,S_r,1490,381,0,0.103966,0.555483,-0.708449,0.901340,0.956480,0.969879
MOT20,V003,1716,S_c,1609,625,0,1.000000,0.000000,-0.965642,1.000000,0.226412,0.888968
MOT20,V003,1718,S_h,1246,410,0,0.425484,0.062999,-1.435163,0.994264,0.308382,0.578741
MOT20,V003,1723,S_r,1246,408,0,0.124533,0.197761,-1.309434,0.930921,0.518392,0.680567
MOT20,V003,1739,S_r,1437,592,0,0.037582,0.476277,-0.737097,0.521243,0.901366,0.964294
MOT20,V003,1740,S_c,1621,684,0,0.382916,0.116618,-1.420518,0.992989,0.386418,0.591140
MOT20,V003,1760,S_c,1628,589,0,0.417232,0.362057,-0.515471,0.994062,0.776037,0.992745
MOT20,V003,1762,S_r,1444,592,0,0.112665,0.594299,-0.676664,0.915535,0.974328,0.975304
MOT20,V003,1770,S_r,1631,340,0,0.182080,0.814464,-0.003102,0.968465,0.999917,0.999675
MOT20,V003,1770,S_r,1408,353,0,0.030026,0.227046,-1.449751,0.400844,0.567908,0.566244
MOT20,V003,1788,S_r,1647,731,0,0.116310,0.626441,-0.511875,0.920707,0.984650,0.992940
MOT20,V003,1790,S_r,1584,589,0,0.273295,0.564698,-0.195410,0.986323,0.961345,0.998987
MOT20,V003,1795,S_c,1653,654,0,0.610172,0.349377,-0.917131,0.996805,0.759409,0.909332
MOT20,V003,1801,S_c,1659,386,0,0.645464,0.058561,-1.001175,0.997062,0.302530,0.872318
MOT20,V003,1814,S_r,1657,353,0,0.167784,0.233558,-1.352053,0.962574,0.578854,0.647498
MOT20,V003,1814,S_r,1408,654,0,0.281493,0.331382,-0.991355,0.987113,0.734518,0.877050
MOT20,V003,1822,S_r,1377,354,0,0.212017,0.464657,-0.155069,0.976994,0.891272,0.999222
MOT20,V003,1822,S_r,1667,388,0,0.049440,0.359429,-0.921924,0.660783,0.772605,0.907408
MOT20,V003,1822,S_r,1365,392,0,0.057049,0.598093,-0.741498,0.724214,0.975749,0.963349
MOT20,V003,1827,S_r,1413,385,0,0.042651,0.387978,-1.154408,0.587633,0.808374,0.786825
MOT20,V003,1827,S_r,1365,678,0,0.021959,0.393005,-1.154408,0.249560,0.814575,0.786825
MOT20,V003,1828,S_h,1401,392,0,0.569375,0.404246,-0.831784,0.996438,0.828030,0.939520
MOT20,V003,1833,S_r,1396,354,0,0.015950,0.347818,-1.054191,0.137498,0.757350,0.845364
MOT20,V003,1844,S_h,1377,354,0,0.225020,0.000000,-1.712518,0.979630,0.226412,0.340454
MOT20,V003,1858,S_r,1614,548,0,0.075877,0.273158,-1.257210,0.825281,0.644604,0.718797
MOT20,V003,1858,S_r,1617,549,0,0.118073,0.275682,-1.257210,0.923036,0.648741,0.718797
MOT20,V003,1862,S_r,1393,367,0,0.049609,0.480539,-0.386335,0.662415,0.904949,0.996793
MOT20,V003,1878,S_h,1676,354,0,0.697978,0.000000,-1.281027,0.997331,0.226412,0.701452
MOT20,V003,1888,S_c,1696,670,0,0.489976,0.413780,-0.684749,0.995518,0.839180,0.974019
MOT20,V003,1890,S_r,1695,591,0,0.294967,0.653389,-0.372554,0.988300,0.990822,0.997056
MOT20,V003,1903,S_c,1704,571,0,0.873344,0.000000,-1.122222,0.998021,0.226412,0.806884
MOT20,V003,1913,S_r,1710,584,0,0.106363,0.564369,-0.756573,0.905576,0.961156,0.959915
MOT20,V003,1913,S_r,1443,670,0,0.027034,0.377399,-1.163746,0.346710,0.795470,0.780891
MOT20,V003,1917,S_r,1265,338,0,0.371073,0.276966,-0.792959,0.992562,0.650911,0.950787
MOT20,V003,1917,S_r,1256,595,0,0.167393,0.391609,-0.792959,0.962404,0.812864,0.950787
MOT20,V003,1935,S_r,1719,625,0,0.046986,0.274628,-1.397892,0.636303,0.647049,0.610043
MOT20,V003,1935,S_r,1609,629,0,0.025394,0.255099,-1.397892,0.315816,0.614847,0.610043
MOT20,V003,1937,S_c,1722,392,0,0.369481,0.099750,-1.437313,0.992514,0.360617,0.576900
MOT20,V003,1947,S_r,1371,388,0,0.057484,0.327961,-0.825672,0.727315,0.729707,0.941386
MOT20,V003,1949,S_r,1319,380,0,0.102302,0.132796,-1.584376,0.898257,0.411925,0.450500
MOT20,V003,1970,S_r,1338,380,0,0.088085,0.489128,-0.867508,0.865479,0.912047,0.927677
MOT20,V003,1979,S_r,1341,394,0,0.052640,0.499745,-0.874590,0.689556,0.920280,0.925318
MOT20,V003,1979,S_h,1448,581,0,0.544833,0.433285,-0.721677,0.996203,0.860492,0.967447
MOT20,V003,1995,S_h,1387,378,0,0.195149,0.393788,-0.991986,0.972719,0.815523,0.876744
MOT20,V003,1998,S_h,1420,378,0,0.312839,0.362950,-0.898605,0.989610,0.777182,0.916488
MOT20,V003,2002,S_r,1417,585,0,0.097369,0.299475,-1.204340,0.888243,0.686838,0.754608
MOT20,V003,2010,S_r,1530,386,0,0.040157,0.218594,-1.463002,0.556592,0.553751,0.555099
MOT20,V003,2011,S_r,1318,380,0,0.075821,0.148340,-1.609735,0.825044,0.436612,0.428592
MOT20,V003,2020,S_r,1710,585,0,0.080193,0.487636,-0.696587,0.841116,0.910836,0.972054
MOT20,V003,2025,S_r,1267,673,0,0.031651,0.409550,-1.124071,0.428825,0.834249,0.805762
MOT20,V003,2025,S_r,1331,706,0,0.050645,0.384083,-1.124071,0.672100,0.803674,0.805762
MOT20,V003,2037,S_r,1722,385,0,0.035836,0.453926,-1.020423,0.495520,0.881159,0.862742
MOT20,V003,2038,S_r,1420,571,0,0.138538,0.756128,-0.071678,0.944145,0.999519,0.999541
MOT20,V003,2072,S_c,1779,679,0,0.223271,0.422819,-1.001269,0.979308,0.849250,0.872270
MOT20,V003,2075,S_r,1621,679,0,0.052551,0.352474,-1.179330,0.688829,0.763598,0.770921
MOT20,V003,2076,S_c,1780,684,0,0.464870,0.295988,-0.841100,0.995108,0.681318,0.936633
MOT20,V003,2090,S_r,1782,679,0,0.195658,0.682795,-0.266240,0.972880,0.995891,0.998409
MOT20,V003,2111,S_c,1802,157,0,0.393190,0.023255,-1.447440,0.993354,0.258061,0.568229
MOT20,V003,2119,S_r,1722,697,0,0.039190,0.377951,-1.137298,0.543671,0.796131,0.797636
MOT20,V003,2126,S_h,1406,622,0,0.674421,0.254226,-0.794196,0.997216,0.613384,0.950467
MOT20,V003,2127,S_r,1438,648,0,0.033264,0.412209,-0.730425,0.455481,0.837366,0.965701
MOT20,V003,2127,S_r,1450,665,0,0.318072,0.506030,-0.730425,0.989955,0.924960,0.965701
MOT20,V003,2128,S_c,1817,650,0,0.331320,0.565035,-0.671022,0.990713,0.961518,0.976185
MOT20,V003,2129,S_r,1347,678,0,0.042006,0.000000,-1.909386,0.579890,0.226412,0.103340
MOT20,V003,2131,S_r,1788,664,0,0.104639,0.451575,-0.993623,0.902538,0.878932,0.875922
MOT20,V003,2134,S_c,1824,679,0,0.581353,0.154224,-1.186260,0.996552,0.445983,0.766346
MOT20,V003,2142,S_r,1267,706,0,0.079793,0.041179,-1.742647,0.839717,0.280317,0.313706
MOT20,V003,2153,S_r,1782,681,0,0.045634,0.560884,-0.414501,0.621772,0.959410,0.996217
MOT20,V003,2156,S_h,1365,684,0,0.842915,0.122007,-1.002140,0.997893,0.394615,0.871798
MOT20,V003,2157,S_c,1849,244,0,0.359422,0.301709,-1.128342,0.992100,0.690368,0.803200
MOT20,V003,2160,S_h,1621,681,0,0.328410,0.000000,-1.598168,0.990565,0.226412,0.438537
MOT20,V003,2161,S_h,1782,681,0,0.091872,0.000000,-1.881760,0.875568,0.226412,0.152940
MOT20,V003,2163,S_h,1621,681,0,1.000000,0.000000,-0.990603,1.000000,0.226412,0.877410
MOT20,V003,2165,S_r,1730,636,0,0.079969,0.455051,-0.331981,0.840319,0.882245,0.997657
MOT20,V003,2172,S_r,1405,641,0,0.112370,0.592969,-0.210863,0.915103,0.973799,0.998881
MOT20,V003,2177,S_r,1361,641,0,0.153021,0.404182,-1.062058,0.954612,0.827956,0.841153
MOT20,V003,2180,S_h,1722,685,0,0.723601,0.197045,-0.444946,0.997434,0.517207,0.995447
MOT20,V003,2190,S_h,1705,652,0,0.469849,0.520326,-0.582875,0.995194,0.935078,0.987758
MOT20,V003,2192,S_r,1465,701,0,0.530579,0.444568,-0.793690,0.996043,0.872067,0.950599
MOT20,V003,2196,S_r,1410,660,0,0.090090,0.641244,-0.156828,0.870970,0.988184,0.999214
MOT20,V003,2196,S_r,1405,701,0,0.054627,0.425799,-1.058279,0.705874,0.852498,0.843270
MOT20,V003,2198,S_h,1694,656,0,0.229263,0.669161,-0.497606,0.980410,0.993866,0.993621
MOT20,V003,2200,S_r,1870,656,0,0.346039,0.426626,-0.833508,0.991495,0.853426,0.939033
MOT20,V003,2201,S_r,1694,665,0,0.138944,0.474448,-0.681867,0.944485,0.899839,0.974486
MOT20,V003,2204,S_c,1887,637,0,0.493625,0.493648,-0.716455,0.995564,0.915621,0.968456
MOT20,V003,2204,S_h,1465,641,0,0.728121,0.143213,-0.785076,0.997449,0.428511,0.952940
MOT20,V003,2207,S_h,1888,640,0,0.646304,0.258448,-0.727462,0.997065,0.620375,0.966298
MOT20,V003,2215,S_r,1859,680,0,0.036445,0.592810,-0.228686,0.504648,0.973739,0.998747
MOT20,V003,2217,S_r,1881,664,0,0.050945,0.325693,-1.261033,0.674802,0.726380,0.715975
MOT20,V003,2221,S_r,1361,634,0,0.126447,0.483600,-0.737582,0.933022,0.907464,0.964178
MOT20,V003,2222,S_r,1895,558,0,0.045751,0.422539,-0.731606,0.623031,0.848933,0.965439
MOT20,V003,2224,S_r,1846,685,0,0.504208,0.000000,-1.405930,0.995714,0.226412,0.603421
MOT20,V003,2226,S_r,1904,686,0,0.229663,0.653181,-0.506440,0.980478,0.990781,0.993213
MOT20,V003,2227,S_h,1775,558,0,0.461131,0.361454,-0.960597,0.995047,0.775270,0.891203
MOT20,V003,2227,S_r,1450,656,0,0.142106,0.491086,-0.804981,0.947017,0.913612,0.947517
MOT20,V003,2227,S_r,1907,664,0,0.387264,0.341716,-0.695888,0.993134,0.748896,0.972183
MOT20,V003,2229,S_c,1912,137,0,0.549368,0.044560,-1.390165,0.996248,0.284546,0.616361
MOT20,V003,2229,S_r,1882,662,0,0.305235,0.566929,-0.437033,0.989091,0.962493,0.995670
MOT20,V003,2230,S_r,1554,647,0,0.063817,0.542879,-0.666449,0.767928,0.949449,0.976910
MOT20,V003,2234,S_r,1491,660,0,0.097436,0.551283,-0.231185,0.888384,0.954198,0.998723
MOT20,V003,2236,S_r,1410,660,0,0.217295,0.266167,-1.173357,0.978137,0.633088,0.774825
MOT20,V003,2236,S_r,1881,704,0,0.299471,0.547120,-0.045064,0.988661,0.951861,0.999610
MOT20,V003,2237,S_r,1897,214,0,0.400529,0.556288,-0.323790,0.993579,0.956916,0.997793
MOT20,V003,2239,S_r,1491,660,0,0.190143,0.296671,-1.051498,0.971235,0.682397,0.846769
MOT20,V003,2241,S_r,1788,704,0,0.166473,0.452449,-0.409728,0.961972,0.879753,0.996322
MOT20,V003,2243,S_r,1733,624,0,0.053947,0.293607,-1.244170,0.700538,0.677613,0.727954
MOT20,V003,2243,S_h,1410,635,0,0.470246,0.378649,-0.863844,0.995204,0.796959,0.928939
MOT20,V003,2243,S_r,1361,657,0,0.171883,0.274337,-0.871338,0.964428,0.646559,0.926416
MOT20,V003,2244,S_r,1922,255,0,0.142321,0.712857,-0.385883,0.947182,0.998474,0.996804
MOT20,V003,2244,S_r,1588,610,0,0.269089,0.726695,-0.119978,0.985888,0.998975,0.999386
MOT20,V003,2244,S_c,1926,623,0,0.488691,0.381161,-0.723484,0.995503,0.800083,0.967099
MOT20,V003,2245,S_r,1918,236,0,0.067800,0.639500,-0.487567,0.789304,0.987811,0.994032
MOT20,V003,2246,S_h,1499,255,0,0.330163,0.455391,-0.028062,0.990651,0.882547,0.999640
MOT20,V003,2246,S_h,1753,610,0,0.299515,0.185873,-1.356572,0.988665,0.498275,0.643997
MOT20,V003,2249,S_r,1694,656,0,0.069914,0.418118,-1.000325,0.799668,0.844079,0.872696
MOT20,V003,2250,S_h,1730,700,0,0.438496,0.440006,-0.666085,0.994577,0.867457,0.976986
MOT20,V003,2250,S_r,1404,704,0,0.327008,0.455399,-0.797699,0.990476,0.882554,0.949437
MOT20,V003,2251,S_r,1722,680,0,0.364345,0.355468,-0.709074,0.992327,0.767477,0.969789
MOT20,V003,2252,S_r,1450,652,0,0.047016,0.506147,-0.667186,0.636603,0.925057,0.976812
MOT20,V003,2257,S_h,1455,236,0,0.275652,0.429205,-0.907243,0.986558,0.856235,0.913156
MOT20,V003,2258,S_r,1406,680,0,0.074495,0.243323,-1.260995,0.819753,0.595097,0.716014
MOT20,V003,2260,S_r,1678,646,0,0.356129,0.502217,-0.278546,0.991961,0.922126,0.998284
MOT20,V003,2264,S_r,1705,644,0,0.046283,0.448481,-0.651941,0.628813,0.875955,0.979181
MOT20,V003,2264,S_r,1722,680,0,0.070528,0.738139,-0.181366,0.802492,0.999236,0.999075
MOT20,V003,2266,S_r,1891,686,0,0.085439,0.082927,-1.650056,0.857916,0.336119,0.393977
MOT20,V003,2267,S_r,1536,700,0,0.392001,0.500070,-0.223577,0.993308,0.920515,0.998782
MOT20,V003,2268,S_r,1489,646,0,0.472735,0.472437,-0.691542,0.995250,0.898115,0.972942
MOT20,V003,2268,S_h,1410,647,0,0.452299,0.315943,-0.887378,0.994867,0.712014,0.920674
MOT20,V003,2270,S_r,1678,648,0,0.172500,0.496335,-0.677328,0.964705,0.917688,0.975176
MOT20,V003,2272,S_r,1881,646,0,0.137460,0.807051,0.084424,0.943249,0.999889,0.999764
MOT20,V003,2274,S_r,1489,646,0,0.033151,0.607432,-0.631683,0.453672,0.979092,0.982132
MOT20,V003,2275,S_h,1918,229,0,0.223029,0.443472,-0.940355,0.979255,0.871013,0.899915
MOT20,V003,2276,S_r,1881,652,0,0.144226,0.748107,-0.202385,0.948605,0.999411,0.998941
MOT20,V003,2277,S_r,1460,229,0,0.038548,0.569976,-0.722486,0.534765,0.963941,0.967288
MOT20,V003,2277,S_r,1609,628,0,0.359340,0.574432,-0.080422,0.992096,0.965942,0.999517
MOT20,V003,2278,S_h,1450,652,0,0.198475,0.384778,-0.786920,0.973644,0.804499,0.952444
MOT20,V003,2281,S_r,1678,635,0,0.280376,0.393357,-0.961274,0.987015,0.814985,0.890943
MOT20,V003,2282,S_c,1954,647,0,0.412166,0.365326,-0.951265,0.993942,0.780229,0.895286
MOT20,V003,2283,S_r,1361,646,0,0.115153,0.559411,-0.672735,0.919101,0.958628,0.975952
MOT20,V003,2285,S_r,1647,628,0,0.277778,0.296948,-0.921253,0.986763,0.682828,0.907685
MOT20,V003,2285,S_r,1410,647,0,0.296523,0.687504,-0.379412,0.988427,0.996450,0.996932
MOT20,V003,2286,S_r,1609,628,0,0.339671,0.283500,-0.307454,0.991169,0.661579,0.997993
MOT20,V003,2288,S_r,1410,635,0,0.108295,0.392611,-0.527803,0.908768,0.814091,0.992088
MOT20,V003,2288,S_r,1888,644,0,0.066528,0.631035,-0.481921,0.782685,0.985834,0.994247
MOT20,V003,2289,S_r,1404,638,0,0.109762,0.545874,-0.528083,0.911106,0.951174,0.992069
MOT20,V003,2289,S_h,1678,647,0,0.482725,0.423407,-0.761568,0.995396,0.849919,0.958684
MOT20,V003,2292,S_r,1954,635,0,0.381802,0.590024,-0.019247,0.992940,0.972624,0.999653
MOT20,V003,2298,S_h,1489,646,0,0.388880,0.330659,0.132412,0.993204,0.733518,0.999791
MOT20,V003,2298,S_r,1361,652,0,0.107730,0.479397,-0.132412,0.907849,0.903980,0.999334
MOT20,V003,2300,S_r,1954,648,0,0.092139,0.329417,-1.242970,0.876232,0.731754,0.728794
MOT20,V003,2301,S_r,1489,652,0,0.136402,0.147276,-1.521237,0.942347,0.434892,0.505295
MOT20,V003,2303,S_h,1361,646,0,0.635560,0.346847,-0.712401,0.996997,0.756045,0.969196
MOT20,V003,2307,S_r,1817,646,0,0.239051,0.355402,-0.984776,0.982087,0.767402,0.880073
MOT20,V003,2309,S_r,1410,648,0,0.078894,0.348864,-1.208200,0.836526,0.758740,0.751990
MOT20,V003,2312,S_h,1907,638,0,0.538092,0.425276,-0.758742,0.996127,0.851921,0.959373
MOT20,V003,2313,S_r,1567,642,0,0.088114,0.726401,-0.223668,0.865565,0.998969,0.998782
MOT20,V003,2315,S_h,1430,638,0,0.423740,0.365921,-0.463756,0.994216,0.780985,0.994858
MOT20,V003,2320,S_r,1404,705,0,0.077953,0.607527,-0.247834,0.833205,0.979112,0.998579
MOT20,V003,2328,S_r,1598,612,0,0.209509,0.481632,-0.890796,0.976440,0.905844,0.919449
MOT20,V003,2331,S_r,1775,505,0,0.089935,0.247460,-1.350042,0.870556,0.602064,0.649211
MOT20,V003,2331,S_h,1447,705,0,0.826273,0.016938,-0.865947,0.997830,0.250118,0.928231
MOT20,V003,2332,S_r,1634,629,0,0.127466,0.007640,-1.815358,0.934073,0.238146,0.242217
MOT20,V003,2332,S_r,1654,633,0,0.220432,0.550682,-0.188104,0.978773,0.953858,0.999035
MOT20,V003,2345,S_h,1492,613,0,0.687998,0.262416,-0.746597,0.997281,0.626908,0.962192
MOT20,V003,2350,S_r,1598,613,0,0.183957,0.529232,-0.540420,0.969116,0.941017,0.991354
MOT20,V003,2351,S_h,1492,613,0,0.313692,0.392820,-0.989092,0.989659,0.814355,0.878114
MOT20,V003,2352,S_h,1567,236,0,0.614274,0.184753,-0.980897,0.996832,0.496374,0.881956
MOT20,V003,2354,S_r,1450,236,0,0.258868,0.484916,-0.211843,0.984739,0.908626,0.998879
MOT20,V003,2354,S_r,1598,613,0,0.156820,0.555901,-0.467110,0.956899,0.956711,0.994732
MOT20,V003,2355,S_h,1567,236,0,0.356287,0.430551,-0.860497,0.991967,0.857642,0.930135
MOT20,V003,2358,S_r,1432,253,0,0.323602,0.597679,-0.131442,0.990274,0.975614,0.999339
MOT20,V003,2358,S_r,2003,689,0,0.348744,0.000000,-1.448683,0.991632,0.226412,0.567164
MOT20,V003,2361,S_h,1472,253,0,0.504516,0.255794,-0.866094,0.995718,0.616016,0.928184
MOT20,V003,2361,S_c,2008,558,0,0.669660,0.318295,-0.506966,0.997196,0.715571,0.993184
MOT20,V003,2363,S_h,1432,253,0,0.519895,0.414304,-0.742825,0.995912,0.839750,0.963047
MOT20,V003,2374,S_h,1472,253,0,0.191398,0.287314,-1.258266,0.971625,0.667591,0.718059
MOT20,V003,2377,S_r,1598,610,0,0.134675,0.285659,-1.180999,0.940875,0.664962,0.769811
MOT20,V003,2381,S_h,1555,230,0,0.802643,0.073793,-0.531394,0.997740,0.323205,0.991870
MOT20,V003,2381,S_r,1907,254,0,0.024184,0.455715,-0.887871,0.292560,0.882833,0.920491
MOT20,V003,2381,S_c,2023,576,0,0.505078,0.334261,-0.915872,0.995725,0.738588,0.909807
MOT20,V003,2382,S_r,1404,253,0,0.151611,0.667427,-0.277188,0.953718,0.993595,0.998300
MOT20,V003,2383,S_h,1472,253,0,0.243033,0.265432,-1.166612,0.982677,0.631882,0.779104
MOT20,V003,2384,S_r,1982,716,0,0.033444,0.408258,-1.141240,0.458442,0.832718,0.795174
MOT20,V003,2384,S_r,1988,723,0,0.024785,0.392273,-1.141240,0.304176,0.813688,0.795174
MOT20,V003,2391,S_r,1880,139,0,0.041609,0.251323,-1.349969,0.574952,0.608546,0.649271
MOT20,V003,2391,S_h,1787,140,0,0.388863,0.411437,-0.842601,0.993200,0.836497,0.936105
MOT20,V003,2393,S_h,1468,254,0,0.287922,0.223639,-1.069062,0.987704,0.562150,0.837480
MOT20,V003,2394,S_h,1449,226,0,0.457489,0.407242,-0.688915,0.994975,0.831567,0.973354
MOT20,V003,2401,S_r,1796,140,0,0.137666,0.550558,-0.637263,0.943423,0.953804,0.981363
MOT20,V003,2401,S_r,1787,142,0,0.101169,0.573344,-0.637263,0.896138,0.965465,0.981363
MOT20,V003,2401,S_h,1495,221,0,0.770743,0.156436,-0.851468,0.997602,0.449652,0.933175
MOT20,V004,7,S_c,2278,349,0,0.583408,0.387360,-0.652147,0.996570,0.807638,0.979152
MOT20,V004,8,S_r,2254,573,0,0.071722,0.417891,-0.870132,0.807859,0.843820,0.926801
MOT20,V004,10,S_r,2253,374,0,0.101358,0.422090,-0.536558,0.896486,0.848412,0.991583
MOT20,V004,11,S_r,2248,373,0,0.134000,0.437190,-0.973018,0.940268,0.864562,0.885598
MOT20,V004,46,S_r,2324,1167,0,0.107749,0.550221,-0.334585,0.907874,0.953601,0.997624
MOT20,V004,48,S_c,2330,224,0,0.567384,0.390004,-0.784233,0.996418,0.810902,0.953157
MOT20,V004,65,S_r,2337,297,0,0.534254,0.416191,-0.622273,0.996092,0.841893,0.983350
MOT20,V004,87,S_h,2201,376,0,0.592145,0.057781,-1.129885,0.996662,0.301466,0.802283
MOT20,V004,89,S_h,2216,269,0,0.497024,0.000000,-1.463840,0.995611,0.226412,0.554386
MOT20,V004,95,S_r,2366,169,0,0.096733,0.803550,0.009354,0.886860,0.999882,0.999692
MOT20,V004,97,S_c,2370,135,0,0.444663,0.154255,-1.222584,0.994710,0.446051,0.742408
MOT20,V004,110,S_h,2185,169,0,0.526427,0.390788,-0.815403,0.995989,0.811866,0.944455
MOT20,V004,117,S_r,2201,381,0,0.266167,0.450996,-0.640735,0.985581,0.878336,0.980838
MOT20,V004,118,S_r,2383,145,0,0.595810,0.274805,-0.939477,0.996702,0.647349,0.900269
MOT20,V004,118,S_r,2385,215,0,0.072800,0.545513,-0.257591,0.812529,0.950965,0.998490
MOT20,V004,119,S_h,2183,283,0,0.431609,0.290755,-0.342631,0.994412,0.673077,0.997530
MOT20,V004,119,S_r,2388,427,0,0.146575,0.683765,-0.289992,0.950358,0.996008,0.998168
MOT20,V004,121,S_h,2163,427,0,0.345571,0.053270,-1.447675,0.991472,0.295578,0.568026
MOT20,V004,122,S_r,2214,381,0,0.059177,0.665217,-0.393052,0.739025,0.993219,0.996645
MOT20,V004,123,S_r,2386,220,0,0.077313,0.472042,-0.645288,0.830829,0.897803,0.980130
MOT20,V004,130,S_r,2386,215,0,0.029537,0.395136,-1.147762,0.392192,0.817121,0.791047
MOT20,V004,131,S_h,2351,220,0,0.633777,0.339862,-0.804023,0.996982,0.746367,0.947785
MOT20,V004,134,S_r,2221,378,0,0.062678,0.360576,-1.041173,0.761283,0.774121,0.852232
MOT20,V004,142,S_h,2402,174,0,0.172710,0.562829,-0.588849,0.964789,0.960375,0.987151
MOT20,V004,158,S_c,2416,243,0,0.363205,0.316709,-1.015391,0.992280,0.713124,0.865271
MOT20,V004,166,S_r,2421,224,0,0.068357,0.413310,-0.659896,0.792102,0.838618,0.977931
MOT20,V004,168,S_r,2423,170,0,0.063083,0.645134,-0.406329,0.763668,0.989022,0.996399
MOT20,V004,170,S_r,2386,220,0,0.068524,0.265415,-1.351791,0.792882,0.631846,0.647715
MOT20,V004,182,S_r,2419,26,0,0.050142,0.680121,-0.424923,0.667509,0.995513,0.995962
MOT20,V004,184,S_r,2427,169,0,0.217506,0.507169,-0.502944,0.978182,0.925800,0.993368
MOT20,V004,206,S_h,2185,169,0,0.358851,0.347233,-1.046304,0.992077,0.756569,0.849496
MOT20,V004,213,S_r,2404,81,0,0.068528,0.669899,-0.112082,0.792908,0.993984,0.999416
MOT20,V004,215,S_r,2445,205,0,0.097143,0.498796,-0.358645,0.887752,0.919565,0.997281
MOT20,V004,216,S_r,2333,81,0,0.090225,0.668334,-0.439027,0.871336,0.993747,0.995627
MOT20,V004,218,S_r,2382,215,0,0.121699,0.522549,-0.864755,0.927591,0.936609,0.928623
MOT20,V004,222,S_h,2330,215,0,0.424104,0.391974,-0.883806,0.994225,0.813346,0.922030
MOT20,V004,238,S_r,2098,380,0,0.051524,0.220243,-1.406469,0.679952,0.556498,0.602936
MOT20,V004,239,S_r,2143,380,0,0.197152,0.250137,-1.283908,0.973303,0.606518,0.699438
MOT20,V004,240,S_h,2404,81,0,0.335812,0.422326,-0.914168,0.990965,0.848679,0.910517
MOT20,V004,245,S_h,2333,81,0,0.192046,0.366530,-1.013339,0.971834,0.781767,0.866273
MOT20,V004,296,S_r,2455,169,0,0.057393,0.638324,-0.413484,0.726684,0.987567,0.996240
MOT20,V004,297,S_h,2451,170,0,0.581269,0.171463,-1.098190,0.996552,0.474198,0.821358
MOT20,V004,307,S_r,2494,81,0,0.201528,0.578522,-0.549876,0.974434,0.967795,0.990697
MOT20,V004,316,S_c,2499,261,0,0.491443,0.149226,-1.038919,0.995538,0.437951,0.853416
MOT20,V004,332,S_h,2185,170,0,0.190621,0.420220,-0.873478,0.971396,0.846419,0.925672
MOT20,V004,333,S_h,2451,170,0,0.076081,0.398138,-1.046331,0.826076,0.820697,0.849483
MOT20,V004,335,S_r,2481,424,0,0.042349,0.648274,-0.454200,0.584062,0.989710,0.995157
MOT20,V004,338,S_r,2513,224,0,0.047963,0.716716,-0.228669,0.646231,0.998629,0.998747
MOT20,V004,340,S_h,2421,224,0,0.175000,0.321723,-1.093320,0.965801,0.720520,0.824192
MOT20,V004,342,S_r,2516,170,0,0.116858,0.731871,0.005249,0.921423,0.999094,0.999688
MOT20,V004,351,S_c,2527,1167,0,0.331092,0.431891,-0.664833,0.990704,0.859025,0.977186
MOT20,V004,365,S_r,2537,208,0,0.174713,0.558702,-0.260535,0.965687,0.958249,0.998460
MOT20,V004,366,S_h,2100,247,0,0.571409,0.082741,-1.051981,0.996459,0.335867,0.846518
MOT20,V004,372,S_r,2352,26,0,0.124836,0.527076,-0.520705,0.931236,0.939639,0.992453
MOT20,V004,376,S_r,2419,81,0,0.113521,0.664519,-0.606147,0.916823,0.993104,0.985201
MOT20,V004,394,S_r,2455,170,0,0.125035,0.545977,-0.434597,0.931467,0.951238,0.995744
MOT20,V004,395,S_r,2516,169,0,0.247065,0.476690,-0.663916,0.983300,0.901707,0.977324
MOT20,V004,396,S_c,2549,81,0,0.414393,0.422639,-0.506648,0.994000,0.849047,0.993204
MOT20,V004,408,S_r,2419,26,0,0.048207,0.538196,-0.817622,0.648701,0.946639,0.943853
MOT20,V004,413,S_r,2198,262,0,0.054644,0.651011,-0.080563,0.706016,0.990295,0.999517
MOT20,V004,414,S_h,2544,169,0,0.388654,0.351458,-0.958520,0.993193,0.762231,0.892116
MOT20,V004,416,S_c,2562,110,0,0.488694,0.183092,-1.249462,0.995503,0.493624,0.724295
MOT20,V004,422,S_h,2115,1117,0,0.269578,0.301207,-1.011837,0.985938,0.689540,0.867025
MOT20,V004,423,S_r,2059,223,0,0.037173,0.522668,-0.839973,0.515326,0.936680,0.937021
MOT20,V004,423,S_h,2097,1117,0,0.309320,0.413176,-0.936645,0.989375,0.838466,0.901423
MOT20,V004,426,S_h,2398,262,0,0.127133,0.398534,-1.004896,0.933732,0.821193,0.870429
MOT20,V004,429,S_h,2198,262,0,0.594664,0.063704,-1.292112,0.996689,0.309366,0.693397
MOT20,V004,431,S_r,2455,169,0,0.037122,0.502470,-0.915517,0.514593,0.922304,0.909962
MOT20,V004,431,S_r,2544,170,0,0.053721,0.496704,-0.879171,0.698645,0.917977,0.923720
MOT20,V004,432,S_h,2079,195,0,0.428697,0.222613,-1.086953,0.994344,0.560441,0.827731
MOT20,V004,440,S_r,2276,224,0,0.012292,0.662378,-0.416634,0.078600,0.992695,0.996166
MOT20,V004,444,S_r,2059,222,0,0.076551,0.266727,-1.384413,0.827924,0.634026,0.621290
MOT20,V004,446,S_h,2134,193,0,0.214373,0.367896,-1.112172,0.977519,0.783487,0.813068
MOT20,V004,449,S_r,2059,224,0,0.111454,0.303470,-1.224011,0.913710,0.693066,0.741527
MOT20,V004,450,S_r,2065,193,0,0.394173,0.506922,-0.582952,0.993390,0.925587,0.987755
MOT20,V004,450,S_r,2315,194,0,0.081233,0.359374,-0.909381,0.844673,0.772527,0.912314
MOT20,V004,455,S_r,2079,192,0,0.229309,0.479935,-0.854751,0.980419,0.904435,0.932080
MOT20,V004,459,S_r,2276,224,0,0.053001,0.312874,-1.269817,0.692576,0.707384,0.709678
MOT20,V004,478,S_r,2352,26,0,0.068946,0.676319,-0.186410,0.795045,0.995003,0.999044
MOT20,V004,479,S_h,2419,88,0,0.388485,0.409048,-0.831917,0.993185,0.833639,0.939486
MOT20,V004,485,S_h,2077,230,0,0.661051,0.065275,-0.858734,0.997158,0.311477,0.930710
MOT20,V004,485,S_r,2097,234,0,0.063743,0.445851,-0.862256,0.767509,0.873334,0.929523
MOT20,V004,485,S_r,2207,1117,0,0.180538,0.484835,-0.913903,0.967912,0.908551,0.910615
MOT20,V004,489,S_h,2568,228,0,0.380486,0.190801,-0.948200,0.992895,0.506594,0.896569
MOT20,V004,506,S_h,2499,128,0,0.238139,0.461801,-0.768344,0.981958,0.888595,0.957133
MOT20,V004,506,S_r,2073,233,0,0.125740,0.295456,-1.221582,0.932245,0.680477,0.743108
MOT20,V004,508,S_r,2155,128,0,0.196660,0.523646,-0.720526,0.973172,0.937374,0.967657
MOT20,V004,511,S_h,2116,132,0,0.543363,0.434349,-0.806214,0.996189,0.861616,0.947145
MOT20,V004,519,S_h,2604,164,0,0.402980,0.320945,-1.055783,0.993655,0.719400,0.844519
MOT20,V004,529,S_h,2623,72,0,0.175877,0.642467,-0.610812,0.966153,0.988449,0.984650
MOT20,V004,542,S_r,2073,132,0,0.155710,0.270920,-1.309669,0.956249,0.640912,0.680396
MOT20,V004,555,S_r,2056,226,0,0.106916,0.601412,-0.446028,0.906495,0.976995,0.995405
MOT20,V004,563,S_h,2405,72,0,0.186127,0.349874,-1.003111,0.969899,0.760089,0.871301
MOT20,V004,564,S_h,2623,72,0,0.252943,0.473933,-0.895422,0.984033,0.899421,0.917715
MOT20,V004,565,S_h,2405,72,0,0.172694,0.383602,-0.966496,0.964783,0.803087,0.888591
MOT20,V004,574,S_h,2172,170,0,0.495911,0.357699,-0.661249,0.995598,0.770368,0.977733
MOT20,V004,578,S_h,2432,167,0,0.631445,0.278893,-0.585263,0.996961,0.654058,0.987505
MOT20,V004,597,S_r,2663,91,0,0.113744,0.707399,-0.104782,0.917128,0.998195,0.999435
MOT20,V004,599,S_h,2470,91,0,0.151863,0.340299,-1.085016,0.953902,0.746970,0.828754
MOT20,V004,601,S_h,2332,167,0,0.740131,0.000000,-1.207633,0.997493,0.226412,0.752359
MOT20,V004,601,S_r,2544,169,0,0.164390,0.551913,-0.744540,0.960962,0.954552,0.962681
MOT20,V004,611,S_h,2522,168,0,0.601306,0.000621,-1.261764,0.996742,0.227606,0.715451
MOT20,V004,627,S_r,2651,159,0,0.116024,0.635250,-0.161183,0.920320,0.986799,0.999193
MOT20,V004,630,S_r,2472,159,0,0.079183,0.561905,-0.433745,0.837581,0.959924,0.995766
MOT20,V004,633,S_r,2455,170,0,0.065146,0.630712,-0.248423,0.775379,0.985765,0.998577
MOT20,V004,642,S_r,2697,1182,0,0.228195,0.685080,-0.088696,0.980215,0.996154,0.999489
MOT20,V004,646,S_h,2172,170,0,0.488978,0.033966,-1.362174,0.995506,0.271202,0.639362
MOT20,V004,648,S_c,2705,1182,0,0.686465,0.193203,-0.858224,0.997274,0.510665,0.930912
MOT20,V004,651,S_h,2455,170,0,0.413821,0.168522,-1.240560,0.993987,0.469424,0.730354
MOT20,V004,656,S_r,2470,65,0,0.061168,0.687904,-0.121856,0.751922,0.996503,0.999380
MOT20,V004,658,S_r,2710,69,0,0.186801,0.804152,-0.206006,0.970124,0.999884,0.998910
MOT20,V004,658,S_r,2313,77,0,0.159500,0.419493,-0.885092,0.958415,0.845599,0.921563
MOT20,V004,659,S_h,2713,89,0,0.522284,0.442836,-0.595032,0.995940,0.870351,0.986474
MOT20,V004,660,S_h,2651,1117,0,0.545591,0.385915,-0.605479,0.996206,0.805939,0.985280
MOT20,V004,661,S_r,2615,69,0,0.060812,0.667899,-0.575731,0.749673,0.993676,0.988517
MOT20,V004,664,S_h,2531,65,0,0.189535,0.274532,-1.257885,0.971028,0.646884,0.718317
MOT20,V004,665,S_r,2722,153,0,0.382294,0.588769,-0.246002,0.992966,0.972111,0.998593
MOT20,V004,667,S_r,2356,77,0,0.041517,0.414938,-1.100550,0.573803,0.840493,0.819984
MOT20,V004,670,S_h,2470,65,0,0.697911,0.165643,-1.061795,0.997331,0.464678,0.841308
MOT20,V004,670,S_r,2677,143,0,0.164583,0.513581,-0.514925,0.961064,0.930453,0.992775
MOT20,V004,671,S_r,2402,146,0,0.313252,0.404554,-0.735297,0.989637,0.828415,0.964701
MOT20,V004,671,S_h,2716,174,0,0.322936,0.366464,-0.824165,0.990241,0.781683,0.941857
MOT20,V004,672,S_c,2727,125,0,0.293811,0.232411,-1.090301,0.988208,0.576937,0.825953
MOT20,V004,673,S_h,2510,153,0,0.308207,0.144090,-1.209189,0.989309,0.429849,0.751375
MOT20,V004,690,S_h,2496,143,0,0.600927,0.353590,-0.670159,0.996740,0.765040,0.976320
MOT20,V004,693,S_r,2710,69,0,0.257052,0.736769,-0.250668,0.984515,0.999203,0.998553
MOT20,V004,694,S_h,2615,69,0,0.204827,0.526132,-0.747045,0.975306,0.939024,0.962098
MOT20,V004,694,S_h,2677,146,0,0.379971,0.187876,-1.202242,0.992871,0.501626,0.756004
MOT20,V004,696,S_r,2409,126,0,0.040929,0.390542,-1.164106,0.566482,0.811563,0.780665
MOT20,V004,697,S_h,2314,126,0,0.568006,0.161849,-0.840344,0.996422,0.458437,0.936899
MOT20,V004,697,S_r,2375,146,0,0.007907,0.407446,-1.150037,0.027264,0.831783,0.789585
MOT20,V004,698,S_h,2479,172,0,0.213465,0.457360,-0.921812,0.977316,0.884420,0.907455
MOT20,V004,698,S_h,2677,173,0,0.588075,0.150521,-0.819538,0.996612,0.440017,0.943295
MOT20,V004,698,S_h,2402,1118,0,0.955751,0.036482,-0.338592,0.998295,0.274351,0.997572
MOT20,V004,699,S_r,2639,175,0,0.289813,0.583792,-0.085895,0.987876,0.970057,0.999497
MOT20,V004,700,S_r,2479,171,0,0.225027,0.609735,-0.488711,0.979633,0.979836,0.993984
MOT20,V004,701,S_h,2232,172,0,0.567278,0.429369,-0.688085,0.996415,0.856404,0.973489
MOT20,V004,702,S_r,2739,78,0,0.137976,0.493730,-0.697901,0.943673,0.915687,0.971825
MOT20,V004,703,S_h,2670,175,0,0.412093,0.001152,-1.539940,0.993940,0.228528,0.489105
MOT20,V004,709,S_r,2232,171,0,0.329161,0.523573,-0.020558,0.990592,0.937323,0.999652
MOT20,V004,710,S_r,2746,69,0,0.051051,0.552792,-0.806798,0.675770,0.955013,0.946984
MOT20,V004,710,S_r,2722,153,0,0.176976,0.751488,-0.059102,0.966571,0.999460,0.999573
MOT20,V004,711,S_r,2207,176,0,0.029140,0.294031,-1.359728,0.385225,0.678281,0.641428
MOT20,V004,712,S_r,2738,1060,0,0.158928,0.647390,-0.289302,0.958087,0.989480,0.998173
MOT20,V004,714,S_r,2752,143,0,0.154467,0.402216,-0.887579,0.955500,0.825604,0.920596
MOT20,V004,718,S_h,2207,147,0,0.144538,0.235438,-1.330441,0.948846,0.582017,0.664639
MOT20,V004,719,S_h,2319,147,0,0.227257,0.289195,-1.228479,0.980028,0.670604,0.738607
MOT20,V004,719,S_r,2752,174,0,0.234014,0.749581,-0.062857,0.981290,0.999432,0.999567
MOT20,V004,720,S_h,2207,147,0,0.166253,0.261309,-1.259647,0.961882,0.625096,0.717004
MOT20,V004,720,S_h,2716,174,0,0.347611,0.144926,-1.337250,0.991578,0.431180,0.659414
MOT20,V004,721,S_c,2760,143,0,0.661045,0.268043,-0.964723,0.997157,0.636201,0.889377
MOT20,V004,734,S_r,2727,112,0,0.117058,0.546648,-0.171145,0.921693,0.951592,0.999138
MOT20,V004,741,S_c,2777,98,0,0.774533,0.165968,-0.997270,0.997614,0.465182,0.874144
MOT20,V004,741,S_r,2604,170,0,0.036733,0.065883,-1.624688,0.508910,0.312300,0.415593
MOT20,V004,754,S_h,2756,88,0,0.409894,0.249954,-1.153667,0.993859,0.606212,0.787284
MOT20,V004,766,S_h,2739,1174,0,0.555871,0.369459,-0.910719,0.996308,0.785383,0.911820
MOT20,V004,767,S_r,2786,89,0,0.043792,0.543495,-0.764300,0.601140,0.949835,0.958087
MOT20,V004,768,S_h,2643,78,0,0.431072,0.205611,-1.191586,0.994403,0.531690,0.762951
MOT20,V004,775,S_r,2795,1182,0,0.073597,0.751663,-0.086247,0.815884,0.999462,0.999497
MOT20,V004,776,S_r,2797,176,0,0.095527,0.607548,-0.687109,0.884187,0.979116,0.973657
MOT20,V004,779,S_h,2083,44,0,0.160684,0.358365,-1.036727,0.959077,0.771225,0.854563
MOT20,V004,779,S_r,2473,160,0,0.298614,0.621833,0.052507,0.988595,0.983434,0.999731
MOT20,V004,781,S_h,2601,156,0,0.457286,0.345945,-1.024069,0.994970,0.754810,0.860907
MOT20,V004,786,S_c,2812,1066,0,0.561906,0.437887,-0.769543,0.996371,0.865272,0.956840
MOT20,V004,789,S_h,2810,98,0,0.579769,0.000000,-1.329890,0.996537,0.226412,0.665060
MOT20,V004,792,S_r,2084,44,0,0.103822,0.647262,-0.204682,0.901079,0.989459,0.998919
MOT20,V004,794,S_r,2536,75,0,0.055103,0.528333,-0.622347,0.709671,0.940448,0.983342
MOT20,V004,794,S_r,2467,76,0,0.133374,0.390970,-1.001779,0.939679,0.812089,0.871998
MOT20,V004,796,S_r,2690,155,0,0.153283,0.568326,-0.264509,0.954784,0.963146,0.998435
MOT20,V004,797,S_c,2827,78,0,0.303531,0.225097,-1.244140,0.988969,0.564633,0.727981
MOT20,V004,803,S_r,2470,51,0,0.042653,0.526896,-0.888119,0.587656,0.939521,0.920395
MOT20,V004,803,S_r,2325,65,0,0.063297,0.479035,-0.888119,0.764938,0.903677,0.920395
MOT20,V004,805,S_r,2672,103,0,0.165831,0.370016,-1.121731,0.961678,0.786107,0.807157
MOT20,V004,806,S_r,2601,159,0,0.112307,0.482069,-0.922462,0.915001,0.906205,0.907197
MOT20,V004,809,S_h,2784,83,0,0.442698,0.384314,-0.638133,0.994667,0.803936,0.981238
MOT20,V004,815,S_r,2784,39,0,0.411263,0.374801,-0.429757,0.993910,0.792163,0.995864
MOT20,V004,816,S_h,2622,83,0,0.471075,0.330145,-0.858358,0.995218,0.732780,0.930865
MOT20,V004,821,S_h,2536,87,0,0.282018,0.329104,-0.669387,0.987157,0.731306,0.976446
MOT20,V004,821,S_r,2438,91,0,0.276932,0.442559,-0.844378,0.986681,0.870068,0.935492
MOT20,V004,823,S_c,2847,88,0,0.383703,0.142795,-1.296701,0.993011,0.427849,0.690071
MOT20,V004,827,S_r,2438,75,0,0.019950,0.438168,-1.029512,0.210823,0.865567,0.858182
MOT20,V004,829,S_r,2643,51,0,0.114753,0.840817,0.074515,0.918546,0.999972,0.999752
MOT20,V004,830,S_h,2470,51,0,0.121050,0.379671,-1.106585,0.926809,0.798203,0.816493
MOT20,V004,835,S_r,2375,173,0,0.064365,0.665276,-0.576357,0.771115,0.993227,0.988435
MOT20,V004,847,S_r,2651,83,0,0.052931,0.540308,-0.551486,0.691977,0.947894,0.990584
MOT20,V004,847,S_c,2866,91,0,0.566817,0.190152,-0.806072,0.996414,0.505483,0.947191
MOT20,V004,854,S_h,2643,89,0,0.812402,0.178776,-0.950454,0.997774,0.486314,0.895613
MOT20,V004,856,S_h,2383,143,0,0.186996,0.323448,-1.052816,0.970193,0.723095,0.846084
MOT20,V004,856,S_r,2864,1001,0,0.038592,0.474350,-1.016076,0.535373,0.899752,0.864976
MOT20,V004,857,S_r,2872,674,0,0.060969,0.674220,-0.377212,0.750687,0.994700,0.996971
MOT20,V004,858,S_r,2536,65,0,0.075162,0.613659,-0.627502,0.822424,0.981023,0.982712
MOT20,V004,858,S_r,2325,87,0,0.056042,0.627635,-0.627502,0.716809,0.984955,0.982712
MOT20,V004,858,S_r,2760,143,0,0.006959,0.710592,-0.161979,0.019564,0.998360,0.999189
MOT20,V004,861,S_h,2383,143,0,0.337051,0.195837,-1.281236,0.991042,0.515177,0.701322
MOT20,V004,868,S_r,2622,83,0,0.028514,0.516705,-0.903170,0.373858,0.932627,0.914722
MOT20,V004,869,S_c,2882,8,0,0.658479,0.253693,-0.957170,0.997141,0.612469,0.892694
MOT20,V004,870,S_r,2878,143,0,0.032426,0.314297,-1.285290,0.441706,0.709531,0.698459
MOT20,V004,872,S_h,2131,674,0,0.675581,0.243513,-0.767558,0.997225,0.595388,0.957312
MOT20,V004,880,S_c,2894,1117,0,0.677704,0.103853,-1.138923,0.997236,0.366836,0.796606
MOT20,V004,882,S_r,2890,997,0,0.068306,0.485382,-0.266113,0.791841,0.909003,0.998411
MOT20,V004,899,S_r,2643,54,0,0.038934,0.249522,-1.446739,0.540118,0.605488,0.568806
MOT20,V004,899,S_r,2468,71,0,0.591151,0.392711,-0.356695,0.996650,0.814216,0.997307
MOT20,V004,899,S_c,2909,89,0,0.432623,0.175191,-0.930560,0.994435,0.480288,0.903967
MOT20,V004,901,S_r,2866,75,0,0.194908,0.579610,-0.480246,0.972649,0.968246,0.994305
MOT20,V004,903,S_r,2335,48,0,0.046985,0.701619,-0.300265,0.636289,0.997799,0.998060
MOT20,V004,916,S_r,2438,75,0,0.148466,0.452443,-0.718618,0.951643,0.879749,0.968025
MOT20,V004,919,S_h,2917,1184,0,0.424754,0.045120,-0.530127,0.994240,0.285254,0.991946
MOT20,V004,922,S_r,2927,83,0,0.107623,0.669660,-0.247333,0.907676,0.993937,0.998583
MOT20,V004,927,S_h,2622,83,0,0.337612,0.164737,-1.291723,0.991073,0.463176,0.693712
MOT20,V004,933,S_r,2866,76,0,0.045296,0.634033,-0.502074,0.618020,0.986516,0.993415
MOT20,V004,934,S_h,2549,88,0,0.436397,0.387261,-0.916782,0.994526,0.807505,0.909458
MOT20,V004,941,S_r,2467,91,0,0.088449,0.503335,-0.825320,0.866508,0.922956,0.941513
MOT20,V004,945,S_r,2353,48,0,0.018029,0.492785,-0.960753,0.174585,0.914915,0.891154
MOT20,V004,957,S_r,2600,87,0,0.256568,0.634095,-0.270612,0.984441,0.986532,0.998374
MOT20,V004,959,S_r,2325,87,0,0.196958,0.597304,-0.391363,0.973259,0.975483,0.996671
MOT20,V004,965,S_h,2942,921,0,0.376328,0.412845,-0.835194,0.992737,0.838069,0.938492
MOT20,V004,966,S_h,2323,91,0,0.348506,0.424102,-0.878913,0.991617,0.850637,0.923819
MOT20,V004,969,S_r,2468,87,0,0.097499,0.330939,-1.188204,0.888527,0.733909,0.765088
MOT20,V004,969,S_r,2744,1117,0,0.062588,0.412624,-1.028201,0.760706,0.837820,0.858862
MOT20,V004,969,S_r,2962,1165,0,0.080863,0.473721,-0.915507,0.843432,0.899253,0.909968
MOT20,V004,972,S_r,2967,1175,0,0.227611,0.705454,-0.234970,0.980097,0.998077,0.998689
MOT20,V004,979,S_h,2774,12,0,0.794846,0.000000,-1.115184,0.997703,0.226412,0.811164
MOT20,V004,983,S_h,2504,76,0,0.439305,0.166126,-1.192554,0.994602,0.465451,0.762312
MOT20,V004,992,S_r,2607,1175,0,0.190077,0.579296,-0.468279,0.971207,0.968107,0.994693
MOT20,V004,996,S_r,2643,87,0,0.422941,0.312008,-0.792109,0.994199,0.706090,0.951050
MOT20,V004,1003,S_c,2991,922,0,0.191835,0.474351,-0.912676,0.971761,0.899754,0.911107
MOT20,V004,1004,S_r,2504,65,0,0.089685,0.413575,-1.052938,0.869872,0.838924,0.846002
MOT20,V004,1004,S_r,2536,76,0,0.066044,0.377758,-1.052938,0.780174,0.795879,0.846002
MOT20,V004,1009,S_r,2349,88,0,0.145491,0.442740,-0.958371,0.949546,0.870264,0.892199
MOT20,V004,1011,S_c,2994,87,0,0.463071,0.431627,-0.599841,0.995081,0.858757,0.985923
MOT20,V004,1015,S_r,2942,814,0,0.086712,0.485030,-0.843691,0.861673,0.908718,0.935750
MOT20,V004,1015,S_r,2823,921,0,0.054111,0.530456,-0.843691,0.701867,0.941831,0.935750
MOT20,V004,1017,S_r,2549,88,0,0.073442,0.303035,-1.324138,0.815218,0.692374,0.669534
MOT20,V004,1018,S_c,2998,86,0,0.462962,0.005975,-1.415458,0.995080,0.235829,0.595421
MOT20,V004,1026,S_r,2415,90,0,0.040529,0.439007,-1.056530,0.561346,0.866423,0.844168
MOT20,V004,1037,S_c,3012,1171,0,0.763504,0.122925,-1.049376,0.997584,0.396109,0.847873
MOT20,V004,1038,S_r,3003,1,0,0.381110,0.398195,-0.050700,0.992913,0.820760,0.999599
MOT20,V004,1042,S_c,3014,63,0,0.449635,0.203311,-1.242483,0.994810,0.527764,0.729109
MOT20,V004,1045,S_h,2467,91,0,0.361527,0.385190,-0.966175,0.992204,0.805033,0.888723
MOT20,V004,1049,S_h,2755,1196,0,0.442012,0.340932,-0.918965,0.994654,0.747836,0.908605
MOT20,V004,1053,S_r,2668,1155,0,0.057853,0.750545,-0.110120,0.729968,0.999445,0.999421
MOT20,V004,1054,S_h,2703,1155,0,0.397597,0.369755,-0.998606,0.993496,0.785763,0.873518
MOT20,V004,1056,S_r,3002,1090,0,0.088850,0.641354,-0.343002,0.867575,0.988209,0.997522
MOT20,V004,1059,S_r,3020,16,0,0.098336,0.650376,-0.493374,0.890340,0.990147,0.993792
MOT20,V004,1061,S_r,3020,86,0,0.103592,0.366384,-1.060048,0.900662,0.781592,0.842321
MOT20,V004,1062,S_r,3018,1176,0,0.037353,0.523203,-0.563245,0.517937,0.937066,0.989625
MOT20,V004,1065,S_h,2737,16,0,0.540485,0.351952,-0.868993,0.996152,0.762885,0.927171
MOT20,V004,1065,S_h,2998,86,0,0.210862,0.258169,-1.292399,0.976732,0.619907,0.693193
MOT20,V004,1065,S_c,3026,1211,0,0.605343,0.289858,-0.960632,0.996778,0.671664,0.891191
MOT20,V004,1072,S_r,2590,70,0,0.042236,0.479575,-0.913562,0.582667,0.904116,0.910772
MOT20,V004,1072,S_c,3031,1211,0,0.430225,0.276855,-0.882550,0.994382,0.650693,0.922497
MOT20,V004,1077,S_h,2983,1182,0,0.379989,0.293683,-0.926203,0.992873,0.677739,0.905694
MOT20,V004,1079,S_c,3041,1107,0,0.693350,0.100457,-1.024218,0.997314,0.361703,0.860826
MOT20,V004,1079,S_r,2674,1175,0,0.237032,0.581382,-0.403545,0.981798,0.969008,0.996447
MOT20,V004,1080,S_h,2607,1175,0,0.311172,0.657041,-0.507040,0.989511,0.991607,0.993183
MOT20,V004,1092,S_h,2703,1159,0,0.320967,0.368136,-0.882376,0.990123,0.783786,0.922564
MOT20,V004,1100,S_c,3053,921,0,0.402460,0.187764,-1.042849,0.993641,0.501442,0.851356
MOT20,V004,1101,S_h,2588,1159,0,0.335638,0.416694,-0.842112,0.990956,0.842489,0.936302
MOT20,V004,1106,S_h,2714,63,0,0.644350,0.295398,-0.843572,0.997054,0.680390,0.935786
MOT20,V004,1107,S_r,2588,1177,0,0.514680,0.467243,-0.672498,0.995849,0.893586,0.975983
MOT20,V004,1108,S_r,3014,63,0,0.120386,0.288324,-1.215603,0.926000,0.669221,0.747043
MOT20,V004,1115,S_r,3057,1041,0,0.109431,0.694989,-0.344737,0.910568,0.997247,0.997494
MOT20,V004,1116,S_h,3034,22,0,0.290212,0.186974,-1.229398,0.987916,0.500080,0.737982
MOT20,V004,1121,S_r,3064,85,0,0.231688,0.354965,-0.842463,0.980850,0.766852,0.936158
MOT20,V004,1133,S_r,2714,63,0,0.210046,0.694906,-0.100767,0.976553,0.997237,0.999447
MOT20,V004,1138,S_c,3074,1173,0,0.741003,0.086243,-0.855278,0.997498,0.340719,0.931894
MOT20,V004,1140,S_c,3076,1036,0,0.323291,0.261245,-1.208636,0.990260,0.624992,0.751719
MOT20,V004,1157,S_r,3014,63,0,0.131203,0.712974,-0.393606,0.937700,0.998478,0.996637
MOT20,V004,1169,S_r,3090,1154,0,0.182544,0.593970,-0.355618,0.968626,0.974193,0.997321
MOT20,V004,1175,S_c,3103,921,0,0.457863,0.288223,-1.064573,0.994983,0.669064,0.839828
MOT20,V004,1175,S_h,2572,996,0,0.875170,0.096873,-1.002753,0.998029,0.356241,0.871503
MOT20,V004,1182,S_h,3051,1001,0,0.371768,0.344226,-0.732123,0.992586,0.752462,0.965361
MOT20,V004,1184,S_h,3023,1001,0,0.298767,0.327364,-0.835670,0.988610,0.728820,0.938349
MOT20,V004,1185,S_c,3111,1142,0,0.857184,0.131231,-0.988965,0.997949,0.409403,0.878179
MOT20,V004,1194,S_h,3018,1159,0,0.272847,0.549161,-0.517108,0.986274,0.952990,0.992670
MOT20,V004,1196,S_r,2983,1176,0,0.172294,0.540999,-0.699430,0.964615,0.948313,0.971562
MOT20,V004,1197,S_r,3118,1147,0,0.382661,0.561255,-0.174778,0.992981,0.959595,0.999109
MOT20,V004,1201,S_h,3075,1182,0,0.162517,0.560671,-0.728249,0.960034,0.959298,0.966143
MOT20,V004,1208,S_r,3130,1160,0,0.383015,0.276220,-0.979841,0.992990,0.649683,0.882448
MOT20,V004,1211,S_r,2729,24,0,0.086949,0.539836,-0.800544,0.862371,0.947614,0.948689
MOT20,V004,1211,S_r,3078,1147,0,0.071966,0.327480,-1.235053,0.808929,0.728996,0.734124
MOT20,V004,1218,S_r,2671,1172,0,0.116874,0.577138,-0.588173,0.921442,0.967177,0.987225
MOT20,V004,1220,S_r,3033,1170,0,0.241407,0.344750,-0.750154,0.982445,0.753159,0.961389
MOT20,V004,1220,S_r,3067,1173,0,0.138081,0.525609,-0.750154,0.943746,0.938663,0.961389
MOT20,V004,1222,S_r,2901,1091,0,0.043544,0.156384,-1.609040,0.598241,0.449570,0.429170
MOT20,V004,1223,S_r,2792,1041,0,0.156568,0.449556,-0.790819,0.956752,0.876970,0.951396
MOT20,V004,1223,S_r,3057,1093,0,0.131579,0.643137,-0.464486,0.938067,0.988607,0.994838
MOT20,V004,1226,S_r,2854,979,0,0.065478,0.609930,-0.689282,0.777152,0.979902,0.973284
MOT20,V004,1227,S_r,3127,1125,0,0.072920,0.686189,-0.328721,0.813026,0.996279,0.997708
MOT20,V004,1231,S_r,3033,1172,0,0.073590,0.354578,-1.134908,0.815853,0.766326,0.799126
MOT20,V004,1235,S_r,2729,1170,0,0.170910,0.374374,-0.976196,0.964000,0.791616,0.884175
MOT20,V004,1236,S_r,2497,1077,0,0.109410,0.320467,-1.125244,0.910541,0.718703,0.805049
MOT20,V004,1239,S_h,2851,979,0,0.189917,0.461095,-0.726255,0.971153,0.887962,0.966556
MOT20,V004,1240,S_h,2854,979,0,0.156601,0.574160,-0.758499,0.956775,0.965813,0.959437
MOT20,V004,1240,S_c,3156,1162,0,0.395173,0.243423,-1.053747,0.993424,0.595244,0.845614
MOT20,V004,1242,S_c,3159,937,0,0.739278,0.240172,-0.777446,0.997490,0.589892,0.954799
MOT20,V004,1244,S_r,2751,1170,0,0.095989,0.314376,-0.664994,0.885234,0.709660,0.977153
MOT20,V004,1245,S_c,3161,1045,0,0.321252,0.487710,-0.687659,0.990141,0.910891,0.973555
MOT20,V004,1245,S_c,3162,1164,0,0.509541,0.302774,-0.839943,0.995791,0.692000,0.937031
MOT20,V004,1246,S_r,3160,426,0,0.457580,0.409489,-0.801357,0.994977,0.834174,0.948454
MOT20,V004,1250,S_c,3166,791,0,0.585089,0.261599,-0.994662,0.996581,0.625569,0.875403
MOT20,V004,1250,S_h,3129,1153,0,0.160609,0.403516,-0.986168,0.959036,0.827164,0.879461
MOT20,V004,1252,S_c,3172,1151,0,0.545515,0.432565,-0.696700,0.996206,0.859726,0.972029
MOT20,V004,1253,S_r,2844,997,0,0.035788,0.419869,-1.102863,0.494778,0.846044,0.818605
MOT20,V004,1253,S_r,2890,1081,0,0.020719,0.446760,-1.064452,0.225610,0.874224,0.839877
MOT20,V004,1262,S_r,2527,1074,0,0.090592,0.240917,-1.418118,0.872318,0.591122,0.593139
MOT20,V004,1263,S_r,3156,1167,0,0.281405,0.435684,-0.899475,0.987102,0.862990,0.916149
MOT20,V004,1265,S_r,2851,983,0,0.051367,0.540025,-0.847977,0.678593,0.947724,0.934334
MOT20,V004,1276,S_r,3046,1116,0,0.456649,0.520406,0.536281,0.994956,0.935135,0.999976
MOT20,V004,1276,S_h,2739,1179,0,0.562302,0.068070,-1.362777,0.996376,0.315287,0.638898
MOT20,V004,1279,S_r,2792,1040,0,0.040702,0.370420,-1.045132,0.563541,0.786649,0.850163
MOT20,V004,1279,S_r,2093,1041,0,0.233843,0.309904,-1.045132,0.981253,0.702905,0.850163
MOT20,V004,1280,S_r,3190,1039,0,0.115278,0.647434,-0.460333,0.919305,0.989495,0.994970
MOT20,V004,1282,S_h,2918,1151,0,0.424010,0.201942,-1.065340,0.994224,0.525435,0.839441
MOT20,V004,1289,S_h,3156,1041,0,0.603506,0.228550,-0.879378,0.996763,0.570493,0.923632
MOT20,V004,1304,S_r,3174,1166,0,0.059765,0.552833,-0.775392,0.742900,0.955033,0.955328
MOT20,V004,1304,S_r,3186,1181,0,0.035212,0.576798,-0.775392,0.486088,0.967028,0.955328
MOT20,V004,1306,S_r,2751,1145,0,0.206756,0.592973,-0.034506,0.975810,0.973800,0.999631
MOT20,V004,1308,S_h,3046,1161,0,0.293642,0.152142,-1.402063,0.988194,0.442660,0.606618
MOT20,V004,1320,S_h,2093,979,0,0.465880,0.404342,-0.810966,0.995130,0.828140,0.945777
MOT20,V004,1323,S_r,2832,427,0,0.036509,0.449757,-1.016370,0.505584,0.877153,0.864820
MOT20,V004,1323,S_r,2163,1095,0,0.026454,0.470909,-1.016370,0.335938,0.896809,0.864820
MOT20,V004,1328,S_c,3215,1003,0,0.511718,0.438972,-0.515574,0.995816,0.866389,0.992745
MOT20,V004,1335,S_r,3012,1133,0,0.502165,0.332862,-0.490293,0.995685,0.736578,0.993907
MOT20,V004,1339,S_r,2962,1176,0,0.078868,0.453630,-0.791435,0.836436,0.880873,0.951235
MOT20,V004,1343,S_r,2917,1042,0,0.050104,0.486975,-0.949867,0.667160,0.910306,0.895861
MOT20,V004,1343,S_r,2061,1085,0,0.070853,0.495969,-0.928738,0.803978,0.917416,0.904674
MOT20,V004,1359,S_h,2751,1133,0,0.568227,0.421149,0.561191,0.996428,0.847406,0.999981
MOT20,V004,1377,S_h,3232,542,0,0.257398,0.525821,-0.765754,0.984554,0.938817,0.957761
MOT20,V004,1395,S_c,3250,1097,0,0.754470,0.243776,-0.971213,0.997554,0.595869,0.886402
MOT20,V004,1418,S_r,3272,1000,0,0.142012,0.622220,-0.147590,0.946956,0.983536,0.999255
MOT20,V004,1428,S_c,3278,542,0,0.688628,0.237485,-0.883224,0.997286,0.585433,0.922230
MOT20,V004,1429,S_c,3279,962,0,0.304474,0.000000,-1.644232,0.989034,0.226412,0.399008
MOT20,V004,1430,S_c,3281,1097,0,0.558389,0.313238,-0.982864,0.996337,0.707933,0.880961
MOT20,V004,1434,S_r,2741,913,0,0.070308,0.579104,-0.693421,0.801520,0.968041,0.972634
MOT20,V004,1434,S_r,2775,1113,0,0.110417,0.371471,-1.051220,0.912133,0.788019,0.846898
MOT20,V004,1441,S_h,2871,1045,0,0.361724,0.203390,-1.152496,0.992215,0.527905,0.788016
MOT20,V004,1462,S_r,3300,936,0,0.188449,0.764364,-0.075020,0.970652,0.999619,0.999531
MOT20,V004,1464,S_r,3161,1072,0,0.050737,0.600782,-0.208251,0.672947,0.976766,0.998896
MOT20,V004,1468,S_h,3299,983,0,0.252695,0.283669,-1.219674,0.984005,0.661872,0.744349
MOT20,V004,1468,S_r,3111,1078,0,0.049863,0.337283,-1.268873,0.664817,0.742801,0.710399
MOT20,V004,1470,S_r,2992,1079,0,0.285901,0.378334,-0.893718,0.987524,0.796577,0.918377
MOT20,V004,1470,S_r,3302,1101,0,0.121939,0.759323,-0.246292,0.927871,0.999565,0.998593
MOT20,V004,1477,S_r,3086,1141,0,0.077178,0.704255,-0.374845,0.830331,0.997998,0.997016
MOT20,V004,1478,S_h,2851,983,0,0.772743,0.174091,-0.819513,0.997607,0.478492,0.943301
MOT20,V004,1479,S_r,2931,1079,0,0.097096,0.267356,-1.281494,0.887651,0.635048,0.701129
MOT20,V004,1484,S_r,2118,922,0,0.058639,0.395830,-1.131564,0.735362,0.817932,0.801229
MOT20,V004,1484,S_r,2991,977,0,0.008494,0.405473,-1.131564,0.032712,0.829510,0.801229
MOT20,V004,1487,S_c,3310,921,0,0.527597,0.111613,-1.208927,0.996007,0.378627,0.751526
MOT20,V004,1506,S_r,3321,1086,0,0.465215,0.476277,-0.494607,0.995117,0.901366,0.993732
MOT20,V004,1515,S_r,3329,1078,0,0.109156,0.362074,-1.035348,0.910132,0.776054,0.855270
MOT20,V004,1523,S_r,3328,999,0,0.350525,0.474356,-0.671685,0.991710,0.899757,0.976107
MOT20,V004,1523,S_r,3055,1083,0,0.022317,0.664497,-0.628965,0.256539,0.993095,0.982525
MOT20,V004,1531,S_h,3339,949,0,0.285099,0.169388,-1.327262,0.987440,0.470847,0.667073
MOT20,V004,1534,S_r,3326,1096,0,0.153669,0.423926,-1.027538,0.955029,0.850456,0.859170
MOT20,V004,1535,S_r,3359,989,0,0.028579,0.649275,-0.334324,0.374983,0.989914,0.997624
MOT20,V004,1548,S_r,3046,1101,0,0.188003,0.520785,-0.604150,0.970502,0.935393,0.985425
MOT20,V004,1561,S_h,2754,1097,0,0.314196,0.665773,-0.383883,0.989696,0.993317,0.996843
MOT20,V004,1570,S_r,3363,968,0,0.049273,0.674546,-0.161184,0.659196,0.994743,0.999193
MOT20,V004,1572,S_h,3245,968,0,0.174019,0.268269,-1.182679,0.965386,0.636562,0.768747
MOT20,V004,1573,S_r,3351,1101,0,0.083491,0.632460,-0.319025,0.851968,0.986158,0.997850
MOT20,V004,1578,S_r,2726,1084,0,0.052661,0.536196,-0.865485,0.689721,0.945404,0.928387
MOT20,V004,1584,S_r,2731,1102,0,0.257081,0.510946,-0.635163,0.984518,0.928562,0.981650
MOT20,V004,1585,S_r,2754,1095,0,0.072244,0.501842,-0.843487,0.810150,0.921853,0.935813
MOT20,V004,1585,S_r,2163,1097,0,0.056904,0.457482,-0.955360,0.723175,0.884548,0.893508
MOT20,V004,1587,S_h,3046,1101,0,0.393878,0.326298,-0.913612,0.993380,0.727284,0.910744
MOT20,V004,1588,S_r,2781,1066,0,0.158686,0.562245,-0.115937,0.957943,0.960081,0.999404
MOT20,V004,1589,S_r,2726,1075,0,0.011194,0.346926,-1.270778,0.063624,0.756139,0.708947
MOT20,V004,1590,S_r,2731,1098,0,0.209844,0.424493,-0.829496,0.976519,0.851094,0.940197
MOT20,V004,1591,S_r,2731,1084,0,0.488150,0.495647,-0.725928,0.995494,0.917164,0.966613
MOT20,V004,1604,S_c,3402,1102,0,0.528196,0.269618,-0.986164,0.996012,0.638787,0.879462
MOT20,V004,1610,S_r,2820,1095,0,0.422144,0.307732,-0.731484,0.994175,0.699563,0.965460
MOT20,V004,1612,S_c,3408,1094,0,0.443022,0.550687,-0.569600,0.994673,0.953859,0.989052
MOT20,V004,1614,S_r,2820,1091,0,0.028136,0.385495,-1.189493,0.366814,0.805405,0.764309
MOT20,V004,1614,S_r,2901,1095,0,0.021304,0.375573,-1.189493,0.236897,0.793159,0.764309
MOT20,V004,1619,S_c,3417,1094,0,0.425540,0.313552,-1.017470,0.994264,0.708408,0.864265
MOT20,V004,1627,S_c,3424,1088,0,0.566657,0.429228,-0.734398,0.996413,0.856254,0.964890
MOT20,V004,1629,S_r,2754,1091,0,0.176214,0.710463,-0.077344,0.966264,0.998352,0.999528
MOT20,V004,1635,S_h,3403,1092,0,0.091971,0.574676,-0.708710,0.875834,0.966050,0.969850
MOT20,V004,1636,S_r,3397,1090,0,0.083239,0.300472,-1.299480,0.851181,0.688400,0.687982
MOT20,V004,1636,S_r,2820,1092,0,0.207763,0.538080,-0.326629,0.976048,0.946573,0.997751
MOT20,V004,1637,S_h,2839,1092,0,0.539281,0.433428,-0.657987,0.996139,0.860641,0.978247
MOT20,V004,1642,S_r,3333,884,0,0.089531,0.468041,-0.941481,0.869417,0.894294,0.899447
MOT20,V004,1643,S_h,3002,1090,0,0.701406,0.254099,-0.965277,0.997348,0.613161,0.889121
MOT20,V004,1646,S_r,3209,1102,0,0.482125,0.227071,-0.560684,0.995387,0.567948,0.989825
MOT20,V004,1648,S_c,3445,1015,0,0.532589,0.308345,-0.992682,0.996070,0.700514,0.876437
MOT20,V004,1658,S_r,3449,1080,0,0.120655,0.417197,-0.818266,0.926326,0.843041,0.943672
MOT20,V004,1660,S_c,3457,508,0,0.394763,0.385532,-0.932566,0.993409,0.805444,0.903105
MOT20,V004,1661,S_r,3454,950,0,0.115131,0.730317,-0.027479,0.919075,0.999058,0.999641
MOT20,V004,1662,S_c,3461,1047,0,0.467829,0.019083,-1.275910,0.995161,0.252890,0.705211
MOT20,V004,1667,S_c,3467,1065,0,0.593043,0.406401,-0.675612,0.996671,0.830586,0.975481
MOT20,V004,1677,S_r,2916,1094,0,0.015859,0.258856,-1.445811,0.135916,0.621055,0.569625
MOT20,V004,1678,S_r,2698,477,0,0.023123,0.407131,-1.128238,0.272070,0.831439,0.803263
MOT20,V004,1678,S_r,3227,642,0,0.026916,0.414592,-1.128238,0.344547,0.840073,0.803263
MOT20,V004,1678,S_h,3424,1087,0,0.395959,0.329581,-0.954213,0.993444,0.731987,0.894019
MOT20,V004,1679,S_h,3268,1046,0,0.736273,0.188608,-0.993106,0.997479,0.502873,0.876200
MOT20,V004,1687,S_r,3461,999,0,0.054382,0.424690,-0.938884,0.703966,0.851310,0.900516
MOT20,V004,1687,S_r,3328,1047,0,0.123949,0.458096,-0.938884,0.930261,0.885120,0.900516
MOT20,V004,1688,S_h,3473,1097,0,0.388468,0.572155,-0.414069,0.993184,0.964950,0.996229
MOT20,V004,1690,S_r,2163,1090,0,0.133087,0.679454,-0.006596,0.939416,0.995420,0.999671
MOT20,V004,1706,S_c,3496,1020,0,0.596836,0.269395,-0.984342,0.996709,0.638434,0.880274
MOT20,V004,1711,S_c,3499,921,0,0.531020,0.173355,-1.230805,0.996048,0.477258,0.737009
MOT20,V004,1712,S_r,3310,990,0,0.168616,0.238099,-1.223241,0.962959,0.586434,0.742009
MOT20,V004,1715,S_c,3502,991,0,0.490279,0.060479,-1.403053,0.995521,0.305018,0.605824
MOT20,V004,1722,S_r,3030,791,0,0.063049,0.479912,-0.755106,0.763470,0.904407,0.960271
MOT20,V004,1729,S_c,3508,542,0,0.561249,0.266441,-0.598057,0.996367,0.633542,0.986140
MOT20,V004,1737,S_r,3166,792,0,0.287368,0.498586,-0.742837,0.987650,0.919398,0.963047
MOT20,V004,1741,S_r,3359,921,0,0.146307,0.543720,-0.219939,0.950144,0.949954,0.998805
MOT20,V004,1742,S_h,3499,989,0,0.586366,0.109549,-1.094983,0.996597,0.375529,0.823286
MOT20,V004,1747,S_r,3202,1051,0,0.042426,0.438212,-1.052730,0.584948,0.865618,0.846129
MOT20,V004,1749,S_r,3511,941,0,0.040352,0.689220,-0.305231,0.559125,0.996661,0.998015
MOT20,V004,1755,S_r,3202,1101,0,0.032527,0.532461,-0.903885,0.443381,0.943101,0.914473
MOT20,V004,1761,S_r,3029,962,0,0.101800,0.567348,-0.601657,0.897296,0.962692,0.985727
MOT20,V004,1762,S_c,3521,403,0,0.284143,0.306335,-1.060623,0.987346,0.697434,0.842008
MOT20,V004,1763,S_c,3523,552,0,0.531710,0.312657,-0.834062,0.996058,0.707055,0.938838
MOT20,V004,1765,S_h,2061,958,0,0.156936,0.385022,-1.060551,0.956960,0.804817,0.842063
MOT20,V004,1769,S_r,3166,791,0,0.036449,0.490019,-0.939784,0.504703,0.912777,0.900147
MOT20,V004,1769,S_r,3030,792,0,0.093828,0.439920,-0.939784,0.880295,0.867364,0.900147
MOT20,V004,1780,S_r,3513,990,0,0.053385,0.674495,-0.301522,0.695878,0.994733,0.998046
MOT20,V004,1782,S_h,3098,958,0,0.451585,0.126958,-1.157962,0.994851,0.402431,0.784640
MOT20,V004,1782,S_h,3310,990,0,0.079332,0.175326,-1.457412,0.838124,0.480518,0.559782
MOT20,V004,1783,S_r,3035,961,0,0.133367,0.695379,-0.081395,0.939673,0.997267,0.999517
MOT20,V004,1784,S_r,3070,960,0,0.137974,0.793325,-0.291857,0.943672,0.999842,0.998150
MOT20,V004,1785,S_r,2865,979,0,0.042375,0.415011,-0.984620,0.584357,0.840573,0.880148
MOT20,V004,1785,S_r,2093,981,0,0.333238,0.369708,-0.983074,0.990816,0.785706,0.880869
MOT20,V004,1787,S_r,3145,960,0,0.060425,0.615470,-0.647546,0.747234,0.981584,0.979826
MOT20,V004,1808,S_h,3027,960,0,0.198822,0.414758,-1.070142,0.973731,0.840282,0.836913
MOT20,V004,1811,S_h,3145,1055,0,0.460397,0.362550,-0.593626,0.995033,0.776675,0.986633
MOT20,V004,1812,S_h,3540,552,0,0.291403,0.354462,-0.826586,0.988020,0.766175,0.941096
MOT20,V004,1816,S_r,3557,527,0,0.135378,0.539584,-0.472756,0.941475,0.947459,0.994538
MOT20,V004,1817,S_h,3547,956,0,0.402534,0.377586,-0.830740,0.993642,0.795699,0.939844
MOT20,V004,1821,S_r,3523,552,0,0.156431,0.477929,-0.914681,0.956671,0.902768,0.910281
MOT20,V004,1824,S_r,3279,959,0,0.032875,0.641463,-0.650331,0.449124,0.988238,0.979436
MOT20,V004,1826,S_r,3540,552,0,0.114129,0.665533,0.002105,0.917681,0.993274,0.999685
MOT20,V004,1826,S_r,3110,959,0,0.347034,0.631416,-0.081808,0.991553,0.985926,0.999515
MOT20,V004,1833,S_r,3145,962,0,0.194949,0.618801,-0.329304,0.972664,0.982588,0.997702
MOT20,V004,1838,S_r,3523,552,0,0.033638,0.686656,-0.389217,0.461524,0.996339,0.996717
MOT20,V004,1843,S_r,3540,552,0,0.129671,0.634645,-0.234070,0.936223,0.986663,0.998697
MOT20,V004,1843,S_r,3029,959,0,0.084922,0.539684,-0.714164,0.856365,0.947518,0.968877
MOT20,V004,1844,S_r,3110,959,0,0.382056,0.459949,-0.278720,0.992953,0.886855,0.998282
MOT20,V004,1845,S_h,3029,959,0,0.378741,0.210395,-1.186530,0.992833,0.539784,0.766155
MOT20,V004,1850,S_r,3279,962,0,0.072486,0.559810,-0.761447,0.811174,0.958837,0.958708
MOT20,V004,1850,S_r,2844,996,0,0.051958,0.420288,-1.052983,0.683728,0.846493,0.845985
MOT20,V004,1850,S_r,3583,997,0,0.030440,0.444331,-1.052983,0.408082,0.871836,0.845985
MOT20,V004,1851,S_r,3110,959,0,0.122510,0.470356,-0.709843,0.928537,0.896323,0.969643
MOT20,V004,1854,S_r,3279,959,0,0.286500,0.468129,-0.094427,0.987577,0.894363,0.999472
MOT20,V004,1855,S_h,3110,959,0,0.296060,0.274721,-1.177469,0.988387,0.647207,0.772152
MOT20,V004,1856,S_r,3523,552,0,0.170763,0.716417,-0.293596,0.963920,0.998617,0.998128
MOT20,V004,1862,S_c,3595,443,0,0.778580,0.000000,-1.188463,0.997637,0.226412,0.764932
MOT20,V004,1865,S_r,3231,993,0,0.228835,0.746112,0.230224,0.980331,0.999371,0.999854
MOT20,V004,1867,S_h,3540,552,0,0.148613,0.662595,-0.357323,0.951747,0.992737,0.997298
MOT20,V004,1874,S_h,3523,552,0,0.194099,0.426828,-0.972320,0.972424,0.853651,0.885884
MOT20,V004,1875,S_c,3609,571,0,0.473229,0.514693,-0.681210,0.995259,0.931250,0.974601
MOT20,V004,1881,S_c,3617,443,0,0.351095,0.236872,-1.160554,0.991741,0.584390,0.782958
MOT20,V004,1885,S_r,3619,443,0,0.123606,0.298007,-1.250992,0.929866,0.684498,0.723200
MOT20,V004,1889,S_r,2871,993,0,0.181381,0.288321,-1.135840,0.968223,0.669219,0.798530
MOT20,V004,1893,S_r,3231,993,0,0.127108,0.222715,-0.756056,0.933710,0.560618,0.960037
MOT20,V004,1895,S_h,3595,443,0,0.410664,0.156207,-1.152134,0.993888,0.449293,0.788259
MOT20,V004,1895,S_r,3540,552,0,0.073997,0.499875,-0.239491,0.817614,0.920370,0.998647
MOT20,V004,1897,S_r,3523,552,0,0.132535,0.716881,-0.265154,0.938916,0.998638,0.998426
MOT20,V004,1899,S_r,3617,443,0,0.123979,0.760193,-0.035672,0.930294,0.999569,0.999626
MOT20,V004,1903,S_c,3628,539,0,0.299624,0.341022,-0.803462,0.988678,0.747955,0.947962
MOT20,V004,1906,S_r,3184,968,0,0.046623,0.585467,-0.441975,0.632442,0.970747,0.995539
MOT20,V004,1908,S_h,3595,443,0,0.211159,0.558092,-0.507459,0.976803,0.957911,0.993158
MOT20,V004,1908,S_h,3268,993,0,0.740158,0.038144,-0.838749,0.997493,0.276445,0.937397
MOT20,V004,1911,S_r,3540,427,0,0.087495,0.520926,-0.875080,0.863886,0.935498,0.925150
MOT20,V004,1911,S_r,3619,443,0,0.047080,0.491793,-0.347557,0.637247,0.914132,0.997448
MOT20,V004,1913,S_r,3102,967,0,0.042846,0.382732,-1.166874,0.589956,0.802030,0.778943
MOT20,V004,1915,S_h,3258,993,0,0.453984,0.093537,-1.220043,0.994901,0.351112,0.744111
MOT20,V004,1917,S_r,3145,1021,0,0.131894,0.686180,-0.311902,0.938346,0.996278,0.997936
MOT20,V004,1918,S_r,3261,1021,0,0.250690,0.497001,-0.401392,0.983750,0.918199,0.996474
MOT20,V004,1919,S_r,3102,969,0,0.139378,0.544167,-0.284128,0.944858,0.950203,0.998228
MOT20,V004,1921,S_r,3197,969,0,0.480677,0.373980,-0.700689,0.995368,0.791133,0.971323
MOT20,V004,1923,S_r,3102,969,0,0.176183,0.614461,-0.119177,0.966251,0.981264,0.999390
MOT20,V004,1925,S_r,3279,1021,0,0.385384,0.524244,-0.627077,0.993072,0.937741,0.982759
MOT20,V004,1926,S_h,3258,997,0,0.253887,0.351322,-1.081991,0.984133,0.762036,0.830422
MOT20,V004,1929,S_h,3583,997,0,0.428736,0.357141,-0.671323,0.994345,0.769658,0.976154
MOT20,V004,1931,S_r,3261,1021,0,0.022152,0.440478,-1.055094,0.253353,0.867934,0.844919
MOT20,V004,1936,S_c,3641,947,0,0.366497,0.497955,-0.692298,0.992409,0.918933,0.972825
MOT20,V004,1940,S_h,3145,965,0,0.482601,0.350699,-0.831256,0.995394,0.761180,0.939701
MOT20,V004,1946,S_h,3640,903,0,0.233734,0.263947,-1.175767,0.981229,0.629467,0.773217
MOT20,V004,1946,S_r,3261,985,0,0.078947,0.402500,-0.556319,0.836728,0.825959,0.990197
MOT20,V004,1947,S_h,2862,903,0,0.218822,0.319528,-1.182678,0.978446,0.717364,0.768747
MOT20,V004,1947,S_r,3190,1021,0,0.433889,0.389845,-0.463574,0.994463,0.810717,0.994869
MOT20,V004,1948,S_h,3640,903,0,0.211984,0.271906,-1.174250,0.976986,0.642528,0.774252
MOT20,V004,1949,S_h,2862,903,0,0.204914,0.311102,-1.196116,0.975333,0.704703,0.759936
MOT20,V004,1955,S_r,3656,1020,0,0.082986,0.635288,-0.547092,0.850407,0.986811,0.990903
MOT20,V004,1960,S_h,3628,541,0,0.407910,0.357003,-0.743458,0.993796,0.769464,0.962916
MOT20,V004,1961,S_h,3601,539,0,0.417130,0.514035,-0.598315,0.994059,0.930778,0.986114
MOT20,V004,1985,S_h,3531,466,0,0.212336,0.577472,-0.629955,0.977059,0.967348,0.982386
MOT20,V004,1990,S_h,3493,466,0,0.162819,0.333437,-1.074499,0.960180,0.737445,0.834507
MOT20,V004,1998,S_r,3506,939,0,0.077147,0.466842,-0.940324,0.830218,0.893223,0.899924
MOT20,V004,1999,S_r,3641,944,0,0.128293,0.463294,-0.794546,0.934878,0.889996,0.950344
MOT20,V004,2002,S_r,3628,539,0,0.151123,0.709568,0.101728,0.953400,0.998301,0.999774
MOT20,V004,2004,S_c,3684,541,0,0.599357,0.333903,-0.489146,0.996728,0.738081,0.993961
MOT20,V004,2007,S_h,3681,903,0,0.334442,0.312142,-1.011480,0.990884,0.706284,0.867195
MOT20,V004,2007,S_r,3339,947,0,0.031711,0.429665,-1.025170,0.429820,0.856726,0.860364
MOT20,V004,2010,S_h,3601,541,0,0.327614,0.516214,-0.623091,0.990521,0.932285,0.983264
MOT20,V004,2011,S_r,3641,949,0,0.118520,0.309008,-1.271996,0.923624,0.701527,0.708020
MOT20,V004,2013,S_c,3687,939,0,0.621507,0.258671,-0.992519,0.996886,0.620743,0.876507
MOT20,V004,2015,S_r,3511,1020,0,0.218935,0.560950,-0.280814,0.978463,0.959439,0.998266
MOT20,V004,2021,S_r,2099,1012,0,0.108703,0.601460,-0.336849,0.909442,0.977012,0.997596
MOT20,V004,2024,S_c,3697,509,0,0.586094,0.299709,-0.857360,0.996595,0.687203,0.931176
MOT20,V004,2027,S_r,3185,976,0,0.391298,0.427124,-0.451225,0.993284,0.853974,0.995237
MOT20,V004,2032,S_h,3701,918,0,0.445800,0.274682,-1.084368,0.994727,0.647140,0.829107
MOT20,V004,2033,S_c,3703,939,0,0.573474,0.162651,-1.186174,0.996479,0.459784,0.766397
MOT20,V004,2033,S_r,3493,1015,0,0.091897,0.309691,-1.292371,0.875655,0.702568,0.693216
MOT20,V004,2034,S_h,3445,1015,0,0.312227,0.331922,-0.964980,0.989573,0.735255,0.889260
MOT20,V004,2036,S_r,3506,939,0,0.259554,0.294723,-1.013315,0.984812,0.679372,0.866287
MOT20,V004,2038,S_r,3589,539,0,0.034855,0.584915,-0.794011,0.480689,0.970510,0.950512
MOT20,V004,2038,S_r,3628,540,0,0.028360,0.557860,-0.794011,0.370973,0.957788,0.950512
MOT20,V004,2041,S_r,3474,466,0,0.464143,0.344352,0.506676,0.995096,0.752621,0.999967
MOT20,V004,2041,S_r,3445,467,0,0.180967,0.454641,-0.916970,0.968077,0.881828,0.909386
MOT20,V004,2043,S_r,3506,1015,0,0.256288,0.298969,-1.119210,0.984404,0.686017,0.808657
MOT20,V004,2047,S_r,2099,976,0,0.018268,0.599930,-0.381802,0.179040,0.976445,0.996878
MOT20,V004,2049,S_r,3445,939,0,0.193339,0.363562,-1.073260,0.972228,0.777956,0.835176
MOT20,V004,2054,S_c,3719,542,0,0.662422,0.101470,-0.995760,0.997164,0.363239,0.874915
MOT20,V004,2055,S_h,3203,977,0,0.644413,0.269297,-0.299957,0.997054,0.638279,0.998064
MOT20,V004,2063,S_c,3723,939,0,0.694545,0.258710,-0.539457,0.997318,0.620809,0.991413
MOT20,V004,2070,S_c,3728,876,0,0.389358,0.403090,-0.656870,0.993217,0.826664,0.978435
MOT20,V004,2075,S_r,3715,504,0,0.181255,0.634330,-0.283619,0.968175,0.986584,0.998239
MOT20,V004,2076,S_r,3729,466,0,0.497807,0.392039,-0.713666,0.995622,0.813428,0.968956
MOT20,V004,2094,S_r,3740,552,0,0.115968,0.674486,-0.373468,0.920244,0.994731,0.997041
MOT20,V004,2122,S_r,3126,542,0,0.131643,0.000000,-1.848723,0.938115,0.226412,0.201832
MOT20,V004,2141,S_r,3523,477,0,0.031645,0.304030,-1.193912,0.428736,0.693907,0.761388
MOT20,V004,2141,S_r,3757,593,0,0.097610,0.780469,-0.129258,0.888788,0.999758,0.999348
MOT20,V004,2142,S_h,3753,593,0,0.206401,0.256911,-1.236503,0.975713,0.617865,0.733148
MOT20,V004,2144,S_h,3766,453,0,0.270387,0.345587,-1.012149,0.986015,0.754312,0.866869
MOT20,V004,2146,S_r,2698,552,0,0.109308,0.571238,-0.490425,0.910378,0.964516,0.993904
MOT20,V004,2148,S_r,3589,394,0,0.041957,0.624123,-0.670296,0.579300,0.984018,0.976287
MOT20,V004,2150,S_r,2060,535,0,0.183966,0.803551,-0.102672,0.969121,0.999882,0.999442
MOT20,V004,2155,S_h,3465,453,0,0.370400,0.393888,-0.858230,0.992543,0.815632,0.930906
MOT20,V004,2155,S_h,3768,885,0,0.881542,0.008883,-0.935113,0.998040,0.239801,0.902035
MOT20,V004,2156,S_h,3766,453,0,0.313392,0.349619,-0.908235,0.989644,0.759729,0.912767
MOT20,V004,2160,S_r,3768,532,0,0.355495,0.351769,-0.644869,0.991941,0.762644,0.980187
MOT20,V004,2163,S_r,3675,540,0,0.143946,0.239782,-1.384112,0.948383,0.589207,0.621531
MOT20,V004,2169,S_c,3799,885,0,0.692929,0.000000,-1.265709,0.997309,0.226412,0.712683
MOT20,V004,2196,S_r,3773,433,0,0.048292,0.432986,-0.995376,0.649571,0.860191,0.875102
MOT20,V004,2199,S_r,3394,465,0,0.276177,0.472964,-0.772306,0.986612,0.898576,0.956115
MOT20,V004,2204,S_h,3556,488,0,0.230006,0.321875,-0.989700,0.980529,0.720746,0.877832
MOT20,V004,2208,S_r,3431,488,0,0.109123,0.677062,-0.321153,0.910083,0.995101,0.997822
MOT20,V004,2211,S_h,2046,425,0,0.430933,0.436685,0.025697,0.994401,0.864012,0.999715
MOT20,V004,2211,S_r,3826,480,0,0.139765,0.394145,-0.964186,0.945167,0.815945,0.889603
MOT20,V004,2211,S_r,3286,482,0,0.058770,0.443134,-0.964186,0.736286,0.870667,0.889603
MOT20,V004,2216,S_h,3392,503,0,0.585172,0.229915,-0.791660,0.996581,0.572747,0.951166
MOT20,V004,2219,S_r,3529,469,0,0.148526,0.260277,-1.342687,0.951680,0.623406,0.655205
MOT20,V004,2220,S_r,3636,500,0,0.188056,0.661429,-0.230834,0.970518,0.992519,0.998725
MOT20,V004,2223,S_r,3392,469,0,0.085511,0.423393,-1.014599,0.858131,0.849904,0.865635
MOT20,V004,2224,S_r,3731,500,0,0.096332,0.723068,-0.112050,0.886004,0.998861,0.999417
MOT20,V004,2224,S_c,3832,547,0,0.638616,0.205989,-0.718431,0.997014,0.532304,0.968052
MOT20,V004,2233,S_h,3636,500,0,0.089286,0.304164,-1.302809,0.868760,0.694127,0.685554
MOT20,V004,2238,S_c,3842,425,0,0.365464,0.476136,-0.494280,0.992371,0.901249,0.993746
MOT20,V004,2251,S_r,3832,410,0,0.091623,0.464311,-0.850848,0.874960,0.890950,0.933366
MOT20,V004,2259,S_r,2046,400,0,0.045161,0.439611,-0.370074,0.616522,0.867065,0.997102
MOT20,V004,2260,S_h,3735,547,0,0.167877,0.466975,-0.926955,0.962611,0.893344,0.905415
MOT20,V004,2266,S_c,3857,505,0,0.615369,0.029368,-1.315874,0.996840,0.265515,0.675768
MOT20,V004,2270,S_h,3845,547,0,0.391475,0.261309,-1.028209,0.993287,0.625096,0.858859
MOT20,V004,2270,S_r,3735,548,0,0.121276,0.389206,-1.099345,0.927098,0.809908,0.820679
MOT20,V004,2271,S_r,3859,532,0,0.162582,0.490669,-0.452406,0.960064,0.913263,0.995205
MOT20,V004,2272,S_h,3631,500,0,0.631962,0.299383,-0.891641,0.996968,0.686697,0.919159
MOT20,V004,2275,S_h,3743,529,0,0.867481,0.000620,-1.114929,0.997997,0.227602,0.811331
MOT20,V004,2279,S_r,3845,408,0,0.118278,0.403162,-0.941118,0.923302,0.826741,0.899590
MOT20,V004,2279,S_r,3539,547,0,0.171970,0.365472,-0.941118,0.964477,0.780402,0.899590
MOT20,V004,2298,S_r,3539,548,0,0.266493,0.422372,-0.520530,0.985616,0.848735,0.992466
MOT20,V004,2302,S_r,3539,410,0,0.088869,0.266718,-1.034908,0.867625,0.634014,0.855469
MOT20,V004,2302,S_r,3832,547,0,0.288036,0.321469,-1.034908,0.987718,0.720172,0.855469
MOT20,V004,2305,S_r,3866,408,0,0.097240,0.553982,-0.288695,0.887958,0.955661,0.998177
MOT20,V004,2320,S_h,3768,530,0,0.257970,0.400915,-0.798691,0.984625,0.824006,0.949193
MOT20,V004,2323,S_r,3810,530,0,0.169037,0.561605,-0.713828,0.963146,0.959779,0.968931
MOT20,V004,2324,S_r,3881,876,0,0.024370,0.627980,-0.342425,0.296134,0.985057,0.997533
MOT20,V004,2329,S_h,3845,532,0,0.629846,0.203953,-0.919229,0.996946,0.528860,0.908504
MOT20,V004,2332,S_h,3832,548,0,0.278345,0.327202,-1.083627,0.986809,0.728596,0.829537
MOT20,V004,2333,S_c,3895,918,0,0.603943,0.275077,-0.666730,0.996768,0.647785,0.976877
MOT20,V004,2335,S_r,3832,410,0,0.218531,0.613412,-0.442734,0.978382,0.980947,0.995520
MOT20,V004,2335,S_r,3539,548,0,0.254152,0.471172,-0.442734,0.984177,0.897028,0.995520
MOT20,V004,2344,S_h,3521,402,0,0.551538,0.119562,-1.145232,0.996268,0.390840,0.792689
MOT20,V004,2360,S_r,3605,520,0,0.074243,0.128040,-1.620345,0.818651,0.404134,0.419326
MOT20,V004,2364,S_c,3915,547,0,0.356295,0.328026,-1.003953,0.991967,0.729802,0.870877
MOT20,V004,2365,S_r,3903,1206,0,0.085621,0.729986,-0.184393,0.858453,0.999050,0.999057
MOT20,V004,2367,S_h,3743,527,0,0.554907,0.319383,-0.742172,0.996301,0.717161,0.963192
MOT20,V004,2387,S_r,3915,548,0,0.567311,0.357349,0.675211,0.996415,0.769938,0.999990
MOT20,V004,2388,S_h,3539,547,0,0.784172,0.176550,-0.980732,0.997660,0.482584,0.882016
MOT20,V004,2404,S_r,3552,408,0,0.078413,0.647005,-0.500429,0.834858,0.989400,0.993495
MOT20,V004,2406,S_r,3927,603,0,0.038709,0.486391,-0.632910,0.537007,0.909831,0.981950
MOT20,V004,2408,S_c,3932,726,0,0.593627,0.187942,-1.065688,0.996675,0.501736,0.839256
MOT20,V004,2413,S_r,3848,603,0,0.020749,0.308120,-1.304327,0.226193,0.700192,0.684455
MOT20,V004,2414,S_c,3936,580,0,0.572465,0.304137,-0.970733,0.996470,0.694086,0.886602
MOT20,V004,2436,S_c,3944,626,0,0.429620,0.218042,-0.917783,0.994366,0.552799,0.909071
MOT20,V004,2459,S_r,3955,1206,0,0.090501,0.672672,-0.317664,0.872066,0.994451,0.997863
MOT20,V004,2472,S_r,3847,724,0,0.358472,0.386576,-0.794279,0.992063,0.806701,0.950435
MOT20,V004,2479,S_r,3646,449,0,0.225984,0.396602,-0.568776,0.979804,0.818838,0.989143
MOT20,V004,2498,S_c,3975,597,0,0.699539,0.266064,-0.943067,0.997339,0.632917,0.898714
MOT20,V004,2500,S_r,3972,390,0,0.167772,0.297513,-0.785147,0.962569,0.683738,0.952925
MOT20,V004,2501,S_r,3977,1206,0,0.062845,0.666566,-0.358003,0.762271,0.993452,0.997291
MOT20,V004,2504,S_c,3979,602,0,0.642577,0.275963,-0.821579,0.997037,0.649219,0.942667
MOT20,V004,2519,S_r,3972,388,0,0.243781,0.253672,-1.232792,0.982800,0.612432,0.735632
MOT20,V004,2519,S_c,3988,900,0,0.496396,0.386694,-0.636281,0.995604,0.806835,0.981506
MOT20,V004,2535,S_r,3651,448,0,0.036836,0.491403,-0.976708,0.510419,0.913857,0.883925
MOT20,V004,2551,S_r,3773,440,0,0.275470,0.598815,-0.170530,0.986545,0.976045,0.999144
MOT20,V004,2553,S_h,3711,440,0,0.178967,0.406507,-0.958534,0.967331,0.830711,0.892108
MOT20,V004,2553,S_r,4008,571,0,0.059104,0.646379,-0.422969,0.738544,0.989274,0.996011
MOT20,V004,2556,S_c,4011,433,0,0.620224,0.291064,-0.913073,0.996880,0.673577,0.910959
MOT20,V004,2565,S_r,4014,622,0,0.218320,0.435106,-0.864360,0.978338,0.862417,0.928749
MOT20,V004,2574,S_h,3865,622,0,0.558914,0.144187,-1.267864,0.996342,0.430013,0.711106
MOT20,V004,2582,S_h,3609,571,0,0.556787,0.055929,-1.155293,0.996320,0.299081,0.786314
MOT20,V004,2594,S_r,3959,644,0,0.035006,0.392295,-1.085788,0.482989,0.813713,0.828363
MOT20,V004,2594,S_r,4005,830,0,0.079049,0.407862,-1.085788,0.837097,0.832271,0.828363
MOT20,V004,2596,S_r,3937,622,0,0.034657,0.616572,-0.690711,0.477635,0.981908,0.973056
MOT20,V004,2611,S_h,3757,573,0,0.530319,0.407126,-0.370195,0.996039,0.831428,0.997099
MOT20,V004,2611,S_c,4041,1206,0,0.865063,0.021562,-1.018913,0.997985,0.255957,0.863536
MOT20,V004,2612,S_h,2254,573,0,0.347478,0.565583,-0.685844,0.991572,0.961804,0.973863
MOT20,V004,2631,S_h,3562,583,0,0.611638,0.353263,-0.787105,0.996812,0.764587,0.952394
MOT20,V004,2634,S_c,4053,621,0,0.630520,0.267710,-0.911483,0.996952,0.635643,0.911538
MOT20,V004,2636,S_r,4055,600,0,0.078409,0.404677,-1.067577,0.834838,0.828560,0.838265
MOT20,V004,2640,S_c,4060,910,0,0.524528,0.079673,-1.149957,0.995961,0.331401,0.789633
MOT20,V004,2649,S_r,3619,442,0,0.034418,0.462900,-1.040823,0.473881,0.889601,0.852399
MOT20,V004,2676,S_r,4077,1206,0,0.084481,0.700727,-0.137390,0.855056,0.997726,0.999315
MOT20,V004,2679,S_r,3946,398,0,0.258955,0.424598,-0.920739,0.984747,0.851218,0.907896
MOT20,V004,2679,S_h,4041,1206,0,0.291780,0.078902,-1.442458,0.988049,0.330326,0.572543
MOT20,V004,2692,S_r,4082,604,0,0.105298,0.681382,-0.132153,0.903737,0.995705,0.999335
MOT20,V004,2704,S_r,4087,725,0,0.157495,0.766188,-0.029776,0.957279,0.999635,0.999639
MOT20,V004,2705,S_r,3834,611,0,0.119716,0.782793,-0.136748,0.925171,0.999774,0.999316
MOT20,V004,2714,S_r,3619,436,0,0.124628,0.358715,-1.140293,0.931015,0.771678,0.795765
MOT20,V004,2714,S_r,3235,594,0,0.047230,0.329134,-1.140293,0.638774,0.731350,0.795765
MOT20,V004,2715,S_r,3870,610,0,0.173622,0.460524,-0.421058,0.965210,0.887414,0.996054
MOT20,V004,2717,S_r,4053,622,0,0.070903,0.357669,-1.196817,0.804206,0.770339,0.759508
MOT20,V004,2718,S_h,3937,622,0,0.465507,0.515246,-0.663009,0.995122,0.931635,0.977471
MOT20,V004,2731,S_r,4107,906,0,0.116587,0.508291,-0.561518,0.921077,0.926624,0.989753
MOT20,V004,2732,S_r,3927,598,0,0.210572,0.307367,-1.056884,0.976673,0.699039,0.843989
MOT20,V004,2732,S_c,4120,619,0,0.496824,0.177328,-0.969610,0.995611,0.483871,0.887092
MOT20,V004,2738,S_r,4121,792,0,0.071534,0.696629,-0.161136,0.807055,0.997376,0.999193
MOT20,V004,2740,S_c,4129,917,0,0.547900,0.000000,-1.399671,0.996230,0.226412,0.608647
MOT20,V004,2744,S_r,3989,725,0,0.181049,0.587190,-0.709911,0.968104,0.971480,0.969633
MOT20,V004,2746,S_r,4046,631,0,0.029926,0.265168,-1.427289,0.399088,0.631451,0.585386
MOT20,V004,2750,S_h,2140,787,0,0.588341,0.384541,-0.545770,0.996615,0.804216,0.991011
MOT20,V004,2761,S_c,4140,601,0,0.587099,0.145457,-1.187622,0.996601,0.431997,0.765438
MOT20,V004,2803,S_r,3780,578,0,0.100230,0.168236,-1.524080,0.894274,0.468956,0.502878
MOT20,V004,2804,S_c,4178,840,0,0.398635,0.006563,-1.493268,0.993521,0.236666,0.529198
MOT20,V004,2810,S_c,4180,678,0,0.504879,0.436949,-0.311958,0.995722,0.864288,0.997934
MOT20,V004,2812,S_r,4180,625,0,0.050115,0.430470,-1.079857,0.667265,0.857559,0.831573
MOT20,V004,2812,S_r,3871,678,0,0.023754,0.584184,-0.806402,0.284239,0.970218,0.947094
MOT20,V004,2820,S_h,4053,619,0,0.166505,0.607932,-0.576458,0.961990,0.979256,0.988418
MOT20,V004,2821,S_r,3937,621,0,0.223099,0.675555,-0.516980,0.979275,0.994895,0.992675
MOT20,V004,2823,S_r,3734,575,0,0.061050,0.248782,-1.373470,0.751186,0.604241,0.630243
MOT20,V004,2828,S_h,4183,597,0,0.232529,0.340910,-1.006530,0.981013,0.747805,0.869590
MOT20,V004,2832,S_r,4158,604,0,0.105624,0.707468,-0.209648,0.904298,0.998200,0.998889
MOT20,V004,2838,S_r,3909,626,0,0.066337,0.244935,-1.397034,0.781703,0.597807,0.610741
MOT20,V004,2845,S_r,4091,597,0,0.150925,0.366877,-0.951975,0.953267,0.782204,0.894962
MOT20,V004,2847,S_r,2236,571,0,0.061444,0.373852,-1.167351,0.753684,0.790968,0.778659
MOT20,V004,2847,S_r,3806,580,0,0.033164,0.521210,-0.867250,0.453897,0.935694,0.927760
MOT20,V004,2850,S_h,3609,572,0,0.321100,0.404197,-0.866389,0.990131,0.827975,0.928065
MOT20,V004,2851,S_c,4200,661,0,0.496574,0.395671,-0.525857,0.995609,0.817759,0.992193
MOT20,V004,2852,S_r,2118,806,0,0.035258,0.486326,-0.869100,0.486738,0.909770,0.927134
MOT20,V004,2852,S_r,2169,922,0,0.114764,0.494552,-0.869100,0.918561,0.916347,0.927134
MOT20,V004,2861,S_r,3609,571,0,0.167930,0.524418,-0.406667,0.962641,0.937864,0.996391
MOT20,V004,2867,S_h,2704,677,0,0.489581,0.296593,-1.084228,0.995517,0.682272,0.829189
MOT20,V004,2874,S_h,2236,571,0,0.306408,0.380575,-0.976677,0.989194,0.799341,0.883945
MOT20,V004,2876,S_c,4208,620,0,0.488676,0.219334,-1.030886,0.995503,0.555002,0.857442
MOT20,V004,2886,S_r,4023,605,0,0.044204,0.431141,-1.042952,0.605825,0.858248,0.851305
MOT20,V004,2886,S_r,4211,839,0,0.119882,0.417538,-0.867017,0.925363,0.843412,0.927827
MOT20,V004,2888,S_c,4217,643,0,0.447390,0.485639,-0.608055,0.994761,0.909218,0.984997
MOT20,V004,2888,S_c,4218,725,0,0.654353,0.186581,-0.996163,0.997114,0.499452,0.874718
MOT20,V004,2892,S_h,4171,699,0,0.617401,0.363914,-0.658007,0.996861,0.778416,0.978242
MOT20,V004,2893,S_r,4091,622,0,0.078917,0.263097,-1.324368,0.836596,0.628012,0.669327
MOT20,V004,2925,S_r,4091,618,0,0.159421,0.505739,-0.789053,0.958374,0.924747,0.951848
MOT20,V004,2928,S_r,3909,622,0,0.399183,0.506589,-0.378135,0.993536,0.925347,0.996955
MOT20,V004,2929,S_h,3593,621,0,0.547528,0.249272,-1.144390,0.996227,0.605029,0.793190
MOT20,V004,2929,S_c,4237,722,0,0.547612,0.357734,-0.833183,0.996227,0.770413,0.939131
MOT20,V004,2939,S_h,4222,642,0,0.326147,0.465053,-0.697771,0.990427,0.891621,0.971840
MOT20,V004,2940,S_r,4243,665,0,0.049803,0.348299,-1.185107,0.664243,0.757979,0.767105
MOT20,V004,2940,S_r,4224,667,0,0.085333,0.331459,-1.185107,0.857589,0.734612,0.767105
MOT20,V004,2961,S_r,3829,625,0,0.068600,0.537465,-0.278602,0.793293,0.946192,0.998283
MOT20,V004,2964,S_r,4041,666,0,0.050891,0.371456,-0.577654,0.674326,0.788001,0.988308
MOT20,V004,2968,S_r,4180,625,0,0.070734,0.445382,-0.813218,0.803449,0.872887,0.945119
MOT20,V004,2971,S_r,3829,626,0,0.056585,0.641009,-0.563411,0.720913,0.988132,0.989620
MOT20,V004,2972,S_c,4257,676,0,0.541341,0.306018,-0.898483,0.996167,0.696971,0.916523
MOT20,V004,2973,S_r,3909,626,0,0.200387,0.626024,-0.328228,0.974125,0.984547,0.997720
MOT20,V004,2974,S_h,3829,631,0,0.394502,0.589497,-0.443594,0.993403,0.972419,0.995497
MOT20,V004,2976,S_r,3829,626,0,0.120969,0.490718,-0.818433,0.926711,0.913299,0.943633
MOT20,V004,2979,S_r,3909,620,0,0.130060,0.515934,-0.408115,0.936573,0.932080,0.996369
MOT20,V004,2981,S_r,3829,620,0,0.103257,0.455531,-0.324316,0.900059,0.882659,0.997785
MOT20,V004,2981,S_h,4208,626,0,0.368549,0.514555,0.324316,0.992485,0.931165,0.999903
MOT20,V004,2982,S_r,3829,627,0,0.109027,0.614033,-0.550496,0.909924,0.981150,0.990649
MOT20,V004,2983,S_h,3909,620,0,0.401737,0.322412,-0.979452,0.993620,0.721525,0.882646
MOT20,V004,2986,S_r,4208,620,0,0.268109,0.454185,-0.909250,0.985795,0.881403,0.912368
MOT20,V004,2986,S_r,3909,626,0,0.337685,0.472298,-0.647953,0.991077,0.898011,0.979776
MOT20,V004,2987,S_r,3894,619,0,0.314621,0.296613,-1.116916,0.989721,0.682302,0.810071
MOT20,V004,2987,S_c,4265,725,0,0.548534,0.275943,-0.532130,0.996232,0.649191,0.991841
MOT20,V004,2991,S_r,4268,1206,0,0.288781,0.062480,-1.521901,0.987775,0.307673,0.504731
MOT20,V004,2994,S_r,4208,627,0,0.542206,0.239284,-1.038013,0.996176,0.588388,0.853868
MOT20,V004,2999,S_h,3894,631,0,0.565291,0.415096,-0.769344,0.996402,0.840671,0.956888
MOT20,V004,3003,S_r,4046,619,0,0.331214,0.152780,-1.309541,0.990710,0.443688,0.680482
MOT20,V004,3005,S_r,3873,631,0,0.190856,0.566686,-0.332360,0.971474,0.962379,0.997651
MOT20,V004,3006,S_h,3894,570,0,0.360074,0.463779,-0.798753,0.992137,0.890455,0.949174
MOT20,V004,3007,S_h,3978,570,0,0.406343,0.480434,-0.588632,0.993749,0.904863,0.987169
MOT20,V004,3008,S_r,3873,621,0,0.295940,0.385186,-0.652230,0.988376,0.805029,0.979136
MOT20,V004,3008,S_r,3894,631,0,0.196027,0.521766,-0.617396,0.973003,0.936075,0.983880
MOT20,V004,3009,S_r,3593,570,0,0.372556,0.436050,-0.575596,0.992609,0.863346,0.988523
MOT20,V004,3010,S_h,3978,570,0,0.456375,0.493057,-0.423315,0.994952,0.915135,0.996002
MOT20,V004,3013,S_h,3686,625,0,0.332528,0.090282,-1.490450,0.990784,0.346367,0.531528
MOT20,V004,3014,S_h,4180,625,0,0.204855,0.079402,-1.578961,0.975316,0.331033,0.455161
MOT20,V004,3016,S_h,3686,625,0,0.899030,0.000000,-1.087825,0.998110,0.226412,0.827281
MOT20,V004,3018,S_r,3870,602,0,0.100226,0.268128,-1.289406,0.894260,0.636339,0.695429
MOT20,V004,3023,S_h,4029,625,0,0.458613,0.203659,-0.956475,0.995003,0.528371,0.893002
MOT20,V004,3028,S_c,4292,725,0,0.674833,0.262293,-0.752632,0.997219,0.626702,0.960813
MOT20,V004,3043,S_h,3829,627,0,0.511145,0.280211,-0.647665,0.995809,0.656237,0.979811
MOT20,V004,3045,S_c,4301,725,0,0.809821,0.086852,-1.087956,0.997765,0.341546,0.827213
MOT20,V004,3046,S_r,3994,826,0,0.033326,0.632164,-0.376526,0.456497,0.986100,0.996986
MOT20,V004,3051,S_r,3894,628,0,0.329990,0.436927,-0.713918,0.990640,0.864266,0.968922
MOT20,V004,3051,S_r,4304,725,0,0.127566,0.420826,-0.751427,0.934164,0.847062,0.961081
MOT20,V004,3051,S_h,3992,825,0,0.466692,0.137768,-1.153129,0.995141,0.419799,0.787630
MOT20,V004,3054,S_r,4258,715,0,0.032217,0.512200,-0.865630,0.438295,0.929442,0.928340
MOT20,V004,3054,S_r,4249,783,0,0.062792,0.527160,-0.865630,0.761955,0.939695,0.928340
MOT20,V004,3055,S_r,3886,631,0,0.212473,0.389123,-0.775991,0.977087,0.809789,0.955170
MOT20,V004,3060,S_c,4309,905,0,0.367209,0.146312,-1.402411,0.992436,0.433384,0.606345
MOT20,V004,3063,S_r,4301,631,0,0.075824,0.724573,-0.305718,0.825057,0.998915,0.998011
MOT20,V004,3064,S_r,4311,825,0,0.046286,0.777569,-0.341715,0.628847,0.999737,0.997541
MOT20,V004,3065,S_r,4133,841,0,0.116169,0.385393,-1.104914,0.920508,0.805279,0.817399
MOT20,V004,3067,S_r,2109,766,0,0.068756,0.315828,-1.292549,0.794091,0.711844,0.693077
MOT20,V004,3067,S_h,4148,841,0,0.185475,0.338370,-1.055136,0.969683,0.744328,0.844884
MOT20,V004,3069,S_c,4314,834,0,0.526477,0.361286,-0.768252,0.995990,0.775054,0.957148
MOT20,V004,3074,S_h,3886,631,0,0.340672,0.449377,-0.736947,0.991214,0.876808,0.964331
MOT20,V004,3081,S_r,3978,631,0,0.206295,0.480666,-0.803121,0.975685,0.905050,0.948058
MOT20,V004,3083,S_r,3886,865,0,0.168747,0.601403,-0.068376,0.963002,0.976991,0.999551
MOT20,V004,3083,S_r,4309,904,0,0.033312,0.402335,-0.983523,0.456247,0.825756,0.880660
MOT20,V004,3083,S_r,2149,905,0,0.116296,0.464534,-0.983523,0.920688,0.891160,0.880660
MOT20,V004,3087,S_r,3886,631,0,0.041432,0.384495,-1.126166,0.572738,0.804167,0.804476
MOT20,V004,3096,S_c,4326,865,0,0.582374,0.357625,-0.669920,0.996561,0.770288,0.976351
MOT20,V004,3106,S_r,4332,631,0,0.135392,0.774174,-0.230022,0.941483,0.999713,0.998735
MOT20,V004,3120,S_c,4340,825,0,0.514633,0.013199,-1.435824,0.995849,0.245356,0.578175
MOT20,V004,3131,S_r,4326,637,0,0.545975,0.396369,-0.658179,0.996209,0.818564,0.978204
MOT20,V004,3133,S_r,3940,865,0,0.427108,0.298992,-0.562671,0.994307,0.686052,0.989661
MOT20,V004,3137,S_r,2149,904,0,0.036847,0.544443,-0.738840,0.510598,0.950361,0.963878
MOT20,V004,3137,S_r,4355,905,0,0.247962,0.431909,-0.738840,0.983412,0.859043,0.963878
MOT20,V004,3137,S_r,4357,921,0,0.083190,0.484723,-0.824853,0.851022,0.908457,0.941664
MOT20,V004,3142,S_h,3359,806,0,0.682949,0.299847,-0.907945,0.997259,0.687431,0.912891
MOT20,V004,3143,S_r,2118,921,0,0.094440,0.513001,-0.814771,0.881684,0.930024,0.944651
MOT20,V004,3150,S_r,3987,631,0,0.190622,0.584930,-0.566870,0.971396,0.970517,0.989329
MOT20,V004,3152,S_r,4332,631,0,0.020574,0.620832,-0.488547,0.222840,0.983154,0.993988
MOT20,V004,3152,S_r,4368,866,0,0.131327,0.499746,-0.340932,0.937834,0.920280,0.997550
MOT20,V004,3158,S_r,4024,643,0,0.122986,0.732968,-0.004225,0.929116,0.999118,0.999674
MOT20,V004,3160,S_h,4369,724,0,0.235728,0.254097,-0.896054,0.981568,0.613160,0.917486
MOT20,V004,3161,S_h,3889,655,0,0.351933,0.462301,-0.720077,0.991779,0.889065,0.967735
MOT20,V004,3171,S_r,4332,632,0,0.080210,0.409772,-1.084873,0.841186,0.834496,0.828822
MOT20,V004,3193,S_r,4069,655,0,0.071972,0.542065,-0.321089,0.808959,0.948942,0.997822
MOT20,V004,3197,S_h,3982,724,0,0.517420,0.339424,-0.977350,0.995883,0.745784,0.883595
MOT20,V004,3200,S_r,4192,891,0,0.301599,0.468303,-0.428861,0.988825,0.894521,0.995878
MOT20,V004,3201,S_h,3924,724,0,0.308062,0.323293,-0.985337,0.989299,0.722880,0.879836
MOT20,V004,3201,S_r,4375,800,0,0.076801,0.225375,-1.477029,0.828902,0.565076,0.543078
MOT20,V004,3202,S_r,4021,650,0,0.045153,0.286536,-1.320786,0.616428,0.666350,0.672095
MOT20,V004,3203,S_h,3889,655,0,0.323556,0.490626,-0.770398,0.990272,0.913230,0.956601
MOT20,V004,3204,S_r,4340,826,0,0.023486,0.283596,-1.354439,0.278951,0.661748,0.645605
MOT20,V004,3205,S_r,4369,633,0,0.108150,0.199905,-1.469372,0.908538,0.521978,0.549624
MOT20,V004,3206,S_r,4332,639,0,0.361286,0.282252,-0.727479,0.992193,0.659564,0.966292
MOT20,V004,3207,S_h,3994,825,0,0.418999,0.518887,-0.457149,0.994095,0.934092,0.995067
MOT20,V004,3208,S_r,4396,756,0,0.161786,0.228093,-1.367127,0.959661,0.569726,0.635340
MOT20,V004,3210,S_r,3924,638,0,0.079678,0.718868,-0.289333,0.839313,0.998726,0.998172
MOT20,V004,3211,S_r,4369,631,0,0.252562,0.473986,-0.707394,0.983988,0.899461,0.970074
MOT20,V004,3211,S_h,4192,724,0,0.747136,0.118966,-1.025352,0.997528,0.389946,0.860267
MOT20,V004,3213,S_r,4021,871,0,0.306636,0.258757,-1.091759,0.989208,0.620894,0.825125
MOT20,V004,3214,S_r,3994,826,0,0.076664,0.498069,-0.864731,0.828359,0.919009,0.928629
MOT20,V004,3215,S_h,3855,638,0,0.728971,0.231014,-0.812341,0.997453,0.574602,0.945375
MOT20,V004,3216,S_h,4069,655,0,0.355820,0.434292,-0.641035,0.991955,0.861551,0.980791
MOT20,V004,3220,S_h,4340,826,0,0.315068,0.276733,-1.202765,0.989750,0.650503,0.755650
MOT20,V004,3238,S_h,4069,641,0,0.307498,0.687844,-0.332358,0.989262,0.996494,0.997651
MOT20,V004,3263,S_r,4108,680,0,0.011834,0.359362,-1.236002,0.072264,0.772508,0.733469
MOT20,V004,3265,S_r,3750,924,0,0.093770,0.478928,-0.875642,0.880144,0.903567,0.924968
MOT20,V004,3266,S_h,3993,673,0,0.376028,0.438699,-0.764380,0.992730,0.866097,0.958066
MOT20,V004,3270,S_r,4192,638,0,0.020511,0.267784,-1.302866,0.221669,0.635762,0.685508
MOT20,V004,3270,S_r,4427,651,0,0.159467,0.625851,-0.460638,0.958397,0.984495,0.994961
MOT20,V004,3270,S_r,4219,891,0,0.128751,0.280088,-1.302866,0.935325,0.656035,0.685508
MOT20,V004,3273,S_r,4160,663,0,0.499137,0.480049,0.639016,0.995640,0.904531,0.999989
MOT20,V004,3276,S_r,4108,681,0,0.086433,0.371899,-1.137611,0.860868,0.788579,0.797434
MOT20,V004,3281,S_h,3855,638,0,0.607320,0.257845,-0.709894,0.996788,0.619423,0.969633
MOT20,V004,3282,S_r,4192,891,0,0.007527,0.427436,-0.813300,0.024030,0.854316,0.945101
MOT20,V004,3283,S_c,4436,905,0,0.480029,0.415311,-0.434050,0.995362,0.840926,0.995759
MOT20,V004,3284,S_c,4438,848,0,0.393040,0.380143,-0.687285,0.993350,0.798778,0.973628
MOT20,V004,3288,S_r,4069,659,0,0.268153,0.434286,-0.638979,0.985798,0.861543,0.981095
MOT20,V004,3298,S_c,4444,663,0,0.470056,0.202302,-0.889369,0.995199,0.526032,0.919944
MOT20,V004,3298,S_r,4069,892,0,0.044269,0.471097,-0.863405,0.606583,0.896968,0.929107
MOT20,V004,3301,S_r,4431,867,0,0.095610,0.438438,-0.891009,0.884393,0.865829,0.919372
MOT20,V004,3303,S_h,4160,663,0,0.260593,0.292400,-1.225888,0.984925,0.675714,0.740351
MOT20,V004,3304,S_h,4345,867,0,0.732637,0.181263,-1.014536,0.997465,0.490469,0.865682
MOT20,V004,3308,S_r,4377,861,0,0.595813,0.250245,-0.394220,0.996702,0.606686,0.996626
MOT20,V004,3310,S_c,4446,875,0,0.814799,0.174593,-0.957317,0.997788,0.479331,0.892623
MOT20,V004,3314,S_r,4269,894,0,0.081976,0.622857,-0.340601,0.847185,0.983695,0.997552
MOT20,V004,3315,S_h,4076,660,0,0.844557,0.148101,-0.926047,0.997900,0.436213,0.905764
SportsMOT,V001,227,S_c,11,5,0,1.000000,0.000000,-0.941552,1.000000,0.226412,0.899418
SportsMOT,V001,235,S_c,12,6,0,0.983405,0.000000,-0.928844,0.998381,0.226412,0.904636
SportsMOT,V001,686,S_c,14,6,0,1.000000,0.000000,-0.659675,1.000000,0.226412,0.977969
SportsMOT,V001,690,S_c,15,6,0,1.000000,0.000000,-0.586877,1.000000,0.226412,0.987344
SportsMOT,V001,694,S_c,16,4,0,0.950000,0.000000,-0.969939,0.998279,0.226412,0.886927
SportsMOT,V001,755,S_r,15,1,0,0.239552,0.163671,-1.287614,0.982163,0.461422,0.696701
SportsMOT,V001,756,S_h,3,1,0,0.307166,0.329200,-1.120215,0.989241,0.731448,0.808080
SportsMOT,V001,764,S_r,6,0,0,0.049973,0.414693,-1.108588,0.665904,0.840198,0.815275
SportsMOT,V001,764,S_r,1,3,0,0.021550,0.405196,-1.108588,0.241736,0.829167,0.815275
SportsMOT,V001,798,S_r,6,2,0,0.056985,0.548089,-0.274023,0.723781,0.952407,0.998343
SportsMOT,V001,801,S_r,1,2,0,0.071662,0.514663,-0.849942,0.807596,0.931228,0.933681
SportsMOT,V001,801,S_h,6,3,0,0.283384,0.415171,-0.987123,0.987276,0.840759,0.878990
SportsMOT,V001,803,S_h,4,3,0,0.423402,0.244085,-0.973337,0.994210,0.596396,0.885447
SportsMOT,V002,99,S_r,19,3,0,0.091146,0.596438,-0.593033,0.873763,0.975182,0.986694
SportsMOT,V002,99,S_r,24,9,0,0.132072,0.587311,-0.593033,0.938514,0.971528,0.986694
SportsMOT,V002,213,S_r,26,0,0,0.051441,0.551228,-0.815035,0.679232,0.954167,0.944560
SportsMOT,V002,213,S_r,18,4,0,0.098146,0.370294,-1.118638,0.889940,0.786487,0.809027
SportsMOT,V002,353,S_c,27,8,0,1.000000,0.000000,-0.977364,1.000000,0.226412,0.883587
SportsMOT,V002,363,S_c,28,3,0,1.000000,0.000000,-0.895527,1.000000,0.226412,0.917690
SportsMOT,V002,378,S_c,29,9,0,1.000000,0.000000,-0.957297,1.000000,0.226412,0.892637
SportsMOT,V002,392,S_c,30,7,0,1.000000,0.000000,-0.843161,1.000000,0.226412,0.935932
SportsMOT,V002,398,S_c,31,4,0,1.000000,0.000000,-0.913107,1.000000,0.226412,0.910945
SportsMOT,V003,205,S_c,42,6,0,0.911956,0.000000,-0.969027,0.998157,0.226412,0.887372
SportsMOT,V003,309,S_c,43,4,0,1.000000,0.000000,-0.969265,1.000000,0.226412,0.887262
SportsMOT,V003,377,S_r,42,4,0,0.064570,0.503908,-0.858049,0.772202,0.923381,0.930970
SportsMOT,V003,377,S_r,43,6,0,0.080781,0.492691,-0.858049,0.843167,0.914839,0.930970
SportsMOT,V003,390,S_r,43,4,0,0.224695,0.520696,-0.495546,0.979564,0.935333,0.993707
SportsMOT,V003,390,S_r,42,6,0,0.269984,0.489079,-0.495546,0.985974,0.912005,0.993707
SportsMOT,V003,453,S_r,43,7,0,0.046225,0.692670,-0.535509,0.628153,0.997036,0.991645
SportsMOT,V003,457,S_c,44,7,0,0.420776,0.506555,-0.481210,0.994143,0.925326,0.994275
SportsMOT,V003,461,S_r,34,4,0,0.052148,0.451152,-0.975943,0.685380,0.878489,0.884279
SportsMOT,V003,461,S_r,43,8,0,0.043503,0.581036,-0.736452,0.597716,0.968858,0.964435
SportsMOT,V003,466,S_c,45,7,0,0.429615,0.397797,-0.792320,0.994365,0.820284,0.950984
SportsMOT,V003,473,S_r,43,7,0,0.015635,0.439039,-1.017724,0.131986,0.866461,0.864142
SportsMOT,V003,473,S_r,45,8,0,0.068130,0.459472,-1.017724,0.790991,0.886423,0.864142
SportsMOT,V003,480,S_c,46,9,0,1.000000,0.000000,-0.958586,1.000000,0.226412,0.892089
SportsMOT,V004,235,S_r,49,1,0,0.075317,0.386634,-0.928335,0.823074,0.806777,0.904839
SportsMOT,V004,235,S_r,51,8,0,0.200618,0.409097,-0.928335,0.974192,0.833705,0.904839
SportsMOT,V004,386,S_c,58,6,0,0.449078,0.261744,-0.519547,0.994797,0.625782,0.992530
SportsMOT,V005,55,S_c,67,3,0,0.313180,0.222362,-1.111678,0.989628,0.559999,0.813408
SportsMOT,V005,79,S_r,67,5,0,0.314261,0.680443,-0.195015,0.989701,0.995558,0.998990
SportsMOT,V005,80,S_c,72,3,0,0.801437,0.105119,-0.682102,0.997734,0.368806,0.974438
SportsMOT,V005,185,S_c,73,9,0,1.000000,0.000000,-0.987521,1.000000,0.226412,0.878816
SportsMOT,V005,249,S_r,67,3,0,0.115427,0.381602,-0.989329,0.919518,0.800622,0.878005
SportsMOT,V005,249,S_r,72,5,0,0.067037,0.446605,-0.989329,0.785385,0.874067,0.878005
SportsMOT,V005,261,S_c,74,7,0,0.164321,0.168193,-1.452265,0.960926,0.468889,0.564133
SportsMOT,V006,28,S_c,98,11,0,0.973131,0.000000,-0.780551,0.998352,0.226412,0.954052
SportsMOT,V006,51,S_c,99,2,0,1.000000,0.000000,-0.957020,1.000000,0.226412,0.892763
SportsMOT,V006,194,S_r,101,7,0,0.252134,0.500744,-0.737132,0.983936,0.921062,0.964278
SportsMOT,V006,205,S_c,102,6,0,0.421899,0.562613,-0.487310,0.994169,0.960274,0.994043
SportsMOT,V007,102,S_r,108,3,0,0.085846,0.394809,-1.050390,0.859131,0.816755,0.847353
SportsMOT,V007,102,S_r,110,4,0,0.073128,0.395826,-1.050390,0.813907,0.817928,0.847353
SportsMOT,V007,532,S_r,106,7,0,0.223203,0.509214,-0.793327,0.979294,0.927288,0.950691
SportsMOT,V007,532,S_r,109,9,0,0.082434,0.391823,-0.793327,0.848636,0.813138,0.950691
SportsMOT,V008,134,S_r,124,5,0,0.149253,0.094512,-1.591048,0.952173,0.352572,0.444705
SportsMOT,V008,136,S_h,123,5,0,0.487146,0.059572,-1.301480,0.995478,0.303813,0.686564
SportsMOT,V009,212,S_c,148,0,0,1.000000,0.000000,-0.963641,1.000000,0.226412,0.889835
SportsMOT,V009,215,S_c,149,1,0,1.000000,0.000000,-0.960209,1.000000,0.226412,0.891369
SportsMOT,V009,289,S_c,150,9,0,1.000000,0.000000,-0.970371,1.000000,0.226412,0.886753
SportsMOT,V009,305,S_c,151,17,0,1.000000,0.000000,-0.977572,1.000000,0.226412,0.883469
SportsMOT,V009,314,S_c,152,8,0,1.000000,0.000000,-0.953090,1.000000,0.226412,0.894489
SportsMOT,V009,318,S_c,154,7,0,0.835759,0.000000,-1.133741,0.997873,0.226412,0.799911
SportsMOT,V009,484,S_r,158,7,0,0.227391,0.584986,-0.187623,0.980056,0.970534,0.999036
SportsMOT,V009,486,S_r,158,15,0,0.178876,0.000000,-1.720640,0.967292,0.226412,0.333432
SportsMOT,V009,487,S_c,160,3,0,1.000000,0.000000,-0.890416,1.000000,0.226412,0.919600
SportsMOT,V009,491,S_c,165,7,0,0.847045,0.000000,-1.031968,0.997909,0.226412,0.856915
SportsMOT,V009,672,S_c,167,7,0,1.000000,0.000000,-0.921300,1.000000,0.226412,0.907665
SportsMOT,V009,712,S_c,168,19,0,0.304324,0.089179,-1.445256,0.989022,0.344797,0.570144
SportsMOT,V010,74,S_r,181,4,0,0.302216,0.000000,-1.654620,0.988869,0.226412,0.390061
SportsMOT,V010,78,S_c,182,3,0,1.000000,0.000000,-0.892078,1.000000,0.226412,0.919007
SportsMOT,V010,89,S_c,183,2,0,1.000000,0.000000,-0.916179,1.000000,0.226412,0.909704
SportsMOT,V010,142,S_c,184,11,0,1.000000,0.000000,-0.957737,1.000000,0.226412,0.892461
SportsMOT,V010,196,S_c,186,2,0,1.000000,0.000000,-0.876274,1.000000,0.226412,0.924748
SportsMOT,V010,236,S_c,272,16,0,1.000000,0.000000,0.000000,1.000000,0.226412,0.999682
SportsMOT,V010,237,S_c,276,1,0,1.000000,0.000000,-0.971571,1.000000,0.226412,0.886252
SportsMOT,V010,238,S_c,279,19,0,0.818581,0.007601,-0.951602,0.997807,0.238099,0.895137
SportsMOT,V010,242,S_c,285,0,0,1.000000,0.000000,-0.844086,1.000000,0.226412,0.935592
SportsMOT,V010,280,S_c,286,18,0,0.528126,0.000000,-1.412160,0.996011,0.226412,0.598152
SportsMOT,V010,287,S_r,286,17,0,0.072498,0.000000,-1.813414,0.811225,0.226412,0.244277
SportsMOT,V010,287,S_c,287,18,0,0.494246,0.000000,-1.391666,0.995577,0.226412,0.615096
SportsMOT,V010,298,S_c,288,3,0,1.000000,0.000000,-0.954611,1.000000,0.226412,0.893836
SportsMOT,V010,320,S_c,290,4,0,1.000000,0.000000,-0.927698,1.000000,0.226412,0.905106
SportsMOT,V010,320,S_c,289,9,0,1.000000,0.000000,-0.927698,1.000000,0.226412,0.905106
SportsMOT,V010,326,S_c,291,6,0,1.000000,0.000000,-0.977625,1.000000,0.226412,0.883448
SportsMOT,V010,350,S_c,292,7,0,1.000000,0.000000,-0.965973,1.000000,0.226412,0.888819
SportsMOT,V010,350,S_c,293,10,0,1.000000,0.000000,-0.965973,1.000000,0.226412,0.888819
SportsMOT,V010,403,S_c,294,15,0,1.000000,0.000000,-0.980179,1.000000,0.226412,0.882298
SportsMOT,V010,424,S_c,295,19,0,1.000000,0.000000,-0.940505,1.000000,0.226412,0.899859
SportsMOT,V010,441,S_c,296,20,0,1.000000,0.000000,-0.944842,1.000000,0.226412,0.897966
SportsMOT,V010,531,S_c,297,1,0,1.000000,0.000000,-0.979197,1.000000,0.226412,0.882757
SportsMOT,V010,535,S_c,298,6,0,1.000000,0.000000,-0.949261,1.000000,0.226412,0.896133
SportsMOT,V011,79,S_c,326,10,0,1.000000,0.000000,-0.922828,1.000000,0.226412,0.907019
SportsMOT,V011,231,S_c,327,14,0,1.000000,0.000000,-0.927869,1.000000,0.226412,0.905043
SportsMOT,V011,235,S_c,328,17,0,1.000000,0.000000,-0.926456,1.000000,0.226412,0.905591
SportsMOT,V011,235,S_c,329,18,0,1.000000,0.000000,-0.926456,1.000000,0.226412,0.905591
SportsMOT,V011,253,S_c,330,1,0,1.000000,0.000000,-0.942399,1.000000,0.226412,0.899031
SportsMOT,V011,263,S_c,331,3,0,1.000000,0.000000,-0.978321,1.000000,0.226412,0.883130
SportsMOT,V011,267,S_c,332,4,0,1.000000,0.000000,-0.903579,1.000000,0.226412,0.914594
SportsMOT,V011,375,S_c,334,11,0,1.000000,0.000000,-0.979835,1.000000,0.226412,0.882449
SportsMOT,V011,405,S_c,335,14,0,1.000000,0.000000,-0.965449,1.000000,0.226412,0.889044
SportsMOT,V011,421,S_c,336,4,0,1.000000,0.000000,-0.940730,1.000000,0.226412,0.899758
SportsMOT,V011,423,S_c,337,5,0,1.000000,0.000000,-0.975232,1.000000,0.226412,0.884577
SportsMOT,V011,554,S_c,338,14,0,1.000000,0.000000,-0.851421,1.000000,0.226412,0.933192
SportsMOT,V011,555,S_c,339,17,0,1.000000,0.000000,-0.913721,1.000000,0.226412,0.910695
SportsMOT,V011,557,S_c,340,20,0,1.000000,0.000000,-0.917918,1.000000,0.226412,0.909018
SportsMOT,V011,559,S_c,341,20,0,1.000000,0.000000,-0.927750,1.000000,0.226412,0.905087
SportsMOT,V011,562,S_c,347,16,0,1.000000,0.000000,-0.867926,1.000000,0.226412,0.927512
SportsMOT,V011,566,S_c,355,7,0,1.000000,0.000000,-0.866625,1.000000,0.226412,0.927975
SportsMOT,V011,572,S_c,366,5,0,1.000000,0.000000,-0.891607,1.000000,0.226412,0.919173
SportsMOT,V011,578,S_h,340,9,0,1.000000,0.000000,-0.912687,1.000000,0.226412,0.911107
SportsMOT,V011,583,S_c,378,4,0,1.000000,0.000000,-0.921643,1.000000,0.226412,0.907533
SportsMOT,V011,585,S_c,380,0,0,1.000000,0.000000,-0.956955,1.000000,0.226412,0.892783
SportsMOT,V011,595,S_c,396,4,0,1.000000,0.000000,-0.938990,1.000000,0.226412,0.900467
SportsMOT,V011,605,S_c,406,19,0,0.407275,0.000000,-1.397515,0.993778,0.226412,0.610367
SportsMOT,V011,662,S_r,408,3,0,0.304696,0.000000,-1.644425,0.989050,0.226412,0.398825
SportsMOT,V011,673,S_r,409,18,0,0.105949,0.000000,-1.836863,0.904883,0.226412,0.217008
SportsMOT,V011,675,S_c,410,6,0,1.000000,0.000000,-0.934404,1.000000,0.226412,0.902323
SportsMOT,V011,678,S_c,411,14,0,1.000000,0.000000,-0.973633,1.000000,0.226412,0.885299
SportsMOT,V011,715,S_c,412,21,0,1.000000,0.000000,-0.968046,1.000000,0.226412,0.887836
SportsMOT,V011,942,S_c,413,3,0,1.000000,0.000000,-0.931664,1.000000,0.226412,0.903494
SportsMOT,V011,946,S_c,414,4,0,1.000000,0.000000,-0.965613,1.000000,0.226412,0.888976
SportsMOT,V011,967,S_c,418,15,0,1.000000,0.000000,-0.976844,1.000000,0.226412,0.883858
SportsMOT,V011,968,S_c,420,8,0,0.833455,0.000000,-1.101749,0.997861,0.226412,0.819309
SportsMOT,V011,981,S_c,434,13,0,1.000000,0.000000,-0.968574,1.000000,0.226412,0.887574
SportsMOT,V011,983,S_r,428,18,0,0.149398,0.000000,-1.736245,0.952254,0.226412,0.319464
SportsMOT,V011,984,S_c,439,13,0,1.000000,0.000000,-0.960106,1.000000,0.226412,0.891419
SportsMOT,V011,998,S_c,454,14,0,1.000000,0.000000,-0.981663,1.000000,0.226412,0.881558
SportsMOT,V011,1013,S_c,455,12,0,1.000000,0.000000,-0.936395,1.000000,0.226412,0.901526
SportsMOT,V011,1037,S_c,456,13,0,1.000000,0.000000,-0.969441,1.000000,0.226412,0.887174
SportsMOT,V011,1038,S_c,457,17,0,1.000000,0.000000,-0.950243,1.000000,0.226412,0.895700
SportsMOT,V011,1053,S_c,458,9,0,1.000000,0.000000,-0.937174,1.000000,0.226412,0.901220
SportsMOT,V011,1094,S_c,459,9,0,1.000000,0.000000,-0.968307,1.000000,0.226412,0.887724
SportsMOT,V011,1124,S_c,461,0,0,1.000000,0.000000,-0.958452,1.000000,0.226412,0.892155
SportsMOT,V011,1133,S_c,462,16,0,1.000000,0.000000,-0.982776,1.000000,0.226412,0.881016
SportsMOT,V011,1163,S_r,341,3,0,0.063351,0.378586,-1.190564,0.765254,0.796889,0.763629
SportsMOT,V011,1163,S_r,413,20,0,0.019918,0.347582,-1.190564,0.210217,0.757030,0.763629
SportsMOT,V012,9,S_c,478,7,0,1.000000,0.000000,-0.977478,1.000000,0.226412,0.883517
SportsMOT,V012,15,S_c,486,8,0,1.000000,0.000000,-0.985365,1.000000,0.226412,0.879827
SportsMOT,V012,106,S_c,500,1,0,1.000000,0.000000,-0.939630,1.000000,0.226412,0.900208
SportsMOT,V012,116,S_c,501,6,0,1.000000,0.000000,-0.972871,1.000000,0.226412,0.885660
SportsMOT,V012,131,S_c,502,0,0,1.000000,0.000000,-0.941950,1.000000,0.226412,0.899219
SportsMOT,V012,256,S_c,510,7,0,1.000000,0.000000,-0.968680,1.000000,0.226412,0.887523
SportsMOT,V012,302,S_c,511,12,0,1.000000,0.000000,-0.945272,1.000000,0.226412,0.897790
SportsMOT,V012,306,S_c,512,15,0,0.447318,0.000000,-1.511901,0.994761,0.226412,0.513459
SportsMOT,V012,355,S_c,513,17,0,1.000000,0.000000,-0.963524,1.000000,0.226412,0.889898
SportsMOT,V012,365,S_c,514,4,0,1.000000,0.000000,-0.952781,1.000000,0.226412,0.894598
SportsMOT,V012,422,S_c,516,9,0,1.000000,0.000000,-0.952556,1.000000,0.226412,0.894715
SportsMOT,V012,451,S_c,517,13,0,1.000000,0.000000,-0.966641,1.000000,0.226412,0.888523
SportsMOT,V012,460,S_c,518,16,0,1.000000,0.000000,-0.962204,1.000000,0.226412,0.890538
SportsMOT,V012,463,S_c,519,17,0,1.000000,0.000000,-0.965076,1.000000,0.226412,0.889204
SportsMOT,V012,511,S_c,520,9,0,1.000000,0.000000,-0.969930,1.000000,0.226412,0.886933
SportsMOT,V013,94,S_c,538,17,0,1.000000,0.000000,-0.937764,1.000000,0.226412,0.900994
SportsMOT,V013,263,S_c,543,7,0,1.000000,0.000000,-0.925126,1.000000,0.226412,0.906137
SportsMOT,V013,279,S_c,545,9,0,1.000000,0.000000,-0.918546,1.000000,0.226412,0.908780
SportsMOT,V013,280,S_r,544,10,0,0.105603,0.000000,-1.754818,0.904270,0.226412,0.302626
SportsMOT,V013,293,S_c,546,19,0,1.000000,0.000000,-0.910508,1.000000,0.226412,0.911896
SportsMOT,V013,360,S_c,547,2,0,1.000000,0.000000,-0.893989,1.000000,0.226412,0.918251
SportsMOT,V013,362,S_c,548,9,0,1.000000,0.000000,-0.786321,1.000000,0.226412,0.952597
SportsMOT,V013,367,S_c,552,7,0,1.000000,0.000000,-0.903266,1.000000,0.226412,0.914684
SportsMOT,V013,370,S_h,548,8,0,1.000000,0.000000,-0.915557,1.000000,0.226412,0.909941
SportsMOT,V013,375,S_c,567,8,0,1.000000,0.000000,-0.955862,1.000000,0.226412,0.893243
SportsMOT,V013,377,S_c,571,6,0,1.000000,0.000000,-0.890784,1.000000,0.226412,0.919456
SportsMOT,V013,381,S_c,578,3,0,1.000000,0.000000,-0.899383,1.000000,0.226412,0.916188
SportsMOT,V013,382,S_h,560,4,0,1.000000,0.000000,-0.925226,1.000000,0.226412,0.906102
SportsMOT,V013,385,S_h,560,1,0,1.000000,0.000000,-0.972584,1.000000,0.226412,0.885778
SportsMOT,V013,389,S_c,599,0,0,1.000000,0.000000,-0.577172,1.000000,0.226412,0.988361
SportsMOT,V013,392,S_c,613,1,0,1.000000,0.000000,-0.960585,1.000000,0.226412,0.891210
SportsMOT,V013,405,S_c,654,5,0,1.000000,0.000000,-0.927903,1.000000,0.226412,0.905029
SportsMOT,V013,405,S_c,653,9,0,1.000000,0.000000,-0.927903,1.000000,0.226412,0.905029
SportsMOT,V013,406,S_c,655,4,0,1.000000,0.000000,-0.980629,1.000000,0.226412,0.882056
SportsMOT,V013,410,S_c,657,8,0,1.000000,0.000000,-0.912902,1.000000,0.226412,0.911028
SportsMOT,V013,410,S_c,656,11,0,1.000000,0.000000,-0.912902,1.000000,0.226412,0.911028
SportsMOT,V013,411,S_c,658,0,0,1.000000,0.000000,0.000000,1.000000,0.226412,0.999682
SportsMOT,V013,412,S_c,661,1,0,1.000000,0.000000,-0.824308,1.000000,0.226412,0.941823
SportsMOT,V013,412,S_c,660,6,0,1.000000,0.000000,-0.824308,1.000000,0.226412,0.941823
SportsMOT,V013,412,S_c,659,7,0,1.000000,0.000000,-0.824308,1.000000,0.226412,0.941823
SportsMOT,V013,412,S_c,662,12,0,1.000000,0.000000,-0.824308,1.000000,0.226412,0.941823
SportsMOT,V013,415,S_c,664,15,0,1.000000,0.000000,-0.835698,1.000000,0.226412,0.938342
SportsMOT,V013,418,S_h,552,2,0,0.305808,0.000000,-1.360230,0.989137,0.226412,0.641002
SportsMOT,V013,418,S_h,613,4,0,0.333962,0.000000,-1.382783,0.990853,0.226412,0.622555
SportsMOT,V013,420,S_c,668,4,0,1.000000,0.000000,-0.856843,1.000000,0.226412,0.931344
SportsMOT,V013,420,S_h,613,6,0,0.218345,0.000000,-1.582431,0.978345,0.226412,0.452186
SportsMOT,V013,421,S_c,670,2,0,1.000000,0.000000,-0.936888,1.000000,0.226412,0.901317
SportsMOT,V013,421,S_h,599,4,0,0.660410,0.000000,-1.276478,0.997155,0.226412,0.704776
SportsMOT,V013,421,S_h,655,6,0,0.675182,0.000000,-1.261706,0.997223,0.226412,0.715486
SportsMOT,V013,422,S_h,668,6,0,0.871413,0.092314,-0.036274,0.998013,0.349305,0.999625
SportsMOT,V013,422,S_h,567,9,0,0.312188,0.000000,-1.169612,0.989571,0.226412,0.777222
SportsMOT,V013,423,S_c,673,4,0,1.000000,0.000000,-0.855531,1.000000,0.226412,0.931803
SportsMOT,V013,423,S_h,599,6,0,0.671503,0.000000,-1.268872,0.997202,0.226412,0.710399
SportsMOT,V013,424,S_r,673,6,0,0.606065,0.105326,-0.289697,0.996781,0.369136,0.998171
SportsMOT,V013,424,S_c,676,13,0,1.000000,0.000000,-0.885175,1.000000,0.226412,0.921539
SportsMOT,V013,425,S_c,678,6,0,1.000000,0.000000,-0.970682,1.000000,0.226412,0.886624
SportsMOT,V013,426,S_c,682,4,0,1.000000,0.000000,-0.974448,1.000000,0.226412,0.884915
SportsMOT,V013,427,S_r,682,6,0,0.214654,0.778905,-0.006442,0.977579,0.999744,0.999673
SportsMOT,V013,429,S_c,691,6,0,0.893814,0.000000,-1.082812,0.998088,0.226412,0.829989
SportsMOT,V013,430,S_c,694,4,0,0.936385,0.000000,-1.005124,0.998238,0.226412,0.870314
SportsMOT,V013,430,S_c,695,20,0,1.000000,0.000000,-0.941509,1.000000,0.226412,0.899439
SportsMOT,V013,432,S_h,530,16,0,1.000000,0.000000,-0.672383,1.000000,0.226412,0.976010
SportsMOT,V013,432,S_c,698,20,0,1.000000,0.000000,-0.672383,1.000000,0.226412,0.976010
SportsMOT,V013,433,S_c,705,6,0,0.506105,0.000000,-1.455115,0.995738,0.226412,0.561711
SportsMOT,V013,433,S_c,703,9,0,1.000000,0.000000,0.000000,1.000000,0.226412,0.999682
SportsMOT,V013,435,S_c,707,16,0,1.000000,0.000000,-0.962021,1.000000,0.226412,0.890607
SportsMOT,V013,443,S_r,663,17,0,0.871392,0.000000,-0.572795,0.998013,0.226412,0.988740
SportsMOT,V013,443,S_r,719,18,0,0.555813,0.000000,-0.572795,0.996306,0.226412,0.988740
SportsMOT,V013,446,S_c,726,14,0,1.000000,0.000000,-0.990624,1.000000,0.226412,0.877400
SportsMOT,V013,447,S_c,728,17,0,1.000000,0.000000,-0.929103,1.000000,0.226412,0.904542
SportsMOT,V013,448,S_c,729,14,0,1.000000,0.000000,-0.965774,1.000000,0.226412,0.888902
SportsMOT,V013,449,S_r,662,10,0,0.543196,0.453219,-0.003586,0.996186,0.880476,0.999675
SportsMOT,V013,453,S_c,730,12,0,0.815906,0.000000,-1.085596,0.997794,0.226412,0.828465
SportsMOT,V013,454,S_r,694,6,0,0.483934,0.459921,-0.108814,0.995424,0.886825,0.999423
SportsMOT,V013,455,S_c,732,4,0,0.889537,0.000000,-0.547780,0.998065,0.226412,0.990848
SportsMOT,V013,455,S_c,733,10,0,0.522157,0.000000,-0.915160,0.995939,0.226412,0.910088
SportsMOT,V013,458,S_r,732,6,0,0.537143,0.000000,-1.314408,0.996119,0.226412,0.676892
SportsMOT,V013,458,S_c,734,7,0,0.968552,0.000000,-0.882999,0.998337,0.226412,0.922311
SportsMOT,V013,458,S_c,736,8,0,1.000000,0.000000,-0.836679,1.000000,0.226412,0.938069
SportsMOT,V013,459,S_c,737,11,0,1.000000,0.000000,-0.417962,1.000000,0.226412,0.996127
SportsMOT,V013,459,S_c,738,13,0,0.831383,0.000000,-0.586578,0.997854,0.226412,0.987381
SportsMOT,V013,459,S_r,719,17,0,0.513185,0.417962,-0.068854,0.995830,0.843900,0.999551
SportsMOT,V013,460,S_c,740,18,0,0.918444,0.000000,-0.603082,0.998174,0.226412,0.985550
SportsMOT,V013,461,S_c,742,9,0,1.000000,0.000000,-0.906789,1.000000,0.226412,0.913334
SportsMOT,V013,461,S_c,744,17,0,0.629105,0.000000,-1.277684,0.996940,0.226412,0.703842
SportsMOT,V013,461,S_c,743,20,0,1.000000,0.000000,-0.906789,1.000000,0.226412,0.913334
SportsMOT,V013,463,S_h,726,14,0,1.000000,0.000000,-0.931012,1.000000,0.226412,0.903764
SportsMOT,V013,464,S_c,751,3,0,1.000000,0.000000,-0.942765,1.000000,0.226412,0.898857
SportsMOT,V013,468,S_c,761,4,0,0.472311,0.119378,-1.246434,0.995242,0.390563,0.726391
SportsMOT,V013,469,S_h,694,1,0,1.000000,0.000000,-0.853057,1.000000,0.226412,0.932650
SportsMOT,V013,472,S_c,771,1,0,1.000000,0.000000,-0.855820,1.000000,0.226412,0.931695
SportsMOT,V013,475,S_h,659,0,0,1.000000,0.000000,-0.929765,1.000000,0.226412,0.904278
SportsMOT,V013,475,S_h,719,14,0,1.000000,0.000000,-0.929765,1.000000,0.226412,0.904278
SportsMOT,V013,476,S_c,780,5,0,0.857118,0.000000,-1.128589,0.997949,0.226412,0.803043
SportsMOT,V013,477,S_h,728,14,0,1.000000,0.000000,-0.965448,1.000000,0.226412,0.889044
SportsMOT,V013,478,S_c,782,0,0,1.000000,0.000000,-0.966331,1.000000,0.226412,0.888663
SportsMOT,V013,479,S_c,783,14,0,1.000000,0.000000,-0.888936,1.000000,0.226412,0.920102
SportsMOT,V013,488,S_c,795,14,0,1.000000,0.000000,-0.942835,1.000000,0.226412,0.898817
SportsMOT,V013,493,S_c,801,4,0,1.000000,0.000000,-0.925655,1.000000,0.226412,0.905922
SportsMOT,V014,130,S_c,818,15,0,1.000000,0.000000,-0.962495,1.000000,0.226412,0.890408
SportsMOT,V014,139,S_c,819,14,0,1.000000,0.000000,-0.905788,1.000000,0.226412,0.913708
SportsMOT,V014,290,S_c,822,0,0,1.000000,0.000000,-0.888913,1.000000,0.226412,0.920113
SportsMOT,V014,375,S_c,823,14,0,1.000000,0.000000,-0.854761,1.000000,0.226412,0.932075
SportsMOT,V014,505,S_c,824,14,0,1.000000,0.000000,-0.872303,1.000000,0.226412,0.926059
SportsMOT,V014,535,S_c,825,15,0,1.000000,0.000000,-0.917180,1.000000,0.226412,0.909318
SportsMOT,V015,131,S_r,834,8,0,0.130371,0.485106,-0.122406,0.936888,0.908782,0.999378
SportsMOT,V015,132,S_r,832,9,0,0.126513,0.346793,-1.069570,0.933087,0.755967,0.837199
SportsMOT,V015,133,S_h,833,6,0,0.302947,0.272233,-1.022630,0.988933,0.643054,0.861658
SportsMOT,V015,235,S_c,836,2,0,0.541516,0.000000,-1.410845,0.996168,0.226412,0.599367
SportsMOT,V015,245,S_r,836,4,0,0.089058,0.540669,-0.454622,0.868129,0.948119,0.995143
SportsMOT,V015,247,S_h,827,4,0,0.158663,0.333219,-1.116600,0.957926,0.737094,0.810271
SportsMOT,V015,305,S_c,837,6,0,1.000000,0.000000,-0.886346,1.000000,0.226412,0.921060
SportsMOT,V015,309,S_c,838,9,0,0.502489,0.000000,-1.452998,0.995688,0.226412,0.563482
SportsMOT,V015,371,S_r,834,5,0,0.053936,0.338062,-1.257848,0.700450,0.743899,0.718348
SportsMOT,V015,371,S_h,826,8,0,0.369478,0.272990,-0.965534,0.992514,0.644306,0.889012
SportsMOT,V015,651,S_h,836,3,0,0.598553,0.278641,-0.612105,0.996722,0.653646,0.984502
SportsMOT,V015,654,S_r,830,2,0,0.153140,0.475540,-0.756700,0.954693,0.900764,0.959879
SportsMOT,V015,669,S_r,837,5,0,0.313405,0.440298,-0.514957,0.989644,0.867761,0.992775
SportsMOT,V015,669,S_r,834,6,0,0.073167,0.658174,-0.514957,0.814077,0.991853,0.992775
SportsMOT,V015,692,S_c,841,0,0,1.000000,0.000000,-0.954674,1.000000,0.226412,0.893803
SportsMOT,V015,714,S_c,842,4,0,1.000000,0.000000,-0.857000,1.000000,0.226412,0.931290
SportsMOT,V015,715,S_c,843,1,0,0.621849,0.000000,-1.355324,0.996887,0.226412,0.644964
SportsMOT,V015,748,S_r,836,8,0,0.245704,0.283650,-1.029564,0.983105,0.661837,0.858153
SportsMOT,V015,756,S_c,844,3,0,0.637910,0.222920,-0.833428,0.997012,0.560944,0.939067
SportsMOT,V015,798,S_c,845,0,0,1.000000,0.000000,-0.923703,1.000000,0.226412,0.906696
SportsMOT,V016,29,S_c,855,8,0,0.847276,0.000000,-1.093816,0.997909,0.226412,0.823935
SportsMOT,V016,305,S_c,858,8,0,1.000000,0.000000,-0.936349,1.000000,0.226412,0.901537
SportsMOT,V016,336,S_c,859,3,0,1.000000,0.000000,-0.910380,1.000000,0.226412,0.911935
SportsMOT,V016,346,S_c,860,7,0,1.000000,0.000000,-0.930129,1.000000,0.226412,0.904136
SportsMOT,V016,681,S_c,863,6,0,0.649200,0.267692,-0.414642,0.997082,0.635613,0.996216
SportsMOT,V016,710,S_c,864,6,0,0.532520,0.390196,-0.545542,0.996068,0.811132,0.991025
SportsMOT,V016,754,S_r,848,4,0,0.253845,0.436132,-0.803846,0.984130,0.863440,0.947848
SportsMOT,V016,755,S_h,846,1,0,0.492542,0.228924,-0.780046,0.995549,0.571105,0.954168
SportsMOT,V016,763,S_r,846,4,0,0.050742,0.500934,-0.833766,0.672983,0.921192,0.938944
SportsMOT,V016,766,S_h,848,4,0,0.289887,0.533510,-0.598367,0.987886,0.943774,0.986110
SportsMOT,V016,769,S_r,858,1,0,0.151408,0.657027,-0.477790,0.953593,0.991607,0.994392
SportsMOT,V016,769,S_r,846,8,0,0.128457,0.479200,-0.841892,0.935035,0.903817,0.936357
SportsMOT,V016,798,S_c,867,5,0,1.000000,0.000000,-0.949206,1.000000,0.226412,0.896158
SportsMOT,V016,834,S_c,868,3,0,0.815521,0.082189,-0.855841,0.997793,0.335088,0.931684
SportsMOT,V016,860,S_c,869,5,0,0.674264,0.063117,-1.184865,0.997214,0.308525,0.767279
SportsMOT,V016,864,S_c,870,0,0,0.473422,0.000000,-1.424645,0.995262,0.226412,0.587626
SportsMOT,V016,867,S_r,869,0,0,0.102806,0.450768,-0.895741,0.899190,0.878119,0.917596
SportsMOT,V016,867,S_r,870,5,0,0.077971,0.472714,-0.895741,0.833279,0.898355,0.917596
SportsMOT,V016,927,S_c,872,9,0,1.000000,0.000000,-0.915390,1.000000,0.226412,0.910010
SportsMOT,V016,937,S_c,873,7,0,1.000000,0.000000,-0.890347,1.000000,0.226412,0.919629
SportsMOT,V016,962,S_c,874,5,0,1.000000,0.000000,-0.877064,1.000000,0.226412,0.924494
SportsMOT,V016,995,S_r,873,2,0,0.327473,0.347124,-0.874041,0.990504,0.756405,0.925489
SportsMOT,V016,995,S_h,847,7,0,0.447628,0.271356,-0.829654,0.994768,0.641623,0.940143
SportsMOT,V016,1005,S_c,875,8,0,1.000000,0.000000,-0.917325,1.000000,0.226412,0.909254
SportsMOT,V016,1020,S_c,876,0,0,1.000000,0.000000,-0.952804,1.000000,0.226412,0.894594
SportsMOT,V017,143,S_r,887,1,0,0.099564,0.521392,-0.708373,0.892888,0.935803,0.969893
SportsMOT,V017,143,S_r,885,7,0,0.139548,0.531123,-0.708373,0.944999,0.942258,0.969893
SportsMOT,V017,168,S_c,890,1,0,0.422671,0.134194,-1.167900,0.994192,0.414202,0.778341
SportsMOT,V017,170,S_r,881,1,0,0.168454,0.511597,-0.642224,0.962880,0.929016,0.980611
SportsMOT,V017,170,S_r,890,6,0,0.184865,0.492861,-0.642224,0.969448,0.914986,0.980611
SportsMOT,V017,250,S_c,891,2,0,0.942213,0.000000,-0.945931,0.998255,0.226412,0.897504
SportsMOT,V017,300,S_c,892,1,0,1.000000,0.000000,-0.972664,1.000000,0.226412,0.885742
SportsMOT,V017,320,S_c,893,3,0,1.000000,0.000000,-0.906005,1.000000,0.226412,0.913621
SportsMOT,V017,371,S_c,894,2,0,1.000000,0.000000,-0.570347,1.000000,0.226412,0.988997
SportsMOT,V017,387,S_c,895,8,0,1.000000,0.000000,-0.921402,1.000000,0.226412,0.907627
SportsMOT,V017,469,S_c,897,9,0,1.000000,0.000000,-0.959349,1.000000,0.226412,0.891763
SportsMOT,V017,581,S_r,890,4,0,0.054505,0.380033,-1.126964,0.704936,0.798639,0.804059
SportsMOT,V017,581,S_r,884,6,0,0.117304,0.342738,-1.124050,0.922004,0.750314,0.805775
SportsMOT,V017,737,S_c,898,9,0,1.000000,0.000000,-0.938032,1.000000,0.226412,0.900885
SportsMOT,V017,740,S_c,899,6,0,0.899698,0.000000,-1.046267,0.998111,0.226412,0.849517
SportsMOT,V017,748,S_c,900,8,0,1.000000,0.000000,-0.940875,1.000000,0.226412,0.899686
SportsMOT,V017,755,S_r,901,3,0,0.079877,0.081787,-1.656786,0.840005,0.334482,0.388179
SportsMOT,V017,759,S_c,902,5,0,1.000000,0.000000,-0.920696,1.000000,0.226412,0.907908
SportsMOT,V017,775,S_c,903,7,0,1.000000,0.000000,-0.971980,1.000000,0.226412,0.886039
SportsMOT,V017,846,S_c,904,1,0,1.000000,0.000000,-0.975404,1.000000,0.226412,0.884503
SportsMOT,V017,908,S_r,900,6,0,0.232189,0.490863,-0.730847,0.980950,0.913434,0.965598
SportsMOT,V017,908,S_r,899,8,0,0.060281,0.475460,-0.833509,0.746322,0.900696,0.939033
SportsMOT,V017,978,S_c,905,1,0,1.000000,0.000000,-0.871734,1.000000,0.226412,0.926275
SportsMOT,V017,1022,S_c,906,4,0,1.000000,0.000000,-0.853287,1.000000,0.226412,0.932577
SportsMOT,V017,1022,S_c,907,5,0,1.000000,0.000000,-0.853287,1.000000,0.226412,0.932577
SportsMOT,V017,1032,S_c,908,2,0,1.000000,0.000000,-0.932435,1.000000,0.226412,0.903155
SportsMOT,V017,1032,S_c,909,3,0,1.000000,0.000000,-0.932435,1.000000,0.226412,0.903155
SportsMOT,V017,1035,S_c,910,2,0,0.935183,0.000000,-0.969232,0.998233,0.226412,0.887270
SportsMOT,V017,1040,S_c,911,7,0,1.000000,0.000000,-0.866117,1.000000,0.226412,0.928180
SportsMOT,V017,1043,S_c,916,0,0,1.000000,0.000000,-0.949759,1.000000,0.226412,0.895911
SportsMOT,V017,1044,S_r,906,2,0,0.371095,0.042507,-1.161754,0.992562,0.281949,0.782198
SportsMOT,V017,1045,S_c,919,0,0,1.000000,0.000000,-0.812146,1.000000,0.226412,0.945434
SportsMOT,V017,1045,S_c,918,4,0,0.758521,0.091021,-0.680474,0.997569,0.347435,0.974710
SportsMOT,V018,232,S_c,930,7,0,1.000000,0.000000,-0.944128,1.000000,0.226412,0.898271
SportsMOT,V018,245,S_c,931,6,0,1.000000,0.000000,-0.942169,1.000000,0.226412,0.899125
SportsMOT,V018,248,S_c,932,8,0,0.932933,0.000000,-0.991848,0.998223,0.226412,0.876802
SportsMOT,V018,359,S_r,930,1,0,0.115637,0.176839,-1.458008,0.919818,0.483061,0.559301
SportsMOT,V018,362,S_r,925,7,0,0.171050,0.434234,-0.828482,0.964058,0.861482,0.940521
SportsMOT,V018,380,S_r,927,2,0,0.022979,0.461147,-0.973667,0.269328,0.888008,0.885281
SportsMOT,V018,380,S_r,924,5,0,0.057448,0.484759,-0.973667,0.727072,0.908490,0.885281
SportsMOT,V018,471,S_c,935,9,0,1.000000,0.000000,-0.948695,1.000000,0.226412,0.896352
SportsMOT,V018,503,S_c,936,2,0,1.000000,0.000000,-0.840246,1.000000,0.226412,0.936926
SportsMOT,V018,514,S_c,937,8,0,0.989874,0.000000,-0.865956,0.998402,0.226412,0.928230
SportsMOT,V018,523,S_c,938,0,0,1.000000,0.000000,-0.911566,1.000000,0.226412,0.911515
SportsMOT,V018,534,S_c,939,6,0,1.000000,0.000000,-0.918025,1.000000,0.226412,0.908975
SportsMOT,V018,537,S_r,940,4,0,0.029665,0.359553,-0.886339,0.394545,0.772763,0.921060
SportsMOT,V019,278,S_r,951,1,0,0.066592,0.223592,-1.156796,0.783013,0.562075,0.785363
SportsMOT,V019,281,S_r,949,9,0,0.271118,0.470686,-0.812469,0.986082,0.896599,0.945342
SportsMOT,V019,282,S_c,952,7,0,0.592673,0.228588,-0.701491,0.996667,0.570548,0.971175
SportsMOT,V019,296,S_r,949,7,0,0.060906,0.564880,-0.777974,0.750281,0.961447,0.954663
SportsMOT,V019,296,S_r,952,9,0,0.306147,0.511591,0.060746,0.989173,0.929010,0.999738
SportsMOT,V019,328,S_r,950,7,0,0.102999,0.608630,-0.608609,0.899562,0.979484,0.984927
SportsMOT,V019,341,S_h,949,6,0,0.309915,0.542213,-0.641333,0.989415,0.949038,0.980742
SportsMOT,V019,343,S_h,948,8,0,0.295599,0.512806,-0.329594,0.988344,0.929855,0.997697
SportsMOT,V019,388,S_c,953,4,0,1.000000,0.000000,-0.766185,1.000000,0.226412,0.957673
SportsMOT,V019,408,S_c,954,2,0,1.000000,0.000000,-0.895831,1.000000,0.226412,0.917565
SportsMOT,V019,447,S_c,955,0,0,1.000000,0.000000,-0.923041,1.000000,0.226412,0.906933
SportsMOT,V019,456,S_r,956,1,0,0.092821,0.000000,-1.801077,0.877910,0.226412,0.257430
SportsMOT,V019,477,S_r,953,0,0,0.056859,0.564248,-0.796958,0.722855,0.961084,0.949662
SportsMOT,V019,478,S_h,955,0,0,0.458787,0.167179,-0.725452,0.995007,0.467157,0.966705
SportsMOT,V019,600,S_c,957,7,0,1.000000,0.000000,-0.944879,1.000000,0.226412,0.897954
SportsMOT,V019,606,S_c,958,6,0,1.000000,0.000000,-0.920508,1.000000,0.226412,0.907980
SportsMOT,V019,616,S_c,959,9,0,1.000000,0.000000,-0.978619,1.000000,0.226412,0.883004
SportsMOT,V019,628,S_c,960,3,0,1.000000,0.000000,-0.914359,1.000000,0.226412,0.910439
SportsMOT,V019,639,S_r,961,1,0,0.122993,0.072943,-1.548428,0.929126,0.321956,0.481670
SportsMOT,V019,666,S_r,962,9,0,0.060394,0.000000,-1.901131,0.747044,0.226412,0.118846
SportsMOT,V019,682,S_c,963,8,0,0.894166,0.000000,-0.968464,0.998089,0.226412,0.887641
SportsMOT,V019,707,S_r,960,0,0,0.374432,0.614444,-0.236717,0.992670,0.981258,0.998673
SportsMOT,V019,707,S_r,955,3,0,0.022855,0.456322,-0.855120,0.266902,0.883423,0.931951
SportsMOT,V019,751,S_r,958,3,0,0.135649,0.417153,-0.933131,0.941710,0.842998,0.902858
SportsMOT,V019,751,S_r,955,6,0,0.061176,0.452891,-0.933131,0.751965,0.880146,0.902858
SportsMOT,V019,765,S_c,964,2,0,1.000000,0.000000,-0.960515,1.000000,0.226412,0.891246
SportsMOT,V019,821,S_c,965,6,0,0.379493,0.000000,-1.544988,0.992850,0.226412,0.484643
SportsMOT,V019,824,S_r,965,5,0,0.057163,0.412773,-1.079956,0.725019,0.837991,0.831521
SportsMOT,V019,824,S_r,947,6,0,0.015370,0.434738,-1.079956,0.127470,0.862049,0.831521
SportsMOT,V019,940,S_c,967,9,0,1.000000,0.000000,-0.776592,1.000000,0.226412,0.954998
SportsMOT,V019,963,S_c,968,2,0,1.000000,0.000000,-0.978696,1.000000,0.226412,0.882988
SportsMOT,V019,983,S_c,969,3,0,1.000000,0.000000,-0.951755,1.000000,0.226412,0.895058
SportsMOT,V019,987,S_c,970,0,0,0.797760,0.000000,-1.011521,0.997714,0.226412,0.867169
SportsMOT,V019,1327,S_c,972,3,0,1.000000,0.000000,-0.953301,1.000000,0.226412,0.894406
SportsMOT,V019,1376,S_r,972,0,0,0.075615,0.426082,-0.958916,0.824248,0.852819,0.891952
SportsMOT,V019,1376,S_r,970,3,0,0.059067,0.480320,-0.958916,0.738259,0.904758,0.891952
SportsMOT,V019,1440,S_c,975,3,0,1.000000,0.000000,-0.982131,1.000000,0.226412,0.881339
SportsMOT,V019,1441,S_r,957,0,0,0.052757,0.413475,-1.032526,0.690508,0.838804,0.856647
SportsMOT,V019,1441,S_r,972,7,0,0.132699,0.368543,-1.032526,0.939058,0.784274,0.856647
SportsMOT,V019,1469,S_c,976,1,0,1.000000,0.000000,-0.801931,1.000000,0.226412,0.948324
SportsMOT,V019,1571,S_r,947,4,0,0.326087,0.505308,-0.779083,0.990424,0.924430,0.954382
SportsMOT,V019,1571,S_r,953,6,0,0.089205,0.300317,-0.779083,0.868534,0.688163,0.954382
SportsMOT,V019,1619,S_c,979,2,0,1.000000,0.000000,-0.962383,1.000000,0.226412,0.890449
SportsMOT,V019,1656,S_c,980,5,0,1.000000,0.000000,-0.932461,1.000000,0.226412,0.903148
SportsMOT,V019,1659,S_c,981,9,0,0.861526,0.000000,-1.082815,0.997973,0.226412,0.829985
SportsMOT,V019,1739,S_c,982,6,0,1.000000,0.000000,-0.976655,1.000000,0.226412,0.883958
SportsMOT,V019,1745,S_c,983,0,0,1.000000,0.000000,-0.931376,1.000000,0.226412,0.903623
SportsMOT,V020,136,S_c,994,1,0,0.625766,0.246807,-0.420124,0.996916,0.600936,0.996065
SportsMOT,V020,204,S_c,995,1,0,0.536988,0.394662,-0.699608,0.996118,0.816570,0.971531
SportsMOT,V020,234,S_c,996,1,0,0.502857,0.000000,-1.466040,0.995696,0.226412,0.552529
SportsMOT,V020,285,S_r,993,1,0,0.046829,0.409041,-1.061300,0.634646,0.833630,0.841598
SportsMOT,V020,285,S_r,996,9,0,0.062760,0.420070,-1.061300,0.761765,0.846266,0.841598
SportsMOT,V020,407,S_c,997,1,0,1.000000,0.000000,-0.927421,1.000000,0.226412,0.905219
SportsMOT,V020,411,S_c,998,2,0,1.000000,0.000000,-0.909349,1.000000,0.226412,0.912331
SportsMOT,V020,447,S_c,999,0,0,1.000000,0.000000,-0.894404,1.000000,0.226412,0.918113
SportsMOT,V020,454,S_c,1000,5,0,0.878108,0.000000,-1.025245,0.998032,0.226412,0.860318
SportsMOT,V020,470,S_c,1001,4,0,1.000000,0.000000,-0.959586,1.000000,0.226412,0.891655
SportsMOT,V020,645,S_c,1005,9,0,0.365173,0.000000,-1.597475,0.992357,0.226412,0.439130
SportsMOT,V021,104,S_c,1016,3,0,0.360427,0.399020,-0.742442,0.992153,0.821788,0.963133
SportsMOT,V021,118,S_c,1017,9,0,1.000000,0.000000,-0.819025,1.000000,0.226412,0.943451
SportsMOT,V021,209,S_c,1019,0,0,1.000000,0.000000,-0.813743,1.000000,0.226412,0.944956
SportsMOT,V021,210,S_c,1020,1,0,1.000000,0.000000,-0.817781,1.000000,0.226412,0.943800
SportsMOT,V021,238,S_r,1009,4,0,0.293539,0.266610,-1.038372,0.988188,0.633837,0.853683
SportsMOT,V021,238,S_r,1008,6,0,0.049904,0.351575,-1.038372,0.665210,0.762393,0.853683
SportsMOT,V021,288,S_c,1021,1,0,0.952508,0.000000,-0.999724,0.998287,0.226412,0.872997
SportsMOT,V021,305,S_c,1022,8,0,0.862633,0.000000,-1.103093,0.997976,0.226412,0.818468
SportsMOT,V021,310,S_c,1023,0,0,0.991043,0.000000,-0.870297,0.998410,0.226412,0.926752
SportsMOT,V021,313,S_c,1024,2,0,0.667132,0.047884,-1.198083,0.997186,0.288752,0.758649
SportsMOT,V021,340,S_c,1025,3,0,0.979893,0.000000,-0.901091,0.998372,0.226412,0.915561
SportsMOT,V021,346,S_c,1026,6,0,1.000000,0.000000,-0.963591,1.000000,0.226412,0.889859
SportsMOT,V021,477,S_r,1026,3,0,0.028692,0.433413,-0.938022,0.377058,0.860628,0.900885
SportsMOT,V021,477,S_r,1025,6,0,0.088872,0.447506,-1.018019,0.867634,0.874982,0.864005
SportsMOT,V021,509,S_r,1022,7,0,0.029775,0.490687,-0.929038,0.396508,0.913276,0.904561
SportsMOT,V021,509,S_r,1006,8,0,0.117000,0.433499,-0.929038,0.921616,0.860715,0.904561
SportsMOT,V021,583,S_r,1006,7,0,0.052766,0.313238,-1.135545,0.690568,0.707933,0.798735
SportsMOT,V021,583,S_r,1022,8,0,0.146155,0.352297,-1.135545,0.950035,0.763351,0.798735
SportsMOT,V021,688,S_c,1027,5,0,0.973056,0.000000,-0.948360,0.998352,0.226412,0.896505
SportsMOT,V021,728,S_c,1028,9,0,1.000000,0.000000,-0.894138,1.000000,0.226412,0.918203
SportsMOT,V021,776,S_c,1029,4,0,1.000000,0.000000,-0.967491,1.000000,0.226412,0.888126
SportsMOT,V021,813,S_r,1023,6,0,0.184428,0.649785,-0.152179,0.969284,0.990025,0.999237
SportsMOT,V021,821,S_h,1025,6,0,0.243302,0.551771,-0.667430,0.982720,0.954475,0.976777
SportsMOT,V021,823,S_h,1023,6,0,0.379034,0.436002,-0.585526,0.992838,0.863306,0.987470
SportsMOT,V021,828,S_r,1027,0,0,0.247281,0.180294,-1.312068,0.983327,0.488844,0.678647
SportsMOT,V021,829,S_c,1030,5,0,0.691002,0.278525,-0.937400,0.997298,0.653456,0.901140
SportsMOT,V022,51,S_c,1041,5,0,1.000000,0.000000,-0.836148,1.000000,0.226412,0.938222
SportsMOT,V022,334,S_c,1043,6,0,1.000000,0.000000,-0.968747,1.000000,0.226412,0.887488
SportsMOT,V022,345,S_c,1044,9,0,1.000000,0.000000,-0.705695,1.000000,0.226412,0.970391
SportsMOT,V022,512,S_r,1034,4,0,0.133180,0.402152,-0.684062,0.939497,0.825518,0.974123
SportsMOT,V022,512,S_r,1037,7,0,0.309394,0.471212,-0.684062,0.989378,0.897067,0.974123
SportsMOT,V022,561,S_c,1046,3,0,1.000000,0.000000,-0.951011,1.000000,0.226412,0.895398
SportsMOT,V022,590,S_c,1047,0,0,1.000000,0.000000,-0.813363,1.000000,0.226412,0.945090
SportsMOT,V022,590,S_c,1048,3,0,1.000000,0.000000,-0.813363,1.000000,0.226412,0.945090
SportsMOT,V022,599,S_c,1049,1,0,1.000000,0.000000,-0.953160,1.000000,0.226412,0.894460
SportsMOT,V022,637,S_r,1044,1,0,0.192698,0.538815,-0.475108,0.972033,0.946997,0.994468
SportsMOT,V022,637,S_r,1049,9,0,0.273159,0.520220,-0.475108,0.986311,0.935013,0.994468
SportsMOT,V022,684,S_r,1037,3,0,0.048740,0.353185,-0.973841,0.653990,0.764487,0.885200
SportsMOT,V022,684,S_r,1048,7,0,0.170425,0.453809,-0.973841,0.963776,0.881049,0.885200
SportsMOT,V023,214,S_c,1062,0,0,1.000000,0.000000,-0.907690,1.000000,0.226412,0.912986
SportsMOT,V023,221,S_c,1063,6,0,0.939329,0.000000,-0.941373,0.998245,0.226412,0.899488
SportsMOT,V023,228,S_c,1064,5,0,1.000000,0.000000,-0.929576,1.000000,0.226412,0.904359
SportsMOT,V023,270,S_r,1054,2,0,0.178541,0.722045,-0.432690,0.967163,0.998833,0.995796
SportsMOT,V023,276,S_r,1057,9,0,0.303107,0.645444,-0.249526,0.988940,0.989083,0.998561
SportsMOT,V023,296,S_r,1054,0,0,0.160545,0.586270,-0.452916,0.959003,0.971098,0.995188
SportsMOT,V023,296,S_r,1062,2,0,0.248604,0.587169,-0.603474,0.983493,0.971468,0.985510
SportsMOT,V023,299,S_r,1057,2,0,0.039037,0.505889,-0.679075,0.541558,0.924851,0.974925
SportsMOT,V023,299,S_r,1062,9,0,0.252030,0.523969,-0.679075,0.983917,0.937575,0.974925
SportsMOT,V023,322,S_c,1067,4,0,1.000000,0.000000,-0.920639,1.000000,0.226412,0.907927
SportsMOT,V023,357,S_c,1069,3,0,1.000000,0.000000,-0.911784,1.000000,0.226412,0.911426
SportsMOT,V023,413,S_r,1052,5,0,0.230789,0.496391,-0.586778,0.980678,0.917735,0.987351
SportsMOT,V023,413,S_r,1064,7,0,0.096802,0.589240,-0.586778,0.887014,0.972304,0.987351
SportsMOT,V023,491,S_h,1062,7,0,0.315725,0.384818,-0.890924,0.989792,0.804554,0.919405
SportsMOT,V023,500,S_r,1064,7,0,0.317473,0.531020,-0.726089,0.989911,0.942188,0.966580
SportsMOT,V023,512,S_r,1064,6,0,0.091494,0.582594,-0.688125,0.874638,0.969552,0.973485
SportsMOT,V023,512,S_r,1063,7,0,0.151859,0.485928,-0.688125,0.953896,0.909449,0.973485
SportsMOT,V024,233,S_r,1072,5,0,0.161587,0.526808,-0.654570,0.959555,0.939456,0.978754
SportsMOT,V024,237,S_r,1070,1,0,0.217892,0.385599,-0.766644,0.978256,0.805526,0.957557
SportsMOT,V024,332,S_c,1080,1,0,1.000000,0.000000,-0.934057,1.000000,0.226412,0.902474
SportsMOT,V024,334,S_c,1081,4,0,0.891607,0.000000,-1.037946,0.998080,0.226412,0.853910
SportsMOT,V024,344,S_c,1082,0,0,1.000000,0.000000,-0.894481,1.000000,0.226412,0.918077
SportsMOT,V024,368,S_c,1083,2,0,1.000000,0.000000,-0.970320,1.000000,0.226412,0.886776
SportsMOT,V024,369,S_c,1084,7,0,0.810419,0.000000,-1.134889,0.997766,0.226412,0.799140
SportsMOT,V024,371,S_c,1085,6,0,0.705779,0.069809,-0.974894,0.997360,0.317659,0.884716
SportsMOT,V024,377,S_r,1086,3,0,0.070550,0.353873,-1.187805,0.802580,0.765396,0.765330
SportsMOT,V024,586,S_r,1087,9,0,0.203442,0.000000,-1.765629,0.974958,0.226412,0.292729
SportsMOT,V024,589,S_r,1084,1,0,0.185277,0.181869,-1.446990,0.969600,0.491516,0.568588
SportsMOT,V024,589,S_c,1088,7,0,0.528100,0.340008,-0.946028,0.996011,0.746574,0.897477
SportsMOT,V024,638,S_h,1082,9,0,0.714912,0.000000,-1.249260,0.997399,0.226412,0.724407
SportsMOT,V024,641,S_r,1089,0,0,0.361913,0.426344,-0.791512,0.992226,0.853114,0.951214
SportsMOT,V024,766,S_c,1090,1,0,1.000000,0.000000,-0.911116,1.000000,0.226412,0.911653
SportsMOT,V024,767,S_c,1091,9,0,0.626751,0.000000,-1.354531,0.996924,0.226412,0.645530
SportsMOT,V024,794,S_c,1092,6,0,1.000000,0.000000,-0.960017,1.000000,0.226412,0.891452
SportsMOT,V024,806,S_c,1093,5,0,1.000000,0.000000,-0.845553,1.000000,0.226412,0.935088
SportsMOT,V024,810,S_c,1094,7,0,1.000000,0.000000,-0.977058,1.000000,0.226412,0.883756
SportsMOT,V024,867,S_c,1095,8,0,1.000000,0.000000,-0.966458,1.000000,0.226412,0.888604
SportsMOT,V024,874,S_c,1096,3,0,1.000000,0.000000,-0.949746,1.000000,0.226412,0.895925
SportsMOT,V025,102,S_c,1107,1,0,1.000000,0.000000,-0.974773,1.000000,0.226412,0.884764
SportsMOT,V025,153,S_c,1108,2,0,1.000000,0.000000,-0.967153,1.000000,0.226412,0.888295
SportsMOT,V025,419,S_c,1111,5,0,1.000000,0.000000,-0.863319,1.000000,0.226412,0.929139
SportsMOT,V025,421,S_c,1112,1,0,0.915519,0.000000,-1.014876,0.998168,0.226412,0.865486
SportsMOT,V025,429,S_c,1113,6,0,1.000000,0.000000,-0.934488,1.000000,0.226412,0.902292
SportsMOT,V025,454,S_c,1114,2,0,1.000000,0.000000,-0.837381,1.000000,0.226412,0.937855
SportsMOT,V025,463,S_c,1115,0,0,1.000000,0.000000,-0.885502,1.000000,0.226412,0.921401
SportsMOT,V025,676,S_r,1106,1,0,0.153335,0.590525,-0.509310,0.954808,0.972826,0.993083
SportsMOT,V025,676,S_r,1112,9,0,0.234783,0.512047,-0.509310,0.981414,0.929334,0.993083
SportsMOT,V025,719,S_r,1113,8,0,0.058504,0.314830,-1.265636,0.734422,0.710339,0.712746
SportsMOT,V025,721,S_c,1116,8,0,0.524066,0.436165,-0.745832,0.995956,0.863472,0.962375
SportsMOT,V026,93,S_r,1121,3,0,0.187545,0.233065,-0.757026,0.970365,0.578018,0.959788
SportsMOT,V026,93,S_r,1119,4,0,0.545559,0.276806,-0.757026,0.996206,0.650616,0.959788
SportsMOT,V026,94,S_c,1127,2,0,0.830105,0.024630,-0.479211,0.997848,0.259797,0.994342
SportsMOT,V026,94,S_c,1125,9,0,1.000000,0.000000,-0.683159,1.000000,0.226412,0.974267
SportsMOT,V026,118,S_r,1118,5,0,0.053986,0.389711,-1.111878,0.700858,0.810557,0.813265
SportsMOT,V026,118,S_r,1120,6,0,0.151139,0.293286,-1.111878,0.953408,0.677094,0.813265
SportsMOT,V026,176,S_c,1140,9,0,1.000000,0.000000,-0.524833,1.000000,0.226412,0.992236
SportsMOT,V026,178,S_r,1139,4,0,0.333752,0.616661,0.125143,0.990840,0.981942,0.999784
SportsMOT,V026,204,S_r,1139,3,0,0.077312,0.403360,-1.042636,0.830828,0.826976,0.851485
SportsMOT,V026,204,S_r,1121,4,0,0.136576,0.340116,-1.042636,0.942487,0.746719,0.851485
SportsMOT,V027,64,S_c,1159,1,0,1.000000,0.000000,-0.943033,1.000000,0.226412,0.898726
SportsMOT,V027,231,S_c,1161,6,0,0.585268,0.000000,-1.393053,0.996584,0.226412,0.613943
SportsMOT,V028,4,S_h,1167,5,0,0.360534,0.394373,-0.275720,0.992158,0.816203,0.998322
SportsMOT,V028,10,S_c,1182,11,0,1.000000,0.000000,-0.898466,1.000000,0.226412,0.916526
SportsMOT,V028,13,S_c,1185,3,0,1.000000,0.000000,-0.943656,1.000000,0.226412,0.898472
SportsMOT,V028,21,S_h,1169,7,0,0.345640,0.000000,-1.457034,0.991476,0.226412,0.560127
SportsMOT,V028,27,S_r,1167,4,0,0.039216,0.664092,-0.468136,0.544038,0.993021,0.994695
SportsMOT,V028,27,S_h,1165,5,0,0.307310,0.521245,-0.468136,0.989248,0.935712,0.994695
SportsMOT,V028,37,S_c,1186,0,0,1.000000,0.000000,-0.677839,1.000000,0.226412,0.975109
SportsMOT,V028,111,S_r,1165,1,0,0.129766,0.793046,-0.077188,0.936297,0.999839,0.999528
SportsMOT,V028,113,S_r,1162,1,0,0.144446,0.393236,-0.860253,0.948768,0.814849,0.930214
SportsMOT,V028,322,S_r,1167,1,0,0.086262,0.409217,-1.031185,0.860356,0.833855,0.857291
SportsMOT,V028,322,S_r,1162,4,0,0.138508,0.334828,-1.031185,0.944119,0.739376,0.857291
SportsMOT,V028,458,S_c,1188,3,0,0.414198,0.000000,-1.505063,0.993997,0.226412,0.519289
SportsMOT,V028,471,S_r,1162,3,0,0.079615,0.501701,-0.827407,0.839131,0.921749,0.940833
SportsMOT,V028,471,S_r,1188,4,0,0.114642,0.476634,-0.827407,0.918402,0.901664,0.940833
SportsMOT,V028,498,S_r,1166,6,0,0.182867,0.000000,-1.759317,0.968748,0.226412,0.298516
SportsMOT,V028,498,S_h,1170,8,0,0.208431,0.000000,-1.733753,0.976188,0.226412,0.321686
SportsMOT,V029,147,S_c,1216,0,0,1.000000,0.000000,-0.910227,1.000000,0.226412,0.911987
SportsMOT,V029,158,S_r,1191,4,0,0.347191,0.632322,-0.004655,0.991558,0.986122,0.999673
SportsMOT,V029,159,S_c,1217,2,0,0.747697,0.178692,-0.338181,0.997528,0.486181,0.997575
SportsMOT,V029,176,S_c,1218,0,0,1.000000,0.000000,-0.293517,1.000000,0.226412,0.998128
SportsMOT,V029,177,S_c,1219,11,0,0.692386,0.000000,-1.123017,0.997306,0.226412,0.806425
SportsMOT,V029,205,S_c,1220,4,0,0.542106,0.057263,-1.377929,0.996175,0.300772,0.626618
SportsMOT,V029,210,S_r,1220,2,0,0.140199,0.478795,-0.810985,0.945515,0.903453,0.945770
SportsMOT,V029,210,S_r,1217,4,0,0.215264,0.354757,-0.810985,0.977709,0.766582,0.945770
SportsMOT,V029,215,S_c,1221,8,0,0.701422,0.000000,-1.176187,0.997348,0.226412,0.772939
SportsMOT,V030,28,S_r,1232,3,0,0.541001,0.442384,-0.016615,0.996163,0.869870,0.999658
SportsMOT,V030,29,S_h,1229,4,0,0.374585,0.288460,-0.909436,0.992674,0.669438,0.912291
SportsMOT,V030,36,S_c,1241,5,0,0.981494,0.000000,-0.979821,0.998378,0.226412,0.882455
SportsMOT,V030,57,S_h,1225,3,0,0.205293,0.453918,-0.959157,0.975435,0.881153,0.891844
SportsMOT,V030,95,S_c,1242,1,0,1.000000,0.000000,-0.981361,1.000000,0.226412,0.881726
SportsMOT,V030,109,S_c,1243,2,0,1.000000,0.000000,-0.880780,1.000000,0.226412,0.923120
SportsMOT,V030,113,S_c,1244,0,0,1.000000,0.000000,-0.965246,1.000000,0.226412,0.889132
SportsMOT,V030,149,S_r,1241,4,0,0.157563,0.507662,-0.672389,0.957331,0.926165,0.976010
SportsMOT,V030,154,S_r,1225,5,0,0.141792,0.445418,-0.893154,0.946768,0.872932,0.918577
SportsMOT,V030,165,S_c,1245,3,0,0.510956,0.249288,-1.047032,0.995808,0.605055,0.849075
SportsMOT,V030,216,S_c,1248,11,0,0.340365,0.055546,-1.448212,0.991201,0.298602,0.567548
SportsMOT,V030,315,S_c,1249,0,0,1.000000,0.000000,-0.937383,1.000000,0.226412,0.901147
SportsMOT,V030,322,S_c,1250,2,0,0.980207,0.000000,-0.781472,0.998374,0.226412,0.953809
SportsMOT,V030,333,S_r,1225,4,0,0.103136,0.577579,-0.637001,0.899811,0.967396,0.981400
SportsMOT,V030,333,S_r,1241,5,0,0.172628,0.529580,-0.763489,0.964758,0.941252,0.958271
SportsMOT,V031,28,S_c,1264,11,0,0.695322,0.000000,-1.279382,0.997322,0.226412,0.702640
SportsMOT,V031,30,S_c,1266,10,0,0.836424,0.000000,-0.755696,0.997875,0.226412,0.960126
SportsMOT,V031,32,S_r,1256,4,0,0.293441,0.202629,-0.503930,0.988178,0.526585,0.993327
SportsMOT,V031,32,S_r,1266,11,0,0.525642,0.223166,-0.251193,0.995977,0.561365,0.998550
SportsMOT,V031,33,S_c,1273,2,0,1.000000,0.000000,-0.876902,1.000000,0.226412,0.924550
SportsMOT,V031,33,S_c,1267,3,0,0.866468,0.000000,-1.010434,0.997992,0.226412,0.867675
SportsMOT,V031,33,S_c,1271,5,0,0.639850,0.000000,-1.237053,0.997020,0.226412,0.732769
SportsMOT,V031,33,S_c,1270,8,0,1.000000,0.000000,-0.876902,1.000000,0.226412,0.924550
SportsMOT,V031,35,S_c,1277,9,0,1.000000,0.000000,-0.959061,1.000000,0.226412,0.891884
SportsMOT,V031,38,S_c,1284,10,0,0.929197,0.000000,-1.016473,0.998204,0.226412,0.864771
SportsMOT,V031,42,S_c,1289,1,0,1.000000,0.000000,-0.937180,1.000000,0.226412,0.901219
SportsMOT,V031,47,S_h,1254,2,0,0.295330,0.000000,-1.602836,0.988322,0.226412,0.434460
SportsMOT,V031,51,S_h,1273,1,0,0.321266,0.000000,-1.606152,0.990143,0.226412,0.431633
SportsMOT,V031,52,S_h,1258,4,0,0.379534,0.348350,-0.841618,0.992851,0.758062,0.936455
SportsMOT,V031,53,S_h,1257,5,0,0.088279,0.279262,-1.229721,0.866006,0.654630,0.737771
SportsMOT,V031,55,S_c,1290,1,0,1.000000,0.000000,-0.444256,1.000000,0.226412,0.995470
SportsMOT,V031,55,S_r,1258,5,0,0.555744,0.383709,-0.363747,0.996306,0.803221,0.997193
SportsMOT,V031,56,S_c,1291,4,0,0.680489,0.016745,-0.662196,0.997253,0.249871,0.977607
SportsMOT,V031,60,S_h,1289,0,0,1.000000,0.000000,-0.949944,1.000000,0.226412,0.895829
SportsMOT,V031,60,S_h,1256,2,0,0.284774,0.000000,-1.665170,0.987409,0.226412,0.380951
SportsMOT,V031,60,S_h,1260,7,0,0.288219,0.000000,-1.661725,0.987732,0.226412,0.383971
SportsMOT,V031,61,S_h,1271,2,0,0.425703,0.000000,-1.540660,0.994272,0.226412,0.488462
SportsMOT,V031,61,S_h,1259,7,0,0.255737,0.000000,-1.710625,0.984342,0.226412,0.342109
SportsMOT,V031,62,S_h,1253,0,0,0.493774,0.000000,-1.471967,0.995567,0.226412,0.547421
SportsMOT,V031,63,S_h,1260,4,0,0.223529,0.340075,-1.038213,0.979345,0.746661,0.853770
SportsMOT,V031,64,S_h,1291,4,0,0.326869,0.325015,-0.990477,0.990466,0.725359,0.877477
SportsMOT,V031,167,S_c,1292,9,0,0.379403,0.000000,-1.540887,0.992846,0.226412,0.488285
SportsMOT,V031,169,S_h,1277,5,0,0.305308,0.097730,-1.454809,0.989097,0.357555,0.561957
SportsMOT,V031,172,S_h,1270,5,0,0.335694,0.070614,-1.466220,0.990960,0.318784,0.552369
SportsMOT,V031,172,S_c,1293,8,0,0.426467,0.000000,-1.549506,0.994292,0.226412,0.480762
SportsMOT,V031,181,S_r,1292,8,0,0.079821,0.463133,-0.895149,0.839806,0.889839,0.917823
SportsMOT,V031,181,S_r,1293,9,0,0.059872,0.502024,-0.895149,0.743622,0.921981,0.917823
SportsMOT,V032,152,S_r,1299,4,0,0.057333,0.000526,-1.890959,0.726272,0.227445,0.137414
SportsMOT,V032,153,S_h,1296,5,0,0.212361,0.000000,-1.689697,0.977066,0.226412,0.360197
SportsMOT,V032,166,S_c,1306,4,0,0.448446,0.000000,-1.516176,0.994784,0.226412,0.509703
SportsMOT,V032,262,S_c,1308,6,0,0.549791,0.078640,-1.295616,0.996252,0.329938,0.690855
SportsMOT,V032,270,S_r,1310,7,0,0.227263,0.566840,-0.508342,0.980028,0.962459,0.993123
SportsMOT,V032,278,S_r,1310,6,0,0.102041,0.439118,-1.007532,0.897774,0.866547,0.869070
SportsMOT,V032,278,S_r,1308,7,0,0.051829,0.399480,-1.007532,0.682610,0.822350,0.869070
SportsMOT,V032,446,S_r,1308,6,0,0.101129,0.543065,-0.705742,0.896058,0.949560,0.970380
SportsMOT,V032,446,S_r,1310,7,0,0.052091,0.597973,-0.705742,0.684900,0.975702,0.970380
SportsMOT,V033,138,S_h,1314,5,0,0.184273,0.000000,-1.798587,0.969227,0.226412,0.260006
SportsMOT,V033,145,S_h,1312,5,0,0.306586,0.518160,-0.458169,0.989205,0.933607,0.995036
SportsMOT,V033,147,S_r,1316,5,0,0.055135,0.553932,-0.652989,0.709941,0.955632,0.979015
SportsMOT,V033,150,S_r,1312,3,0,0.180970,0.505192,-0.740386,0.968080,0.924341,0.963572
SportsMOT,V033,150,S_r,1314,4,0,0.071253,0.454112,-0.916159,0.805810,0.881334,0.909710
SportsMOT,V033,158,S_c,1323,8,0,1.000000,0.000000,-0.949403,1.000000,0.226412,0.896073
SportsMOT,V034,73,S_r,1330,4,0,0.457368,0.453353,0.042937,0.994971,0.880612,0.999728
SportsMOT,V034,74,S_c,1336,5,0,0.957686,0.000000,-0.960536,0.998300,0.226412,0.891239
SportsMOT,V034,147,S_c,1337,3,0,0.452284,0.141843,-1.161387,0.994866,0.426327,0.782449
SportsMOT,V034,201,S_r,1338,6,0,0.348687,0.581938,-0.213335,0.991628,0.969254,0.998873
SportsMOT,V034,203,S_h,1324,8,0,0.142604,0.571452,-0.621150,0.947382,0.964634,0.983469
SportsMOT,V034,229,S_h,1334,3,0,0.233301,0.019732,-1.672653,0.981156,0.253721,0.374747
SportsMOT,V035,210,S_r,1341,6,0,0.055005,0.482090,-0.972114,0.708931,0.906223,0.885972
SportsMOT,V035,210,S_r,1346,11,0,0.007264,0.483527,-0.972114,0.021861,0.907404,0.885972
SportsMOT,V036,36,S_c,1364,0,0,1.000000,0.000000,-0.978994,1.000000,0.226412,0.882853
SportsMOT,V037,129,S_c,1379,2,0,1.000000,0.000000,-0.859548,1.000000,0.226412,0.930467
SportsMOT,V037,132,S_c,1380,9,0,0.996306,0.000000,-0.947752,0.998434,0.226412,0.896762
SportsMOT,V037,137,S_c,1381,5,0,1.000000,0.000000,-0.967375,1.000000,0.226412,0.888191
SportsMOT,V037,158,S_c,1382,12,0,1.000000,0.000000,-0.970289,1.000000,0.226412,0.886784
SportsMOT,V037,309,S_c,1384,7,0,1.000000,0.000000,-0.978204,1.000000,0.226412,0.883189
SportsMOT,V037,439,S_c,1387,10,0,1.000000,0.000000,-0.945212,1.000000,0.226412,0.897817
SportsMOT,V037,454,S_c,1388,11,0,1.000000,0.000000,-0.865745,1.000000,0.226412,0.928290
SportsMOT,V037,498,S_c,1389,8,0,1.000000,0.000000,-0.796737,1.000000,0.226412,0.949724
SportsMOT,V037,523,S_c,1393,10,0,1.000000,0.000000,-0.948790,1.000000,0.226412,0.896311
SportsMOT,V037,585,S_c,1394,10,0,1.000000,0.000000,-0.873750,1.000000,0.226412,0.925586
SportsMOT,V038,213,S_c,1413,11,0,1.000000,0.000000,-0.973846,1.000000,0.226412,0.885197
SportsMOT,V038,237,S_c,1414,8,0,1.000000,0.000000,-0.946495,1.000000,0.226412,0.897291
SportsMOT,V038,243,S_c,1415,12,0,1.000000,0.000000,-0.955420,1.000000,0.226412,0.893477
SportsMOT,V038,248,S_c,1416,7,0,1.000000,0.000000,-0.963264,1.000000,0.226412,0.890033
SportsMOT,V038,304,S_c,1418,13,0,1.000000,0.000000,-0.928576,1.000000,0.226412,0.904750
SportsMOT,V038,340,S_c,1419,3,0,1.000000,0.000000,-0.973272,1.000000,0.226412,0.885475
SportsMOT,V038,410,S_c,1420,3,0,1.000000,0.000000,-0.972184,1.000000,0.226412,0.885940
SportsMOT,V038,460,S_c,1421,14,0,1.000000,0.000000,-0.954084,1.000000,0.226412,0.894074
SportsMOT,V038,479,S_r,1422,5,0,0.043100,0.000000,-1.904469,0.592870,0.226412,0.112673
SportsMOT,V038,485,S_c,1423,10,0,1.000000,0.000000,-0.954181,1.000000,0.226412,0.894041
SportsMOT,V038,508,S_c,1425,9,0,0.857801,0.000000,-0.846715,0.997950,0.226412,0.934716
SportsMOT,V038,534,S_c,1431,11,0,1.000000,0.000000,-0.969939,1.000000,0.226412,0.886927
SportsMOT,V038,538,S_c,1433,11,0,1.000000,0.000000,-0.866918,1.000000,0.226412,0.927865
SportsMOT,V038,543,S_r,1434,12,0,0.041785,0.000000,-1.835017,0.577165,0.226412,0.219227
SportsMOT,V038,550,S_h,1431,11,0,0.206661,0.000000,-1.693482,0.975780,0.226412,0.356900
SportsMOT,V038,554,S_c,1435,11,0,1.000000,0.000000,-0.966004,1.000000,0.226412,0.888807
SportsMOT,V038,555,S_c,1436,6,0,1.000000,0.000000,-0.953963,1.000000,0.226412,0.894120
SportsMOT,V038,557,S_c,1437,2,0,1.000000,0.000000,-0.974177,1.000000,0.226412,0.885044
SportsMOT,V038,562,S_c,1439,11,0,1.000000,0.000000,-0.955460,1.000000,0.226412,0.893452
SportsMOT,V038,566,S_c,1440,11,0,1.000000,0.000000,-0.949151,1.000000,0.226412,0.896186
SportsMOT,V038,575,S_c,1441,4,0,1.000000,0.000000,-0.820671,1.000000,0.226412,0.942921
SportsMOT,V038,592,S_c,1442,5,0,1.000000,0.000000,-0.882161,1.000000,0.226412,0.922618
SportsMOT,V038,598,S_c,1443,1,0,1.000000,0.000000,-0.985472,1.000000,0.226412,0.879772
SportsMOT,V038,609,S_c,1444,0,0,1.000000,0.000000,-0.894274,1.000000,0.226412,0.918149
SportsMOT,V038,729,S_c,1445,12,0,1.000000,0.000000,-0.976976,1.000000,0.226412,0.883797
SportsMOT,V038,734,S_c,1446,7,0,1.000000,0.000000,-0.980125,1.000000,0.226412,0.882316
SportsMOT,V038,744,S_c,1447,13,0,1.000000,0.000000,-0.885616,1.000000,0.226412,0.921360
SportsMOT,V038,770,S_c,1448,14,0,1.000000,0.000000,-0.951659,1.000000,0.226412,0.895106
SportsMOT,V038,891,S_c,1449,16,0,1.000000,0.000000,-0.916925,1.000000,0.226412,0.909402
SportsMOT,V038,922,S_r,1440,2,0,0.099658,0.332844,-0.872864,0.893092,0.736547,0.925874
SportsMOT,V038,922,S_r,1437,11,0,0.261498,0.433136,-0.872864,0.985030,0.860339,0.925874
SportsMOT,V038,964,S_c,1450,0,0,1.000000,0.000000,-0.980473,1.000000,0.226412,0.882163
SportsMOT,V038,1025,S_c,1452,16,0,1.000000,0.000000,-0.979233,1.000000,0.226412,0.882738
SportsMOT,V038,1032,S_c,1453,9,0,1.000000,0.000000,-0.977494,1.000000,0.226412,0.883505
SportsMOT,V038,1033,S_r,1454,17,0,0.426086,0.000000,-1.497769,0.994282,0.226412,0.525416
SportsMOT,V038,1035,S_c,1457,17,0,0.850302,0.000000,-1.096745,0.997924,0.226412,0.822212
SportsMOT,V038,1039,S_c,1470,3,0,1.000000,0.000000,-0.941246,1.000000,0.226412,0.899537
SportsMOT,V038,1044,S_c,1483,18,0,1.000000,0.000000,-0.722098,1.000000,0.226412,0.967353
SportsMOT,V038,1046,S_c,1489,5,0,1.000000,0.000000,-0.815373,1.000000,0.226412,0.944460
SportsMOT,V038,1049,S_c,1505,12,0,1.000000,0.000000,-0.947682,1.000000,0.226412,0.896786
SportsMOT,V038,1050,S_c,1508,12,0,0.982592,0.000000,-0.920176,0.998381,0.226412,0.908116
SportsMOT,V038,1051,S_c,1511,12,0,0.911705,0.070048,-0.551253,0.998155,0.317965,0.990602
SportsMOT,V038,1067,S_c,1552,15,0,0.990420,0.000000,-0.955072,0.998403,0.226412,0.893620
SportsMOT,V038,1069,S_c,1556,10,0,1.000000,0.000000,-0.946615,1.000000,0.226412,0.897238
SportsMOT,V038,1069,S_c,1555,15,0,0.959369,0.000000,-0.987246,0.998306,0.226412,0.878927
SportsMOT,V038,1071,S_h,1552,17,0,0.260566,0.000000,-1.644533,0.984922,0.226412,0.398724
SportsMOT,V038,1077,S_h,1457,15,0,0.199511,0.280746,-1.195623,0.973910,0.657064,0.760249
SportsMOT,V038,1078,S_h,1555,15,0,0.428343,0.254951,-1.038011,0.994338,0.614592,0.853872
SportsMOT,V038,1106,S_c,1557,13,0,1.000000,0.000000,-0.976053,1.000000,0.226412,0.884233
SportsMOT,V038,1135,S_c,1558,14,0,1.000000,0.000000,-0.968007,1.000000,0.226412,0.887856
SportsMOT,V038,1142,S_c,1559,12,0,1.000000,0.000000,-0.845447,1.000000,0.226412,0.935129
SportsMOT,V038,1162,S_r,1560,7,0,0.232822,0.000000,-1.688232,0.981072,0.226412,0.361443
SportsMOT,V038,1272,S_c,1562,7,0,1.000000,0.000000,-0.984178,1.000000,0.226412,0.880335
SportsMOT,V038,1310,S_r,1563,8,0,0.021674,0.000000,-1.960624,0.244062,0.226412,0.016041
SportsMOT,V039,2,S_r,1572,8,0,0.597272,0.207231,-0.195496,0.996712,0.534366,0.998986
SportsMOT,V039,3,S_h,1575,6,0,0.991687,0.000000,-0.960801,0.998412,0.226412,0.891144
SportsMOT,V039,9,S_c,1593,8,0,0.502034,0.000000,-1.447083,0.995683,0.226412,0.568513
SportsMOT,V039,11,S_c,1602,6,0,1.000000,0.000000,-0.927578,1.000000,0.226412,0.905159
SportsMOT,V039,13,S_c,1607,9,0,1.000000,0.000000,-0.938253,1.000000,0.226412,0.900795
SportsMOT,V039,14,S_c,1609,2,0,1.000000,0.000000,-0.924469,1.000000,0.226412,0.906399
SportsMOT,V039,180,S_c,1611,6,0,1.000000,0.000000,-0.981258,1.000000,0.226412,0.881776
SportsMOT,V039,222,S_c,1612,7,0,1.000000,0.000000,-0.979379,1.000000,0.226412,0.882674
SportsMOT,V039,318,S_c,1615,8,0,1.000000,0.000000,-0.909224,1.000000,0.226412,0.912382
SportsMOT,V039,349,S_r,1618,11,0,0.074718,0.068866,-1.754781,0.820658,0.316388,0.302665
SportsMOT,V039,360,S_c,1620,12,0,1.000000,0.000000,-0.864049,1.000000,0.226412,0.928878
SportsMOT,V039,476,S_c,1623,12,0,1.000000,0.000000,-0.926583,1.000000,0.226412,0.905533
SportsMOT,V039,543,S_r,1624,3,0,0.200723,0.000000,-1.774238,0.974219,0.226412,0.284322
SportsMOT,V039,562,S_c,1626,15,0,1.000000,0.000000,-0.938515,1.000000,0.226412,0.900674
SportsMOT,V039,582,S_c,1627,19,0,1.000000,0.000000,-0.970671,1.000000,0.226412,0.886627
SportsMOT,V039,635,S_c,1628,13,0,1.000000,0.000000,-0.957731,1.000000,0.226412,0.892465
SportsMOT,V039,703,S_r,1629,5,0,0.335543,0.000000,-1.584907,0.990951,0.226412,0.450019
SportsMOT,V039,706,S_r,1623,6,0,0.370714,0.512825,-0.469122,0.992553,0.929875,0.994673
SportsMOT,V039,706,S_r,1614,12,0,0.427684,0.417418,0.191320,0.994322,0.843284,0.999837
SportsMOT,V039,707,S_r,1621,11,0,0.465386,0.396959,-0.137655,0.995120,0.819278,0.999310
SportsMOT,V039,708,S_c,1631,18,0,1.000000,0.000000,-0.899907,1.000000,0.226412,0.915972
SportsMOT,V039,709,S_r,1631,11,0,0.209366,0.436812,-0.371683,0.976407,0.864146,0.997071
SportsMOT,V039,709,S_c,1633,12,0,0.571179,0.130037,-0.803293,0.996456,0.407448,0.948011
SportsMOT,V039,710,S_c,1635,12,0,0.855453,0.133599,0.421627,0.997943,0.413254,0.999944
SportsMOT,V039,710,S_c,1634,18,0,1.000000,0.000000,-0.916780,1.000000,0.226412,0.909458
SportsMOT,V039,711,S_r,1634,11,0,0.206756,0.512419,-0.300482,0.975810,0.929606,0.998056
SportsMOT,V039,711,S_c,1636,12,0,0.839986,0.137789,0.449807,0.997882,0.419828,0.999955
SportsMOT,V039,712,S_c,1638,12,0,0.846129,0.096909,0.425167,0.997907,0.356299,0.999946
SportsMOT,V039,712,S_c,1637,18,0,0.927494,0.000000,-0.946538,0.998199,0.226412,0.897270
SportsMOT,V039,713,S_r,1637,11,0,0.244932,0.554513,-0.215726,0.982980,0.955960,0.998848
SportsMOT,V039,713,S_c,1639,12,0,0.840349,0.118802,0.428619,0.997883,0.389699,0.999948
SportsMOT,V039,713,S_h,1618,14,0,1.000000,0.000000,-0.889854,1.000000,0.226412,0.919798
SportsMOT,V039,714,S_r,1618,12,0,0.525147,0.158207,-0.717710,0.995969,0.452516,0.968210
SportsMOT,V039,714,S_c,1640,18,0,0.895485,0.000000,-1.062746,0.998096,0.226412,0.840773
SportsMOT,V039,715,S_r,1640,11,0,0.321350,0.590201,-0.095733,0.990146,0.972698,0.999466
SportsMOT,V039,715,S_h,1621,14,0,1.000000,0.000000,-0.248913,1.000000,0.226412,0.998570
SportsMOT,V039,716,S_r,1621,12,0,0.566554,0.249477,-0.364550,0.996411,0.605417,0.997181
SportsMOT,V039,716,S_h,1631,14,0,0.813116,0.000000,-1.127056,0.997776,0.226412,0.804013
SportsMOT,V039,717,S_c,1643,18,0,0.681814,0.000000,-1.270743,0.997258,0.226412,0.708986
SportsMOT,V039,718,S_r,1631,12,0,0.673504,0.253280,-0.073216,0.997213,0.611807,0.999537
SportsMOT,V039,719,S_h,1634,14,0,1.000000,0.000000,-0.922048,1.000000,0.226412,0.907364
SportsMOT,V039,721,S_c,1647,9,0,1.000000,0.000000,-0.936200,1.000000,0.226412,0.901581
SportsMOT,V039,725,S_c,1648,3,0,1.000000,0.000000,-0.800232,1.000000,0.226412,0.948780
SportsMOT,V039,726,S_h,1637,14,0,0.245553,0.075280,-1.470924,0.983072,0.325233,0.548290
SportsMOT,V039,727,S_c,1649,3,0,1.000000,0.000000,-0.872520,1.000000,0.226412,0.925976
SportsMOT,V039,730,S_c,1650,11,0,0.445532,0.031680,-1.400055,0.994722,0.268296,0.608315
SportsMOT,V039,738,S_h,1638,4,0,0.355292,0.000000,-1.520459,0.991934,0.226412,0.505948
SportsMOT,V039,738,S_c,1651,11,0,0.663683,0.017433,-1.184361,0.997172,0.250776,0.767623
SportsMOT,V039,738,S_r,1650,18,0,0.387483,0.000000,-1.488268,0.993142,0.226412,0.533398
SportsMOT,V039,740,S_c,1652,12,0,0.995959,0.000000,-0.855457,0.998433,0.226412,0.931833
SportsMOT,V039,740,S_r,1617,14,0,0.506677,0.367110,-0.512941,0.995742,0.782508,0.992870
SportsMOT,V039,740,S_r,1615,16,0,0.613273,0.198769,-0.191999,0.996823,0.520073,0.999004
SportsMOT,V039,741,S_c,1653,8,0,1.000000,0.000000,-0.906896,1.000000,0.226412,0.913298
SportsMOT,V039,741,S_c,1655,19,0,1.000000,0.000000,-0.906896,1.000000,0.226412,0.913298
SportsMOT,V039,742,S_c,1658,9,0,1.000000,0.000000,-0.920740,1.000000,0.226412,0.907896
SportsMOT,V039,742,S_r,1615,14,0,0.473221,0.348398,-0.178381,0.995259,0.758122,0.999089
SportsMOT,V039,742,S_c,1656,17,0,1.000000,0.000000,-0.920740,1.000000,0.226412,0.907896
SportsMOT,V039,743,S_h,1647,2,0,1.000000,0.000000,-0.921244,1.000000,0.226412,0.907694
SportsMOT,V039,743,S_c,1659,14,0,0.821171,0.031696,-1.043335,0.997819,0.268316,0.851116
SportsMOT,V039,744,S_c,1662,16,0,0.943230,0.000000,-0.900987,0.998259,0.226412,0.915611
SportsMOT,V039,745,S_c,1664,5,0,0.712558,0.000000,-0.647051,0.997386,0.226412,0.979886
SportsMOT,V039,745,S_h,1643,19,0,0.347858,0.000000,-1.546530,0.991594,0.226412,0.483342
SportsMOT,V039,746,S_h,1648,3,0,0.420688,0.000000,-1.037005,0.994141,0.226412,0.854398
SportsMOT,V039,746,S_h,1655,19,0,0.708010,0.000000,-0.871301,0.997367,0.226412,0.926431
SportsMOT,V039,747,S_c,1669,17,0,1.000000,0.000000,-0.800856,1.000000,0.226412,0.948603
SportsMOT,V039,747,S_h,1637,18,0,0.199144,0.157688,-1.544825,0.973809,0.451708,0.484800
SportsMOT,V039,748,S_h,1615,18,0,0.643113,0.122571,-1.203488,0.997040,0.395514,0.755162
SportsMOT,V039,754,S_c,1683,2,0,1.000000,0.000000,-0.896532,1.000000,0.226412,0.917307
SportsMOT,V039,755,S_h,1647,6,0,0.182237,0.000000,-1.766522,0.968513,0.226412,0.291843
SportsMOT,V039,755,S_c,1687,18,0,1.000000,0.000000,-0.948759,1.000000,0.226412,0.896316
SportsMOT,V039,756,S_h,1623,6,0,0.567561,0.000000,-0.765829,0.996418,0.226412,0.957745
SportsMOT,V039,756,S_c,1688,13,0,1.000000,0.000000,-0.968716,1.000000,0.226412,0.887505
SportsMOT,V039,811,S_c,1690,4,0,1.000000,0.000000,-0.887951,1.000000,0.226412,0.920459
SportsMOT,V039,811,S_c,1689,8,0,0.625022,0.062678,-1.226393,0.996906,0.307934,0.739966
SportsMOT,V039,812,S_r,1689,16,0,0.221120,0.712740,-0.094059,0.978905,0.998467,0.999474
SportsMOT,V039,813,S_c,1691,8,0,0.785924,0.166578,-0.684143,0.997667,0.466189,0.974107
SportsMOT,V039,814,S_r,1691,16,0,0.137841,0.604522,-0.314949,0.943562,0.978126,0.997899
SportsMOT,V039,815,S_c,1692,8,0,0.750127,0.074773,-0.636615,0.997542,0.324544,0.981449
SportsMOT,V039,816,S_r,1692,16,0,0.166814,0.603693,-0.289348,0.962135,0.977834,0.998172
SportsMOT,V039,817,S_c,1693,8,0,0.742682,0.024127,-0.722858,0.997505,0.259160,0.967231
SportsMOT,V039,817,S_h,1653,15,0,0.246477,0.000000,-1.248521,0.983216,0.226412,0.724906
SportsMOT,V039,818,S_h,1662,15,0,0.739906,0.000000,-1.197604,0.997491,0.226412,0.758947
SportsMOT,V039,818,S_r,1693,16,0,0.334683,0.518031,-0.220926,0.990901,0.933525,0.998799
SportsMOT,V039,819,S_c,1694,8,0,0.717467,0.000000,-0.692300,0.997413,0.226412,0.972825
SportsMOT,V039,819,S_h,1689,15,0,0.777256,0.000000,-1.189666,0.997632,0.226412,0.764196
SportsMOT,V039,820,S_h,1691,15,0,0.794895,0.000000,-1.144470,0.997703,0.226412,0.793144
SportsMOT,V039,820,S_r,1694,16,0,0.400870,0.472239,-0.187289,0.993587,0.897959,0.999038
SportsMOT,V039,821,S_c,1696,8,0,0.715058,0.000000,-1.253867,0.997400,0.226412,0.721141
SportsMOT,V039,821,S_h,1692,15,0,0.728848,0.065208,-0.563674,0.997451,0.311379,0.989594
SportsMOT,V039,822,S_r,1696,16,0,0.429225,0.444536,-0.146591,0.994359,0.872034,0.999261
SportsMOT,V039,823,S_c,1699,8,0,0.761328,0.000000,-1.200046,0.997578,0.226412,0.757378
SportsMOT,V039,823,S_c,1700,12,0,1.000000,0.000000,-0.961374,1.000000,0.226412,0.890892
SportsMOT,V039,826,S_c,1701,5,0,1.000000,0.000000,-0.922620,1.000000,0.226412,0.907117
SportsMOT,V039,827,S_c,1702,6,0,1.000000,0.000000,-0.987375,1.000000,0.226412,0.878875
SportsMOT,V039,829,S_c,1704,5,0,1.000000,0.000000,-0.935371,1.000000,0.226412,0.901934
SportsMOT,V039,833,S_c,1705,2,0,1.000000,0.000000,-0.895130,1.000000,0.226412,0.917832
SportsMOT,V039,836,S_c,1706,9,0,1.000000,0.000000,-0.887224,1.000000,0.226412,0.920735
SportsMOT,V039,839,S_c,1707,1,0,1.000000,0.000000,-0.953183,1.000000,0.226412,0.894454
SportsMOT,V039,843,S_h,1701,3,0,1.000000,0.000000,-0.982899,1.000000,0.226412,0.880944
SportsMOT,V039,845,S_h,1701,10,0,1.000000,0.000000,-0.970985,1.000000,0.226412,0.886502
SportsMOT,V039,850,S_c,1719,3,0,1.000000,0.000000,-0.969467,1.000000,0.226412,0.887167
SportsMOT,V039,851,S_c,1721,5,0,1.000000,0.000000,-0.648660,1.000000,0.226412,0.979695
SportsMOT,V039,867,S_c,1722,3,0,1.000000,0.000000,-0.908507,1.000000,0.226412,0.912653
SportsMOT,V040,266,S_c,1738,17,0,1.000000,0.000000,-0.948797,1.000000,0.226412,0.896309
SportsMOT,V040,455,S_r,1726,17,0,0.104459,0.386977,-0.964321,0.902214,0.807178,0.889552
SportsMOT,V040,455,S_r,1738,18,0,0.078944,0.465298,-0.964321,0.836713,0.891856,0.889552
SportsMOT,V040,462,S_c,1742,7,0,1.000000,0.000000,-0.949736,1.000000,0.226412,0.895929
SportsMOT,V040,464,S_r,1734,3,0,0.497218,0.250113,-0.252669,0.995614,0.606484,0.998543
SportsMOT,V040,465,S_c,1743,5,0,0.543733,0.000000,-1.372002,0.996193,0.226412,0.631420
SportsMOT,V040,486,S_r,1743,3,0,0.126340,0.420235,-0.922510,0.932911,0.846433,0.907175
SportsMOT,V040,486,S_r,1734,5,0,0.059782,0.471133,-0.922510,0.743021,0.896994,0.907175
SportsMOT,V040,537,S_r,1725,0,0,0.045724,0.416230,-1.074060,0.622761,0.841930,0.834745
SportsMOT,V040,537,S_r,1723,4,0,0.029552,0.434434,-1.074060,0.392467,0.861700,0.834745
SportsMOT,V040,575,S_c,1744,16,0,1.000000,0.000000,-0.944439,1.000000,0.226412,0.898141
SportsMOT,V040,579,S_r,1745,20,0,0.225967,0.738356,-0.053488,0.979799,0.999239,0.999589
SportsMOT,V040,689,S_r,1725,9,0,0.176388,0.471522,-0.289065,0.966339,0.897332,0.998173
SportsMOT,V040,689,S_r,1734,20,0,0.274816,0.421784,-0.221398,0.986480,0.848096,0.998797
SportsMOT,V040,690,S_c,1747,0,0,0.849896,0.115619,-0.912010,0.997921,0.384865,0.911346
SportsMOT,V040,690,S_c,1746,5,0,0.825767,0.133023,-0.231138,0.997830,0.412322,0.998723
SportsMOT,V040,691,S_r,1747,9,0,0.174977,0.583900,-0.189682,0.965789,0.970101,0.999020
SportsMOT,V040,692,S_c,1748,0,0,0.878988,0.120985,-0.862599,0.998036,0.393035,0.929394
SportsMOT,V040,694,S_r,1748,9,0,0.235282,0.286006,-0.409275,0.981498,0.665542,0.996336
SportsMOT,V040,695,S_c,1749,0,0,0.800924,0.143846,-0.867284,0.997730,0.429473,0.927746
SportsMOT,V040,695,S_c,1750,16,0,0.600833,0.034349,-1.166826,0.996740,0.271703,0.778977
SportsMOT,V040,696,S_r,1749,9,0,0.096131,0.783451,-0.099164,0.885547,0.999778,0.999451
SportsMOT,V040,697,S_c,1751,0,0,0.830234,0.124912,-0.992541,0.997848,0.399248,0.876503
SportsMOT,V040,699,S_r,1743,2,0,0.030130,0.140957,-0.828913,0.402716,0.424917,0.940408
SportsMOT,V040,699,S_r,1751,9,0,0.462227,0.245004,-0.292769,0.995067,0.597917,0.998140
SportsMOT,V040,699,S_r,1746,20,0,0.223489,0.116989,-0.791876,0.979337,0.387018,0.951110
SportsMOT,V040,700,S_c,1754,0,0,0.720922,0.087397,-0.977075,0.997427,0.342319,0.883745
SportsMOT,V040,700,S_c,1752,18,0,1.000000,0.000000,-0.894378,1.000000,0.226412,0.918118
SportsMOT,V040,701,S_c,1757,3,0,0.851305,0.000000,-1.086158,0.997928,0.226412,0.828176
SportsMOT,V040,701,S_r,1754,9,0,0.190327,0.781284,-0.023798,0.971290,0.999761,0.999647
SportsMOT,V040,701,S_h,1745,18,0,0.822128,0.000000,-0.987545,0.997821,0.226412,0.878813
SportsMOT,V040,702,S_c,1761,0,0,0.835982,0.090218,-0.979430,0.997873,0.346260,0.882650
SportsMOT,V040,702,S_r,1757,2,0,0.121039,0.704795,-0.174166,0.926799,0.998039,0.999114
SportsMOT,V040,703,S_c,1765,3,0,0.652118,0.000000,-1.215318,0.997100,0.226412,0.747249
SportsMOT,V040,703,S_c,1766,5,0,0.755052,0.000000,-1.112384,0.997556,0.226412,0.812926
SportsMOT,V040,703,S_c,1764,15,0,1.000000,0.000000,-0.497557,1.000000,0.226412,0.993621
SportsMOT,V040,703,S_c,1767,16,0,0.912343,0.037989,-0.583882,0.998158,0.276256,0.987658
SportsMOT,V040,704,S_r,1765,2,0,0.561401,0.099275,-0.339325,0.996368,0.359887,0.997567
SportsMOT,V040,704,S_r,1746,4,0,0.613888,0.188726,-0.717724,0.996829,0.503060,0.968209
SportsMOT,V040,704,S_h,1747,6,0,0.986937,0.000000,-0.013063,0.998395,0.226412,0.999664
SportsMOT,V040,704,S_r,1761,9,0,0.607597,0.128402,-0.264000,0.996789,0.404729,0.998440
SportsMOT,V040,704,S_r,1723,19,0,0.525942,0.015555,-0.739450,0.995983,0.248338,0.963740
SportsMOT,V040,704,S_r,1766,20,0,0.479661,0.000000,-0.857292,0.995359,0.226412,0.931198
SportsMOT,V040,705,S_c,1773,0,0,0.582607,0.042382,-1.183927,0.996565,0.281793,0.767888
SportsMOT,V040,705,S_c,1769,17,0,1.000000,0.000000,-0.810347,1.000000,0.226412,0.945964
SportsMOT,V040,705,S_c,1768,18,0,1.000000,0.000000,-0.810347,1.000000,0.226412,0.945964
SportsMOT,V040,706,S_r,1773,9,0,0.242951,0.556022,-0.201027,0.982664,0.956773,0.998949
SportsMOT,V040,706,S_c,1775,15,0,1.000000,0.000000,-0.866525,1.000000,0.226412,0.928010
SportsMOT,V040,706,S_r,1766,16,0,0.701876,0.016677,-0.976761,0.997348,0.249789,0.883902
SportsMOT,V040,706,S_c,1776,20,0,0.384283,0.010592,-1.300440,0.993035,0.242053,0.687298
SportsMOT,V040,707,S_h,1736,5,0,1.000000,0.000000,-0.875532,1.000000,0.226412,0.925000
SportsMOT,V040,708,S_c,1783,2,0,0.713604,0.000000,-0.708324,0.997392,0.226412,0.969899
SportsMOT,V040,708,S_h,1761,9,0,0.565256,0.000000,-0.901346,0.996402,0.226412,0.915463
SportsMOT,V040,709,S_r,1765,2,0,0.421859,0.000000,-0.622067,0.994169,0.226412,0.983379
SportsMOT,V040,709,S_r,1776,4,0,0.688097,0.179392,-0.772987,0.997282,0.487322,0.955928
SportsMOT,V040,709,S_h,1757,5,0,1.000000,0.000000,-0.043926,1.000000,0.226412,0.999610
SportsMOT,V040,709,S_r,1773,9,0,0.404322,0.081979,-0.883622,0.993689,0.334760,0.922088
SportsMOT,V040,709,S_h,1729,17,0,0.877446,0.000000,-0.122554,0.998032,0.226412,0.999378
SportsMOT,V040,709,S_r,1746,19,0,0.521759,0.042988,-0.435253,0.995934,0.282564,0.995722
SportsMOT,V040,709,S_r,1736,20,0,0.359524,0.000000,-0.461083,0.992107,0.226412,0.994950
SportsMOT,V040,710,S_h,1743,5,0,0.714956,0.000000,-0.633842,0.997399,0.226412,0.981814
SportsMOT,V040,710,S_c,1784,6,0,1.000000,0.000000,-0.612333,1.000000,0.226412,0.984472
SportsMOT,V040,710,S_h,1752,15,0,1.000000,0.000000,-0.612333,1.000000,0.226412,0.984472
SportsMOT,V040,710,S_h,1734,18,0,1.000000,0.000000,-0.612333,1.000000,0.226412,0.984472
SportsMOT,V040,711,S_c,1791,0,0,0.464106,0.031417,-1.343743,0.995096,0.267979,0.654339
SportsMOT,V040,711,S_r,1736,16,0,0.649840,0.057452,-0.932290,0.997085,0.301011,0.903210
SportsMOT,V040,711,S_h,1725,17,0,0.419037,0.000000,-1.480535,0.994095,0.226412,0.539942
SportsMOT,V040,711,S_h,1757,20,0,0.351608,0.305280,-0.717190,0.991768,0.695798,0.968317
SportsMOT,V040,712,S_c,1793,10,0,1.000000,0.000000,-0.868121,1.000000,0.226412,0.927460
SportsMOT,V040,712,S_h,1745,15,0,0.498693,0.000000,-1.385103,0.995635,0.226412,0.620740
SportsMOT,V040,713,S_c,1795,2,0,0.557291,0.000000,-1.331265,0.996326,0.226412,0.663993
SportsMOT,V040,714,S_r,1765,2,0,0.101964,0.154959,-0.743077,0.897621,0.447230,0.962989
SportsMOT,V040,714,S_h,1754,6,0,0.831335,0.000000,-0.763525,0.997854,0.226412,0.958266
SportsMOT,V040,714,S_r,1793,11,0,0.052045,0.000000,-1.102914,0.684510,0.226412,0.818582
SportsMOT,V040,714,S_h,1738,15,0,0.992432,0.000000,-0.162526,0.998417,0.226412,0.999188
SportsMOT,V040,714,S_r,1743,20,0,0.405139,0.000000,-0.602428,0.993718,0.226412,0.985626
SportsMOT,V040,715,S_c,1800,3,0,0.635182,0.000000,-0.755049,0.996993,0.226412,0.960292
SportsMOT,V040,715,S_c,1798,10,0,1.000000,0.000000,-0.390231,1.000000,0.226412,0.996689
SportsMOT,V040,715,S_c,1796,17,0,1.000000,0.000000,-0.390231,1.000000,0.226412,0.996689
SportsMOT,V040,716,S_r,1798,11,0,0.223293,0.601880,-0.174828,0.979311,0.977182,0.999109
SportsMOT,V040,717,S_h,1795,5,0,1.000000,0.000000,-0.914839,1.000000,0.226412,0.910226
SportsMOT,V040,717,S_c,1806,10,0,0.901732,0.000000,-0.945483,0.998120,0.226412,0.897692
SportsMOT,V040,717,S_h,1749,17,0,1.000000,0.000000,-0.914839,1.000000,0.226412,0.910226
SportsMOT,V040,717,S_c,1805,18,0,1.000000,0.000000,-0.914839,1.000000,0.226412,0.910226
SportsMOT,V040,718,S_c,1810,16,0,0.982139,0.000000,-0.598545,0.998381,0.226412,0.986093
SportsMOT,V040,719,S_r,1800,2,0,0.314159,0.301097,-0.384743,0.989695,0.689369,0.996823
SportsMOT,V040,719,S_r,1806,11,0,0.144167,0.335077,-0.520756,0.948564,0.739744,0.992451
SportsMOT,V040,719,S_r,1743,16,0,0.414791,0.184323,-0.945616,0.994010,0.495672,0.897630
SportsMOT,V040,719,S_h,1748,17,0,1.000000,0.000000,-0.411291,1.000000,0.226412,0.996295
SportsMOT,V040,719,S_r,1795,20,0,0.303551,0.151720,-0.945616,0.988971,0.441977,0.897630
SportsMOT,V040,720,S_c,1815,3,0,0.744005,0.000000,-0.910662,0.997513,0.226412,0.911837
SportsMOT,V040,720,S_c,1812,5,0,0.990571,0.000000,-0.664095,0.998403,0.226412,0.977295
SportsMOT,V040,720,S_c,1814,10,0,0.819826,0.000000,-0.904329,0.997813,0.226412,0.914310
SportsMOT,V040,720,S_c,1813,12,0,1.000000,0.000000,-0.724154,1.000000,0.226412,0.966980
SportsMOT,V040,720,S_c,1811,18,0,1.000000,0.000000,-0.724154,1.000000,0.226412,0.966980
SportsMOT,V040,721,S_r,1815,2,0,0.126705,0.770716,-0.102579,0.933289,0.999679,0.999442
SportsMOT,V040,722,S_h,1800,2,0,0.478828,0.000000,-1.485663,0.995347,0.226412,0.535516
SportsMOT,V040,722,S_c,1816,3,0,0.923739,0.000000,-1.040753,0.998189,0.226412,0.852445
SportsMOT,V040,723,S_h,1765,2,0,0.197358,0.326852,-1.103066,0.973368,0.728073,0.818482
SportsMOT,V040,724,S_h,1800,2,0,0.181946,0.267921,-0.550133,0.968424,0.635993,0.990674
SportsMOT,V040,724,S_r,1795,16,0,0.376763,0.347018,-0.276219,0.992754,0.756275,0.998315
SportsMOT,V040,724,S_h,1783,18,0,0.887610,0.000000,-0.567135,0.998062,0.226412,0.989288
SportsMOT,V040,725,S_c,1818,3,0,0.924118,0.000000,-0.809997,0.998192,0.226412,0.946078
SportsMOT,V040,725,S_c,1817,20,0,0.806418,0.149232,-0.818316,0.997757,0.437962,0.943662
SportsMOT,V040,728,S_h,1815,5,0,0.531997,0.053230,-1.015363,0.996061,0.295521,0.865280
SportsMOT,V040,729,S_h,1765,2,0,0.288421,0.466204,0.077271,0.987750,0.892702,0.999756
SportsMOT,V040,729,S_h,1812,5,0,0.836188,0.000000,-0.875391,0.997874,0.226412,0.925050
SportsMOT,V040,733,S_h,1800,2,0,0.513852,0.018259,-0.270419,0.995839,0.251833,0.998377
SportsMOT,V040,733,S_r,1765,3,0,0.421106,0.381424,0.270419,0.994154,0.800406,0.999877
SportsMOT,V040,733,S_h,1815,20,0,0.472062,0.422313,-0.582331,0.995238,0.848665,0.987816
SportsMOT,V040,734,S_h,1818,3,0,0.194797,0.000000,-1.221112,0.972611,0.226412,0.743424
SportsMOT,V040,734,S_h,1764,13,0,0.969282,0.000000,-0.699056,0.998338,0.226412,0.971624
SportsMOT,V040,734,S_r,1815,16,0,0.331662,0.383030,-0.063175,0.990744,0.802411,0.999566
SportsMOT,V040,734,S_h,1817,20,0,0.750053,0.169625,-0.496232,0.997542,0.471228,0.993686
SportsMOT,V040,735,S_h,1765,3,0,0.359573,0.388665,-0.587211,0.992108,0.809244,0.987316
SportsMOT,V040,736,S_h,1795,16,0,0.241720,0.163997,-1.451793,0.982495,0.461957,0.564564
SportsMOT,V040,738,S_r,1800,3,0,0.321599,0.416211,-0.262189,0.990165,0.841912,0.998452
SportsMOT,V040,745,S_c,1821,14,0,1.000000,0.000000,-0.777684,1.000000,0.226412,0.954737
SportsMOT,V041,12,S_c,1839,11,0,0.730849,0.209908,-0.949293,0.997459,0.538931,0.896119
SportsMOT,V041,20,S_r,1835,13,0,0.393365,0.530986,-0.035598,0.993361,0.942161,0.999626
SportsMOT,V041,90,S_c,1844,4,0,1.000000,0.000000,-0.947634,1.000000,0.226412,0.896793
SportsMOT,V041,95,S_c,1845,2,0,0.968109,0.000000,-0.998622,0.998336,0.226412,0.873511
SportsMOT,V041,150,S_r,1843,14,0,0.102534,0.000000,-1.835851,0.898673,0.226412,0.218207
SportsMOT,V041,150,S_c,1846,19,0,0.601864,0.000000,-1.336521,0.996751,0.226412,0.659966
SportsMOT,V041,213,S_c,1847,2,0,1.000000,0.000000,-0.762271,1.000000,0.226412,0.958535
SportsMOT,V041,214,S_r,1848,8,0,0.607982,0.141361,-0.455030,0.996791,0.425573,0.995134
SportsMOT,V041,225,S_c,1849,0,0,1.000000,0.000000,-0.906036,1.000000,0.226412,0.913612
SportsMOT,V041,260,S_c,1850,1,0,1.000000,0.000000,-0.913845,1.000000,0.226412,0.910638
SportsMOT,V041,271,S_c,1851,3,0,1.000000,0.000000,-0.949651,1.000000,0.226412,0.895966
SportsMOT,V041,445,S_c,1853,6,0,1.000000,0.000000,-0.857776,1.000000,0.226412,0.931046
SportsMOT,V041,461,S_c,1855,8,0,1.000000,0.000000,-0.881758,1.000000,0.226412,0.922768
SportsMOT,V041,461,S_c,1854,9,0,1.000000,0.000000,-0.881758,1.000000,0.226412,0.922768
SportsMOT,V041,464,S_r,1855,9,0,0.456177,0.273262,-0.270562,0.994948,0.644789,0.998375
SportsMOT,V041,465,S_c,1856,8,0,1.000000,0.000000,-0.889382,1.000000,0.226412,0.919942
SportsMOT,V041,466,S_c,1857,7,0,1.000000,0.000000,-0.926575,1.000000,0.226412,0.905540
SportsMOT,V041,505,S_c,1858,5,0,1.000000,0.000000,-0.782745,1.000000,0.226412,0.953503
SportsMOT,V041,505,S_c,1859,13,0,1.000000,0.000000,-0.782745,1.000000,0.226412,0.953503
SportsMOT,V041,508,S_c,1866,4,0,1.000000,0.000000,-0.510788,1.000000,0.226412,0.993007
SportsMOT,V041,508,S_c,1867,8,0,1.000000,0.000000,-0.510788,1.000000,0.226412,0.993007
SportsMOT,V041,510,S_c,1873,5,0,0.847858,0.000000,-0.944585,0.997909,0.226412,0.898069
SportsMOT,V041,510,S_c,1871,19,0,1.000000,0.000000,-0.792442,1.000000,0.226412,0.950944
SportsMOT,V041,513,S_c,1889,0,0,1.000000,0.000000,-0.465216,1.000000,0.226412,0.994809
SportsMOT,V041,513,S_c,1890,2,0,1.000000,0.000000,-0.465216,1.000000,0.226412,0.994809
SportsMOT,V041,513,S_c,1892,4,0,1.000000,0.000000,-0.465216,1.000000,0.226412,0.994809
SportsMOT,V041,513,S_c,1887,6,0,1.000000,0.000000,-0.465216,1.000000,0.226412,0.994809
SportsMOT,V041,513,S_c,1891,8,0,1.000000,0.000000,-0.465216,1.000000,0.226412,0.994809
SportsMOT,V041,513,S_c,1888,14,0,1.000000,0.000000,-0.465216,1.000000,0.226412,0.994809
SportsMOT,V041,515,S_c,1894,6,0,1.000000,0.000000,-0.739224,1.000000,0.226412,0.963791
SportsMOT,V041,515,S_c,1898,11,0,1.000000,0.000000,-0.739224,1.000000,0.226412,0.963791
SportsMOT,V041,515,S_c,1893,14,0,1.000000,0.000000,-0.739224,1.000000,0.226412,0.963791
SportsMOT,V041,518,S_c,1909,0,0,1.000000,0.000000,-0.571373,1.000000,0.226412,0.988893
SportsMOT,V041,518,S_c,1908,2,0,1.000000,0.000000,-0.571373,1.000000,0.226412,0.988893
SportsMOT,V041,518,S_c,1911,4,0,1.000000,0.000000,-0.571373,1.000000,0.226412,0.988893
SportsMOT,V041,518,S_c,1910,8,0,1.000000,0.000000,-0.571373,1.000000,0.226412,0.988893
SportsMOT,V041,519,S_h,1888,12,0,1.000000,0.000000,-0.336966,1.000000,0.226412,0.997595
SportsMOT,V041,520,S_c,1912,17,0,1.000000,0.000000,-0.815515,1.000000,0.226412,0.944427
SportsMOT,V041,523,S_c,1926,0,0,1.000000,0.000000,-0.590513,1.000000,0.226412,0.986961
SportsMOT,V041,523,S_c,1925,2,0,1.000000,0.000000,-0.590513,1.000000,0.226412,0.986961
SportsMOT,V041,523,S_c,1928,4,0,1.000000,0.000000,-0.590513,1.000000,0.226412,0.986961
SportsMOT,V041,523,S_c,1927,8,0,1.000000,0.000000,-0.590513,1.000000,0.226412,0.986961
SportsMOT,V041,524,S_h,1858,14,0,0.740825,0.000000,-0.259175,0.997497,0.226412,0.998473
SportsMOT,V041,525,S_c,1930,0,0,1.000000,0.000000,-0.898001,1.000000,0.226412,0.916724
SportsMOT,V041,525,S_h,1866,8,0,1.000000,0.000000,-0.898001,1.000000,0.226412,0.916724
SportsMOT,V041,525,S_c,1929,12,0,1.000000,0.000000,-0.898001,1.000000,0.226412,0.916724
SportsMOT,V041,527,S_c,1934,10,0,1.000000,0.000000,0.000000,1.000000,0.226412,0.999682
SportsMOT,V041,528,S_c,1937,4,0,1.000000,0.000000,-0.605918,1.000000,0.226412,0.985234
SportsMOT,V041,528,S_c,1936,8,0,1.000000,0.000000,-0.605918,1.000000,0.226412,0.985234
SportsMOT,V041,528,S_h,1893,14,0,0.496518,0.101887,-0.986224,0.995606,0.363883,0.879430
SportsMOT,V041,529,S_h,1858,14,0,0.867581,0.000000,-0.132419,0.997997,0.226412,0.999334
SportsMOT,V041,529,S_r,1934,16,0,0.203396,0.000000,-0.796604,0.974944,0.226412,0.949764
SportsMOT,V041,530,S_c,1938,10,0,1.000000,0.000000,-0.867109,1.000000,0.226412,0.927811
SportsMOT,V041,531,S_h,1892,8,0,1.000000,0.000000,-0.958511,1.000000,0.226412,0.892122
SportsMOT,V041,533,S_c,1944,4,0,1.000000,0.000000,-0.613427,1.000000,0.226412,0.984333
SportsMOT,V041,533,S_h,1893,14,0,0.507129,0.048486,-1.114688,0.995747,0.289531,0.811474
SportsMOT,V041,533,S_r,1868,18,0,0.373267,0.000000,-1.240161,0.992632,0.226412,0.730641
SportsMOT,V041,534,S_h,1858,14,0,0.751340,0.000000,-0.248660,0.997548,0.226412,0.998571
SportsMOT,V041,537,S_c,1947,8,0,1.000000,0.000000,-0.909942,1.000000,0.226412,0.912098
SportsMOT,V041,539,S_h,1911,8,0,0.889324,0.000000,-0.622231,0.998064,0.226412,0.983355
SportsMOT,V041,543,S_h,1892,9,0,0.663055,0.000000,-1.037092,0.997169,0.226412,0.854364
SportsMOT,V041,544,S_h,1855,9,0,0.883195,0.000000,-0.651615,0.998044,0.226412,0.979238
SportsMOT,V041,545,S_c,1948,8,0,1.000000,0.000000,-0.855339,1.000000,0.226412,0.931877
SportsMOT,V041,548,S_h,1947,9,0,0.516773,0.000000,-1.261419,0.995874,0.226412,0.715695
SportsMOT,V041,549,S_h,1855,9,0,0.773510,0.000000,-0.927444,0.997611,0.226412,0.905210
SportsMOT,V041,563,S_h,1893,5,0,0.193634,0.408562,-0.860274,0.972300,0.833079,0.930210
SportsMOT,V041,571,S_h,1911,8,0,0.320446,0.000000,-1.608948,0.990099,0.226412,0.429247
SportsMOT,V041,574,S_h,1892,9,0,0.725333,0.000000,-1.145992,0.997439,0.226412,0.792212
SportsMOT,V041,575,S_c,1949,8,0,0.995603,0.000000,-0.412225,0.998432,0.226412,0.996270
SportsMOT,V041,575,S_h,1947,9,0,0.592171,0.000000,-1.377247,0.996662,0.226412,0.627201
SportsMOT,V041,589,S_h,1892,8,0,0.585809,0.000711,-0.891462,0.996591,0.227769,0.919221
SportsMOT,V041,591,S_c,1950,0,0,1.000000,0.000000,-0.698913,1.000000,0.226412,0.971647
SportsMOT,V041,591,S_h,1949,8,0,0.301087,0.000000,-1.557876,0.988780,0.226412,0.473531
SportsMOT,V041,687,S_c,1951,10,0,0.357037,0.000000,-1.609002,0.991992,0.226412,0.429200
SportsMOT,V041,765,S_r,1868,17,0,0.201430,0.310286,-1.181138,0.974413,0.703482,0.769722
SportsMOT,V041,765,S_r,1912,18,0,0.070691,0.236455,-1.181138,0.803247,0.583698,0.769722
SportsMOT,V041,776,S_c,1952,8,0,1.000000,0.000000,-0.945367,1.000000,0.226412,0.897745
SportsMOT,V041,796,S_r,1953,5,0,0.163050,0.000000,-1.792336,0.960290,0.226412,0.266372
SportsMOT,V041,838,S_r,1954,19,0,0.076182,0.000000,-1.774966,0.826439,0.226412,0.283624
SportsMOT,V041,884,S_r,1955,0,0,0.393185,0.000000,-1.547472,0.993354,0.226412,0.482452
SportsMOT,V041,896,S_c,1956,4,0,1.000000,0.000000,-0.980083,1.000000,0.226412,0.882338
SportsMOT,V041,969,S_r,1957,18,0,0.057704,0.655550,-0.382868,0.728858,0.991295,0.996863
SportsMOT,V041,975,S_h,1912,18,0,0.301257,0.047170,-1.484939,0.988798,0.287853,0.536150
SportsMOT,V042,4,S_r,1969,2,0,0.341099,0.241853,-0.417048,0.991235,0.592692,0.996155
SportsMOT,V042,5,S_c,1971,5,0,1.000000,0.000000,-0.950228,1.000000,0.226412,0.895705
SportsMOT,V042,5,S_c,1973,7,0,0.846216,0.000000,-1.104012,0.997907,0.226412,0.817926
SportsMOT,V042,5,S_c,1972,8,0,1.000000,0.000000,-0.950228,1.000000,0.226412,0.895705
SportsMOT,V042,5,S_r,1963,10,0,0.676763,0.000000,-1.121739,0.997230,0.226412,0.807146
SportsMOT,V042,24,S_h,1965,6,0,0.524985,0.147369,-1.197375,0.995969,0.435027,0.759118
SportsMOT,V042,49,S_r,1963,8,0,0.036605,0.535548,-0.828842,0.506999,0.945035,0.940432
SportsMOT,V042,49,S_r,1972,10,0,0.114304,0.484701,-0.828842,0.917939,0.908442,0.940432
SportsMOT,V042,50,S_c,1976,11,0,1.000000,0.000000,-0.931185,1.000000,0.226412,0.903701
SportsMOT,V042,94,S_r,1963,10,0,0.541361,0.037757,-0.420882,0.996168,0.275940,0.996058
SportsMOT,V042,95,S_c,1978,18,0,1.000000,0.000000,-0.335599,1.000000,0.226412,0.997617
SportsMOT,V042,96,S_c,1985,20,0,1.000000,0.000000,-0.682854,1.000000,0.226412,0.974315
SportsMOT,V042,98,S_c,1993,0,0,1.000000,0.000000,-0.499877,1.000000,0.226412,0.993528
SportsMOT,V042,98,S_c,1990,8,0,0.899533,0.000000,-0.600344,0.998111,0.226412,0.985859
SportsMOT,V042,98,S_c,1991,12,0,1.000000,0.000000,-0.499877,1.000000,0.226412,0.993528
SportsMOT,V042,98,S_c,1992,19,0,0.937045,0.000000,-0.562832,0.998239,0.226412,0.989648
SportsMOT,V042,99,S_h,1962,8,0,1.000000,0.000000,-0.374767,1.000000,0.226412,0.997017
SportsMOT,V042,99,S_r,1990,10,0,0.600298,0.002252,-0.397450,0.996738,0.230266,0.996573
SportsMOT,V042,100,S_c,1997,19,0,0.839939,0.000000,-0.452551,0.997882,0.226412,0.995201
SportsMOT,V042,101,S_c,1999,0,0,1.000000,0.000000,-0.885278,1.000000,0.226412,0.921485
SportsMOT,V042,101,S_h,1993,8,0,0.462946,0.000000,-1.422332,0.995079,0.226412,0.589585
SportsMOT,V042,103,S_c,2001,8,0,0.907050,0.000000,-0.598457,0.998140,0.226412,0.986096
SportsMOT,V042,103,S_c,2002,12,0,1.000000,0.000000,-0.433464,1.000000,0.226412,0.995776
SportsMOT,V042,105,S_r,2001,10,0,0.818664,0.000000,-1.054532,0.997808,0.226412,0.845200
SportsMOT,V042,105,S_c,2004,15,0,1.000000,0.000000,-0.873196,1.000000,0.226412,0.925757
SportsMOT,V042,105,S_c,2007,19,0,0.960007,0.000000,-0.746125,0.998307,0.226412,0.962304
SportsMOT,V042,107,S_h,1999,8,0,1.000000,0.000000,-0.905164,1.000000,0.226412,0.913985
SportsMOT,V042,108,S_c,2013,12,0,1.000000,0.000000,-0.584472,1.000000,0.226412,0.987580
SportsMOT,V042,109,S_h,2003,8,0,0.854666,0.000000,-0.145334,0.997940,0.226412,0.999271
SportsMOT,V042,109,S_r,1999,10,0,0.523973,0.039888,-0.436139,0.995956,0.278645,0.995696
SportsMOT,V042,110,S_c,2015,12,0,1.000000,0.000000,-0.767851,1.000000,0.226412,0.957243
SportsMOT,V042,110,S_c,2014,16,0,1.000000,0.000000,-0.767851,1.000000,0.226412,0.957243
SportsMOT,V042,132,S_h,1997,19,0,0.226976,0.000000,-1.715243,0.979989,0.226412,0.338101
SportsMOT,V042,180,S_c,2016,8,0,1.000000,0.000000,-0.906162,1.000000,0.226412,0.913575
SportsMOT,V042,195,S_c,2017,10,0,1.000000,0.000000,-0.981074,1.000000,0.226412,0.881862
SportsMOT,V042,236,S_c,2018,18,0,1.000000,0.000000,-0.886915,1.000000,0.226412,0.920842
SportsMOT,V042,263,S_c,2019,0,0,1.000000,0.000000,-0.759229,1.000000,0.226412,0.959242
SportsMOT,V042,285,S_c,2020,9,0,1.000000,0.000000,-0.879344,1.000000,0.226412,0.923648
SportsMOT,V042,296,S_c,2021,17,0,1.000000,0.000000,-0.958182,1.000000,0.226412,0.892264
SportsMOT,V042,307,S_c,2022,11,0,1.000000,0.000000,-0.984302,1.000000,0.226412,0.880289
SportsMOT,V042,337,S_c,2023,19,0,1.000000,0.000000,-0.973682,1.000000,0.226412,0.885279
SportsMOT,V042,344,S_r,2024,13,0,0.560605,0.000000,-1.380401,0.996362,0.226412,0.624581
SportsMOT,V042,350,S_c,2025,20,0,1.000000,0.000000,-0.877206,1.000000,0.226412,0.924433
SportsMOT,V042,361,S_c,2026,1,0,1.000000,0.000000,-0.924911,1.000000,0.226412,0.906228
SportsMOT,V042,365,S_c,2027,1,0,1.000000,0.000000,-0.909270,1.000000,0.226412,0.912362
SportsMOT,V042,369,S_r,2028,15,0,0.345856,0.000000,-1.268115,0.991486,0.226412,0.710953
SportsMOT,V042,370,S_c,2029,16,0,0.799472,0.000000,-1.081591,0.997724,0.226412,0.830629
SportsMOT,V043,2,S_r,2039,6,0,0.299258,0.528050,-0.607075,0.988648,0.940275,0.985105
SportsMOT,V043,2,S_r,2044,7,0,0.454797,0.537390,-0.447877,0.994920,0.946146,0.995351
SportsMOT,V043,2,S_r,2041,11,0,0.381230,0.368004,-0.210266,0.992918,0.783624,0.998884
SportsMOT,V043,2,S_r,2042,13,0,0.367945,0.591555,0.210266,0.992469,0.973239,0.999845
SportsMOT,V043,2,S_r,2045,16,0,0.356781,0.492950,-0.317263,0.991981,0.915054,0.997867
SportsMOT,V043,3,S_h,2043,8,0,0.314438,0.455091,-0.524055,0.989712,0.882278,0.992272
SportsMOT,V043,4,S_r,2044,6,0,0.481664,0.423394,-0.480698,0.995382,0.849906,0.994294
SportsMOT,V043,4,S_r,2041,7,0,0.421895,0.433888,-0.418649,0.994169,0.861142,0.996113
SportsMOT,V043,4,S_r,2039,16,0,0.347993,0.553420,-0.342961,0.991600,0.955340,0.997524
SportsMOT,V043,5,S_c,2047,11,0,0.749323,0.167492,-0.831682,0.997538,0.467683,0.939555
SportsMOT,V043,6,S_r,2032,3,0,0.240943,0.330481,-0.995704,0.982377,0.733279,0.874945
SportsMOT,V043,6,S_r,2047,7,0,0.496334,0.457114,-0.514725,0.995602,0.884173,0.992782
SportsMOT,V043,6,S_r,2039,8,0,0.103961,0.349510,-1.005405,0.901334,0.759589,0.870191
SportsMOT,V043,6,S_r,2042,11,0,0.271245,0.283490,-1.047678,0.986100,0.661559,0.848749
SportsMOT,V043,6,S_r,2044,16,0,0.265762,0.541551,-0.393790,0.985532,0.948643,0.996632
SportsMOT,V043,6,S_r,2040,17,0,0.157703,0.275170,-0.995704,0.957403,0.647930,0.874945
SportsMOT,V043,7,S_c,2048,2,0,0.909311,0.000000,-1.001982,0.998147,0.226412,0.871871
SportsMOT,V043,7,S_r,2042,7,0,0.088153,0.544845,-0.195546,0.865666,0.950601,0.998986
SportsMOT,V043,7,S_r,2044,8,0,0.471789,0.332515,-0.195695,0.995231,0.736072,0.998986
SportsMOT,V043,8,S_c,2051,4,0,0.569676,0.156681,-1.049158,0.996440,0.450064,0.848000
SportsMOT,V043,8,S_h,2047,6,0,0.390728,0.113253,-1.121420,0.993263,0.381196,0.807354
SportsMOT,V043,8,S_r,2046,13,0,0.203883,0.183097,-1.021040,0.975074,0.493633,0.862457
SportsMOT,V043,9,S_r,2051,7,0,0.285765,0.646829,0.181940,0.987506,0.989370,0.999831
SportsMOT,V043,9,S_r,2041,8,0,0.468263,0.420253,0.403331,0.995173,0.846452,0.999937
SportsMOT,V043,9,S_r,2047,16,0,0.093768,0.552257,-0.641169,0.880141,0.954753,0.980779
SportsMOT,V043,10,S_c,2052,4,0,0.564496,0.012692,-0.854294,0.996393,0.244718,0.932234
SportsMOT,V043,10,S_c,2053,6,0,0.629679,0.167779,-0.642717,0.996945,0.468166,0.980513
SportsMOT,V043,11,S_r,2040,4,0,0.348941,0.479041,-0.687661,0.991637,0.903681,0.973555
SportsMOT,V043,11,S_h,2042,5,0,0.369096,0.306591,-0.781665,0.992502,0.697839,0.953759
SportsMOT,V043,11,S_r,2051,6,0,0.353307,0.392722,-0.711324,0.991840,0.814229,0.969403
SportsMOT,V043,11,S_r,2052,7,0,0.242023,0.360190,-0.488129,0.982540,0.773619,0.994012
SportsMOT,V043,11,S_r,2053,8,0,0.344783,0.460617,0.047102,0.991430,0.887507,0.999731
SportsMOT,V043,11,S_h,2037,9,0,0.757292,0.013219,-0.489586,0.997563,0.245381,0.993934
SportsMOT,V043,11,S_r,2038,16,0,0.273612,0.337019,-0.842524,0.986358,0.742448,0.936133
SportsMOT,V043,11,S_r,2032,17,0,0.258124,0.226233,-0.687661,0.984648,0.566529,0.973555
SportsMOT,V043,12,S_c,2054,3,0,0.754621,0.000000,-0.647568,0.997554,0.226412,0.979822
SportsMOT,V043,12,S_h,2045,9,0,0.597811,0.086044,-1.078160,0.996717,0.340436,0.832520
SportsMOT,V043,12,S_c,2055,13,0,0.682674,0.151827,-0.401533,0.997259,0.442145,0.996470
SportsMOT,V043,13,S_r,2032,4,0,0.348794,0.510217,-0.678858,0.991634,0.928025,0.974957
SportsMOT,V043,13,S_h,2046,5,0,0.394651,0.165593,-0.800224,0.993408,0.464599,0.948782
SportsMOT,V043,13,S_r,2042,6,0,0.450797,0.123502,-1.237596,0.994840,0.397029,0.732418
SportsMOT,V043,13,S_r,2051,8,0,0.188105,0.654148,0.093303,0.970534,0.991003,0.999768
SportsMOT,V043,13,S_h,2039,9,0,0.633566,0.146787,-1.063639,0.996982,0.434115,0.840316
SportsMOT,V043,13,S_r,2040,13,0,0.600141,0.323151,-0.774061,0.996736,0.722679,0.955666
SportsMOT,V043,13,S_r,2054,17,0,0.198557,0.745004,-0.116967,0.973659,0.999360,0.999400
SportsMOT,V043,14,S_c,2057,3,0,0.966043,0.000000,-0.884106,0.998329,0.226412,0.921915
SportsMOT,V043,14,S_h,2044,9,0,0.603944,0.172979,-1.001206,0.996768,0.476619,0.872305
SportsMOT,V043,15,S_r,2054,4,0,0.072899,0.481882,-0.661106,0.812948,0.906045,0.977759
SportsMOT,V043,15,S_r,2032,17,0,0.569741,0.350773,-0.329587,0.996441,0.761293,0.997697
SportsMOT,V043,16,S_r,2057,4,0,0.135869,0.365193,-0.905607,0.941886,0.780067,0.913791
SportsMOT,V043,16,S_r,2052,5,0,0.219567,0.422078,-0.528652,0.978594,0.848400,0.992031
SportsMOT,V043,16,S_h,2055,6,0,0.579736,0.218544,-0.827792,0.996537,0.553661,0.940718
SportsMOT,V043,16,S_r,2054,7,0,0.471612,0.287584,-0.843881,0.995226,0.667992,0.935666
SportsMOT,V043,16,S_r,2042,8,0,0.141372,0.251994,-0.627220,0.946439,0.609664,0.982746
SportsMOT,V043,16,S_h,2047,9,0,0.888504,0.084611,0.288162,0.998062,0.338444,0.999887
SportsMOT,V043,16,S_r,2032,11,0,0.166794,0.426537,-0.905607,0.962126,0.853330,0.913791
SportsMOT,V043,17,S_c,2060,4,0,0.688950,0.150148,-0.270907,0.997289,0.439418,0.998373
SportsMOT,V043,17,S_h,2046,6,0,0.671158,0.165188,-0.840393,0.997202,0.463943,0.936889
SportsMOT,V043,17,S_c,2061,17,0,0.729043,0.212348,-0.168614,0.997453,0.543137,0.999154
SportsMOT,V043,18,S_c,2063,3,0,0.939376,0.000000,0.121301,0.998245,0.226412,0.999783
SportsMOT,V043,18,S_r,2042,18,0,0.127769,0.639218,-0.456976,0.934367,0.987752,0.995070
SportsMOT,V043,19,S_r,2063,4,0,0.241532,0.337248,-0.992043,0.982469,0.742758,0.876724
SportsMOT,V043,19,S_h,2054,6,0,0.354641,0.200206,-1.041857,0.991907,0.522495,0.851883
SportsMOT,V043,19,S_r,2032,7,0,0.050702,0.784292,-0.194859,0.672626,0.999781,0.998993
SportsMOT,V043,19,S_r,2046,8,0,0.361973,0.492072,-0.742658,0.992226,0.914338,0.963084
SportsMOT,V043,19,S_r,2061,11,0,0.150716,0.423820,-0.895798,0.953124,0.850347,0.917574
SportsMOT,V043,19,S_c,2064,14,0,1.000000,0.000000,-0.925381,1.000000,0.226412,0.906041
SportsMOT,V043,20,S_c,2066,3,0,0.790605,0.178416,-0.184033,0.997689,0.485719,0.999058
SportsMOT,V043,20,S_h,2053,12,0,0.642794,0.118595,-0.848923,0.997038,0.389390,0.934035
SportsMOT,V043,21,S_r,2032,5,0,0.175107,0.499275,-0.642888,0.965848,0.919915,0.980488
SportsMOT,V043,21,S_r,2052,6,0,0.349692,0.090779,-0.803982,0.991673,0.347076,0.947797
SportsMOT,V043,21,S_r,2063,7,0,0.200498,0.495997,-0.451814,0.974156,0.917440,0.995224
SportsMOT,V043,21,S_h,2051,9,0,0.808725,0.176178,-0.015097,0.997761,0.481956,0.999659
SportsMOT,V043,21,S_r,2066,11,0,0.164837,0.261494,-1.043258,0.961209,0.625389,0.851158
SportsMOT,V043,21,S_h,2033,12,0,0.989658,0.008803,-0.554952,0.998402,0.239702,0.990303
SportsMOT,V043,21,S_r,2061,13,0,0.477530,0.417850,-0.443834,0.995327,0.843783,0.995486
SportsMOT,V043,21,S_r,2054,18,0,0.238109,0.549550,-0.081082,0.981955,0.953206,0.999517
SportsMOT,V043,22,S_r,2066,7,0,0.298064,0.521570,-0.272207,0.988551,0.935940,0.998361
SportsMOT,V043,22,S_c,2068,11,0,0.658941,0.334226,-0.098674,0.997144,0.738539,0.999452
SportsMOT,V043,22,S_c,2067,14,0,1.000000,0.000000,-0.595251,1.000000,0.226412,0.986457
SportsMOT,V043,22,S_r,2046,18,0,0.404749,0.517276,-0.251011,0.993703,0.933000,0.998550
SportsMOT,V043,23,S_c,2070,3,0,0.858697,0.000000,-0.980101,0.997953,0.226412,0.882327
SportsMOT,V043,23,S_r,2060,5,0,0.247239,0.649523,0.036454,0.983318,0.989970,0.999721
SportsMOT,V043,23,S_h,2057,8,0,0.423117,0.102378,-1.124028,0.994202,0.364613,0.805797
SportsMOT,V043,24,S_h,2063,8,0,0.687553,0.186566,0.120217,0.997280,0.499426,0.999783
SportsMOT,V043,24,S_r,2070,11,0,0.222154,0.553270,-0.651740,0.979098,0.955265,0.979208
SportsMOT,V043,24,S_r,2068,13,0,0.263800,0.648984,-0.409443,0.985312,0.989851,0.996328
SportsMOT,V043,25,S_c,2071,3,0,0.786549,0.086610,-0.529960,0.997672,0.341215,0.991959
SportsMOT,V043,25,S_h,2043,10,0,0.492208,0.000000,-1.128793,0.995546,0.226412,0.802922
SportsMOT,V043,25,S_h,2055,12,0,0.644659,0.065654,-0.911056,0.997056,0.311999,0.911671
SportsMOT,V043,25,S_h,2054,16,0,0.449259,0.142702,-0.763380,0.994801,0.427704,0.958293
SportsMOT,V043,25,S_h,2040,17,0,0.503578,0.253280,-0.947621,0.995707,0.611805,0.896803
SportsMOT,V043,26,S_r,2063,6,0,0.443789,0.310703,-0.260140,0.994685,0.704124,0.998463
SportsMOT,V043,26,S_r,2068,7,0,0.277760,0.662067,-0.330587,0.986763,0.992628,0.997678
SportsMOT,V043,26,S_h,2060,8,0,0.607176,0.207296,-0.910539,0.996786,0.534476,0.911883
SportsMOT,V043,26,S_h,2034,10,0,0.706798,0.000000,-1.189287,0.997363,0.226412,0.764441
SportsMOT,V043,26,S_h,2033,12,0,0.746547,0.021770,-0.231682,0.997527,0.256205,0.998714
SportsMOT,V043,26,S_r,2071,13,0,0.103916,0.262990,-0.852811,0.901252,0.627864,0.932729
SportsMOT,V043,26,S_h,2038,16,0,0.633983,0.041278,-0.661409,0.996983,0.280442,0.977705
SportsMOT,V043,26,S_r,2052,18,0,0.260357,0.728684,-0.010085,0.984900,0.999027,0.999666
SportsMOT,V043,27,S_c,2074,3,0,0.873310,0.000000,-0.883580,0.998021,0.226412,0.922108
SportsMOT,V043,27,S_r,2070,7,0,0.279075,0.612020,-0.437756,0.986887,0.980534,0.995659
SportsMOT,V043,27,S_h,2054,9,0,0.864310,0.071361,-0.571798,0.997983,0.319838,0.988856
SportsMOT,V043,27,S_r,2063,18,0,0.243110,0.561799,-0.531417,0.982689,0.959882,0.991870
SportsMOT,V043,28,S_r,2060,6,0,0.235781,0.694016,-0.221435,0.981575,0.997162,0.998797
SportsMOT,V043,28,S_h,2032,8,0,0.518511,0.289410,-0.121877,0.995893,0.670950,0.999380
SportsMOT,V043,28,S_c,2076,11,0,0.451721,0.474111,-0.416603,0.994853,0.899559,0.996166
SportsMOT,V043,28,S_h,2052,18,0,0.468661,0.486944,-0.590040,0.995178,0.910284,0.987006
SportsMOT,V043,31,S_r,2074,5,0,0.154970,0.502037,-0.270334,0.955809,0.921995,0.998377
SportsMOT,V043,31,S_r,2076,7,0,0.089960,0.524913,-0.665539,0.870618,0.938188,0.977075
SportsMOT,V043,31,S_r,2060,18,0,0.117805,0.447799,-0.700928,0.922685,0.875277,0.971283
SportsMOT,V043,32,S_r,2032,6,0,0.119829,0.653733,-0.376694,0.925300,0.990899,0.996979
SportsMOT,V043,32,S_r,2061,8,0,0.465075,0.384669,-0.376694,0.995112,0.804372,0.996979
SportsMOT,V043,35,S_c,2078,3,0,0.340483,0.605973,-0.395029,0.991206,0.978625,0.996610
SportsMOT,V043,35,S_c,2079,11,0,0.304637,0.178270,-1.114954,0.989046,0.485486,0.811316
SportsMOT,V043,35,S_h,2042,12,0,0.476087,0.264818,-0.882013,0.995305,0.630876,0.922670
SportsMOT,V043,36,S_r,2071,5,0,0.227056,0.499382,-0.686075,0.979999,0.919995,0.973834
SportsMOT,V043,36,S_r,2079,7,0,0.096780,0.637131,-0.441297,0.886968,0.987283,0.995558
SportsMOT,V043,36,S_h,2063,9,0,0.547468,0.416050,-0.492437,0.996226,0.841735,0.993821
SportsMOT,V043,36,S_r,2074,11,0,0.088873,0.525096,-0.654392,0.867636,0.938310,0.978776
SportsMOT,V043,36,S_h,2033,12,0,0.712150,0.000000,-0.743805,0.997384,0.226412,0.962844
SportsMOT,V043,37,S_h,2076,7,0,0.282433,0.368235,-1.060586,0.987192,0.783905,0.842034
SportsMOT,V043,37,S_c,2080,17,0,0.482979,0.362641,-0.678820,0.995401,0.776799,0.974961
SportsMOT,V043,39,S_r,2071,2,0,0.261806,0.400924,-0.647485,0.985065,0.824013,0.979829
SportsMOT,V043,39,S_r,2048,13,0,0.162777,0.527008,-0.647485,0.960162,0.939592,0.979829
SportsMOT,V043,40,S_r,2060,6,0,0.240637,0.553573,0.218720,0.982330,0.955408,0.999846
SportsMOT,V043,40,S_h,2042,12,0,0.427976,0.316580,-0.927595,0.994328,0.712942,0.905148
SportsMOT,V043,40,S_h,2052,18,0,0.325574,0.435081,-0.844007,0.990386,0.862391,0.935632
SportsMOT,V043,44,S_c,2082,2,0,0.467587,0.413156,-0.596926,0.995159,0.838441,0.986267
SportsMOT,V043,44,S_c,2083,4,0,0.641342,0.228513,-0.627269,0.997031,0.570442,0.982743
SportsMOT,V043,45,S_h,2046,6,0,0.216671,0.403001,-0.424252,0.978011,0.826566,0.995979
SportsMOT,V043,45,S_h,2032,8,0,0.266951,0.500244,-0.469980,0.985671,0.920650,0.994644
SportsMOT,V043,46,S_h,2054,9,0,0.275608,0.145793,-1.221917,0.986558,0.432542,0.742874
SportsMOT,V043,46,S_h,2033,18,0,0.124394,0.338368,-0.588978,0.930782,0.744327,0.987138
SportsMOT,V043,48,S_h,2061,11,0,0.118712,0.216977,-1.401319,0.923880,0.551003,0.607272
SportsMOT,V043,49,S_h,2060,8,0,0.267336,0.552687,-0.644980,0.985710,0.954953,0.980170
SportsMOT,V043,50,S_h,2052,8,0,0.036912,0.559947,-0.773434,0.511561,0.958901,0.955817
SportsMOT,V043,51,S_h,2032,11,0,0.223183,0.163748,-1.465425,0.979288,0.461542,0.553014
SportsMOT,V043,53,S_h,2063,12,0,0.239956,0.470425,-0.601955,0.982224,0.896393,0.985698
SportsMOT,V043,56,S_h,2061,4,0,0.234687,0.363607,-1.005024,0.981397,0.778012,0.870363
SportsMOT,V043,64,S_r,2078,2,0,0.117628,0.421463,-0.981557,0.922450,0.847757,0.881611
SportsMOT,V043,64,S_r,2082,3,0,0.045870,0.433482,-0.981557,0.624337,0.860700,0.881611
SportsMOT,V043,66,S_r,2080,12,0,0.154688,0.356019,-0.846144,0.955625,0.768201,0.934910
SportsMOT,V043,66,S_r,2063,17,0,0.162348,0.480801,-0.846144,0.959951,0.905156,0.934910
SportsMOT,V043,88,S_r,2085,0,0,0.188435,0.000000,-1.744006,0.970649,0.226412,0.312511
SportsMOT,V043,142,S_c,2086,16,0,0.852770,0.096832,-0.968035,0.997935,0.356174,0.887842
SportsMOT,V043,143,S_c,2087,14,0,1.000000,0.000000,-0.950262,1.000000,0.226412,0.895693
SportsMOT,V043,145,S_c,2088,15,0,1.000000,0.000000,-0.552210,1.000000,0.226412,0.990517
SportsMOT,V043,146,S_h,2038,12,0,0.663511,0.197414,-0.636625,0.997171,0.517798,0.981448
SportsMOT,V043,147,S_c,2089,16,0,0.723768,0.088976,-0.957788,0.997435,0.344509,0.892438
SportsMOT,V043,151,S_h,2086,12,0,0.848924,0.125720,0.059602,0.997912,0.400495,0.999738
SportsMOT,V043,160,S_c,2092,20,0,1.000000,0.000000,-0.596882,1.000000,0.226412,0.986277
SportsMOT,V043,162,S_c,2094,20,0,0.959227,0.000000,-0.863820,0.998306,0.226412,0.928948
SportsMOT,V043,176,S_r,2063,9,0,0.459379,0.537796,-0.145362,0.995017,0.946380,0.999271
SportsMOT,V043,177,S_h,2080,12,0,0.228127,0.019319,-1.293518,0.980201,0.253219,0.692373
SportsMOT,V043,177,S_c,2095,17,0,0.873934,0.095262,-0.571769,0.998023,0.353742,0.988856
SportsMOT,V043,179,S_h,2054,4,0,0.247637,0.376189,-0.906306,0.983369,0.793935,0.913520
SportsMOT,V043,182,S_c,2096,4,0,0.620455,0.000000,-1.314151,0.996880,0.226412,0.677090
SportsMOT,V043,182,S_c,2097,12,0,0.843979,0.046479,-0.972577,0.997898,0.286992,0.885779
SportsMOT,V043,186,S_h,2061,6,0,0.605382,0.226019,-0.715259,0.996778,0.566190,0.968687
SportsMOT,V043,186,S_h,2086,16,0,0.637879,0.199991,-0.782373,0.997012,0.522131,0.953587
SportsMOT,V043,188,S_h,2054,8,0,0.313217,0.000000,-1.632293,0.989634,0.226412,0.409147
SportsMOT,V043,189,S_h,2052,8,0,0.267103,0.000000,-1.725863,0.985689,0.226412,0.328791
SportsMOT,V043,191,S_h,2046,8,0,0.639714,0.000000,-0.969470,0.997019,0.226412,0.887164
SportsMOT,V043,192,S_c,2098,16,0,1.000000,0.000000,-0.881443,1.000000,0.226412,0.922884
SportsMOT,V043,204,S_c,2099,13,0,1.000000,0.000000,-0.974214,1.000000,0.226412,0.885022
SportsMOT,V043,207,S_c,2100,13,0,1.000000,0.000000,-0.862597,1.000000,0.226412,0.929394
SportsMOT,V043,271,S_r,2033,9,0,0.404895,0.160799,-0.883843,0.993710,0.456770,0.922027
SportsMOT,V043,271,S_r,2063,17,0,0.483405,0.241133,-0.275461,0.995411,0.591488,0.998326
SportsMOT,V043,272,S_c,2101,18,0,0.976191,0.000000,-0.949632,0.998364,0.226412,0.895977
SportsMOT,V043,276,S_r,2101,9,0,0.188564,0.225517,-0.868563,0.970694,0.565326,0.927317
SportsMOT,V043,277,S_c,2103,2,0,1.000000,0.000000,-0.950993,1.000000,0.226412,0.895406
SportsMOT,V043,277,S_c,2102,18,0,0.840188,0.011712,-0.810773,0.997882,0.243492,0.945836
SportsMOT,V043,278,S_r,2102,9,0,0.182415,0.606493,-0.225535,0.968584,0.978798,0.998765
SportsMOT,V043,279,S_c,2104,18,0,0.789220,0.015830,-0.956360,0.997683,0.248690,0.893044
SportsMOT,V043,281,S_r,2104,17,0,0.609616,0.359663,-0.030722,0.996802,0.772905,0.999638
SportsMOT,V043,282,S_c,2105,18,0,1.000000,0.000000,-0.809183,1.000000,0.226412,0.946312
SportsMOT,V043,287,S_c,2107,9,0,0.242737,0.158350,-1.156746,0.982635,0.452737,0.785395
SportsMOT,V043,302,S_c,2108,11,0,1.000000,0.000000,-0.916154,1.000000,0.226412,0.909714
SportsMOT,V043,323,S_c,2109,20,0,1.000000,0.000000,-0.840185,1.000000,0.226412,0.936946
SportsMOT,V043,328,S_c,2110,15,0,1.000000,0.000000,-0.920727,1.000000,0.226412,0.907898
SportsMOT,V043,332,S_c,2111,15,0,1.000000,0.000000,-0.870550,1.000000,0.226412,0.926686
SportsMOT,V043,337,S_c,2112,14,0,1.000000,0.000000,-0.745119,1.000000,0.226412,0.962554
SportsMOT,V043,407,S_c,2114,3,0,1.000000,0.000000,-0.969612,1.000000,0.226412,0.887091
SportsMOT,V043,431,S_r,2098,6,0,0.445444,0.237419,-0.317137,0.994721,0.585317,0.997868
SportsMOT,V043,431,S_r,2076,17,0,0.413011,0.283843,-0.303146,0.993967,0.662143,0.998031
SportsMOT,V043,431,S_r,2046,18,0,0.295583,0.186304,-0.518113,0.988341,0.498967,0.992621
SportsMOT,V043,432,S_c,2115,4,0,1.000000,0.000000,-0.880450,1.000000,0.226412,0.923239
SportsMOT,V043,432,S_c,2117,7,0,0.898732,0.000000,-0.981718,0.998109,0.226412,0.881531
SportsMOT,V043,432,S_c,2120,14,0,1.000000,0.000000,-0.880450,1.000000,0.226412,0.923239
SportsMOT,V043,435,S_c,2129,8,0,0.621049,0.000000,-0.985347,0.996884,0.226412,0.879834
SportsMOT,V043,435,S_c,2128,9,0,1.000000,0.000000,-0.490760,1.000000,0.226412,0.993891
SportsMOT,V043,435,S_c,2127,16,0,0.342121,0.002699,-1.145940,0.991282,0.230973,0.792249
SportsMOT,V043,436,S_h,2105,4,0,0.857905,0.000000,-0.543636,0.997950,0.226412,0.991150
SportsMOT,V043,436,S_r,2129,18,0,0.428221,0.167887,-0.403892,0.994334,0.468346,0.996444
SportsMOT,V043,437,S_c,2132,6,0,1.000000,0.000000,-0.772239,1.000000,0.226412,0.956137
SportsMOT,V043,437,S_h,2061,8,0,1.000000,0.000000,-0.772239,1.000000,0.226412,0.956137
SportsMOT,V043,437,S_c,2130,9,0,1.000000,0.000000,-0.772239,1.000000,0.226412,0.956137
SportsMOT,V043,440,S_c,2134,16,0,0.486221,0.108924,-0.996721,0.995465,0.374609,0.874409
SportsMOT,V043,441,S_h,2127,8,0,0.744257,0.000000,-0.569132,0.997516,0.226412,0.989104
SportsMOT,V043,441,S_r,2061,18,0,0.183513,0.248253,-0.568234,0.968963,0.603346,0.989194
SportsMOT,V043,449,S_h,2107,12,0,0.214941,0.084430,-1.341477,0.977647,0.338188,0.656128
SportsMOT,V043,450,S_h,2097,10,0,0.361257,0.162082,-1.359909,0.992192,0.458811,0.641292
SportsMOT,V043,451,S_h,2128,12,0,0.492676,0.431157,-0.076167,0.995553,0.858265,0.999529
SportsMOT,V043,455,S_h,2134,18,0,0.263737,0.015798,-1.474379,0.985303,0.248647,0.545344
SportsMOT,V043,457,S_h,2115,4,0,0.279919,0.034285,-1.545572,0.986973,0.271609,0.484189
SportsMOT,V043,473,S_h,2107,10,0,0.285526,0.000000,-1.626232,0.987480,0.226412,0.414255
SportsMOT,V043,499,S_c,2136,8,0,1.000000,0.000000,-0.983310,1.000000,0.226412,0.880744
SportsMOT,V043,508,S_c,2137,0,0,1.000000,0.000000,-0.951316,1.000000,0.226412,0.895258
SportsMOT,V043,513,S_c,2138,16,0,0.837078,0.000000,-1.137809,0.997876,0.226412,0.797293
SportsMOT,V043,522,S_c,2139,19,0,1.000000,0.000000,-0.866624,1.000000,0.226412,0.927975
SportsMOT,V043,546,S_r,2140,6,0,0.354715,0.000000,-1.411331,0.991909,0.226412,0.598920
SportsMOT,V043,565,S_c,2141,11,0,1.000000,0.000000,-0.913660,1.000000,0.226412,0.910720
SportsMOT,V043,609,S_c,2142,5,0,1.000000,0.000000,-0.963838,1.000000,0.226412,0.889753
SportsMOT,V043,612,S_c,2143,5,0,1.000000,0.000000,-0.881644,1.000000,0.226412,0.922811
SportsMOT,V043,623,S_r,2142,18,0,0.308242,0.000000,-1.609568,0.989311,0.226412,0.428741
SportsMOT,V043,632,S_c,2144,3,0,1.000000,0.000000,-0.879036,1.000000,0.226412,0.923781
SportsMOT,V043,648,S_c,2145,19,0,1.000000,0.000000,-0.950139,1.000000,0.226412,0.895734
SportsMOT,V043,673,S_c,2146,14,0,1.000000,0.000000,-0.966949,1.000000,0.226412,0.888380
SportsMOT,V043,687,S_c,2147,2,0,1.000000,0.000000,-0.872611,1.000000,0.226412,0.925947
SportsMOT,V043,722,S_c,2148,5,0,1.000000,0.000000,-0.941987,1.000000,0.226412,0.899208
SportsMOT,V043,751,S_r,2138,8,0,0.440461,0.181979,-0.480749,0.994626,0.491711,0.994294
SportsMOT,V043,751,S_r,2136,16,0,0.325811,0.571000,-0.480749,0.990405,0.964403,0.994294
SportsMOT,V043,752,S_c,2150,18,0,1.000000,0.000000,-0.949888,1.000000,0.226412,0.895855
SportsMOT,V043,754,S_c,2152,1,0,1.000000,0.000000,-0.970555,1.000000,0.226412,0.886680
SportsMOT,V043,756,S_r,2150,3,0,0.577446,0.000000,-0.836500,0.996516,0.226412,0.938128
SportsMOT,V043,757,S_c,2154,1,0,1.000000,0.000000,-0.801302,1.000000,0.226412,0.948470
SportsMOT,V043,757,S_c,2153,18,0,1.000000,0.000000,-0.801302,1.000000,0.226412,0.948470
SportsMOT,V043,766,S_r,2153,3,0,0.167501,0.298036,-0.534464,0.962452,0.684538,0.991709
SportsMOT,V043,767,S_c,2156,18,0,0.715579,0.000000,-1.097865,0.997403,0.226412,0.821557
SportsMOT,V043,767,S_c,2155,19,0,1.000000,0.000000,-0.813443,1.000000,0.226412,0.945071
SportsMOT,V043,771,S_r,2156,3,0,0.290798,0.494431,-0.214771,0.987969,0.916251,0.998860
SportsMOT,V043,772,S_c,2157,18,0,0.555189,0.125925,-1.174171,0.996303,0.400808,0.774305
SportsMOT,V043,773,S_c,2158,13,0,1.000000,0.000000,-0.898179,1.000000,0.226412,0.916647
SportsMOT,V043,792,S_c,2159,15,0,1.000000,0.000000,-0.982432,1.000000,0.226412,0.881188
SportsMOT,V043,802,S_h,2153,3,0,0.344184,0.000000,-1.599502,0.991403,0.226412,0.437379
SportsMOT,V043,853,S_c,2161,12,0,0.671331,0.000000,-1.253539,0.997202,0.226412,0.721376
SportsMOT,V043,859,S_r,2115,12,0,0.053128,0.330992,-1.045390,0.693670,0.733984,0.849999
SportsMOT,V043,861,S_r,2161,12,0,0.411427,0.488278,0.320546,0.993914,0.911334,0.999902
SportsMOT,V043,867,S_r,2140,16,0,0.086989,0.842224,-0.149904,0.862487,0.999973,0.999245
SportsMOT,V043,870,S_c,2162,6,0,0.564761,0.133789,-1.006349,0.996393,0.413573,0.869708
SportsMOT,V043,871,S_r,2138,6,0,0.261935,0.474435,-0.477866,0.985081,0.899828,0.994392
SportsMOT,V043,871,S_r,2162,8,0,0.334605,0.451159,-0.477866,0.990895,0.878495,0.994392
SportsMOT,V044,40,S_c,2173,14,0,1.000000,0.000000,-0.834339,1.000000,0.226412,0.938763
SportsMOT,V044,44,S_r,2166,0,0,0.040861,0.460209,-0.517564,0.565591,0.887111,0.992649
SportsMOT,V044,45,S_c,2175,3,0,1.000000,0.000000,-0.825355,1.000000,0.226412,0.941503
SportsMOT,V044,45,S_c,2176,10,0,0.722923,0.000000,-1.159903,0.997433,0.226412,0.783386
SportsMOT,V044,49,S_r,2176,0,0,0.200651,0.389048,-0.448641,0.974200,0.809691,0.995317
SportsMOT,V044,50,S_c,2177,10,0,0.980176,0.004136,-0.867035,0.998374,0.233154,0.927822
SportsMOT,V044,69,S_h,2166,10,0,0.363637,0.567486,0.312622,0.992304,0.962749,0.999898
SportsMOT,V044,113,S_c,2183,14,0,0.764564,0.000000,-1.149820,0.997587,0.226412,0.789710
SportsMOT,V044,115,S_c,2184,4,0,1.000000,0.000000,-0.855840,1.000000,0.226412,0.931688
SportsMOT,V044,115,S_c,2185,14,0,0.964014,0.000000,-0.891826,0.998321,0.226412,0.919093
SportsMOT,V044,125,S_c,2188,16,0,1.000000,0.000000,-0.766972,1.000000,0.226412,0.957461
SportsMOT,V044,160,S_c,2191,6,0,1.000000,0.000000,-0.971026,1.000000,0.226412,0.886488
SportsMOT,V044,173,S_c,2196,17,0,1.000000,0.000000,-0.970312,1.000000,0.226412,0.886780
SportsMOT,V044,178,S_c,2201,17,0,1.000000,0.000000,-0.888502,1.000000,0.226412,0.920264
SportsMOT,V044,182,S_c,2205,17,0,0.884084,0.000000,-1.052575,0.998048,0.226412,0.846205
SportsMOT,V044,185,S_c,2208,17,0,0.942528,0.000000,-1.005402,0.998256,0.226412,0.870193
SportsMOT,V044,208,S_c,2210,2,0,1.000000,0.000000,-0.791352,1.000000,0.226412,0.951266
SportsMOT,V044,368,S_c,2211,9,0,1.000000,0.000000,-0.977799,1.000000,0.226412,0.883374
SportsMOT,V044,388,S_c,2212,19,0,1.000000,0.000000,-0.938487,1.000000,0.226412,0.900686
SportsMOT,V044,447,S_c,2213,15,0,1.000000,0.000000,-0.953836,1.000000,0.226412,0.894182
SportsMOT,V045,5,S_c,2235,8,0,1.000000,0.000000,-0.701751,1.000000,0.226412,0.971119
SportsMOT,V045,5,S_c,2236,10,0,0.906083,0.092555,-0.611265,0.998139,0.349668,0.984592
SportsMOT,V045,15,S_r,2235,9,0,0.153274,0.301660,-1.215731,0.954778,0.690299,0.746937
SportsMOT,V045,18,S_h,2231,8,0,0.609587,0.263506,-0.654713,0.996802,0.628718,0.978729
SportsMOT,V045,30,S_h,2232,9,0,0.205067,0.337408,-1.026638,0.975373,0.742986,0.859638
SportsMOT,V045,60,S_r,2226,9,0,0.375975,0.327018,-0.297007,0.992728,0.728333,0.998096
SportsMOT,V045,60,S_r,2227,17,0,0.618433,0.170116,-0.211451,0.996868,0.472053,0.998880
SportsMOT,V045,61,S_c,2241,11,0,0.970807,0.000000,-0.965242,0.998345,0.226412,0.889134
SportsMOT,V045,61,S_c,2242,14,0,1.000000,0.000000,-0.870225,1.000000,0.226412,0.926772
SportsMOT,V045,61,S_c,2240,16,0,1.000000,0.000000,-0.870225,1.000000,0.226412,0.926772
SportsMOT,V045,61,S_c,2239,19,0,1.000000,0.000000,-0.870225,1.000000,0.226412,0.926772
SportsMOT,V045,67,S_c,2244,20,0,1.000000,0.000000,-0.913872,1.000000,0.226412,0.910630
SportsMOT,V045,71,S_c,2249,17,0,0.972095,0.000000,-0.846469,0.998351,0.226412,0.934793
SportsMOT,V045,110,S_r,2249,16,0,0.347312,0.365547,-0.287140,0.991563,0.780504,0.998196
SportsMOT,V045,111,S_c,2250,17,0,0.846846,0.000000,-1.065513,0.997908,0.226412,0.839355
SportsMOT,V045,115,S_r,2250,16,0,0.280598,0.308298,-0.411103,0.987032,0.700443,0.996297
SportsMOT,V045,116,S_c,2251,17,0,0.799344,0.000000,-1.126577,0.997723,0.226412,0.804258
SportsMOT,V045,120,S_r,2251,16,0,0.384443,0.233232,-0.382325,0.993039,0.578295,0.996873
SportsMOT,V045,121,S_c,2252,17,0,0.878630,0.000000,-0.930578,0.998034,0.226412,0.903962
SportsMOT,V045,125,S_r,2252,16,0,0.323356,0.293834,-0.382810,0.990264,0.677979,0.996863
SportsMOT,V045,126,S_c,2253,0,0,1.000000,0.000000,-0.842702,1.000000,0.226412,0.936069
SportsMOT,V045,127,S_c,2255,17,0,0.785920,0.000000,-0.882703,0.997667,0.226412,0.922437
SportsMOT,V045,130,S_r,2255,16,0,0.480785,0.352431,-0.166783,0.995368,0.763543,0.999161
SportsMOT,V045,131,S_c,2256,17,0,0.835231,0.000000,-0.954847,0.997872,0.226412,0.893728
SportsMOT,V045,143,S_c,2264,16,0,0.818067,0.000000,-1.140075,0.997805,0.226412,0.795897
SportsMOT,V045,146,S_c,2265,16,0,1.000000,0.000000,-0.977428,1.000000,0.226412,0.883552
SportsMOT,V045,151,S_c,2267,16,0,1.000000,0.000000,-0.956307,1.000000,0.226412,0.893063
SportsMOT,V045,154,S_r,2222,8,0,0.152458,0.574923,-0.636371,0.954253,0.966159,0.981494
SportsMOT,V045,157,S_r,2231,6,0,0.068970,0.199572,-1.311774,0.795161,0.521387,0.678850
SportsMOT,V045,160,S_r,2222,10,0,0.397640,0.523433,-0.078927,0.993496,0.937221,0.999522
SportsMOT,V045,161,S_h,2252,17,0,0.436858,0.000000,-1.117140,0.994531,0.226412,0.809932
SportsMOT,V045,164,S_c,2268,17,0,1.000000,0.000000,-0.894172,1.000000,0.226412,0.918194
SportsMOT,V045,165,S_r,2231,10,0,0.506877,0.245819,-0.247303,0.995744,0.599312,0.998584
SportsMOT,V045,166,S_c,2271,6,0,0.964120,0.000000,-0.817471,0.998321,0.226412,0.943893
SportsMOT,V045,166,S_c,2272,8,0,0.632685,0.000000,-1.148906,0.996974,0.226412,0.790279
SportsMOT,V045,166,S_c,2270,14,0,1.000000,0.000000,-0.846152,1.000000,0.226412,0.934908
SportsMOT,V045,166,S_c,2269,17,0,1.000000,0.000000,-0.846152,1.000000,0.226412,0.934908
SportsMOT,V045,169,S_c,2273,16,0,1.000000,0.000000,-0.931201,1.000000,0.226412,0.903695
SportsMOT,V045,171,S_c,2274,2,0,1.000000,0.000000,-0.653192,1.000000,0.226412,0.978990
SportsMOT,V045,171,S_c,2275,12,0,1.000000,0.000000,-0.653192,1.000000,0.226412,0.978990
SportsMOT,V045,171,S_c,2276,16,0,1.000000,0.000000,-0.653192,1.000000,0.226412,0.978990
SportsMOT,V045,171,S_c,2277,17,0,1.000000,0.000000,-0.653192,1.000000,0.226412,0.978990
SportsMOT,V045,176,S_c,2278,19,0,1.000000,0.000000,-0.720275,1.000000,0.226412,0.967694
SportsMOT,V045,178,S_h,2269,17,0,0.339886,0.000000,-1.408896,0.991175,0.226412,0.600994
SportsMOT,V045,179,S_c,2279,0,0,1.000000,0.000000,-0.963926,1.000000,0.226412,0.889721
SportsMOT,V045,187,S_c,2280,1,0,1.000000,0.000000,-0.898846,1.000000,0.226412,0.916415
SportsMOT,V045,192,S_c,2281,15,0,1.000000,0.000000,-0.894961,1.000000,0.226412,0.917895
SportsMOT,V045,194,S_c,2282,20,0,0.931088,0.000000,-1.025600,0.998214,0.226412,0.860145
SportsMOT,V045,225,S_c,2283,18,0,1.000000,0.000000,-0.952176,1.000000,0.226412,0.894879
SportsMOT,V046,4,S_r,2293,7,0,0.097549,0.634647,-0.204685,0.888644,0.986663,0.998919
SportsMOT,V046,89,S_r,2290,5,0,0.089549,0.532923,-0.716680,0.869455,0.943421,0.968416
SportsMOT,V046,92,S_r,2288,8,0,0.116841,0.611573,-0.711634,0.921404,0.980408,0.969343
SportsMOT,V046,103,S_r,2288,7,0,0.097436,0.592759,-0.627175,0.888385,0.973722,0.982752
SportsMOT,V046,107,S_c,2296,2,0,0.656119,0.204494,-0.660603,0.997126,0.529788,0.977849
SportsMOT,V046,111,S_c,2297,4,0,0.729854,0.268414,-0.784322,0.997456,0.636784,0.953138
SportsMOT,V046,111,S_c,2298,8,0,0.422501,0.390037,-0.835368,0.994188,0.810942,0.938436
SportsMOT,V046,545,S_r,2288,3,0,0.101909,0.492109,-0.838633,0.897514,0.914366,0.937443
SportsMOT,V046,545,S_r,2289,7,0,0.048713,0.518636,-0.838633,0.653743,0.933931,0.937443
SportsMOT,V046,872,S_c,2299,9,0,1.000000,0.000000,-0.838322,1.000000,0.226412,0.937545
SportsMOT,V046,883,S_c,2300,4,0,1.000000,0.000000,-0.942670,1.000000,0.226412,0.898911
SportsMOT,V046,885,S_c,2301,8,0,0.940671,0.000000,-0.930025,0.998249,0.226412,0.904173
SportsMOT,V046,1002,S_c,2302,6,0,1.000000,0.000000,-0.878583,1.000000,0.226412,0.923958
SportsMOT,V047,714,S_c,2313,4,0,1.000000,0.000000,-0.945971,1.000000,0.226412,0.897488
SportsMOT,V047,888,S_c,2318,6,0,1.000000,0.000000,-0.970538,1.000000,0.226412,0.886685
SportsMOT,V047,908,S_c,2319,8,0,1.000000,0.000000,-0.935823,1.000000,0.226412,0.901751
SportsMOT,V047,922,S_c,2320,9,0,1.000000,0.000000,-0.966769,1.000000,0.226412,0.888463
SportsMOT,V047,926,S_c,2321,7,0,1.000000,0.000000,-0.962640,1.000000,0.226412,0.890348
SportsMOT,V047,1009,S_c,2322,5,0,1.000000,0.000000,-0.960565,1.000000,0.226412,0.891220
SportsMOT,V047,1101,S_r,2318,3,0,0.471090,0.257242,-0.271668,0.995218,0.618442,0.998365
SportsMOT,V047,1102,S_c,2325,1,0,0.460738,0.000000,-1.386147,0.995041,0.226412,0.619787
SportsMOT,V047,1102,S_c,2323,8,0,0.988128,0.000000,-0.858757,0.998396,0.226412,0.930703
SportsMOT,V047,1107,S_c,2331,3,0,1.000000,0.000000,-0.828761,1.000000,0.226412,0.940460
SportsMOT,V047,1109,S_c,2337,8,0,0.808246,0.000000,-1.149491,0.997761,0.226412,0.789918
SportsMOT,V047,1112,S_c,2346,2,0,0.651966,0.000000,-1.148672,0.997099,0.226412,0.790442
SportsMOT,V047,1112,S_c,2345,6,0,0.864195,0.022808,-0.832428,0.997983,0.257501,0.939345
SportsMOT,V047,1112,S_c,2344,8,0,0.749244,0.012099,-0.954885,0.997538,0.243958,0.893708
SportsMOT,V047,1117,S_h,2323,1,0,0.383713,0.148068,-0.988989,0.993012,0.436163,0.878158
SportsMOT,V047,1118,S_h,2325,2,0,0.247437,0.147645,-1.314014,0.983348,0.435476,0.677187
SportsMOT,V047,1118,S_h,2337,8,0,0.219398,0.230986,-1.054828,0.978565,0.574550,0.845037
SportsMOT,V047,1120,S_h,2307,1,0,0.409854,0.225993,-0.906173,0.993859,0.566141,0.913571
SportsMOT,V047,1120,S_r,2323,2,0,0.530248,0.348908,-0.633844,0.996037,0.758789,0.981814
SportsMOT,V047,1122,S_r,2307,2,0,0.531173,0.465288,0.238962,0.996048,0.891845,0.999861
SportsMOT,V047,1123,S_c,2347,1,0,0.746295,0.023894,-1.221902,0.997524,0.258869,0.742882
SportsMOT,V048,59,S_r,2351,0,0,0.028369,0.445938,-0.933405,0.371161,0.873421,0.902750
SportsMOT,V048,59,S_r,2349,1,0,0.089900,0.502387,-0.933405,0.870466,0.922247,0.902750
SportsMOT,V048,216,S_r,2349,0,0,0.053540,0.507142,-0.860615,0.697150,0.925776,0.930089
SportsMOT,V048,216,S_r,2351,1,0,0.045002,0.533700,-0.860615,0.614782,0.943913,0.930089
SportsMOT,V048,332,S_r,2353,7,0,0.116033,0.309261,-1.194851,0.920328,0.701894,0.760792
SportsMOT,V048,334,S_h,2350,2,0,0.448248,0.206351,-0.861681,0.994781,0.532926,0.929735
SportsMOT,V048,349,S_c,2360,5,0,0.752208,0.239600,-0.291003,0.997550,0.588933,0.998159
SportsMOT,V048,389,S_c,2361,4,0,1.000000,0.000000,-0.868379,1.000000,0.226412,0.927380
SportsMOT,V048,402,S_c,2362,6,0,1.000000,0.000000,-0.953570,1.000000,0.226412,0.894311
SportsMOT,V048,404,S_c,2363,8,0,0.993856,0.000000,-0.846129,0.998422,0.226412,0.934916
SportsMOT,V048,554,S_r,2350,0,0,0.127488,0.714970,0.024192,0.934090,0.998557,0.999713
SportsMOT,V048,578,S_h,2349,2,0,0.360669,0.477999,-0.708881,0.992167,0.902814,0.969824
SportsMOT,V049,52,S_c,2374,4,0,1.000000,0.000000,-0.827415,1.000000,0.226412,0.940830
SportsMOT,V049,54,S_c,2375,9,0,0.711078,0.000000,-1.266598,0.997380,0.226412,0.712076
SportsMOT,V049,115,S_r,2372,1,0,0.069627,0.432805,-0.976407,0.798310,0.859980,0.884074
SportsMOT,V049,115,S_r,2367,8,0,0.125321,0.395840,-0.976407,0.931789,0.817945,0.884074
SportsMOT,V049,236,S_c,2377,8,0,0.532834,0.185569,-0.821609,0.996073,0.497771,0.942651
SportsMOT,V049,237,S_r,2377,7,0,0.317148,0.661387,0.168860,0.989887,0.992508,0.999818
SportsMOT,V049,238,S_h,2371,8,0,0.636336,0.124569,-1.129733,0.997000,0.398694,0.802357
SportsMOT,V049,288,S_c,2379,0,0,1.000000,0.000000,-0.840805,1.000000,0.226412,0.936731
SportsMOT,V049,288,S_c,2380,3,0,1.000000,0.000000,-0.840805,1.000000,0.226412,0.936731
SportsMOT,V049,304,S_c,2381,5,0,1.000000,0.000000,-0.920968,1.000000,0.226412,0.907812
SportsMOT,V049,445,S_r,2377,1,0,0.166333,0.413367,-0.911432,0.961919,0.838677,0.911552
SportsMOT,V049,445,S_r,2372,7,0,0.085447,0.423421,-0.911432,0.857948,0.849936,0.911552
SportsMOT,V049,584,S_r,2372,2,0,0.176923,0.456234,-0.764549,0.966555,0.883328,0.958028
SportsMOT,V049,584,S_r,2368,7,0,0.102634,0.499661,-0.764549,0.898865,0.920210,0.958028
SportsMOT,V049,706,S_c,2382,0,0,1.000000,0.000000,-0.917682,1.000000,0.226412,0.909119
SportsMOT,V050,462,S_r,2390,2,0,0.050195,0.448528,-0.988898,0.667985,0.876001,0.878206
SportsMOT,V050,462,S_r,2384,8,0,0.035836,0.476543,-0.988898,0.495511,0.901597,0.878206
SportsMOT,V050,574,S_r,2384,2,0,0.034454,0.413441,-1.103476,0.474408,0.838759,0.818234
SportsMOT,V050,574,S_r,2390,8,0,0.048191,0.400438,-1.103476,0.648536,0.823484,0.818234
SportsMOT,V050,875,S_c,2393,2,0,0.293414,0.012123,-1.645377,0.988177,0.243979,0.398012
SportsMOT,V051,387,S_c,2404,0,0,0.359967,0.415273,-0.466433,0.992130,0.840885,0.994763
SportsMOT,V051,389,S_h,2398,2,0,0.151686,0.381504,-0.870500,0.953781,0.800498,0.926690
SportsMOT,V051,404,S_r,2402,2,0,0.096426,0.389025,-1.008747,0.886193,0.809660,0.868475
SportsMOT,V051,404,S_r,2398,7,0,0.089105,0.416696,-1.008747,0.868266,0.842490,0.868475
SportsMOT,V051,459,S_c,2405,1,0,1.000000,0.000000,-0.954342,1.000000,0.226412,0.893965
SportsMOT,V051,465,S_c,2406,5,0,0.896220,0.000000,-1.086864,0.998099,0.226412,0.827781
SportsMOT,V051,475,S_c,2407,8,0,1.000000,0.000000,-0.911929,1.000000,0.226412,0.911378
SportsMOT,V051,492,S_r,2408,9,0,0.507932,0.000000,-1.395413,0.995759,0.226412,0.612034
SportsMOT,V051,712,S_r,2399,0,0,0.342075,0.000000,-1.615874,0.991280,0.226412,0.423171
SportsMOT,V051,714,S_r,2400,5,0,0.124916,0.591678,-0.533107,0.931320,0.973288,0.991779
SportsMOT,V051,714,S_r,2406,6,0,0.301751,0.448548,-0.533107,0.988835,0.876024,0.991779
SportsMOT,V052,16,S_r,2409,2,0,0.748566,0.000000,-0.935635,0.997535,0.226412,0.901830
SportsMOT,V052,16,S_r,2411,4,0,0.315799,0.161781,-1.335692,0.989800,0.458337,0.660588
SportsMOT,V052,16,S_r,2412,5,0,0.119386,0.206630,-0.512203,0.924737,0.533377,0.992918
SportsMOT,V052,16,S_r,2415,7,0,0.560258,0.118567,-0.321175,0.996360,0.389345,0.997821
SportsMOT,V052,17,S_c,2420,6,0,0.965144,0.000000,-0.662118,0.998324,0.226412,0.977613
SportsMOT,V052,17,S_c,2418,8,0,1.000000,0.000000,-0.627262,1.000000,0.226412,0.982743
SportsMOT,V052,18,S_c,2423,4,0,0.459393,0.046908,-0.603859,0.995017,0.287538,0.985464
SportsMOT,V052,18,S_r,2411,5,0,0.433672,0.456168,-0.603859,0.994455,0.883267,0.985464
SportsMOT,V052,19,S_c,2426,4,0,0.799588,0.000000,0.223565,0.997725,0.226412,0.999850
SportsMOT,V052,19,S_r,2423,5,0,0.155672,0.420351,-0.423977,0.956227,0.846550,0.995982
SportsMOT,V052,20,S_c,2428,4,0,0.759165,0.000000,-1.193409,0.997571,0.226412,0.761707
SportsMOT,V052,20,S_r,2426,5,0,0.160468,0.197538,-0.401159,0.958961,0.518005,0.996480
SportsMOT,V052,20,S_h,2417,9,0,0.847664,0.000000,-0.991868,0.997909,0.226412,0.876795
SportsMOT,V052,21,S_c,2429,2,0,0.962841,0.000000,-0.037159,0.998318,0.226412,0.999623
SportsMOT,V052,21,S_r,2428,5,0,0.629477,0.000000,-0.370523,0.996943,0.226412,0.997092
SportsMOT,V052,21,S_h,2410,6,0,0.794246,0.000000,-0.746269,0.997701,0.226412,0.962269
SportsMOT,V052,22,S_c,2437,1,0,1.000000,0.000000,-0.654941,1.000000,0.226412,0.978705
SportsMOT,V052,22,S_c,2435,4,0,0.863088,0.000000,-0.791853,0.997977,0.226412,0.951114
SportsMOT,V052,22,S_c,2433,9,0,1.000000,0.000000,-0.654941,1.000000,0.226412,0.978705
SportsMOT,V052,23,S_c,2440,4,0,0.629630,0.237974,-0.108263,0.996945,0.586219,0.999423
SportsMOT,V052,23,S_r,2435,5,0,0.176203,0.799664,0.108263,0.966260,0.999868,0.999777
SportsMOT,V052,23,S_h,2423,6,0,0.483245,0.000000,-1.224507,0.995407,0.226412,0.741201
SportsMOT,V052,24,S_c,2443,4,0,0.603490,0.053935,0.113970,0.996763,0.296477,0.999781
SportsMOT,V052,24,S_r,2440,5,0,0.170456,0.372999,-0.113970,0.963794,0.789919,0.999412
SportsMOT,V052,24,S_h,2426,6,0,0.867224,0.000000,-1.045674,0.997996,0.226412,0.849845
SportsMOT,V052,25,S_c,2446,4,0,0.613248,0.043015,0.122102,0.996823,0.282598,0.999783
SportsMOT,V052,25,S_r,2443,5,0,0.161597,0.372564,-0.122102,0.959558,0.789381,0.999379
SportsMOT,V052,25,S_h,2412,6,0,0.761604,0.000000,-1.139692,0.997579,0.226412,0.796125
SportsMOT,V052,26,S_c,2449,4,0,0.821188,0.000000,-0.771080,0.997819,0.226412,0.956439
SportsMOT,V052,26,S_r,2446,5,0,0.450269,0.167859,-0.203059,0.994826,0.468298,0.998932
SportsMOT,V052,26,S_h,2411,6,0,1.000000,0.000000,-0.592268,1.000000,0.226412,0.986778
SportsMOT,V052,27,S_c,2451,0,0,1.000000,0.000000,-0.689806,1.000000,0.226412,0.973201
SportsMOT,V052,27,S_c,2450,2,0,1.000000,0.000000,-0.689806,1.000000,0.226412,0.973201
SportsMOT,V052,27,S_c,2452,4,0,0.632430,0.189763,0.017729,0.996971,0.504778,0.999707
SportsMOT,V052,27,S_r,2449,5,0,0.173821,0.630643,-0.017729,0.965306,0.985745,0.999656
SportsMOT,V052,28,S_c,2453,3,0,0.927914,0.000000,-0.834461,0.998199,0.226412,0.938721
SportsMOT,V052,28,S_r,2452,5,0,0.222200,0.437134,-0.268581,0.979104,0.864499,0.998392
SportsMOT,V052,29,S_r,2453,4,0,0.425599,0.055946,-0.797034,0.994269,0.299107,0.949635
SportsMOT,V052,30,S_c,2455,3,0,0.949149,0.014523,-0.419379,0.998279,0.247042,0.996087
SportsMOT,V052,31,S_h,2413,3,0,0.911370,0.000000,-0.814614,0.998154,0.226412,0.944696
SportsMOT,V052,31,S_r,2455,5,0,0.251065,0.371495,-0.377441,0.983794,0.788052,0.996965
SportsMOT,V052,32,S_h,2429,4,0,0.649306,0.196472,-0.458682,0.997082,0.516260,0.995020
SportsMOT,V052,44,S_h,2428,3,0,0.239877,0.226349,-1.386272,0.982208,0.566726,0.619680
SportsMOT,V052,48,S_h,2452,3,0,0.290559,0.234071,-1.318990,0.987944,0.579708,0.673456
SportsMOT,V052,92,S_c,2457,1,0,1.000000,0.000000,-0.937936,1.000000,0.226412,0.900916
SportsMOT,V052,111,S_c,2458,0,0,1.000000,0.000000,-0.792048,1.000000,0.226412,0.951071
SportsMOT,V052,120,S_c,2459,5,0,0.462500,0.000000,-1.478151,0.995070,0.226412,0.542018
SportsMOT,V052,128,S_r,2459,4,0,0.387734,0.379176,-0.412319,0.993150,0.797590,0.996269
SportsMOT,V052,128,S_r,2429,5,0,0.164968,0.655803,-0.412319,0.961278,0.991335,0.996269
SportsMOT,V052,131,S_r,2459,5,0,0.080955,0.458094,-0.460951,0.843749,0.885118,0.994951
SportsMOT,V052,137,S_c,2461,5,0,0.229992,0.000000,-1.634136,0.980528,0.226412,0.407550
SportsMOT,V052,142,S_r,2461,4,0,0.274291,0.501593,-0.832411,0.986433,0.921673,0.939348
SportsMOT,V052,142,S_r,2429,5,0,0.034144,0.357562,-0.832411,0.469521,0.770202,0.939348
SportsMOT,V052,145,S_h,2460,5,0,0.391965,0.248573,-0.827016,0.993306,0.603883,0.940941
SportsMOT,V052,236,S_r,2411,7,0,0.454611,0.355766,0.032590,0.994917,0.767858,0.999721
SportsMOT,V052,237,S_c,2463,6,0,0.562851,0.022803,-1.316023,0.996381,0.257496,0.675647
SportsMOT,V052,241,S_h,2415,5,0,0.483920,0.004110,-1.136220,0.995424,0.233121,0.798294
SportsMOT,V052,252,S_c,2465,4,0,0.375726,0.023091,-1.527518,0.992719,0.257846,0.499882
SportsMOT,V052,252,S_h,2461,7,0,0.144108,0.112111,-1.540856,0.948517,0.379393,0.488310
SportsMOT,V052,283,S_c,2466,6,0,0.541460,0.181160,-0.794611,0.996168,0.490286,0.950325
SportsMOT,V052,286,S_r,2418,6,0,0.181826,0.377094,-1.065224,0.968386,0.795073,0.839491
SportsMOT,V052,286,S_r,2466,8,0,0.077466,0.298390,-1.065224,0.831398,0.685114,0.839491
SportsMOT,V052,376,S_r,2465,5,0,0.357221,0.416084,-0.226694,0.992000,0.841768,0.998755
SportsMOT,V052,376,S_r,2466,7,0,0.427878,0.565945,0.038569,0.994326,0.961985,0.999726
SportsMOT,V052,377,S_c,2468,4,0,0.629236,0.000000,-1.109898,0.996943,0.226412,0.814490
SportsMOT,V052,377,S_c,2467,8,0,0.845241,0.079937,-0.763444,0.997903,0.331759,0.958277
SportsMOT,V052,387,S_h,2461,7,0,0.191937,0.114845,-1.470887,0.971792,0.383680,0.548323
SportsMOT,V052,389,S_h,2415,5,0,0.169816,0.134139,-1.394757,0.963499,0.414125,0.612563
SportsMOT,V052,391,S_h,2465,4,0,0.308497,0.424647,-0.916425,0.989319,0.851259,0.909601
SportsMOT,V052,399,S_c,2469,10,0,1.000000,0.000000,-0.918038,1.000000,0.226412,0.908974
SportsMOT,V052,436,S_r,2470,5,0,0.394005,0.499016,-0.364022,0.993387,0.919739,0.997185
SportsMOT,V052,462,S_r,2467,6,0,0.251774,0.615902,-0.366706,0.983882,0.981709,0.997152
SportsMOT,V052,462,S_r,2418,8,0,0.150624,0.614994,-0.366706,0.953064,0.981443,0.997152
SportsMOT,V052,509,S_r,2457,0,0,0.110902,0.773459,-0.134777,0.912845,0.999704,0.999323
SportsMOT,V052,513,S_r,2458,0,0,0.042134,0.465223,-0.768572,0.581423,0.891774,0.957081
SportsMOT,V052,526,S_r,2470,4,0,0.577385,0.226992,-0.212644,0.996515,0.567803,0.998877
SportsMOT,V052,531,S_h,2452,5,0,0.958347,0.000000,-0.577757,0.998305,0.226412,0.988300
SportsMOT,V052,532,S_c,2483,3,0,1.000000,0.000000,-0.700808,1.000000,0.226412,0.971304
SportsMOT,V052,532,S_c,2482,4,0,0.836061,0.000000,-0.864747,0.997874,0.226412,0.928625
SportsMOT,V053,43,S_r,2484,3,0,0.504160,0.067176,-0.428664,0.995714,0.314036,0.995881
SportsMOT,V053,43,S_h,2490,6,0,0.849197,0.000000,-0.551263,0.997915,0.226412,0.990602
SportsMOT,V053,44,S_c,2497,1,0,1.000000,0.000000,-0.215205,1.000000,0.226412,0.998856
SportsMOT,V053,46,S_h,2489,6,0,0.456301,0.000000,-1.501524,0.994952,0.226412,0.522246
SportsMOT,V053,48,S_c,2513,3,0,0.799846,0.000000,-0.758365,0.997725,0.226412,0.959482
SportsMOT,V053,49,S_c,2520,4,0,0.943468,0.000000,-0.677592,0.998261,0.226412,0.975136
SportsMOT,V053,49,S_c,2522,6,0,1.000000,0.000000,-0.621061,1.000000,0.226412,0.983477
SportsMOT,V053,49,S_c,2518,8,0,1.000000,0.000000,-0.621061,1.000000,0.226412,0.983477
SportsMOT,V053,49,S_c,2519,9,0,1.000000,0.000000,-0.621061,1.000000,0.226412,0.983477
SportsMOT,V053,50,S_r,2520,3,0,0.350864,0.635665,-0.051724,0.991730,0.986917,0.999599
SportsMOT,V053,50,S_c,2526,4,0,0.744497,0.217250,-0.051724,0.997518,0.551435,0.999599
SportsMOT,V053,50,S_h,2486,5,0,1.000000,0.000000,-0.741837,1.000000,0.226412,0.963268
SportsMOT,V053,51,S_r,2526,3,0,0.330144,0.415545,-0.254311,0.990649,0.841194,0.998518
SportsMOT,V053,53,S_r,2486,4,0,0.412451,0.000000,-1.223151,0.993951,0.226412,0.742071
SportsMOT,V053,53,S_h,2513,6,0,0.669611,0.000000,-0.965991,0.997195,0.226412,0.888810
SportsMOT,V053,54,S_c,2539,2,0,1.000000,0.000000,-0.663973,1.000000,0.226412,0.977313
SportsMOT,V053,55,S_c,2543,3,0,0.685400,0.000000,-1.156463,0.997270,0.226412,0.785550
SportsMOT,V053,56,S_c,2545,5,0,0.940017,0.000000,-0.989900,0.998246,0.226412,0.877749
SportsMOT,V053,58,S_r,2486,3,0,0.237735,0.363821,-0.398444,0.981893,0.778293,0.996549
SportsMOT,V053,58,S_r,2545,4,0,0.539796,0.402760,-0.730372,0.996147,0.826264,0.965709
SportsMOT,V053,59,S_c,2546,5,0,1.000000,0.000000,-0.697959,1.000000,0.226412,0.971810
SportsMOT,V053,61,S_h,2522,6,0,0.205964,0.000000,-1.567625,0.975603,0.226412,0.465043
SportsMOT,V053,65,S_h,2543,3,0,0.287881,0.000000,-1.644382,0.987696,0.226412,0.398865
SportsMOT,V053,66,S_r,2529,9,0,0.349755,0.561837,-0.136956,0.991674,0.959894,0.999316
SportsMOT,V053,67,S_h,2486,5,0,0.252031,0.449399,-0.331887,0.983917,0.876831,0.997657
SportsMOT,V053,67,S_c,2547,10,0,0.754835,0.161687,-1.014410,0.997555,0.458206,0.865743
SportsMOT,V053,70,S_h,2484,3,0,0.210584,0.000000,-1.774624,0.976674,0.226412,0.283942
SportsMOT,V053,72,S_r,2486,4,0,0.045221,0.495884,-0.669231,0.617225,0.917338,0.976469
SportsMOT,V053,72,S_h,2543,5,0,0.544711,0.363263,-0.821975,0.996202,0.777584,0.942523
SportsMOT,V053,89,S_c,2548,2,0,1.000000,0.000000,-0.907149,1.000000,0.226412,0.913189
SportsMOT,V053,95,S_c,2549,0,0,1.000000,0.000000,-0.854333,1.000000,0.226412,0.932228
SportsMOT,V053,97,S_c,2550,1,0,0.879074,0.000000,-1.068704,0.998036,0.226412,0.837663
SportsMOT,V053,98,S_h,2546,0,0,0.781022,0.051468,-0.419654,0.997646,0.293258,0.996080
SportsMOT,V053,101,S_h,2545,0,0,0.347893,0.234249,-1.061088,0.991594,0.580025,0.841754
SportsMOT,V053,104,S_c,2551,0,0,0.771291,0.000000,-1.110990,0.997604,0.226412,0.813848
SportsMOT,V053,113,S_r,2543,3,0,0.064590,0.442975,-0.837669,0.772305,0.870499,0.937743
SportsMOT,V053,113,S_r,2484,5,0,0.144848,0.509917,-0.837669,0.949080,0.927796,0.937743
SportsMOT,V053,130,S_c,2553,3,0,0.564423,0.000000,-1.339216,0.996391,0.226412,0.657868
SportsMOT,V053,232,S_r,2484,3,0,0.083781,0.519343,-0.805111,0.852848,0.934413,0.947488
SportsMOT,V053,232,S_r,2553,5,0,0.154473,0.301955,-1.162064,0.955502,0.690744,0.781982
SportsMOT,V054,40,S_r,2562,3,0,0.296536,0.315863,-0.387601,0.988429,0.711899,0.996760
SportsMOT,V054,40,S_r,2559,4,0,0.523456,0.235284,-0.944724,0.995952,0.581748,0.898005
SportsMOT,V054,41,S_c,2565,2,0,1.000000,0.000000,-0.862839,1.000000,0.226412,0.929299
SportsMOT,V054,43,S_r,2559,3,0,0.448431,0.483403,-0.566436,0.994784,0.907299,0.989354
SportsMOT,V054,43,S_h,2565,4,0,0.426472,0.075258,-0.566436,0.994292,0.325206,0.989354
SportsMOT,V054,44,S_r,2565,3,0,0.158775,0.370526,-0.470699,0.957991,0.786782,0.994615
SportsMOT,V054,44,S_c,2567,4,0,0.843196,0.000000,-0.997997,0.997894,0.226412,0.873789
SportsMOT,V054,45,S_c,2569,3,0,0.813226,0.000000,-0.234901,0.997776,0.226412,0.998689
SportsMOT,V054,45,S_h,2562,6,0,0.951873,0.046142,-0.001985,0.998284,0.286547,0.999679
SportsMOT,V054,46,S_c,2571,0,0,1.000000,0.000000,-0.591964,1.000000,0.226412,0.986805
SportsMOT,V054,46,S_c,2574,3,0,0.782698,0.000000,-0.809267,0.997653,0.226412,0.946285
SportsMOT,V054,46,S_c,2575,4,0,1.000000,0.000000,-0.591964,1.000000,0.226412,0.986805
SportsMOT,V054,46,S_h,2565,6,0,0.938746,0.000000,-0.278556,0.998244,0.226412,0.998284
SportsMOT,V054,47,S_r,2575,3,0,0.148997,0.198433,-0.508532,0.951986,0.519495,0.993116
SportsMOT,V054,47,S_c,2580,4,0,0.855962,0.000000,-0.174567,0.997944,0.226412,0.999112
SportsMOT,V054,47,S_h,2567,6,0,0.969470,0.000000,-0.881532,0.998339,0.226412,0.922852
SportsMOT,V054,48,S_r,2580,3,0,0.144040,0.204405,-0.522247,0.948462,0.529649,0.992365
SportsMOT,V054,48,S_c,2586,4,0,0.870692,0.000000,-0.160048,0.998012,0.226412,0.999200
SportsMOT,V054,48,S_h,2569,6,0,0.969260,0.000000,-0.886700,0.998338,0.226412,0.920913
SportsMOT,V054,49,S_c,2587,1,0,1.000000,0.000000,-0.052125,1.000000,0.226412,0.999593
SportsMOT,V054,49,S_r,2586,3,0,0.137120,0.204453,-0.658427,0.942966,0.529734,0.978173
SportsMOT,V054,49,S_c,2591,4,0,0.849630,0.000000,-0.202496,0.997919,0.226412,0.998938
SportsMOT,V054,49,S_h,2574,6,0,0.947875,0.000000,-0.915005,0.998277,0.226412,0.910164
SportsMOT,V054,50,S_c,2595,3,0,0.769962,0.000000,-0.230038,0.997601,0.226412,0.998734
SportsMOT,V054,50,S_h,2580,6,0,0.959809,0.000000,-0.040191,0.998306,0.226412,0.999618
SportsMOT,V054,50,S_h,2560,7,0,0.665571,0.000000,-0.334429,0.997179,0.226412,0.997624
SportsMOT,V054,51,S_c,2596,1,0,1.000000,0.000000,-0.195445,1.000000,0.226412,0.998987
SportsMOT,V054,51,S_c,2602,4,0,1.000000,0.000000,-0.195445,1.000000,0.226412,0.998987
SportsMOT,V054,51,S_h,2586,6,0,0.804555,0.000000,-0.661294,0.997748,0.226412,0.977729
SportsMOT,V054,51,S_c,2597,8,0,1.000000,0.000000,-0.195445,1.000000,0.226412,0.998987
SportsMOT,V054,52,S_h,2556,2,0,1.000000,0.000000,-0.772192,1.000000,0.226412,0.956144
SportsMOT,V054,52,S_h,2564,7,0,0.235004,0.000000,-1.537188,0.981453,0.226412,0.491494
SportsMOT,V054,53,S_c,2606,5,0,1.000000,0.000000,-0.809888,1.000000,0.226412,0.946105
SportsMOT,V054,53,S_h,2591,6,0,0.421782,0.000000,-1.388106,0.994168,0.226412,0.618074
SportsMOT,V054,56,S_c,2607,5,0,1.000000,0.000000,-0.770483,1.000000,0.226412,0.956576
SportsMOT,V054,56,S_c,2608,6,0,1.000000,0.000000,-0.770483,1.000000,0.226412,0.956576
SportsMOT,V054,57,S_h,2575,7,0,0.335016,0.000000,-1.625505,0.990918,0.226412,0.414854
SportsMOT,V054,59,S_h,2587,2,0,0.176945,0.402654,-0.999675,0.966562,0.826134,0.873018
SportsMOT,V054,60,S_h,2556,2,0,0.412306,0.273264,-0.678233,0.993948,0.644795,0.975056
SportsMOT,V054,62,S_h,2558,1,0,0.230604,0.069228,-1.480154,0.980653,0.316869,0.540294
SportsMOT,V054,65,S_h,2581,8,0,0.179072,0.000000,-1.785457,0.967378,0.226412,0.273233
SportsMOT,V054,67,S_h,2606,5,0,0.219660,0.062971,-1.607958,0.978606,0.308342,0.430100
SportsMOT,V054,68,S_h,2564,4,0,0.390434,0.395122,-0.967658,0.993250,0.817101,0.888024
SportsMOT,V054,69,S_h,2587,4,0,0.134002,0.370646,-1.085872,0.940269,0.786939,0.828309
SportsMOT,V054,94,S_c,2609,0,0,1.000000,0.000000,-0.967628,1.000000,0.226412,0.888044
SportsMOT,V054,135,S_r,2608,9,0,0.314626,0.422650,-0.288558,0.989721,0.849061,0.998177
SportsMOT,V054,136,S_c,2610,6,0,0.810583,0.000000,-1.124844,0.997766,0.226412,0.805288
SportsMOT,V054,139,S_c,2614,5,0,1.000000,0.000000,-0.887539,1.000000,0.226412,0.920611
SportsMOT,V054,140,S_r,2575,3,0,0.712448,0.147782,-0.139771,0.997385,0.435719,0.999302
SportsMOT,V054,140,S_r,2605,7,0,0.499646,0.328898,-0.316507,0.995646,0.731010,0.997877
SportsMOT,V054,140,S_r,2610,9,0,0.231282,0.294689,-0.474029,0.980783,0.679317,0.994503
SportsMOT,V054,140,S_h,2599,10,0,0.811612,0.043337,-0.316507,0.997771,0.283004,0.997877
SportsMOT,V054,141,S_c,2617,2,0,1.000000,0.000000,-0.359826,1.000000,0.226412,0.997267
SportsMOT,V054,141,S_c,2615,5,0,1.000000,0.000000,-0.359826,1.000000,0.226412,0.997267
SportsMOT,V054,141,S_c,2619,6,0,0.700919,0.000000,-0.658906,0.997346,0.226412,0.978088
SportsMOT,V054,141,S_h,2608,8,0,1.000000,0.000000,-0.359826,1.000000,0.226412,0.997267
SportsMOT,V054,142,S_h,2606,0,0,1.000000,0.000000,-0.836071,1.000000,0.226412,0.938240
SportsMOT,V054,142,S_h,2581,11,0,0.859871,0.134488,-0.660897,0.997966,0.414647,0.977801
SportsMOT,V054,143,S_c,2625,4,0,0.251012,0.051702,-1.590820,0.983787,0.293555,0.444899
SportsMOT,V054,149,S_r,2625,3,0,0.041812,0.480925,-0.891179,0.577520,0.905261,0.919329
SportsMOT,V054,149,S_r,2575,4,0,0.168980,0.417105,-0.891179,0.963115,0.842947,0.919329
SportsMOT,V054,155,S_h,2609,0,0,0.193141,0.000000,-1.650605,0.972165,0.226412,0.393525
SportsMOT,V054,209,S_c,2627,11,0,1.000000,0.000000,-0.933926,1.000000,0.226412,0.902525
SportsMOT,V054,214,S_c,2628,8,0,1.000000,0.000000,-0.922719,1.000000,0.226412,0.907068
SportsMOT,V054,217,S_c,2629,9,0,1.000000,0.000000,-0.947216,1.000000,0.226412,0.897001
SportsMOT,V054,227,S_c,2630,6,0,0.530201,0.307957,-0.531902,0.996037,0.699925,0.991851
SportsMOT,V054,275,S_c,2631,1,0,1.000000,0.000000,-0.910369,1.000000,0.226412,0.911939
SportsMOT,V055,40,S_r,2633,1,0,0.389794,0.316776,-0.293430,0.993231,0.713252,0.998133
SportsMOT,V055,41,S_c,2640,0,0,0.660655,0.000000,-1.154254,0.997155,0.226412,0.786913
SportsMOT,V055,42,S_c,2642,2,0,0.940785,0.034730,0.168953,0.998250,0.272179,0.999818
SportsMOT,V055,43,S_r,2642,1,0,0.206558,0.568987,-0.178727,0.975759,0.963474,0.999087
SportsMOT,V055,44,S_c,2644,1,0,0.443335,0.162011,0.318096,0.994676,0.458708,0.999900
SportsMOT,V055,45,S_h,2637,6,0,0.935679,0.000000,-0.064321,0.998233,0.226412,0.999562
SportsMOT,V055,46,S_c,2653,1,0,1.000000,0.000000,-0.219594,1.000000,0.226412,0.998809
SportsMOT,V055,46,S_c,2650,5,0,1.000000,0.000000,-0.219594,1.000000,0.226412,0.998809
SportsMOT,V055,47,S_c,2660,1,0,0.785805,0.000000,-1.079365,0.997667,0.226412,0.831847
SportsMOT,V055,47,S_h,2632,3,0,1.000000,0.000000,-0.865170,1.000000,0.226412,0.928474
SportsMOT,V055,47,S_h,2633,6,0,0.470335,0.000000,-1.394835,0.995204,0.226412,0.612498
SportsMOT,V055,48,S_c,2665,1,0,0.816685,0.000000,-0.512757,0.997800,0.226412,0.992885
SportsMOT,V055,48,S_c,2668,8,0,0.997123,0.000000,-0.332319,0.998437,0.226412,0.997652
SportsMOT,V055,48,S_c,2666,9,0,0.793879,0.000000,-0.535564,0.997699,0.226412,0.991641
SportsMOT,V055,49,S_c,2670,1,0,0.801307,0.000000,-1.106423,0.997733,0.226412,0.816585
SportsMOT,V055,50,S_h,2635,4,0,1.000000,0.000000,-0.264623,1.000000,0.226412,0.998434
SportsMOT,V055,50,S_h,2640,6,0,0.735377,0.000000,-0.264623,0.997473,0.226412,0.998434
SportsMOT,V055,50,S_r,2668,9,0,0.736340,0.253794,-0.232865,0.997479,0.612651,0.998704
SportsMOT,V055,51,S_c,2678,1,0,1.000000,0.000000,-0.743648,1.000000,0.226412,0.962869
SportsMOT,V055,51,S_c,2677,8,0,1.000000,0.000000,-0.743648,1.000000,0.226412,0.962869
SportsMOT,V055,52,S_c,2683,0,0,0.680209,0.000000,-1.240480,0.997252,0.226412,0.730395
SportsMOT,V055,52,S_c,2682,2,0,0.884784,0.000000,-1.035905,0.998049,0.226412,0.854973
SportsMOT,V055,52,S_c,2681,3,0,1.000000,0.000000,-0.920689,1.000000,0.226412,0.907910
SportsMOT,V055,54,S_h,2644,7,0,0.541851,0.000000,-1.376906,0.996173,0.226412,0.627466
SportsMOT,V055,93,S_r,2684,5,0,0.166775,0.259517,-1.322561,0.962118,0.622186,0.670745
SportsMOT,V055,240,S_r,2644,8,0,0.398866,0.404764,-0.219358,0.993526,0.828662,0.998812
SportsMOT,V055,241,S_c,2686,7,0,0.793439,0.000000,-0.979893,0.997697,0.226412,0.882412
SportsMOT,V056,25,S_r,2693,2,0,0.635533,0.087385,-0.277082,0.996997,0.342301,0.998300
SportsMOT,V056,25,S_r,2692,4,0,0.507053,0.153423,-1.150826,0.995747,0.444703,0.789089
SportsMOT,V056,25,S_r,2689,5,0,0.188698,0.239238,-0.572064,0.970743,0.588312,0.988818
SportsMOT,V056,26,S_c,2696,3,0,1.000000,0.000000,-0.769879,1.000000,0.226412,0.956752
SportsMOT,V056,29,S_r,2700,10,0,0.401431,0.388501,-0.210067,0.993608,0.809037,0.998887
SportsMOT,V056,30,S_r,2696,4,0,0.421654,0.265950,-1.036003,0.994164,0.632726,0.854919
SportsMOT,V056,30,S_r,2692,5,0,0.190274,0.309573,-0.500154,0.971276,0.702359,0.993510
SportsMOT,V056,31,S_c,2706,1,0,1.000000,0.000000,-0.768364,1.000000,0.226412,0.957130
SportsMOT,V056,31,S_c,2705,3,0,0.814435,0.000000,-1.031448,0.997785,0.226412,0.857173
SportsMOT,V056,31,S_c,2708,9,0,0.643188,0.089958,-0.808661,0.997040,0.345889,0.946462
SportsMOT,V056,32,S_c,2709,2,0,1.000000,0.000000,-0.951689,1.000000,0.226412,0.895088
SportsMOT,V056,36,S_c,2711,11,0,1.000000,0.000000,-0.669769,1.000000,0.226412,0.976382
SportsMOT,V056,43,S_r,2692,4,0,0.304236,0.622019,-0.497628,0.989018,0.983483,0.993617
SportsMOT,V056,43,S_h,2689,5,0,0.238455,0.337663,-0.497628,0.982004,0.743334,0.993617
SportsMOT,V056,71,S_c,2712,0,0,1.000000,0.000000,-0.973253,1.000000,0.226412,0.885479
SportsMOT,V056,76,S_c,2713,1,0,0.896762,0.000000,-1.029559,0.998102,0.226412,0.858159
SportsMOT,V056,91,S_r,2694,6,0,0.109443,0.382766,-1.063246,0.910586,0.802071,0.840541
SportsMOT,V056,91,S_r,2688,7,0,0.113451,0.331093,-1.063246,0.916716,0.734123,0.840541
SportsMOT,V056,106,S_r,2689,4,0,0.282509,0.047857,-1.570651,0.987201,0.288721,0.462397
SportsMOT,V056,106,S_c,2714,5,0,0.768723,0.132410,-0.999885,0.997598,0.411297,0.872919
SportsMOT,V056,220,S_r,2688,6,0,0.258605,0.392285,-0.349110,0.984709,0.813700,0.997426
SportsMOT,V056,221,S_c,2715,5,0,0.575380,0.000000,-1.261773,0.996504,0.226412,0.715441
SportsMOT,V056,221,S_c,2717,7,0,0.552605,0.000000,-1.284549,0.996276,0.226412,0.698990
SportsMOT,V056,221,S_r,2711,9,0,0.319361,0.009839,-1.485187,0.990028,0.241047,0.535949
SportsMOT,V056,221,S_c,2716,11,0,0.776885,0.000000,-1.037502,0.997631,0.226412,0.854157
SportsMOT,V056,226,S_c,2720,2,0,0.834834,0.000000,-0.992879,0.997871,0.226412,0.876323
SportsMOT,V056,226,S_c,2721,4,0,0.899748,0.000000,-0.877477,0.998111,0.226412,0.924342
SportsMOT,V056,226,S_c,2718,5,0,0.771298,0.000000,-1.005927,0.997604,0.226412,0.869945
SportsMOT,V056,226,S_c,2719,6,0,0.295567,0.000000,-1.567349,0.988339,0.226412,0.465316
SportsMOT,V056,230,S_h,2715,5,0,0.633391,0.283193,-0.375474,0.996978,0.661070,0.996999
SportsMOT,V056,231,S_h,2689,5,0,0.448422,0.318631,-0.871773,0.994784,0.716063,0.926262
SportsMOT,V056,231,S_h,2688,6,0,0.532465,0.260393,-0.419376,0.996068,0.623598,0.996087
SportsMOT,V056,231,S_r,2719,7,0,0.201269,0.586498,-0.419376,0.974377,0.971192,0.996087
SportsMOT,V056,232,S_h,2709,2,0,0.260199,0.000000,-1.651138,0.984883,0.226412,0.393065
SportsMOT,V056,233,S_h,2717,1,0,0.310922,0.163822,-1.103865,0.989492,0.461663,0.818024
SportsMOT,V056,233,S_h,2714,6,0,0.390680,0.254866,-0.869278,0.993262,0.614452,0.927084
SportsMOT,V056,235,S_h,2688,1,0,0.704391,0.162343,-0.467463,0.997356,0.459256,0.994716
SportsMOT,V056,235,S_h,2708,9,0,0.415853,0.203236,-1.121223,0.994034,0.527636,0.807484
SportsMOT,V056,236,S_h,2715,2,0,1.000000,0.000000,-0.870656,1.000000,0.226412,0.926657
SportsMOT,V056,236,S_c,2723,5,0,0.611577,0.335269,-0.794734,0.996812,0.740014,0.950288
SportsMOT,V056,237,S_h,2718,2,0,0.231801,0.000000,-1.551689,0.980877,0.226412,0.478818
SportsMOT,V057,12,S_r,2725,5,0,0.442300,0.300816,-0.256884,0.994658,0.688931,0.998491
SportsMOT,V057,13,S_c,2731,4,0,0.841965,0.044517,-0.739911,0.997890,0.284492,0.963652
SportsMOT,V057,17,S_r,2726,4,0,0.297004,0.379920,-0.709315,0.988468,0.798497,0.969734
SportsMOT,V057,17,S_r,2731,5,0,0.477449,0.215388,0.072757,0.995326,0.548299,0.999752
SportsMOT,V057,18,S_c,2735,3,0,0.697519,0.000000,-0.758605,0.997331,0.226412,0.959408
SportsMOT,V057,18,S_c,2733,6,0,1.000000,0.000000,-0.705776,1.000000,0.226412,0.970375
SportsMOT,V057,18,S_c,2734,7,0,1.000000,0.000000,-0.705776,1.000000,0.226412,0.970375
SportsMOT,V057,22,S_r,2726,5,0,0.371308,0.392673,-0.484947,0.992570,0.814162,0.994139
SportsMOT,V057,22,S_h,2730,7,0,0.752542,0.000000,-0.787733,0.997550,0.226412,0.952216
SportsMOT,V057,23,S_c,2740,8,0,1.000000,0.000000,-0.729054,1.000000,0.226412,0.965975
SportsMOT,V057,23,S_c,2739,9,0,1.000000,0.000000,-0.729054,1.000000,0.226412,0.965975
SportsMOT,V057,27,S_r,2735,5,0,0.352337,0.218671,-0.428992,0.991793,0.553888,0.995878
SportsMOT,V057,27,S_h,2734,9,0,0.666229,0.000000,-0.871019,0.997183,0.226412,0.926531
SportsMOT,V057,28,S_c,2750,3,0,0.785422,0.000000,-0.808278,0.997666,0.226412,0.946563
SportsMOT,V057,28,S_c,2748,7,0,1.000000,0.000000,-0.801141,1.000000,0.226412,0.948515
SportsMOT,V057,28,S_c,2749,10,0,1.000000,0.000000,-0.801141,1.000000,0.226412,0.948515
SportsMOT,V057,28,S_h,2732,11,0,1.000000,0.000000,-0.801141,1.000000,0.226412,0.948515
SportsMOT,V057,33,S_c,2756,4,0,0.389314,0.326548,-0.526425,0.993215,0.727650,0.992161
SportsMOT,V057,34,S_r,2735,4,0,0.392866,0.419340,-0.253740,0.993344,0.845432,0.998527
SportsMOT,V057,34,S_r,2756,5,0,0.198390,0.735664,-0.253740,0.973620,0.999173,0.998527
SportsMOT,V057,41,S_h,2739,9,0,0.246680,0.000000,-1.732757,0.983242,0.226412,0.322551
SportsMOT,V057,44,S_h,2730,7,0,0.328236,0.000000,-1.533507,0.990558,0.226412,0.494695
SportsMOT,V057,46,S_r,2756,4,0,0.476219,0.439929,-0.676878,0.995308,0.867375,0.975264
SportsMOT,V057,46,S_h,2726,5,0,0.261867,0.145108,-0.676878,0.985072,0.431453,0.975264
SportsMOT,V057,46,S_h,2725,6,0,0.536026,0.000000,-1.202107,0.996107,0.226412,0.756087
SportsMOT,V057,46,S_h,2734,7,0,0.384838,0.035203,-1.043933,0.993055,0.272780,0.850797
SportsMOT,V057,48,S_r,2726,4,0,0.446365,0.478393,-0.063543,0.994740,0.903142,0.999563
SportsMOT,V057,49,S_c,2757,5,0,0.856598,0.066214,-0.234091,0.997947,0.312725,0.998696
SportsMOT,V057,51,S_h,2731,4,0,0.369576,0.409609,-0.956177,0.992520,0.834315,0.893115
SportsMOT,V057,63,S_c,2759,0,0,1.000000,0.000000,-0.927658,1.000000,0.226412,0.905118
SportsMOT,V057,63,S_c,2758,2,0,1.000000,0.000000,-0.927658,1.000000,0.226412,0.905118
SportsMOT,V057,70,S_c,2760,1,0,1.000000,0.000000,-0.914372,1.000000,0.226412,0.910433
SportsMOT,V057,214,S_r,2732,6,0,0.041795,0.458913,-1.021263,0.577291,0.885907,0.862344
SportsMOT,V057,214,S_r,2725,11,0,0.058787,0.419243,-1.021263,0.736404,0.845307,0.862344
SportsMOT,V058,156,S_c,2781,2,0,1.000000,0.000000,-0.955495,1.000000,0.226412,0.893434
SportsMOT,V058,162,S_c,2782,15,0,1.000000,0.000000,-0.948556,1.000000,0.226412,0.896426
SportsMOT,V058,192,S_c,2783,1,0,1.000000,0.000000,-0.971783,1.000000,0.226412,0.886142
SportsMOT,V058,202,S_c,2784,11,0,1.000000,0.000000,-0.960456,1.000000,0.226412,0.891277
SportsMOT,V058,329,S_c,2786,11,0,1.000000,0.000000,-0.913113,1.000000,0.226412,0.910943
SportsMOT,V058,371,S_c,2788,0,0,1.000000,0.000000,0.000000,1.000000,0.226412,0.999682
SportsMOT,V058,372,S_c,2789,4,0,1.000000,0.000000,-0.789244,1.000000,0.226412,0.951791
SportsMOT,V058,373,S_r,2783,15,0,0.529023,0.448298,-0.022679,0.996021,0.875784,0.999648
SportsMOT,V058,375,S_c,2799,15,0,0.665147,0.000000,-1.308332,0.997179,0.226412,0.681376
SportsMOT,V058,377,S_h,2782,2,0,0.398767,0.000000,-1.508048,0.993523,0.226412,0.516795
SportsMOT,V058,377,S_h,2771,3,0,1.000000,0.000000,-0.906816,1.000000,0.226412,0.913323
SportsMOT,V058,377,S_h,2778,14,0,1.000000,0.000000,-0.906816,1.000000,0.226412,0.913323
SportsMOT,V058,377,S_c,2813,15,0,0.591091,0.000000,-1.315725,0.996650,0.226412,0.675870
SportsMOT,V058,378,S_h,2772,2,0,0.934378,0.000000,-0.065622,0.998230,0.226412,0.999557
SportsMOT,V058,378,S_c,2818,15,0,0.773135,0.000000,-0.226865,0.997609,0.226412,0.998754
SportsMOT,V058,379,S_c,2827,15,0,0.720761,0.000000,-0.381629,0.997427,0.226412,0.996883
SportsMOT,V058,380,S_c,2837,15,0,0.726854,0.000000,-1.197202,0.997447,0.226412,0.759242
SportsMOT,V058,381,S_h,2813,2,0,0.985062,0.000000,-0.941124,0.998389,0.226412,0.899588
SportsMOT,V058,381,S_h,2778,3,0,1.000000,0.000000,-0.926186,1.000000,0.226412,0.905701
SportsMOT,V058,381,S_h,2780,4,0,1.000000,0.000000,-0.926186,1.000000,0.226412,0.905701
SportsMOT,V058,381,S_c,2847,15,0,0.739523,0.000180,-1.188317,0.997490,0.226760,0.765018
SportsMOT,V058,382,S_h,2827,2,0,0.947010,0.032683,-0.839632,0.998272,0.269597,0.937124
SportsMOT,V058,382,S_c,2857,15,0,0.723102,0.000084,-1.194152,0.997434,0.226574,0.761248
SportsMOT,V058,383,S_h,2837,2,0,0.845317,0.054743,-0.929464,0.997905,0.297561,0.904409
SportsMOT,V058,383,S_h,2773,5,0,1.000000,0.000000,-0.901710,1.000000,0.226412,0.915317
SportsMOT,V058,383,S_c,2868,15,0,0.682633,0.000000,-1.219078,0.997259,0.226412,0.744752
SportsMOT,V058,384,S_h,2847,2,0,0.850796,0.068273,-0.885291,0.997926,0.315590,0.921482
SportsMOT,V058,384,S_c,2876,15,0,0.669903,0.000000,-0.527627,0.997197,0.226412,0.992096
SportsMOT,V058,385,S_h,2857,2,0,0.775986,0.086591,-0.915639,0.997624,0.341198,0.909903
SportsMOT,V058,385,S_h,2782,5,0,0.385653,0.000000,-1.072231,0.993081,0.226412,0.835761
SportsMOT,V058,385,S_h,2813,7,0,1.000000,0.000000,-0.614347,1.000000,0.226412,0.984237
SportsMOT,V058,385,S_c,2884,17,0,0.887587,0.000000,-0.726760,0.998062,0.226412,0.966451
SportsMOT,V058,386,S_h,2868,2,0,0.701718,0.113369,-0.936961,0.997348,0.381385,0.901292
SportsMOT,V058,386,S_h,2827,7,0,0.897709,0.000000,-1.022015,0.998106,0.226412,0.861981
SportsMOT,V058,386,S_h,2780,14,0,1.000000,0.000000,-0.919724,1.000000,0.226412,0.908294
SportsMOT,V058,387,S_h,2837,7,0,0.764490,0.000000,-1.073558,0.997587,0.226412,0.835015
SportsMOT,V058,387,S_c,2895,10,0,1.000000,0.000000,-0.838048,1.000000,0.226412,0.937622
SportsMOT,V058,388,S_h,2847,7,0,0.744231,0.000000,-1.133143,0.997516,0.226412,0.800266
SportsMOT,V058,389,S_c,2910,4,0,1.000000,0.000000,-0.912414,1.000000,0.226412,0.911202
SportsMOT,V058,389,S_h,2857,7,0,0.685349,0.000000,-1.227065,0.997270,0.226412,0.739543
SportsMOT,V058,389,S_c,2914,18,0,1.000000,0.000000,-0.912414,1.000000,0.226412,0.911202
SportsMOT,V058,390,S_h,2884,2,0,0.819898,0.000000,-1.052543,0.997813,0.226412,0.846224
SportsMOT,V058,390,S_h,2780,3,0,1.000000,0.000000,-0.872441,1.000000,0.226412,0.926007
SportsMOT,V058,390,S_h,2781,5,0,1.000000,0.000000,-0.872441,1.000000,0.226412,0.926007
SportsMOT,V058,390,S_h,2868,7,0,0.626142,0.000000,-1.334845,0.996920,0.226412,0.661237
SportsMOT,V058,390,S_h,2771,12,0,1.000000,0.000000,-0.872441,1.000000,0.226412,0.926007
SportsMOT,V058,392,S_c,2928,14,0,1.000000,0.000000,0.000000,1.000000,0.226412,0.999682
SportsMOT,V058,393,S_c,2934,3,0,1.000000,0.000000,-0.960666,1.000000,0.226412,0.891179
SportsMOT,V058,393,S_c,2932,7,0,1.000000,0.000000,-0.960666,1.000000,0.226412,0.891179
SportsMOT,V058,393,S_c,2936,8,0,1.000000,0.000000,-0.960666,1.000000,0.226412,0.891179
SportsMOT,V058,394,S_h,2778,6,0,1.000000,0.000000,-0.879009,1.000000,0.226412,0.923790
SportsMOT,V058,394,S_c,2941,8,0,0.782548,0.000000,-1.096461,0.997652,0.226412,0.822388
SportsMOT,V058,395,S_c,2945,18,0,0.877889,0.000000,-1.056766,0.998032,0.226412,0.844054
SportsMOT,V058,396,S_c,2946,6,0,1.000000,0.000000,-0.941349,1.000000,0.226412,0.899500
SportsMOT,V058,396,S_c,2948,12,0,0.711408,0.000000,-0.735182,0.997380,0.226412,0.964722
SportsMOT,V058,396,S_c,2947,16,0,1.000000,0.000000,-0.941349,1.000000,0.226412,0.899500
SportsMOT,V058,400,S_h,2818,10,0,0.266785,0.000000,-1.658184,0.985652,0.226412,0.386987
SportsMOT,V060,89,S_c,2971,1,0,1.000000,0.000000,-0.937614,1.000000,0.226412,0.901058
SportsMOT,V060,148,S_c,2972,7,0,1.000000,0.000000,-0.984418,1.000000,0.226412,0.880235
SportsMOT,V060,216,S_r,2969,2,0,0.070834,0.387748,-1.126770,0.803894,0.808088,0.804157
SportsMOT,V060,216,S_r,2965,9,0,0.048221,0.366428,-1.126770,0.648839,0.781636,0.804157
SportsMOT,V060,262,S_c,2973,2,0,1.000000,0.000000,-0.952666,1.000000,0.226412,0.894661
SportsMOT,V060,426,S_r,2967,3,0,0.119723,0.481456,-0.850309,0.925178,0.905679,0.933551
SportsMOT,V060,426,S_r,2966,8,0,0.131617,0.416896,-0.850309,0.938092,0.842711,0.933551
SportsMOT,V060,428,S_c,2974,2,0,0.892020,0.000000,-1.088267,0.998080,0.226412,0.827023
SportsMOT,V060,442,S_r,2967,1,0,0.120270,0.486314,-0.754030,0.925870,0.909758,0.960531
SportsMOT,V060,442,S_r,2971,3,0,0.068890,0.570495,-0.754030,0.794750,0.964166,0.960531
SportsMOT,V060,506,S_c,2976,4,0,1.000000,0.000000,-0.980974,1.000000,0.226412,0.881900
SportsMOT,V060,562,S_c,2977,2,0,1.000000,0.000000,-0.902117,1.000000,0.226412,0.915151
SportsMOT,V060,566,S_c,2978,9,0,0.991107,0.000000,-0.916942,0.998410,0.226412,0.909398
SportsMOT,V060,769,S_r,2976,0,0,0.244675,0.544137,-0.057551,0.982941,0.950190,0.999576
SportsMOT,V060,771,S_h,2961,4,0,0.583334,0.157629,-0.910287,0.996570,0.451613,0.911965
SportsMOT,V061,28,S_c,2989,9,0,0.548028,0.000000,-1.409146,0.996231,0.226412,0.600772
SportsMOT,V061,112,S_c,2990,2,0,1.000000,0.000000,-0.293216,1.000000,0.226412,0.998138
SportsMOT,V061,120,S_c,2991,3,0,0.841691,0.000000,-1.137266,0.997889,0.226412,0.797651
SportsMOT,V061,138,S_c,2992,0,0,1.000000,0.000000,-0.988900,1.000000,0.226412,0.878206
SportsMOT,V061,140,S_c,2993,1,0,0.607034,0.000000,-1.378411,0.996785,0.226412,0.626199
SportsMOT,V061,196,S_r,2993,0,0,0.261647,0.536642,-0.456130,0.985050,0.945691,0.995103
SportsMOT,V061,196,S_r,2992,1,0,0.207725,0.537856,-0.456130,0.976040,0.946423,0.995103
SportsMOT,V061,250,S_r,2984,0,0,0.111402,0.440960,-0.860191,0.913629,0.868425,0.930229
SportsMOT,V061,250,S_r,2993,8,0,0.145143,0.442304,-0.860191,0.949302,0.869774,0.930229
SportsMOT,V061,256,S_r,2980,6,0,0.069900,0.465349,-0.931180,0.799590,0.891909,0.903702
SportsMOT,V061,256,S_r,2979,7,0,0.100157,0.433414,-0.931180,0.894128,0.860629,0.903702
SportsMOT,V062,303,S_r,3000,0,0,0.061852,0.433699,-1.003058,0.756152,0.860925,0.871335
SportsMOT,V062,303,S_r,2999,7,0,0.059609,0.441782,-1.003058,0.741902,0.869238,0.871335
SportsMOT,V062,387,S_c,3009,1,0,1.000000,0.000000,-0.678397,1.000000,0.226412,0.975017
SportsMOT,V062,398,S_c,3010,3,0,1.000000,0.000000,-0.869396,1.000000,0.226412,0.927050
SportsMOT,V062,411,S_c,3011,4,0,1.000000,0.000000,-0.909651,1.000000,0.226412,0.912197
SportsMOT,V062,414,S_c,3012,6,0,0.902368,0.000000,-1.031420,0.998122,0.226412,0.857183
SportsMOT,V062,505,S_c,3013,0,0,0.503284,0.114504,-1.122353,0.995703,0.383165,0.806814
SportsMOT,V063,28,S_r,3024,2,0,0.079729,0.415787,-0.906380,0.839515,0.841470,0.913492
SportsMOT,V063,28,S_r,3015,9,0,0.110451,0.487653,-0.906380,0.912176,0.910850,0.913492
SportsMOT,V063,257,S_r,3019,2,0,0.234056,0.452277,-0.674976,0.981295,0.879585,0.975577
SportsMOT,V063,257,S_r,3024,7,0,0.140620,0.498071,-0.674976,0.945859,0.919009,0.975577
SportsMOT,V063,342,S_c,3025,0,0,1.000000,0.000000,-0.934599,1.000000,0.226412,0.902247
SportsMOT,V063,347,S_c,3026,4,0,1.000000,0.000000,-0.962072,1.000000,0.226412,0.890592
SportsMOT,V063,351,S_c,3027,3,0,1.000000,0.000000,-0.954702,1.000000,0.226412,0.893788
SportsMOT,V063,710,S_r,3026,3,0,0.041873,0.500740,-0.921218,0.578258,0.921057,0.907708
SportsMOT,V063,710,S_r,3027,4,0,0.032187,0.503982,-0.921218,0.437780,0.923431,0.907708
SportsMOT,V063,796,S_r,3021,2,0,0.136488,0.566173,-0.726924,0.942422,0.962112,0.966423
SportsMOT,V063,799,S_c,3028,5,0,0.280947,0.413479,-0.780664,0.987058,0.838806,0.954023
SportsMOT,V063,808,S_r,3028,1,0,0.033026,0.441806,-1.023212,0.451642,0.869264,0.861330
SportsMOT,V063,808,S_r,3018,5,0,0.057841,0.444116,-1.023212,0.729887,0.871613,0.861330
SportsMOT,V063,829,S_c,3029,8,0,1.000000,0.000000,-0.752616,1.000000,0.226412,0.960815
SportsMOT,V063,832,S_c,3030,9,0,0.953117,0.000000,-0.920256,0.998288,0.226412,0.908082
SportsMOT,V064,486,S_c,3041,7,0,1.000000,0.000000,-0.952827,1.000000,0.226412,0.894587
SportsMOT,V064,501,S_c,3042,6,0,1.000000,0.000000,-0.897573,1.000000,0.226412,0.916888
SportsMOT,V064,567,S_c,3044,9,0,1.000000,0.000000,-0.880144,1.000000,0.226412,0.923355
SportsMOT,V064,610,S_c,3045,8,0,0.366359,0.000000,-1.561715,0.992401,0.226412,0.470218
SportsMOT,V064,746,S_c,3046,9,0,1.000000,0.000000,-0.968028,1.000000,0.226412,0.887847
SportsMOT,V064,759,S_c,3047,4,0,1.000000,0.000000,-0.922551,1.000000,0.226412,0.907149
SportsMOT,V065,17,S_r,3057,4,0,0.066430,0.499528,-0.816636,0.782182,0.920112,0.944137
SportsMOT,V065,17,S_r,3054,9,0,0.158339,0.459067,-0.816636,0.957754,0.886046,0.944137
SportsMOT,V065,235,S_r,3051,5,0,0.063702,0.512483,-0.822748,0.767287,0.929646,0.942280
SportsMOT,V065,235,S_r,3053,6,0,0.091870,0.509196,-0.822748,0.875563,0.927278,0.942280
SportsMOT,V065,285,S_r,3053,4,0,0.095512,0.539439,-0.823839,0.884149,0.947374,0.941933
SportsMOT,V065,285,S_r,3057,6,0,0.052595,0.552444,-0.793170,0.689172,0.954847,0.950729
SportsMOT,V065,340,S_c,3059,1,0,1.000000,0.000000,-0.934930,1.000000,0.226412,0.902103
SportsMOT,V065,351,S_c,3060,9,0,1.000000,0.000000,-0.942907,1.000000,0.226412,0.898779
SportsMOT,V065,376,S_c,3061,7,0,1.000000,0.000000,-0.894122,1.000000,0.226412,0.918209
SportsMOT,V065,390,S_c,3062,8,0,1.000000,0.000000,-0.899702,1.000000,0.226412,0.916059
SportsMOT,V065,491,S_c,3063,4,0,1.000000,0.000000,-0.950871,1.000000,0.226412,0.895449
SportsMOT,V065,556,S_r,3057,5,0,0.083078,0.376344,-1.060191,0.850665,0.794094,0.842249
SportsMOT,V065,556,S_r,3051,6,0,0.085651,0.394737,-1.060191,0.858538,0.816671,0.842249
SportsMOT,V065,589,S_c,3064,0,0,1.000000,0.000000,-0.925236,1.000000,0.226412,0.906101
SportsMOT,V065,596,S_c,3065,4,0,1.000000,0.000000,-0.877210,1.000000,0.226412,0.924432
SportsMOT,V065,654,S_c,3066,5,0,1.000000,0.000000,-0.987156,1.000000,0.226412,0.878968
SportsMOT,V065,942,S_h,3067,5,0,0.464940,0.010301,-1.446392,0.995110,0.241679,0.569103
SportsMOT,V065,946,S_r,3067,2,0,0.072826,0.425494,-0.796268,0.812631,0.852166,0.949869
SportsMOT,V065,946,S_r,3050,5,0,0.235405,0.470007,-0.796268,0.981515,0.896019,0.949869
SportsMOT,V066,28,S_c,3089,10,0,0.600958,0.000000,-1.324654,0.996740,0.226412,0.669099
SportsMOT,V066,31,S_c,3098,7,0,0.543026,0.000000,-1.382372,0.996184,0.226412,0.622892
SportsMOT,V066,35,S_c,3105,9,0,1.000000,0.000000,-0.931949,1.000000,0.226412,0.903363
SportsMOT,V066,35,S_c,3106,11,0,0.690471,0.000000,-1.165092,0.997295,0.226412,0.780034
SportsMOT,V066,39,S_r,3072,3,0,0.373458,0.500460,-0.147841,0.992636,0.920828,0.999254
SportsMOT,V066,40,S_c,3107,5,0,0.869582,0.000000,-0.278699,0.998006,0.226412,0.998282
SportsMOT,V066,44,S_c,3109,3,0,0.652591,0.000000,-0.015526,0.997103,0.226412,0.999659
SportsMOT,V066,44,S_c,3110,4,0,0.668117,0.000000,-0.331883,0.997189,0.226412,0.997657
SportsMOT,V066,48,S_h,3070,2,0,0.326719,0.000000,-1.605230,0.990458,0.226412,0.432446
SportsMOT,V066,52,S_h,3072,2,0,0.326993,0.000000,-1.615128,0.990476,0.226412,0.423867
SportsMOT,V066,81,S_c,3111,1,0,1.000000,0.000000,-0.848834,1.000000,0.226412,0.934056
SportsMOT,V066,84,S_c,3112,0,0,0.738955,0.000000,-1.211914,0.997490,0.226412,0.749555
SportsMOT,V067,32,S_c,3120,6,0,0.899959,0.000000,-1.012985,0.998113,0.226412,0.866457
SportsMOT,V067,33,S_r,3120,7,0,0.256295,0.490219,-0.253487,0.984404,0.912923,0.998530
SportsMOT,V067,34,S_c,3121,6,0,0.783194,0.000000,-1.153604,0.997653,0.226412,0.787330
SportsMOT,V067,36,S_c,3123,6,0,0.668026,0.000000,-1.228132,0.997189,0.226412,0.738820
SportsMOT,V067,36,S_r,3121,7,0,0.410326,0.000000,-1.485832,0.993873,0.226412,0.535362
SportsMOT,V067,61,S_r,3117,3,0,0.378073,0.446411,-0.199565,0.992806,0.873886,0.998959
SportsMOT,V067,62,S_c,3134,4,0,0.881038,0.071385,-0.382625,0.998040,0.319870,0.996870
SportsMOT,V067,80,S_c,3135,0,0,1.000000,0.000000,-0.959819,1.000000,0.226412,0.891541
SportsMOT,V067,113,S_c,3136,3,0,0.567383,0.423132,-0.575337,0.996418,0.849593,0.988538
SportsMOT,V067,114,S_r,3134,3,0,0.097666,0.430290,-0.984301,0.888908,0.857351,0.880290
SportsMOT,V067,114,S_r,3136,4,0,0.141888,0.367850,-0.953445,0.946851,0.783435,0.894364
SportsMOT,V068,34,S_c,3165,9,0,1.000000,0.000000,-0.945151,1.000000,0.226412,0.897848
SportsMOT,V068,36,S_c,3170,8,0,1.000000,0.000000,-0.945272,1.000000,0.226412,0.897790
SportsMOT,V068,37,S_c,3172,11,0,0.714122,0.007001,-1.173362,0.997395,0.237262,0.774821
SportsMOT,V068,97,S_c,3174,0,0,1.000000,0.000000,-0.984248,1.000000,0.226412,0.880312
SportsMOT,V068,155,S_c,3175,3,0,0.485398,0.000000,-1.410461,0.995454,0.226412,0.599686
SportsMOT,V068,210,S_r,3143,7,0,0.189890,0.067593,-1.657505,0.971139,0.314617,0.387586
SportsMOT,V068,212,S_r,3144,7,0,0.187706,0.052330,-1.604413,0.970408,0.294359,0.433140
SportsMOT,V068,253,S_r,3144,6,0,0.013910,0.468400,-1.024615,0.103303,0.894610,0.860649
SportsMOT,V068,253,S_r,3143,7,0,0.046289,0.446785,-1.024615,0.628878,0.874258,0.860649
SportsMOT,V068,295,S_r,3174,1,0,0.074523,0.000000,-1.872255,0.819885,0.226412,0.168082
SportsMOT,V068,327,S_c,3176,0,0,1.000000,0.000000,-0.974757,1.000000,0.226412,0.884772
SportsMOT,V068,334,S_c,3181,4,0,0.256243,0.000000,-1.468743,0.984397,0.226412,0.550154
SportsMOT,V068,394,S_c,3182,9,0,0.970203,0.000000,-1.013869,0.998340,0.226412,0.866011
SportsMOT,V069,54,S_c,3226,9,0,0.973455,0.000000,-0.390530,0.998354,0.226412,0.996687
SportsMOT,V069,55,S_r,3226,11,0,0.592164,0.174619,-1.104273,0.996662,0.479374,0.817768
SportsMOT,V069,56,S_c,3231,9,0,0.979986,0.000000,-0.990121,0.998372,0.226412,0.877642
SportsMOT,V069,96,S_c,3239,2,0,1.000000,0.000000,-0.957625,1.000000,0.226412,0.892508
SportsMOT,V069,115,S_c,3240,1,0,1.000000,0.000000,-0.954015,1.000000,0.226412,0.894098
SportsMOT,V069,136,S_c,3241,0,0,1.000000,0.000000,-0.834436,1.000000,0.226412,0.938730
SportsMOT,V069,164,S_r,3187,5,0,0.046994,0.000000,-1.845404,0.636385,0.226412,0.206130
SportsMOT,V069,175,S_c,3243,5,0,0.320054,0.000000,-1.466419,0.990075,0.226412,0.552181
SportsMOT,V069,180,S_r,3243,4,0,0.178902,0.279067,-1.177868,0.967305,0.654326,0.771908
SportsMOT,V069,180,S_r,3187,5,0,0.026219,0.337944,-1.177868,0.331570,0.743721,0.771908
SportsMOT,V069,190,S_c,3244,10,0,1.000000,0.000000,-0.920353,1.000000,0.226412,0.908052
SportsMOT,V069,215,S_c,3245,6,0,1.000000,0.000000,-0.943453,1.000000,0.226412,0.898558
SportsMOT,V069,219,S_r,3246,11,0,0.045047,0.172586,-1.558767,0.615276,0.475998,0.472774
SportsMOT,V069,240,S_r,3231,8,0,0.172560,0.652127,-0.175313,0.964731,0.990549,0.999106
SportsMOT,V069,242,S_r,3243,1,0,0.316517,0.509745,-0.705803,0.989847,0.927651,0.970366
SportsMOT,V069,242,S_r,3240,4,0,0.159097,0.308839,-0.705803,0.958187,0.701267,0.970366
SportsMOT,V069,244,S_h,3208,7,0,0.164254,0.000000,-1.706085,0.960894,0.226412,0.346079
SportsMOT,V070,13,S_c,3257,8,0,0.560020,0.295792,-0.318073,0.996359,0.681018,0.997861
SportsMOT,V070,26,S_c,3260,7,0,0.513615,0.444805,-0.561804,0.995834,0.872314,0.989737
SportsMOT,V070,32,S_r,3260,6,0,0.070830,0.494055,-0.888567,0.803876,0.915945,0.920241
SportsMOT,V070,32,S_r,3251,7,0,0.107578,0.619534,-0.535033,0.907606,0.982791,0.991679
SportsMOT,V070,35,S_h,3256,9,0,0.175394,0.000000,-1.706861,0.965970,0.226412,0.345427
SportsMOT,V070,67,S_r,3257,7,0,0.027587,0.445577,-1.042423,0.356804,0.873068,0.851595
SportsMOT,V070,67,S_r,3251,8,0,0.037577,0.446836,-1.042423,0.521166,0.874301,0.851595
SportsMOT,V070,105,S_c,3261,1,0,1.000000,0.000000,-0.971631,1.000000,0.226412,0.886219
SportsMOT,V070,109,S_c,3262,0,0,1.000000,0.000000,-0.896143,1.000000,0.226412,0.917450
SportsMOT,V070,111,S_c,3263,2,0,0.673238,0.000000,-1.295583,0.997213,0.226412,0.690880
SportsMOT,V070,118,S_c,3264,3,0,0.518059,0.000000,-1.267441,0.995889,0.226412,0.711413
SportsMOT,V070,122,S_r,3251,7,0,0.076484,0.006832,-1.861561,0.827669,0.237038,0.184050
SportsMOT,V070,125,S_h,3257,8,0,0.185638,0.000000,-1.776804,0.969743,0.226412,0.281770
SportsMOT,V070,134,S_r,3264,4,0,0.476270,0.517763,-0.059555,0.995308,0.933325,0.999571
SportsMOT,V070,135,S_c,3265,3,0,0.880865,0.058165,-0.572637,0.998039,0.301960,0.988761
SportsMOT,V070,136,S_h,3248,8,0,0.734600,0.000000,-0.917840,0.997470,0.226412,0.909047
SportsMOT,V070,139,S_c,3267,7,0,0.539976,0.000000,-1.368097,0.996148,0.226412,0.634628
SportsMOT,V070,142,S_r,3268,0,0,0.142318,0.693320,-0.164362,0.947180,0.997096,0.999177
SportsMOT,V070,143,S_h,3262,0,0,0.254876,0.000000,-1.631975,0.984262,0.226412,0.409400
SportsMOT,V070,144,S_h,3268,0,0,0.297844,0.000000,-1.629094,0.988537,0.226412,0.411907
SportsMOT,V070,251,S_r,3267,6,0,0.058398,0.499677,-0.878958,0.733677,0.920222,0.923804
SportsMOT,V070,251,S_r,3260,7,0,0.095534,0.467433,-0.878958,0.884207,0.893751,0.923804
SportsMOT,V070,280,S_c,3269,0,0,1.000000,0.000000,-0.962040,1.000000,0.226412,0.890601
SportsMOT,V070,296,S_c,3270,1,0,1.000000,0.000000,-0.924093,1.000000,0.226412,0.906548
SportsMOT,V070,303,S_c,3272,2,0,1.000000,0.000000,-0.981081,1.000000,0.226412,0.881857
SportsMOT,V070,355,S_c,3273,11,0,1.000000,0.000000,-0.966715,1.000000,0.226412,0.888489
SportsMOT,V070,378,S_r,3277,6,0,0.058528,0.429951,-0.943716,0.734577,0.857027,0.898451
SportsMOT,V070,378,S_r,3267,7,0,0.111227,0.456579,-0.943716,0.913364,0.883670,0.898451
SportsMOT,V070,433,S_c,3279,1,0,1.000000,0.000000,-0.978038,1.000000,0.226412,0.883253
SportsMOT,V070,444,S_c,3280,0,0,1.000000,0.000000,-0.964096,1.000000,0.226412,0.889641
SportsMOT,V070,448,S_c,3281,2,0,0.977021,0.000000,-0.984303,0.998367,0.226412,0.880288
SportsMOT,V070,453,S_r,3265,4,0,0.169966,0.420799,-0.736540,0.963553,0.847016,0.964414
SportsMOT,V070,489,S_c,3284,4,0,0.329724,0.405332,-0.567511,0.990625,0.829329,0.989250
SportsMOT,V070,495,S_r,3284,3,0,0.130252,0.520422,-0.805584,0.936772,0.935143,0.947343
SportsMOT,V070,495,S_r,3265,4,0,0.082707,0.441054,-0.977112,0.849550,0.868518,0.883724
SportsMOT,V071,165,S_c,3295,8,0,1.000000,0.000000,-0.851692,1.000000,0.226412,0.933080
SportsMOT,V071,189,S_c,3296,4,0,1.000000,0.000000,-0.953561,1.000000,0.226412,0.894313
SportsMOT,V071,192,S_c,3297,9,0,0.999530,0.000000,-0.920227,0.998441,0.226412,0.908090
SportsMOT,V071,344,S_c,3298,1,0,1.000000,0.000000,-0.939190,1.000000,0.226412,0.900375
SportsMOT,V071,345,S_c,3299,3,0,1.000000,0.000000,-0.957448,1.000000,0.226412,0.892568
SportsMOT,V071,348,S_c,3300,2,0,0.829401,0.045544,-1.073448,0.997844,0.285785,0.835068
SportsMOT,V071,349,S_r,3285,5,0,0.099631,0.492018,-0.890900,0.893023,0.914292,0.919414
SportsMOT,V071,349,S_r,3293,7,0,0.068755,0.448696,-0.890900,0.794085,0.876181,0.919414
SportsMOT,V072,30,S_r,3306,0,0,0.067867,0.721459,-0.131620,0.789652,0.998813,0.999338
SportsMOT,V072,32,S_r,3303,1,0,0.203644,0.650229,-0.464402,0.975004,0.990116,0.994841
SportsMOT,V072,83,S_h,3303,2,0,0.465672,0.425756,-0.852314,0.995126,0.852449,0.932882
SportsMOT,V072,87,S_c,3311,1,0,0.534264,0.453512,-0.442583,0.996092,0.880763,0.995522
SportsMOT,V072,130,S_c,3312,6,0,1.000000,0.000000,-0.765978,1.000000,0.226412,0.957710
SportsMOT,V072,135,S_c,3313,8,0,1.000000,0.000000,-0.945668,1.000000,0.226412,0.897612
SportsMOT,V072,141,S_c,3314,9,0,1.000000,0.000000,-0.742000,1.000000,0.226412,0.963234
SportsMOT,V072,435,S_r,3314,2,0,0.082942,0.415383,-1.018699,0.850275,0.841008,0.863662
SportsMOT,V072,435,S_r,3303,9,0,0.079845,0.509635,-0.806724,0.839890,0.927580,0.947000
SportsMOT,V072,571,S_r,3315,3,0,0.287447,0.160867,-1.329945,0.987661,0.456869,0.665014
SportsMOT,V072,583,S_r,3304,3,0,0.139875,0.541504,-0.761678,0.945259,0.948613,0.958663
SportsMOT,V072,583,S_r,3315,4,0,0.110390,0.446554,-0.761678,0.912087,0.874026,0.958663
SportsMOT,V073,37,S_r,3323,3,0,0.230215,0.036305,-1.533485,0.980577,0.274130,0.494720
SportsMOT,V073,38,S_c,3327,4,0,0.567116,0.039241,-1.355083,0.996414,0.277834,0.645152
SportsMOT,V073,198,S_r,3321,1,0,0.086566,0.465690,-0.970256,0.861248,0.892230,0.886792
SportsMOT,V073,198,S_r,3319,5,0,0.044788,0.432699,-0.970256,0.612323,0.859872,0.886792
SportsMOT,V073,231,S_r,3318,5,0,0.371267,0.608164,-0.536548,0.992569,0.979330,0.991583
SportsMOT,V073,232,S_h,3319,5,0,0.522121,0.421385,-0.329650,0.995939,0.847664,0.997695
SportsMOT,V073,425,S_r,3323,0,0,0.138937,0.335244,-1.192654,0.944480,0.739978,0.762241
SportsMOT,V073,430,S_h,3318,3,0,0.388378,0.158788,-1.109597,0.993179,0.453464,0.814661
SportsMOT,V073,448,S_r,3322,3,0,0.072059,0.497814,-0.816999,0.809353,0.918822,0.944037
SportsMOT,V073,448,S_r,3318,8,0,0.112950,0.500177,-0.816999,0.915971,0.920602,0.944037
SportsMOT,V073,500,S_c,3328,7,0,0.863207,0.000000,-1.091403,0.997977,0.226412,0.825315
SportsMOT,V073,559,S_c,3329,5,0,1.000000,0.000000,-0.957460,1.000000,0.226412,0.892565
SportsMOT,V073,767,S_c,3331,2,0,0.333176,0.142316,-1.339436,0.990815,0.427068,0.657709
SportsMOT,V074,53,S_c,3344,10,0,1.000000,0.000000,-0.963089,1.000000,0.226412,0.890129
SportsMOT,V074,186,S_c,3345,9,0,0.454113,0.114814,-1.066325,0.994903,0.383642,0.838892
SportsMOT,V074,188,S_r,3345,6,0,0.143280,0.441527,-0.896862,0.947878,0.868983,0.917182
SportsMOT,V074,188,S_r,3340,9,0,0.014700,0.503632,-0.896862,0.116203,0.923180,0.917182
SportsMOT,V074,283,S_r,3336,1,0,0.183218,0.536145,-0.582650,0.968866,0.945368,0.987779
SportsMOT,V074,283,S_r,3338,2,0,0.113616,0.584371,-0.582650,0.916959,0.970292,0.987779
SportsMOT,V074,300,S_r,3338,1,0,0.085663,0.456813,-0.877462,0.858579,0.883896,0.924348
SportsMOT,V074,300,S_r,3336,2,0,0.057751,0.522311,-0.877462,0.729184,0.936443,0.924348
SportsMOT,V074,359,S_c,3346,5,0,1.000000,0.000000,-0.845590,1.000000,0.226412,0.935075
SportsMOT,V074,364,S_c,3347,7,0,1.000000,0.000000,-0.956712,1.000000,0.226412,0.892896
SportsMOT,V074,394,S_c,3348,8,0,1.000000,0.000000,-0.979869,1.000000,0.226412,0.882429
SportsMOT,V074,487,S_r,3345,5,0,0.207458,0.542122,-0.505734,0.975964,0.948980,0.993242
SportsMOT,V074,487,S_r,3346,6,0,0.239828,0.504858,-0.505734,0.982201,0.924097,0.993242
SportsMOT,V074,570,S_c,3349,8,0,0.935762,0.000000,-1.030604,0.998233,0.226412,0.857581
SportsMOT,V074,594,S_c,3350,7,0,1.000000,0.000000,-0.980349,1.000000,0.226412,0.882228
SportsMOT,V074,598,S_c,3351,10,0,1.000000,0.000000,-0.963821,1.000000,0.226412,0.889758
SportsMOT,V075,71,S_c,3364,0,0,0.885764,0.000000,-1.089363,0.998054,0.226412,0.826423
SportsMOT,V075,82,S_r,3359,6,0,0.185276,0.706885,-0.158683,0.969600,0.998166,0.999207
SportsMOT,V075,84,S_r,3361,7,0,0.121890,0.763626,-0.206239,0.927811,0.999608,0.998909
SportsMOT,V075,85,S_h,3358,11,0,0.408353,0.558027,-0.282268,0.993814,0.957873,0.998250
SportsMOT,V075,151,S_r,3365,10,0,0.099645,0.000000,-1.804994,0.893060,0.226412,0.253388
SportsMOT,V075,158,S_r,3366,6,0,0.097888,0.000000,-1.668027,0.889401,0.226412,0.378629
SportsMOT,V075,190,S_r,3352,0,0,0.419339,0.363542,-0.682174,0.994100,0.777933,0.974426
SportsMOT,V075,190,S_r,3364,2,0,0.120240,0.414705,-0.682174,0.925831,0.840210,0.974426
SportsMOT,V075,201,S_c,3367,10,0,1.000000,0.000000,-0.945180,1.000000,0.226412,0.897833
SportsMOT,V075,217,S_r,3360,7,0,0.143291,0.747841,-0.108869,0.947887,0.999406,0.999423
SportsMOT,V075,220,S_r,3361,8,0,0.165730,0.569139,-0.425250,0.961636,0.963544,0.995957
SportsMOT,V075,221,S_r,3360,6,0,0.068542,0.525678,-0.496256,0.792987,0.938714,0.993683
SportsMOT,V075,221,S_r,3361,7,0,0.206462,0.703061,-0.496256,0.975731,0.997911,0.993683
SportsMOT,V075,227,S_r,3366,7,0,0.264717,0.578791,-0.377440,0.985411,0.967909,0.996965
SportsMOT,V075,243,S_r,3361,7,0,0.020622,0.300464,-1.348870,0.223780,0.688388,0.650161
SportsMOT,V075,243,S_r,3366,8,0,0.026356,0.507544,-0.920620,0.334090,0.926083,0.907938
SportsMOT,V075,258,S_c,3368,2,0,1.000000,0.000000,-0.989546,1.000000,0.226412,0.877906
SportsMOT,V076,23,S_c,3378,8,0,0.756851,0.000721,-1.125299,0.997562,0.227788,0.805012
SportsMOT,V076,31,S_c,3382,11,0,0.839831,0.000000,-1.101015,0.997882,0.226412,0.819709
SportsMOT,V076,39,S_c,3392,10,0,0.804646,0.000000,-0.904896,0.997748,0.226412,0.914071
SportsMOT,V076,46,S_r,3374,3,0,0.562303,0.326701,-0.566109,0.996376,0.727862,0.989377
SportsMOT,V076,47,S_c,3393,5,0,0.696683,0.000000,-0.579802,0.997329,0.226412,0.988091
SportsMOT,V076,48,S_r,3373,3,0,0.710298,0.240052,-0.347261,0.997379,0.589687,0.997453
SportsMOT,V076,49,S_c,3394,4,0,0.519573,0.000000,-1.404261,0.995908,0.226412,0.604836
SportsMOT,V076,74,S_c,3395,0,0,1.000000,0.000000,-0.921161,1.000000,0.226412,0.907727
SportsMOT,V076,88,S_c,3396,1,0,1.000000,0.000000,-0.832220,1.000000,0.226412,0.939395
SportsMOT,V076,174,S_r,3394,0,0,0.076864,0.490693,-0.927198,0.829127,0.913283,0.905307
SportsMOT,V076,174,S_r,3395,4,0,0.076083,0.429162,-0.927198,0.826083,0.856199,0.905307
SportsMOT,V076,337,S_r,3393,4,0,0.090204,0.430832,-0.977230,0.871281,0.857932,0.883654
SportsMOT,V076,337,S_r,3395,5,0,0.054047,0.447687,-0.977230,0.701358,0.875170,0.883654
SportsMOT,V077,3,S_r,3415,18,0,0.301425,0.443569,-0.255006,0.988811,0.871101,0.998511
SportsMOT,V077,4,S_c,3417,19,0,0.914997,0.000000,-1.030178,0.998168,0.226412,0.857812
SportsMOT,V077,5,S_r,3417,18,0,0.286625,0.618508,-0.094867,0.987591,0.982505,0.999472
SportsMOT,V077,6,S_c,3418,19,0,0.929093,0.000000,-1.031015,0.998204,0.226412,0.857383
SportsMOT,V077,7,S_r,3418,18,0,0.259323,0.589629,-0.151048,0.984789,0.972470,0.999242
SportsMOT,V077,8,S_c,3419,19,0,0.898826,0.000000,-1.085353,0.998110,0.226412,0.828584
SportsMOT,V077,9,S_r,3419,18,0,0.255721,0.714848,-0.029431,0.984341,0.998553,0.999639
SportsMOT,V077,10,S_c,3420,19,0,0.876304,0.000000,-1.092696,0.998030,0.226412,0.824595
SportsMOT,V077,11,S_r,3420,18,0,0.307128,0.661591,-0.031281,0.989239,0.992539,0.999638
SportsMOT,V077,12,S_c,3421,19,0,0.841122,0.000000,-1.142481,0.997886,0.226412,0.794389
SportsMOT,V077,13,S_r,3421,18,0,0.292839,0.644204,-0.062957,0.988131,0.988831,0.999567
SportsMOT,V077,14,S_c,3422,19,0,0.814024,0.000000,-1.177762,0.997784,0.226412,0.771973
SportsMOT,V077,15,S_r,3422,18,0,0.243452,0.665218,-0.091330,0.982748,0.993221,0.999482
SportsMOT,V077,16,S_c,3423,19,0,0.830309,0.000000,-1.127553,0.997848,0.226412,0.803686
SportsMOT,V077,17,S_r,3423,18,0,0.260966,0.647939,-0.091096,0.984976,0.989627,0.999482
SportsMOT,V077,18,S_c,3424,19,0,0.768358,0.000000,-1.176529,0.997597,0.226412,0.772744
SportsMOT,V077,19,S_r,3424,18,0,0.259731,0.591801,-0.148468,0.984832,0.973330,0.999250
SportsMOT,V077,20,S_c,3425,19,0,0.764587,0.000000,-1.219827,0.997587,0.226412,0.744254
SportsMOT,V077,39,S_r,3425,18,0,0.014315,0.530841,-0.839801,0.109827,0.942058,0.937071
SportsMOT,V077,39,S_r,3424,19,0,0.161163,0.453879,-0.839801,0.959336,0.881113,0.937071
SportsMOT,V077,134,S_c,3426,12,0,1.000000,0.000000,-0.945728,1.000000,0.226412,0.897586
SportsMOT,V077,159,S_c,3427,13,0,1.000000,0.000000,-0.913493,1.000000,0.226412,0.910800
SportsMOT,V077,162,S_c,3428,16,0,1.000000,0.000000,-0.979636,1.000000,0.226412,0.882538
SportsMOT,V077,163,S_c,3429,19,0,1.000000,0.000000,-0.909945,1.000000,0.226412,0.912095
SportsMOT,V077,170,S_c,3430,18,0,1.000000,0.000000,-0.937293,1.000000,0.226412,0.901181
SportsMOT,V077,171,S_c,3431,17,0,1.000000,0.000000,-0.865668,1.000000,0.226412,0.928326
SportsMOT,V077,182,S_c,3432,15,0,1.000000,0.000000,-0.915198,1.000000,0.226412,0.910075
SportsMOT,V077,246,S_r,3432,17,0,0.208655,0.578206,-0.640688,0.976241,0.967643,0.980845
SportsMOT,V077,247,S_r,3431,15,0,0.112193,0.327767,-1.122122,0.914807,0.729413,0.806932
SportsMOT,V077,271,S_c,3434,8,0,1.000000,0.000000,-0.967043,1.000000,0.226412,0.888341
SportsMOT,V077,291,S_c,3435,4,0,1.000000,0.000000,-0.974276,1.000000,0.226412,0.885000
SportsMOT,V077,321,S_r,3436,1,0,0.053560,0.000000,-1.936052,0.697329,0.226412,0.052890
SportsMOT,V077,332,S_c,3437,2,0,1.000000,0.000000,-0.982018,1.000000,0.226412,0.881392
SportsMOT,V077,342,S_c,3439,0,0,1.000000,0.000000,-0.943406,1.000000,0.226412,0.898570
SportsMOT,V077,342,S_r,3438,3,0,0.161244,0.343145,-1.065370,0.959378,0.750889,0.839423
SportsMOT,V077,382,S_c,3440,16,0,1.000000,0.000000,-0.961279,1.000000,0.226412,0.890941
SportsMOT,V077,395,S_c,3441,17,0,1.000000,0.000000,-0.980338,1.000000,0.226412,0.882230
SportsMOT,V077,402,S_c,3442,15,0,1.000000,0.000000,-0.893919,1.000000,0.226412,0.918280
SportsMOT,V077,403,S_c,3443,18,0,1.000000,0.000000,-0.957053,1.000000,0.226412,0.892749
SportsMOT,V077,405,S_c,3445,19,0,0.941997,0.000000,-0.995547,0.998254,0.226412,0.875024
SportsMOT,V077,512,S_c,3452,20,0,1.000000,0.000000,-0.973376,1.000000,0.226412,0.885425
SportsMOT,V077,536,S_r,3454,12,0,0.134755,0.000000,-1.845411,0.940940,0.226412,0.206121
SportsMOT,V078,138,S_c,3477,6,0,1.000000,0.000000,-0.947484,1.000000,0.226412,0.896873
SportsMOT,V078,157,S_c,3478,1,0,1.000000,0.000000,-0.867045,1.000000,0.226412,0.927820
SportsMOT,V078,193,S_c,3479,17,0,1.000000,0.000000,-0.956577,1.000000,0.226412,0.892953
SportsMOT,V078,196,S_c,3480,15,0,0.968167,0.000000,-0.908784,0.998337,0.226412,0.912554
SportsMOT,V078,205,S_c,3481,20,0,1.000000,0.000000,-0.975602,1.000000,0.226412,0.884422
SportsMOT,V078,220,S_c,3482,19,0,1.000000,0.000000,-0.966399,1.000000,0.226412,0.888641
SportsMOT,V078,298,S_r,3483,18,0,0.148843,0.000000,-1.825984,0.951874,0.226412,0.230099
SportsMOT,V078,431,S_c,3498,10,0,1.000000,0.000000,-0.975005,1.000000,0.226412,0.884668
SportsMOT,V079,158,S_r,3506,5,0,0.350214,0.475397,-0.174389,0.991698,0.900644,0.999114
SportsMOT,V079,159,S_c,3520,11,0,0.915345,0.000000,-1.024141,0.998168,0.226412,0.860872
SportsMOT,V079,172,S_c,3521,3,0,1.000000,0.000000,-0.914584,1.000000,0.226412,0.910323
SportsMOT,V079,174,S_c,3522,4,0,1.000000,0.000000,-0.971922,1.000000,0.226412,0.886066
SportsMOT,V079,186,S_c,3523,1,0,1.000000,0.000000,-0.916667,1.000000,0.226412,0.909506
SportsMOT,V079,216,S_c,3525,15,0,1.000000,0.000000,-0.930472,1.000000,0.226412,0.903992
SportsMOT,V079,236,S_c,3526,14,0,1.000000,0.000000,-0.971247,1.000000,0.226412,0.886387
SportsMOT,V079,239,S_c,3527,4,0,1.000000,0.000000,-0.925938,1.000000,0.226412,0.905804
SportsMOT,V079,244,S_r,3506,11,0,0.534220,0.441366,-0.024415,0.996092,0.868817,0.999646
SportsMOT,V079,245,S_c,3528,17,0,1.000000,0.000000,-0.906231,1.000000,0.226412,0.913555
SportsMOT,V079,248,S_c,3538,16,0,1.000000,0.000000,-0.958820,1.000000,0.226412,0.891998
SportsMOT,V079,250,S_h,3508,10,0,1.000000,0.000000,-0.968071,1.000000,0.226412,0.887825
SportsMOT,V079,252,S_h,3503,9,0,1.000000,0.000000,-0.973250,1.000000,0.226412,0.885481
SportsMOT,V079,260,S_c,3595,17,0,1.000000,0.000000,-0.891034,1.000000,0.226412,0.919365
SportsMOT,V079,263,S_c,3604,18,0,1.000000,0.000000,-0.906927,1.000000,0.226412,0.913286
SportsMOT,V079,268,S_c,3609,10,0,1.000000,0.000000,-0.968886,1.000000,0.226412,0.887422
SportsMOT,V079,269,S_c,3610,13,0,1.000000,0.000000,-0.948550,1.000000,0.226412,0.896428
SportsMOT,V079,318,S_c,3611,10,0,1.000000,0.000000,-0.969240,1.000000,0.226412,0.887269
SportsMOT,V079,332,S_c,3612,8,0,1.000000,0.000000,-0.950576,1.000000,0.226412,0.895573
SportsMOT,V079,333,S_r,3612,9,0,0.435602,0.000000,-1.544780,0.994509,0.226412,0.484839
SportsMOT,V079,334,S_c,3613,8,0,1.000000,0.000000,-0.940253,1.000000,0.226412,0.899951
SportsMOT,V079,347,S_c,3614,3,0,1.000000,0.000000,-0.940315,1.000000,0.226412,0.899927
SportsMOT,V079,356,S_c,3615,11,0,1.000000,0.000000,-0.889086,1.000000,0.226412,0.920043
SportsMOT,V079,362,S_c,3616,5,0,1.000000,0.000000,-0.978672,1.000000,0.226412,0.882993
SportsMOT,V079,423,S_r,3617,12,0,0.172771,0.000000,-1.782257,0.964816,0.226412,0.276402
SportsMOT,V079,543,S_c,3618,14,0,1.000000,0.000000,-0.972640,1.000000,0.226412,0.885755
SportsMOT,V079,586,S_c,3619,3,0,1.000000,0.000000,-0.975984,1.000000,0.226412,0.884264
SportsMOT,V079,605,S_c,3620,13,0,1.000000,0.000000,-0.986505,1.000000,0.226412,0.879296
SportsMOT,V079,627,S_c,3621,9,0,1.000000,0.000000,-0.924992,1.000000,0.226412,0.906196
SportsMOT,V080,146,S_c,3670,2,0,1.000000,0.000000,-0.867753,1.000000,0.226412,0.927589
SportsMOT,V080,148,S_h,3634,9,0,1.000000,0.000000,-0.971734,1.000000,0.226412,0.886166
SportsMOT,V080,148,S_c,3679,12,0,1.000000,0.000000,-0.971734,1.000000,0.226412,0.886166
SportsMOT,V080,150,S_c,3685,13,0,1.000000,0.000000,-0.911583,1.000000,0.226412,0.911511
SportsMOT,V080,212,S_c,3687,6,0,1.000000,0.000000,-0.951606,1.000000,0.226412,0.895133
SportsMOT,V080,282,S_c,3689,1,0,1.000000,0.000000,-0.891590,1.000000,0.226412,0.919179
SportsMOT,V080,289,S_c,3702,18,0,1.000000,0.000000,-0.908813,1.000000,0.226412,0.912546
SportsMOT,V080,291,S_c,3705,16,0,1.000000,0.000000,-0.952929,1.000000,0.226412,0.894549
SportsMOT,V081,81,S_c,3729,7,0,1.000000,0.000000,-0.833772,1.000000,0.226412,0.938940
SportsMOT,V081,166,S_c,3742,10,0,1.000000,0.000000,-0.991157,1.000000,0.226412,0.877142
SportsMOT,V081,168,S_c,3751,4,0,1.000000,0.000000,-0.869746,1.000000,0.226412,0.926939
SportsMOT,V081,168,S_c,3748,5,0,1.000000,0.000000,-0.869746,1.000000,0.226412,0.926939
SportsMOT,V081,184,S_c,3783,2,0,1.000000,0.000000,-0.899609,1.000000,0.226412,0.916101
SportsMOT,V081,185,S_c,3788,1,0,1.000000,0.000000,-0.886417,1.000000,0.226412,0.921028
SportsMOT,V081,187,S_c,3791,1,0,1.000000,0.000000,-0.905468,1.000000,0.226412,0.913843
SportsMOT,V081,190,S_h,3788,3,0,1.000000,0.000000,-0.949115,1.000000,0.226412,0.896201
SportsMOT,V081,192,S_c,3804,0,0,1.000000,0.000000,-0.874718,1.000000,0.226412,0.925279
SportsMOT,V081,195,S_c,3810,6,0,0.889359,0.000000,-0.998715,0.998064,0.226412,0.873458
SportsMOT,V081,196,S_c,3813,11,0,1.000000,0.000000,-0.838035,1.000000,0.226412,0.937626
SportsMOT,V081,198,S_c,3817,3,0,1.000000,0.000000,-0.946654,1.000000,0.226412,0.897225
SportsMOT,V081,245,S_r,3819,7,0,0.111855,0.101650,-1.551762,0.914316,0.363513,0.478749
SportsMOT,V081,314,S_c,3821,11,0,1.000000,0.000000,-0.953884,1.000000,0.226412,0.894161
SportsMOT,V081,319,S_c,3822,12,0,1.000000,0.000000,-0.937217,1.000000,0.226412,0.901203
SportsMOT,V081,334,S_c,3823,8,0,1.000000,0.000000,-0.946634,1.000000,0.226412,0.897233
SportsMOT,V081,339,S_c,3824,17,0,1.000000,0.000000,-0.978784,1.000000,0.226412,0.882949
SportsMOT,V081,340,S_c,3825,16,0,1.000000,0.000000,-0.965686,1.000000,0.226412,0.888939
SportsMOT,V081,343,S_c,3826,15,0,1.000000,0.000000,-0.819085,1.000000,0.226412,0.943428
SportsMOT,V081,348,S_c,3827,18,0,1.000000,0.000000,-0.799346,1.000000,0.226412,0.949027
SportsMOT,V081,382,S_c,3828,7,0,1.000000,0.000000,-0.948243,1.000000,0.226412,0.896558
SportsMOT,V081,399,S_c,3829,9,0,1.000000,0.000000,-0.964233,1.000000,0.226412,0.889583
SportsMOT,V081,453,S_c,3830,4,0,1.000000,0.000000,-0.974811,1.000000,0.226412,0.884756
SportsMOT,V081,456,S_c,3831,5,0,1.000000,0.000000,-0.960441,1.000000,0.226412,0.891284
SportsMOT,V082,48,S_c,3848,11,0,1.000000,0.000000,-0.966609,1.000000,0.226412,0.888542
SportsMOT,V082,90,S_r,3849,11,0,0.129762,0.000000,-1.795606,0.936295,0.226412,0.263109
SportsMOT,V082,230,S_c,3857,8,0,1.000000,0.000000,-0.938690,1.000000,0.226412,0.900594
SportsMOT,V082,257,S_r,3858,7,0,0.081516,0.000000,-1.855799,0.845636,0.226412,0.192252
SportsMOT,V082,261,S_c,3859,5,0,1.000000,0.000000,-0.901853,1.000000,0.226412,0.915261
SportsMOT,V082,377,S_c,3861,16,0,1.000000,0.000000,-0.794075,1.000000,0.226412,0.950495
SportsMOT,V082,385,S_c,3880,19,0,1.000000,0.000000,-0.925881,1.000000,0.226412,0.905835
SportsMOT,V082,398,S_h,3853,15,0,1.000000,0.000000,-2.000000,1.000000,0.226412,0.001031
SportsMOT,V082,407,S_c,4002,9,1,1.000000,0.000000,-2.000000,1.000000,0.226412,0.001031
SportsMOT,V082,409,S_c,4016,3,0,1.000000,0.000000,-2.000000,1.000000,0.226412,0.001031
SportsMOT,V082,413,S_c,4049,10,0,1.000000,0.000000,-0.942615,1.000000,0.226412,0.898942
SportsMOT,V082,414,S_c,4056,10,0,1.000000,0.000000,-0.880225,1.000000,0.226412,0.923332
SportsMOT,V082,415,S_c,4057,6,0,1.000000,0.000000,-0.890540,1.000000,0.226412,0.919559
SportsMOT,V082,416,S_c,4065,11,0,1.000000,0.000000,-0.399354,1.000000,0.226412,0.996530
SportsMOT,V082,416,S_c,4063,16,0,1.000000,0.000000,-0.399354,1.000000,0.226412,0.996530
SportsMOT,V082,417,S_c,4068,4,0,1.000000,0.000000,-0.975212,1.000000,0.226412,0.884586
SportsMOT,V082,417,S_c,4071,10,0,1.000000,0.000000,-0.975212,1.000000,0.226412,0.884586
SportsMOT,V082,417,S_c,4069,13,0,1.000000,0.000000,-0.975212,1.000000,0.226412,0.884586
SportsMOT,V082,418,S_c,4074,10,0,0.980273,0.000000,-0.958678,0.998374,0.226412,0.892053
SportsMOT,V082,418,S_c,4073,12,0,0.994507,0.000000,-0.025220,0.998426,0.226412,0.999645
SportsMOT,V082,418,S_c,4072,15,0,1.000000,0.000000,-0.938951,1.000000,0.226412,0.900483
SportsMOT,V082,419,S_c,4075,10,0,0.857501,0.000000,-1.054887,0.997949,0.226412,0.845010
SportsMOT,V082,420,S_c,4076,10,0,0.780062,0.000000,-1.108034,0.997640,0.226412,0.815612
SportsMOT,V082,423,S_c,4079,8,0,0.617215,0.000000,-1.254578,0.996858,0.226412,0.720644
SportsMOT,V083,392,S_c,4100,4,0,1.000000,0.000000,-0.938174,1.000000,0.226412,0.900832
SportsMOT,V083,421,S_c,4101,2,0,1.000000,0.000000,-0.938603,1.000000,0.226412,0.900633
SportsMOT,V083,423,S_c,4102,2,0,1.000000,0.000000,-0.834470,1.000000,0.226412,0.938716
SportsMOT,V083,444,S_c,4103,12,0,1.000000,0.000000,-0.931401,1.000000,0.226412,0.903616
SportsMOT,V083,448,S_c,4104,5,0,0.961419,0.000000,-0.924191,0.998316,0.226412,0.906514
SportsMOT,V083,448,S_c,4105,13,0,1.000000,0.000000,-0.885610,1.000000,0.226412,0.921363
SportsMOT,V083,483,S_c,4106,16,0,1.000000,0.000000,-0.871036,1.000000,0.226412,0.926524
SportsMOT,V083,501,S_c,4107,10,0,1.000000,0.000000,-0.939922,1.000000,0.226412,0.900089
SportsMOT,V083,590,S_r,4103,5,0,0.069642,0.482833,-0.952599,0.798375,0.906826,0.894692
SportsMOT,V083,590,S_r,4104,12,0,0.052991,0.441935,-0.952599,0.692496,0.869401,0.894692
SportsMOT,V083,611,S_c,4109,0,0,1.000000,0.000000,-0.957822,1.000000,0.226412,0.892431
SportsMOT,V083,674,S_c,4110,4,0,1.000000,0.000000,-0.811452,1.000000,0.226412,0.945639
SportsMOT,V083,677,S_c,4111,10,0,1.000000,0.000000,-0.982668,1.000000,0.226412,0.881066
SportsMOT,V083,699,S_c,4112,15,0,1.000000,0.000000,-0.962020,1.000000,0.226412,0.890608
SportsMOT,V083,704,S_r,4113,16,0,0.074284,0.000000,-1.829606,0.818835,0.226412,0.225742
SportsMOT,V083,718,S_c,4114,6,0,1.000000,0.000000,-0.934381,1.000000,0.226412,0.902334
SportsMOT,V083,746,S_c,4116,21,0,1.000000,0.000000,-0.949557,1.000000,0.226412,0.896007
SportsMOT,V083,750,S_c,4117,10,0,1.000000,0.000000,-0.629483,1.000000,0.226412,0.982453
SportsMOT,V083,750,S_c,4118,11,0,1.000000,0.000000,-0.629483,1.000000,0.226412,0.982453
SportsMOT,V083,750,S_c,4121,12,0,1.000000,0.000000,-0.629483,1.000000,0.226412,0.982453
SportsMOT,V083,750,S_c,4119,16,0,1.000000,0.000000,-0.629483,1.000000,0.226412,0.982453
SportsMOT,V083,750,S_c,4124,21,0,1.000000,0.000000,-0.629483,1.000000,0.226412,0.982453
SportsMOT,V083,755,S_c,4142,1,0,1.000000,0.000000,-0.666216,1.000000,0.226412,0.976955
SportsMOT,V083,758,S_c,4149,5,0,1.000000,0.000000,-0.946225,1.000000,0.226412,0.897403
SportsMOT,V083,760,S_c,4152,6,0,1.000000,0.000000,-0.702442,1.000000,0.226412,0.970981
SportsMOT,V083,761,S_c,4154,5,0,1.000000,0.000000,-0.894882,1.000000,0.226412,0.917922
SportsMOT,V083,763,S_c,4157,2,0,1.000000,0.000000,-0.877402,1.000000,0.226412,0.924365
SportsMOT,V083,767,S_c,4160,2,0,1.000000,0.000000,-0.939787,1.000000,0.226412,0.900145
SportsMOT,V083,770,S_c,4161,2,0,1.000000,0.000000,-0.691378,1.000000,0.226412,0.972963
SportsMOT,V083,841,S_r,4164,4,0,0.087219,0.112812,-1.576761,0.863101,0.380510,0.457034
SportsMOT,V083,875,S_r,4117,6,0,0.085951,0.301226,-1.218565,0.859429,0.689572,0.745095
SportsMOT,V083,875,S_r,4152,10,0,0.053693,0.340564,-1.218565,0.698420,0.747325,0.745095
SportsMOT,V084,142,S_c,4183,8,0,1.000000,0.000000,-0.910822,1.000000,0.226412,0.911776
SportsMOT,V084,142,S_c,4182,11,0,1.000000,0.000000,-0.910822,1.000000,0.226412,0.911776
SportsMOT,V084,142,S_c,4184,15,0,0.788057,0.000000,-1.171678,0.997678,0.226412,0.775905
SportsMOT,V084,146,S_h,4179,16,0,0.848840,0.000000,-0.151160,0.997912,0.226412,0.999242
SportsMOT,V084,147,S_c,4186,4,0,1.000000,0.000000,-0.763239,1.000000,0.226412,0.958317
SportsMOT,V084,147,S_c,4189,9,0,0.970840,0.000000,-0.632770,0.998345,0.226412,0.981970
SportsMOT,V084,147,S_c,4187,11,0,1.000000,0.000000,-0.763239,1.000000,0.226412,0.958317
SportsMOT,V084,147,S_c,4188,15,0,1.000000,0.000000,-0.763239,1.000000,0.226412,0.958317
SportsMOT,V084,148,S_c,4195,12,0,1.000000,0.000000,-0.847119,1.000000,0.226412,0.934593
SportsMOT,V084,149,S_c,4199,14,0,0.783156,0.000000,-1.177179,0.997653,0.226412,0.772349
SportsMOT,V084,152,S_h,4171,4,0,0.956743,0.000000,-0.720268,0.998299,0.226412,0.967695
SportsMOT,V084,152,S_c,4204,12,0,1.000000,0.000000,-0.677011,1.000000,0.226412,0.975236
SportsMOT,V084,153,S_c,4210,16,0,1.000000,0.000000,-0.321430,1.000000,0.226412,0.997820
SportsMOT,V084,154,S_c,4215,11,0,1.000000,0.000000,-0.893813,1.000000,0.226412,0.918338
SportsMOT,V084,157,S_c,4226,11,0,1.000000,0.000000,-0.613079,1.000000,0.226412,0.984390
SportsMOT,V084,157,S_c,4228,14,0,1.000000,0.000000,-0.613079,1.000000,0.226412,0.984390
SportsMOT,V084,157,S_c,4225,15,0,1.000000,0.000000,-0.613079,1.000000,0.226412,0.984390
SportsMOT,V084,162,S_c,4233,10,0,1.000000,0.000000,-0.914242,1.000000,0.226412,0.910488
SportsMOT,V084,170,S_c,4238,10,0,1.000000,0.000000,-0.956000,1.000000,0.226412,0.893188
SportsMOT,V084,172,S_c,4239,10,0,1.000000,0.000000,-0.937048,1.000000,0.226412,0.901257
SportsMOT,V084,255,S_r,4242,2,0,0.065944,0.000000,-1.908154,0.779626,0.226412,0.105789
SportsMOT,V084,426,S_c,4244,11,0,1.000000,0.000000,-0.957228,1.000000,0.226412,0.892671
SportsMOT,V084,429,S_c,4246,10,0,1.000000,0.000000,-0.931867,1.000000,0.226412,0.903402
SportsMOT,V084,446,S_r,4247,3,0,0.263300,0.000000,-1.604956,0.985244,0.226412,0.432685
SportsMOT,V085,52,S_r,4259,12,0,0.022312,0.452674,-0.924528,0.256447,0.879941,0.906368
SportsMOT,V085,52,S_r,4264,14,0,0.104082,0.496404,-0.924528,0.901555,0.917747,0.906368
SportsMOT,V085,104,S_c,4265,15,0,0.746590,0.000000,-1.193960,0.997527,0.226412,0.761359
SportsMOT,V085,113,S_c,4267,16,0,1.000000,0.000000,-0.939987,1.000000,0.226412,0.900075
SportsMOT,V085,120,S_c,4269,14,0,1.000000,0.000000,-0.925963,1.000000,0.226412,0.905797
SportsMOT,V085,134,S_c,4271,13,0,1.000000,0.000000,-0.977015,1.000000,0.226412,0.883775
SportsMOT,V085,224,S_c,4272,1,0,1.000000,0.000000,-0.971600,1.000000,0.226412,0.886236
SportsMOT,V085,279,S_c,4273,4,0,1.000000,0.000000,-0.763540,1.000000,0.226412,0.958258
SportsMOT,V085,355,S_c,4274,13,0,1.000000,0.000000,-0.921743,1.000000,0.226412,0.907487
SportsMOT,V085,386,S_c,4275,12,0,1.000000,0.000000,-0.940472,1.000000,0.226412,0.899867
SportsMOT,V085,438,S_h,4275,8,0,0.565231,0.000000,-1.392911,0.996401,0.226412,0.614072
SportsMOT,V085,438,S_r,4258,12,0,0.282445,0.000000,-1.675697,0.987193,0.226412,0.372114
SportsMOT,V085,470,S_c,4277,0,0,1.000000,0.000000,-0.789929,1.000000,0.226412,0.951609
SportsMOT,V085,470,S_r,4262,17,0,0.476411,0.115080,-1.138795,0.995311,0.384045,0.796687
SportsMOT,V085,474,S_r,4265,17,0,0.489174,0.127413,-0.383413,0.995507,0.403157,0.996853
SportsMOT,V085,475,S_c,4283,10,0,0.908161,0.000000,-0.994081,0.998145,0.226412,0.875700
SportsMOT,V085,475,S_c,4281,11,0,1.000000,0.000000,-0.902242,1.000000,0.226412,0.915092
SportsMOT,V085,476,S_c,4286,18,0,0.870992,0.073054,-0.939653,0.998012,0.322123,0.900197
SportsMOT,V085,479,S_c,4289,17,0,0.711400,0.259022,-0.357031,0.997380,0.621340,0.997302
SportsMOT,V085,480,S_c,4291,18,0,0.885941,0.113590,0.613427,0.998054,0.381741,0.999984
SportsMOT,V085,481,S_c,4292,15,0,0.856909,0.000000,-0.632269,0.997948,0.226412,0.982039
SportsMOT,V086,62,S_c,4301,5,0,1.000000,0.000000,-0.862499,1.000000,0.226412,0.929433
SportsMOT,V086,67,S_c,4304,1,0,1.000000,0.000000,-0.731529,1.000000,0.226412,0.965454
SportsMOT,V086,67,S_c,4306,3,0,1.000000,0.000000,-0.731529,1.000000,0.226412,0.965454
SportsMOT,V086,67,S_c,4305,4,0,1.000000,0.000000,-0.731529,1.000000,0.226412,0.965454
SportsMOT,V086,67,S_c,4308,7,0,1.000000,0.000000,-0.731529,1.000000,0.226412,0.965454
SportsMOT,V086,71,S_h,4296,2,0,0.704497,0.000000,-0.923932,0.997356,0.226412,0.906608
SportsMOT,V086,72,S_c,4326,7,0,1.000000,0.000000,-0.693321,1.000000,0.226412,0.972645
SportsMOT,V086,77,S_c,4349,10,0,1.000000,0.000000,-0.671429,1.000000,0.226412,0.976139
SportsMOT,V086,82,S_c,4402,13,0,1.000000,0.000000,-0.633236,1.000000,0.226412,0.981909
SportsMOT,V086,86,S_h,4295,7,0,1.000000,0.000000,-0.442132,1.000000,0.226412,0.995535
SportsMOT,V086,87,S_c,4446,10,0,1.000000,0.000000,-0.575339,1.000000,0.226412,0.988538
SportsMOT,V086,88,S_c,4458,3,0,1.000000,0.000000,-0.840594,1.000000,0.226412,0.936825
SportsMOT,V086,89,S_c,4472,2,0,1.000000,0.000000,-0.916396,1.000000,0.226412,0.909613
SportsMOT,V086,92,S_c,4495,2,0,1.000000,0.000000,-0.726429,1.000000,0.226412,0.966515
SportsMOT,V086,92,S_c,4493,3,0,1.000000,0.000000,-0.726429,1.000000,0.226412,0.966515
SportsMOT,V086,92,S_c,4498,6,0,1.000000,0.000000,-0.726429,1.000000,0.226412,0.966515
SportsMOT,V086,92,S_c,4494,7,0,1.000000,0.000000,-0.726429,1.000000,0.226412,0.966515
SportsMOT,V086,92,S_c,4497,8,0,1.000000,0.000000,-0.726429,1.000000,0.226412,0.966515
SportsMOT,V086,97,S_c,4538,5,0,1.000000,0.000000,-0.775802,1.000000,0.226412,0.955219
SportsMOT,V086,97,S_c,4537,9,0,1.000000,0.000000,-0.775802,1.000000,0.226412,0.955219
SportsMOT,V086,97,S_c,4535,15,0,0.962284,0.000000,-0.630467,0.998317,0.226412,0.982312
SportsMOT,V086,97,S_c,4531,16,0,1.000000,0.000000,-0.775802,1.000000,0.226412,0.955219
SportsMOT,V086,97,S_c,4534,18,0,1.000000,0.000000,-0.775802,1.000000,0.226412,0.955219
SportsMOT,V086,99,S_c,4542,5,0,1.000000,0.000000,-0.975057,1.000000,0.226412,0.884651
SportsMOT,V086,99,S_c,4540,9,0,1.000000,0.000000,-0.975057,1.000000,0.226412,0.884651
SportsMOT,V086,102,S_c,4546,5,0,1.000000,0.000000,-0.718576,1.000000,0.226412,0.968031
SportsMOT,V086,102,S_c,4545,9,0,1.000000,0.000000,-0.718576,1.000000,0.226412,0.968031
SportsMOT,V086,116,S_h,4540,11,0,1.000000,0.000000,-0.770011,1.000000,0.226412,0.956714
SportsMOT,V086,303,S_c,4566,19,0,1.000000,0.000000,-0.894982,1.000000,0.226412,0.917888
SportsMOT,V086,364,S_c,4577,13,0,1.000000,0.000000,-0.752434,1.000000,0.226412,0.960876
SportsMOT,V086,364,S_c,4578,17,0,1.000000,0.000000,-0.752434,1.000000,0.226412,0.960876
SportsMOT,V086,366,S_c,4583,9,0,1.000000,0.000000,-0.957456,1.000000,0.226412,0.892567
SportsMOT,V086,369,S_c,4595,16,0,1.000000,0.000000,-0.720084,1.000000,0.226412,0.967733
SportsMOT,V086,375,S_h,4583,8,0,1.000000,0.000000,0.872476,1.000000,0.226412,0.999997
SportsMOT,V086,379,S_c,4647,8,0,1.000000,0.000000,-0.974761,1.000000,0.226412,0.884768
SportsMOT,V086,380,S_c,4655,10,0,1.000000,0.000000,0.428126,1.000000,0.226412,0.999948
SportsMOT,V086,383,S_h,4534,13,0,1.000000,0.000000,0.000000,1.000000,0.226412,0.999682
SportsMOT,V086,384,S_c,4686,7,0,1.000000,0.000000,-0.272477,1.000000,0.226412,0.998361
SportsMOT,V086,384,S_c,4679,10,0,1.000000,0.000000,-0.272477,1.000000,0.226412,0.998361
SportsMOT,V086,386,S_c,4699,5,0,1.000000,0.000000,-0.904309,1.000000,0.226412,0.914312
SportsMOT,V086,386,S_c,4693,8,0,1.000000,0.000000,-0.904309,1.000000,0.226412,0.914312
SportsMOT,V086,390,S_c,4715,13,0,1.000000,0.000000,-0.855615,1.000000,0.226412,0.931757
SportsMOT,V086,391,S_c,4724,6,0,1.000000,0.000000,-0.942263,1.000000,0.226412,0.899084
SportsMOT,V086,394,S_c,4736,5,0,1.000000,0.000000,-0.762786,1.000000,0.226412,0.958423
SportsMOT,V086,394,S_c,4733,6,0,1.000000,0.000000,-0.762786,1.000000,0.226412,0.958423
SportsMOT,V086,394,S_c,4734,8,0,1.000000,0.000000,-0.762786,1.000000,0.226412,0.958423
SportsMOT,V086,395,S_c,4743,1,0,1.000000,0.000000,-0.923452,1.000000,0.226412,0.906787
SportsMOT,V086,395,S_c,4742,4,0,1.000000,0.000000,-0.923452,1.000000,0.226412,0.906787
SportsMOT,V086,395,S_h,4595,11,0,1.000000,0.000000,-0.923452,1.000000,0.226412,0.906787
SportsMOT,V086,395,S_c,4740,13,0,1.000000,0.000000,-0.923452,1.000000,0.226412,0.906787
SportsMOT,V086,398,S_h,4577,9,0,1.000000,0.000000,-0.832436,1.000000,0.226412,0.939342
SportsMOT,V086,399,S_c,4751,1,0,1.000000,0.000000,-0.259687,1.000000,0.226412,0.998468
SportsMOT,V086,399,S_c,4752,2,0,1.000000,0.000000,-0.259687,1.000000,0.226412,0.998468
SportsMOT,V086,401,S_h,4743,3,0,1.000000,0.000000,-0.958885,1.000000,0.226412,0.891975
SportsMOT,V086,402,S_c,4757,11,0,1.000000,0.000000,-0.878278,1.000000,0.226412,0.924085
SportsMOT,V086,404,S_c,4760,11,0,1.000000,0.000000,-0.857317,1.000000,0.226412,0.931190
SportsMOT,V086,422,S_h,4740,9,0,0.323169,0.000000,-1.632926,0.990252,0.226412,0.408622
SportsMOT,V086,437,S_c,4763,0,0,1.000000,0.000000,-0.933367,1.000000,0.226412,0.902766
SportsMOT,V086,439,S_c,4764,12,0,1.000000,0.000000,-0.927473,1.000000,0.226412,0.905200
SportsMOT,V086,445,S_c,4765,9,0,1.000000,0.000000,-0.910801,1.000000,0.226412,0.911787
SportsMOT,V086,464,S_c,4766,14,0,1.000000,0.000000,-0.937257,1.000000,0.226412,0.901191
SportsMOT,V086,469,S_c,4767,13,0,1.000000,0.000000,-0.888316,1.000000,0.226412,0.920324
SportsMOT,V086,481,S_c,4768,19,0,1.000000,0.000000,-0.929910,1.000000,0.226412,0.904222
SportsMOT,V086,486,S_c,4769,15,0,1.000000,0.000000,-0.945088,1.000000,0.226412,0.897872
SportsMOT,V086,515,S_c,4785,15,0,1.000000,0.000000,-0.807948,1.000000,0.226412,0.946666
SportsMOT,V086,527,S_c,4786,17,0,1.000000,0.000000,0.000000,1.000000,0.226412,0.999682
SportsMOT,V086,530,S_c,4788,16,0,1.000000,0.000000,-0.837175,1.000000,0.226412,0.937921
SportsMOT,V086,530,S_c,4787,17,0,1.000000,0.000000,-0.837175,1.000000,0.226412,0.937921
SportsMOT,V086,535,S_c,4790,5,0,1.000000,0.000000,-0.900869,1.000000,0.226412,0.915644
SportsMOT,V086,535,S_c,4792,18,0,1.000000,0.000000,-0.900869,1.000000,0.226412,0.915644
SportsMOT,V086,540,S_c,4798,7,0,1.000000,0.000000,-0.938553,1.000000,0.226412,0.900654
SportsMOT,V086,541,S_r,4786,18,0,0.139550,0.000000,-1.275886,0.945001,0.226412,0.705237
SportsMOT,V086,547,S_c,4812,15,0,1.000000,0.000000,-0.936038,1.000000,0.226412,0.901662
SportsMOT,V086,550,S_c,4816,15,0,1.000000,0.000000,-0.820218,1.000000,0.226412,0.943067
SportsMOT,V086,553,S_c,4820,11,0,1.000000,0.000000,-0.896480,1.000000,0.226412,0.917326
SportsMOT,V086,555,S_c,4822,15,0,1.000000,0.000000,-0.916922,1.000000,0.226412,0.909403
SportsMOT,V086,557,S_c,4824,11,0,1.000000,0.000000,-0.915023,1.000000,0.226412,0.910158
SportsMOT,V086,560,S_c,4826,11,0,1.000000,0.000000,-0.798707,1.000000,0.226412,0.949191
SportsMOT,V086,582,S_h,4824,15,0,0.219346,0.000000,-1.704863,0.978560,0.226412,0.347097
SportsMOT,V086,584,S_h,4822,15,0,0.604168,0.000000,-1.146353,0.996770,0.226412,0.791971
SportsMOT,V086,590,S_c,4827,20,0,1.000000,0.000000,-0.853655,1.000000,0.226412,0.932454
SportsMOT,V086,712,S_c,4828,10,0,1.000000,0.000000,-0.978498,1.000000,0.226412,0.883053
SportsMOT,V086,714,S_c,4829,15,0,1.000000,0.000000,-0.963517,1.000000,0.226412,0.889903
SportsMOT,V086,716,S_c,4830,15,0,1.000000,0.000000,-0.839309,1.000000,0.226412,0.937223
SportsMOT,V086,745,S_r,4831,9,0,0.237772,0.000000,-1.583862,0.981899,0.226412,0.450948
SportsMOT,V086,754,S_c,4832,11,0,1.000000,0.000000,-0.964701,1.000000,0.226412,0.889395
SportsMOT,V086,756,S_c,4833,11,0,1.000000,0.000000,-0.821613,1.000000,0.226412,0.942650
SportsMOT,V087,104,S_r,4848,11,0,0.337007,0.580131,-0.145929,0.991039,0.968470,0.999268
SportsMOT,V087,104,S_c,4850,14,0,1.000000,0.000000,-0.828296,1.000000,0.226412,0.940575
SportsMOT,V087,196,S_r,4856,18,0,0.162926,0.753139,-0.155934,0.960228,0.999480,0.999219
SportsMOT,V087,197,S_h,4854,19,0,0.268114,0.704729,-0.084289,0.985795,0.998035,0.999502
SportsMOT,V087,213,S_r,4847,14,0,0.107550,0.000000,-1.699779,0.907563,0.226412,0.351501
SportsMOT,V087,214,S_c,4857,13,0,0.577318,0.000000,-1.332487,0.996515,0.226412,0.663060
SportsMOT,V087,216,S_c,4858,6,0,1.000000,0.000000,-0.825629,1.000000,0.226412,0.941411
SportsMOT,V087,222,S_c,4859,7,0,1.000000,0.000000,-0.853592,1.000000,0.226412,0.932472
SportsMOT,V087,224,S_c,4860,7,0,1.000000,0.000000,-0.868128,1.000000,0.226412,0.927458
SportsMOT,V087,229,S_h,4859,3,0,1.000000,0.000000,-0.832882,1.000000,0.226412,0.939203
SportsMOT,V087,234,S_c,4861,2,0,1.000000,0.000000,-0.824157,1.000000,0.226412,0.941861
SportsMOT,V087,239,S_c,4862,4,0,1.000000,0.000000,-0.906563,1.000000,0.226412,0.913424
SportsMOT,V087,261,S_c,4863,1,0,1.000000,0.000000,-0.950048,1.000000,0.226412,0.895781
SportsMOT,V087,283,S_c,4865,10,0,0.607361,0.078245,-0.944355,0.996788,0.329379,0.898178
SportsMOT,V087,285,S_c,4866,10,0,0.805400,0.104358,-0.583761,0.997750,0.367637,0.987671
SportsMOT,V087,286,S_c,4867,6,0,0.424213,0.191034,-0.971176,0.994228,0.506983,0.886419
SportsMOT,V087,289,S_c,4868,0,0,0.877019,0.000000,-0.934232,0.998031,0.226412,0.902396
SportsMOT,V087,315,S_c,4870,6,0,0.832640,0.022897,-0.865718,0.997858,0.257609,0.928311
SportsMOT,V087,318,S_h,4867,9,0,0.399298,0.090930,-1.436937,0.993539,0.347305,0.577231
SportsMOT,V087,319,S_r,4840,3,0,0.667660,0.222484,-0.400914,0.997186,0.560223,0.996488
SportsMOT,V087,319,S_r,4859,7,0,0.708942,0.199255,-0.091803,0.997371,0.520855,0.999481
SportsMOT,V087,319,S_r,4862,8,0,0.280046,0.430237,-0.481561,0.986983,0.857306,0.994258
SportsMOT,V087,319,S_r,4848,9,0,0.640404,0.162557,-0.197039,0.997026,0.459616,0.998979
SportsMOT,V087,319,S_r,4835,11,0,0.301080,0.457054,-0.524216,0.988780,0.884115,0.992261
SportsMOT,V087,320,S_c,4872,4,0,0.767684,0.000000,-0.722092,0.997595,0.226412,0.967355
SportsMOT,V087,320,S_c,4874,5,0,0.865737,0.031185,-0.768396,0.997991,0.267722,0.957117
SportsMOT,V087,320,S_c,4871,12,0,1.000000,0.000000,-0.489777,1.000000,0.226412,0.993929
SportsMOT,V087,320,S_c,4873,15,0,1.000000,0.000000,-0.489777,1.000000,0.226412,0.993929
SportsMOT,V087,321,S_c,4875,13,0,0.925310,0.000000,-1.037457,0.998195,0.226412,0.854186
SportsMOT,V087,324,S_r,4862,3,0,0.534089,0.211407,-0.531488,0.996090,0.541502,0.991866
SportsMOT,V087,324,S_r,4840,7,0,0.723015,0.126529,-0.150455,0.997433,0.401742,0.999244
SportsMOT,V087,324,S_r,4872,8,0,0.496464,0.392537,-0.504517,0.995605,0.814005,0.993304
SportsMOT,V087,324,S_r,4835,9,0,0.685084,0.219887,-0.095029,0.997270,0.555948,0.999471
SportsMOT,V087,324,S_r,4874,11,0,0.274399,0.358241,-0.637928,0.986440,0.771061,0.981263
SportsMOT,V087,325,S_c,4881,5,0,0.734263,0.000000,-0.671756,0.997469,0.226412,0.976099
SportsMOT,V087,325,S_c,4878,13,0,0.993463,0.000000,-0.884539,0.998419,0.226412,0.921754
SportsMOT,V087,325,S_c,4877,14,0,1.000000,0.000000,-0.406019,1.000000,0.226412,0.996403
SportsMOT,V087,325,S_c,4876,17,0,1.000000,0.000000,-0.406019,1.000000,0.226412,0.996403
SportsMOT,V087,326,S_c,4884,10,0,0.572031,0.299069,-0.487631,0.996465,0.686170,0.994029
SportsMOT,V087,329,S_r,4872,3,0,0.523254,0.234842,-0.241904,0.995952,0.580966,0.998624
SportsMOT,V087,329,S_h,4860,6,0,1.000000,0.000000,-0.476746,1.000000,0.226412,0.994420
SportsMOT,V087,329,S_c,4889,8,0,0.843132,0.000000,-0.638494,0.997893,0.226412,0.981190
SportsMOT,V087,329,S_r,4874,9,0,0.530138,0.205629,-0.264234,0.996037,0.531722,0.998440
SportsMOT,V087,329,S_r,4881,11,0,0.342328,0.481627,-0.347436,0.991292,0.905838,0.997448
SportsMOT,V087,329,S_h,4846,13,0,0.653664,0.067084,-0.709281,0.997108,0.313927,0.969744
SportsMOT,V087,329,S_h,4875,14,0,0.621127,0.000000,-0.943567,0.996884,0.226412,0.898517
SportsMOT,V087,330,S_c,4893,5,0,0.760843,0.101510,-0.585933,0.997576,0.363288,0.987431
SportsMOT,V087,330,S_h,4862,7,0,0.992586,0.000000,-0.712722,0.998417,0.226412,0.969144
SportsMOT,V087,330,S_c,4894,19,0,1.000000,0.000000,-0.705308,1.000000,0.226412,0.970471
SportsMOT,V087,331,S_r,4870,10,0,0.091700,0.227303,-1.116255,0.875138,0.568337,0.810502
SportsMOT,V087,331,S_c,4896,16,0,0.837158,0.000000,-1.058249,0.997876,0.226412,0.843290
SportsMOT,V087,334,S_h,4878,14,0,0.613635,0.000000,-1.112106,0.996825,0.226412,0.813118
SportsMOT,V087,335,S_c,4901,16,0,0.904115,0.000000,-0.819350,0.998126,0.226412,0.943343
SportsMOT,V087,336,S_c,4905,18,0,1.000000,0.000000,-0.741000,1.000000,0.226412,0.963450
SportsMOT,V087,340,S_c,4915,18,0,1.000000,0.000000,-0.703432,1.000000,0.226412,0.970801
SportsMOT,V087,341,S_c,4918,6,0,1.000000,0.000000,-0.866052,1.000000,0.226412,0.928198
SportsMOT,V087,344,S_h,4860,9,0,0.498936,0.135580,-1.040762,0.995639,0.416354,0.852439
SportsMOT,V087,346,S_h,4874,9,0,0.150514,0.167111,-1.404456,0.952992,0.467050,0.604672
SportsMOT,V087,350,S_h,4867,19,0,0.362995,0.050560,-1.276990,0.992269,0.292130,0.704381
SportsMOT,V087,355,S_h,4875,14,0,0.200078,0.000000,-1.635023,0.974047,0.226412,0.406806
SportsMOT,V087,386,S_c,4921,9,0,1.000000,0.000000,-0.933270,1.000000,0.226412,0.902796
SportsMOT,V087,399,S_r,4901,19,0,0.349320,0.465413,0.146082,0.991655,0.891961,0.999803
SportsMOT,V087,402,S_c,4922,16,0,0.709385,0.273761,-0.199410,0.997372,0.645614,0.998960
SportsMOT,V087,405,S_c,4924,10,0,1.000000,0.000000,-0.799692,1.000000,0.226412,0.948929
SportsMOT,V087,405,S_c,4923,16,0,0.392400,0.078341,-1.320787,0.993321,0.329520,0.672095
SportsMOT,V087,406,S_c,4925,8,0,0.636418,0.000000,-1.272715,0.997001,0.226412,0.707557
SportsMOT,V087,408,S_c,4926,6,0,0.963215,0.000000,-0.976378,0.998318,0.226412,0.884089
SportsMOT,V087,409,S_r,4924,8,0,0.418773,0.306405,-0.274822,0.994092,0.697542,0.998335
SportsMOT,V087,409,S_r,4923,19,0,0.425251,0.514087,-0.060662,0.994256,0.930814,0.999570
SportsMOT,V087,410,S_r,4926,7,0,0.563380,0.000000,-1.282395,0.996385,0.226412,0.700523
SportsMOT,V087,410,S_c,4927,10,0,0.818513,0.000000,-1.027262,0.997805,0.226412,0.859313
SportsMOT,V087,410,S_c,4928,16,0,0.805431,0.000000,-0.904504,0.997751,0.226412,0.914235
SportsMOT,V087,410,S_h,4922,18,0,0.412351,0.000000,-1.297584,0.993948,0.226412,0.689410
SportsMOT,V087,411,S_c,4929,3,0,0.994205,0.000000,-0.687726,0.998425,0.226412,0.973543
SportsMOT,V087,414,S_r,4925,6,0,0.379929,0.460262,-0.108460,0.992870,0.887159,0.999423
SportsMOT,V087,414,S_h,4915,18,0,0.431478,0.000000,-1.200334,0.994410,0.226412,0.757201
SportsMOT,V087,415,S_c,4930,7,0,0.491061,0.032669,-1.078238,0.995529,0.269578,0.832470
SportsMOT,V087,416,S_c,4931,2,0,1.000000,0.000000,-0.917766,1.000000,0.226412,0.909076
SportsMOT,V087,418,S_c,4932,4,0,0.886276,0.000000,-1.080296,0.998056,0.226412,0.831364
SportsMOT,V087,419,S_r,4930,6,0,0.404146,0.400732,-0.333914,0.993686,0.823799,0.997628
SportsMOT,V087,420,S_c,4933,4,0,0.882086,0.000000,-0.969840,0.998042,0.226412,0.886983
SportsMOT,V087,420,S_c,4934,7,0,0.852492,0.033541,-0.570090,0.997933,0.270701,0.989016
SportsMOT,V087,425,S_c,4935,1,0,1.000000,0.000000,-0.831240,1.000000,0.226412,0.939705
SportsMOT,V087,434,S_c,4937,0,0,1.000000,0.000000,-0.911118,1.000000,0.226412,0.911652
SportsMOT,V087,442,S_h,4922,18,0,0.264662,0.000000,-1.675090,0.985404,0.226412,0.372632
SportsMOT,V087,458,S_r,4924,4,0,0.146671,0.709592,-0.296422,0.950418,0.998303,0.998100
SportsMOT,V087,458,S_r,4933,8,0,0.413524,0.496012,-0.299971,0.993978,0.917452,0.998063
SportsMOT,V087,459,S_r,4924,3,0,0.207793,0.496537,-0.633145,0.976052,0.917848,0.981915
SportsMOT,V087,459,S_r,4929,4,0,0.048242,0.313768,-1.044502,0.649042,0.708723,0.850503
SportsMOT,V087,474,S_r,4933,3,0,0.029351,0.338983,-1.120633,0.388984,0.745175,0.807819
SportsMOT,V087,474,S_r,4924,8,0,0.114231,0.396801,-1.120633,0.917833,0.819098,0.807819
SportsMOT,V087,484,S_c,4939,18,0,1.000000,0.000000,-0.955974,1.000000,0.226412,0.893190
SportsMOT,V087,528,S_c,4940,1,0,1.000000,0.000000,-0.939964,1.000000,0.226412,0.900076
SportsMOT,V087,536,S_c,4941,0,0,1.000000,0.000000,-0.969138,1.000000,0.226412,0.887309
SportsMOT,V087,556,S_c,4942,19,0,1.000000,0.000000,-0.973230,1.000000,0.226412,0.885488
SportsMOT,V087,583,S_c,4943,16,0,0.997438,0.000000,-0.946786,0.998437,0.226412,0.897170
SportsMOT,V087,597,S_c,4945,7,0,0.936973,0.000000,-0.986394,0.998239,0.226412,0.879349
SportsMOT,V087,597,S_c,4944,9,0,1.000000,0.000000,-0.748860,1.000000,0.226412,0.961708
SportsMOT,V087,601,S_r,4929,7,0,0.663392,0.157441,-0.179167,0.997171,0.451308,0.999084
SportsMOT,V087,601,S_h,4921,11,0,0.835161,0.000000,-0.762771,0.997872,0.226412,0.958432
SportsMOT,V087,601,S_r,4871,15,0,0.481918,0.288327,-0.229755,0.995385,0.669227,0.998737
SportsMOT,V087,602,S_c,4946,12,0,0.811677,0.000000,-0.922129,0.997771,0.226412,0.907342
SportsMOT,V087,602,S_c,4947,14,0,1.000000,0.000000,-0.733806,1.000000,0.226412,0.965009
SportsMOT,V087,603,S_c,4954,13,0,1.000000,0.000000,-0.738861,1.000000,0.226412,0.963870
SportsMOT,V087,607,S_c,4961,13,0,1.000000,0.000000,-0.715921,1.000000,0.226412,0.968566
SportsMOT,V087,608,S_c,4966,9,0,1.000000,0.000000,-0.853263,1.000000,0.226412,0.932584
SportsMOT,V087,611,S_h,4944,11,0,1.000000,0.000000,-0.932712,1.000000,0.226412,0.903031
SportsMOT,V087,625,S_h,4934,13,0,0.718931,0.000000,-1.244677,0.997417,0.226412,0.727604
SportsMOT,V088,139,S_c,4993,1,0,1.000000,0.000000,-0.849166,1.000000,0.226412,0.933944
SportsMOT,V088,151,S_c,4994,4,0,1.000000,0.000000,-0.948879,1.000000,0.226412,0.896283
SportsMOT,V088,153,S_c,4995,12,0,1.000000,0.000000,-0.679790,1.000000,0.226412,0.974821
SportsMOT,V088,154,S_c,4996,4,0,1.000000,0.000000,-0.747839,1.000000,0.226412,0.961930
SportsMOT,V088,157,S_c,4997,0,0,1.000000,0.000000,-0.932505,1.000000,0.226412,0.903129
SportsMOT,V088,171,S_r,4981,7,0,0.369057,0.616931,-0.050644,0.992502,0.982016,0.999599
SportsMOT,V088,171,S_r,4988,8,0,0.133608,0.829761,-0.050644,0.939886,0.999954,0.999599
SportsMOT,V088,255,S_r,4998,9,0,0.189194,0.000000,-1.718553,0.970923,0.226412,0.335261
SportsMOT,V088,266,S_c,5000,10,0,0.914525,0.000000,-1.056380,0.998167,0.226412,0.844228
SportsMOT,V088,325,S_c,5003,17,0,1.000000,0.000000,0.000000,1.000000,0.226412,0.999682
SportsMOT,V088,385,S_c,5006,4,0,1.000000,0.000000,-0.928545,1.000000,0.226412,0.904760
SportsMOT,V088,412,S_c,5008,5,0,1.000000,0.000000,-0.978374,1.000000,0.226412,0.883103
SportsMOT,V088,412,S_c,5009,13,0,1.000000,0.000000,-0.978374,1.000000,0.226412,0.883103
SportsMOT,V088,533,S_r,5010,16,0,0.107859,0.000000,-1.814231,0.908058,0.226412,0.243407
SportsMOT,V088,548,S_c,5011,17,0,1.000000,0.000000,-0.954769,1.000000,0.226412,0.893761
SportsMOT,V089,28,S_r,5019,6,0,0.156976,0.407143,-0.783166,0.956983,0.831454,0.953393
SportsMOT,V089,28,S_r,5016,7,0,0.321888,0.330828,-0.783166,0.990180,0.733747,0.953393
SportsMOT,V089,57,S_c,5021,0,0,1.000000,0.000000,-0.954910,1.000000,0.226412,0.893700
SportsMOT,V089,79,S_c,5023,9,0,1.000000,0.000000,-0.823978,1.000000,0.226412,0.941893
SportsMOT,V089,104,S_c,5026,11,0,0.907138,0.000000,-0.878964,0.998142,0.226412,0.923803
SportsMOT,V089,105,S_h,5025,12,0,0.629441,0.010345,-0.783763,0.996943,0.241730,0.953275
SportsMOT,V089,109,S_c,5027,12,0,1.000000,0.000000,-0.714462,1.000000,0.226412,0.968819
SportsMOT,V089,124,S_c,5032,14,0,1.000000,0.000000,-0.799384,1.000000,0.226412,0.949020
SportsMOT,V089,129,S_c,5035,15,0,1.000000,0.000000,-0.843837,1.000000,0.226412,0.935684
SportsMOT,V089,167,S_c,5038,7,0,1.000000,0.000000,-0.935927,1.000000,0.226412,0.901703
SportsMOT,V089,251,S_c,5040,8,0,0.866843,0.000000,-1.080674,0.997993,0.226412,0.831162
SportsMOT,V089,276,S_c,5041,2,0,1.000000,0.000000,-0.891547,1.000000,0.226412,0.919189
SportsMOT,V089,361,S_c,5042,11,0,1.000000,0.000000,-0.933973,1.000000,0.226412,0.902513
SportsMOT,V089,411,S_c,5045,10,0,1.000000,0.000000,-0.952083,1.000000,0.226412,0.894913
SportsMOT,V089,513,S_c,5046,14,0,1.000000,0.000000,-0.961817,1.000000,0.226412,0.890716
SportsMOT,V089,523,S_c,5048,10,0,1.000000,0.000000,-0.970416,1.000000,0.226412,0.886728
SportsMOT,V089,572,S_c,5049,0,0,1.000000,0.000000,-0.907390,1.000000,0.226412,0.913110
SportsMOT,V089,573,S_r,5049,12,0,0.309511,0.000000,-1.643752,0.989384,0.226412,0.399363
SportsMOT,V089,574,S_c,5050,0,0,0.794753,0.000000,-1.177027,0.997702,0.226412,0.772422
SportsMOT,V089,576,S_r,5050,12,0,0.293233,0.432248,-0.274519,0.988165,0.859403,0.998339
SportsMOT,V089,577,S_c,5051,0,0,0.614164,0.000000,-1.202807,0.996832,0.226412,0.755614
SportsMOT,V089,595,S_c,5052,13,0,1.000000,0.000000,-0.943061,1.000000,0.226412,0.898719
SportsMOT,V089,598,S_c,5053,17,0,1.000000,0.000000,-0.919725,1.000000,0.226412,0.908294
SportsMOT,V089,712,S_r,5046,11,0,0.411021,0.358368,-0.281392,0.993904,0.771230,0.998261
SportsMOT,V089,713,S_c,5055,14,0,0.804640,0.000000,-0.979076,0.997748,0.226412,0.882816
SportsMOT,V089,717,S_r,5055,11,0,0.567720,0.205154,-0.260940,0.996419,0.530921,0.998457
SportsMOT,V089,717,S_r,5019,14,0,0.520149,0.178168,-0.733963,0.995915,0.485303,0.964980
SportsMOT,V089,718,S_c,5056,3,0,1.000000,0.000000,-0.496662,1.000000,0.226412,0.993666
SportsMOT,V089,718,S_c,5057,6,0,0.974586,0.000000,-0.400188,0.998357,0.226412,0.996501
SportsMOT,V089,722,S_r,5019,11,0,0.435416,0.288630,-0.802471,0.994500,0.669716,0.948193
SportsMOT,V089,722,S_r,5057,14,0,0.220776,0.252706,-0.802471,0.978836,0.610846,0.948193
SportsMOT,V089,724,S_c,5067,15,0,0.718417,0.000000,-1.116330,0.997414,0.226412,0.810456
SportsMOT,V089,724,S_c,5066,17,0,1.000000,0.000000,-0.834747,1.000000,0.226412,0.938641
SportsMOT,V089,724,S_r,5062,18,0,0.531616,0.000000,-1.303132,0.996055,0.226412,0.685308
SportsMOT,V089,726,S_c,5073,6,0,0.612258,0.103440,-0.963457,0.996818,0.366228,0.889940
SportsMOT,V089,727,S_h,5046,10,0,0.598333,0.000000,-0.987958,0.996720,0.226412,0.878621
SportsMOT,V089,727,S_h,5042,13,0,0.644808,0.000000,-0.941483,0.997056,0.226412,0.899446
SportsMOT,V089,728,S_c,5078,11,0,1.000000,0.000000,-0.508298,1.000000,0.226412,0.993123
SportsMOT,V089,729,S_c,5080,11,0,0.755200,0.000000,-1.188961,0.997557,0.226412,0.764627
SportsMOT,V089,730,S_c,5082,11,0,0.849119,0.000000,-1.096659,0.997912,0.226412,0.822251
SportsMOT,V089,731,S_c,5085,11,0,0.909873,0.000000,-1.055359,0.998151,0.226412,0.844752
SportsMOT,V089,731,S_c,5084,16,0,1.000000,0.000000,-0.965231,1.000000,0.226412,0.889146
SportsMOT,V089,733,S_c,5088,6,0,1.000000,0.000000,-0.759029,1.000000,0.226412,0.959303
SportsMOT,V089,733,S_c,5089,10,0,1.000000,0.000000,-0.759029,1.000000,0.226412,0.959303
SportsMOT,V089,733,S_c,5090,13,0,1.000000,0.000000,-0.759029,1.000000,0.226412,0.959303
SportsMOT,V089,734,S_h,5073,10,0,0.664795,0.000000,-0.750419,0.997177,0.226412,0.961316
SportsMOT,V089,737,S_h,5080,10,0,0.806464,0.000000,-0.948960,0.997757,0.226412,0.896261
SportsMOT,V089,739,S_h,5082,10,0,0.505097,0.000000,-1.391783,0.995725,0.226412,0.614994
SportsMOT,V089,740,S_h,5085,10,0,0.601322,0.000000,-1.284170,0.996742,0.226412,0.699270
SportsMOT,V089,743,S_c,5098,10,0,1.000000,0.000000,-0.748648,1.000000,0.226412,0.961753
SportsMOT,V089,773,S_c,5106,21,0,1.000000,0.000000,-0.870514,1.000000,0.226412,0.926689
SportsMOT,V090,68,S_c,5121,14,0,1.000000,0.000000,-0.958463,1.000000,0.226412,0.892148
SportsMOT,V090,71,S_c,5122,15,0,1.000000,0.000000,-0.891541,1.000000,0.226412,0.919189
SportsMOT,V090,232,S_c,5127,20,0,1.000000,0.000000,-0.854687,1.000000,0.226412,0.932108
SportsMOT,V090,233,S_c,5130,4,0,1.000000,0.000000,-0.959422,1.000000,0.226412,0.891723
SportsMOT,V090,237,S_c,5137,15,0,1.000000,0.000000,-0.765060,1.000000,0.226412,0.957890
SportsMOT,V090,237,S_c,5136,16,0,0.992043,0.000000,-0.773017,0.998414,0.226412,0.955921
SportsMOT,V090,242,S_c,5148,4,0,1.000000,0.000000,-0.768093,1.000000,0.226412,0.957186
SportsMOT,V090,264,S_h,5122,8,0,0.211714,0.000000,-1.714762,0.976924,0.226412,0.338528
SportsMOT,V090,270,S_c,5149,4,0,1.000000,0.000000,-0.965102,1.000000,0.226412,0.889196
SportsMOT,V090,271,S_h,5114,14,0,0.499817,0.000000,-0.923986,0.995650,0.226412,0.906592
SportsMOT,V090,272,S_c,5150,8,0,1.000000,0.000000,-0.867927,1.000000,0.226412,0.927511
SportsMOT,V090,275,S_h,5122,14,0,0.359990,0.000000,-1.577358,0.992130,0.226412,0.456492
SportsMOT,V090,277,S_c,5154,1,0,1.000000,0.000000,-0.853544,1.000000,0.226412,0.932486
SportsMOT,V090,277,S_c,5151,3,0,1.000000,0.000000,-0.853544,1.000000,0.226412,0.932486
SportsMOT,V090,277,S_c,5152,4,0,1.000000,0.000000,-0.853544,1.000000,0.226412,0.932486
SportsMOT,V090,277,S_c,5153,14,0,1.000000,0.000000,-0.853544,1.000000,0.226412,0.932486
SportsMOT,V090,279,S_c,5155,16,0,0.451194,0.000000,-1.536911,0.994846,0.226412,0.491737
SportsMOT,V090,282,S_c,5157,14,0,0.985726,0.000000,-0.775742,0.998390,0.226412,0.955236
SportsMOT,V090,282,S_c,5158,15,0,1.000000,0.000000,-0.761467,1.000000,0.226412,0.958706
SportsMOT,V090,283,S_c,5161,9,0,1.000000,0.000000,-0.894317,1.000000,0.226412,0.918137
SportsMOT,V090,286,S_h,5137,8,0,0.635175,0.000000,-0.929213,0.996993,0.226412,0.904499
SportsMOT,V090,287,S_c,5170,0,0,1.000000,0.000000,-0.692066,1.000000,0.226412,0.972857
SportsMOT,V090,288,S_h,5122,4,0,1.000000,0.000000,-0.858712,1.000000,0.226412,0.930716
SportsMOT,V090,289,S_h,5121,4,0,0.658141,0.000000,-1.264010,0.997139,0.226412,0.713897
SportsMOT,V090,290,S_h,5114,4,0,0.616219,0.000000,-1.337614,0.996847,0.226412,0.659109
SportsMOT,V090,290,S_c,5176,5,0,1.000000,0.000000,-0.953833,1.000000,0.226412,0.894182
SportsMOT,V090,290,S_h,5150,8,0,0.046405,0.000000,-1.907428,0.630111,0.226412,0.107140
SportsMOT,V090,292,S_c,5177,4,0,1.000000,0.000000,-0.699002,1.000000,0.226412,0.971632
SportsMOT,V090,297,S_c,5183,5,0,1.000000,0.000000,-0.598581,1.000000,0.226412,0.986083
SportsMOT,V090,352,S_r,5150,14,0,0.283949,0.242337,-0.473715,0.987327,0.593506,0.994507
SportsMOT,V090,353,S_c,5191,0,0,1.000000,0.000000,-0.857891,1.000000,0.226412,0.931018
SportsMOT,V090,353,S_c,5186,15,0,1.000000,0.000000,-0.857891,1.000000,0.226412,0.931018
SportsMOT,V090,353,S_c,5189,17,0,0.989846,0.000000,-0.690851,0.998402,0.226412,0.973036
SportsMOT,V090,355,S_h,5120,15,0,0.419218,0.000000,-1.533634,0.994098,0.226412,0.494583
SportsMOT,V090,358,S_c,5217,0,0,1.000000,0.000000,-0.801186,1.000000,0.226412,0.948500
SportsMOT,V090,358,S_c,5222,13,0,1.000000,0.000000,-0.801186,1.000000,0.226412,0.948500
SportsMOT,V090,358,S_c,5223,14,0,1.000000,0.000000,-0.801186,1.000000,0.226412,0.948500
SportsMOT,V090,358,S_c,5214,15,0,1.000000,0.000000,-0.801186,1.000000,0.226412,0.948500
SportsMOT,V090,358,S_c,5220,17,0,1.000000,0.000000,-0.801186,1.000000,0.226412,0.948500
SportsMOT,V090,358,S_c,5215,18,0,1.000000,0.000000,-0.801186,1.000000,0.226412,0.948500
SportsMOT,V090,361,S_h,5177,8,0,0.954673,0.000000,-0.983847,0.998293,0.226412,0.880499
SportsMOT,V090,362,S_h,5189,15,0,0.712495,0.000000,-0.287505,0.997386,0.226412,0.998194
SportsMOT,V090,362,S_h,5110,17,0,0.763183,0.016262,-0.757746,0.997583,0.249270,0.959627
SportsMOT,V090,363,S_h,5151,6,0,1.000000,0.000000,-0.743952,1.000000,0.226412,0.962810
SportsMOT,V090,363,S_c,5247,14,0,1.000000,0.000000,-0.743952,1.000000,0.226412,0.962810
SportsMOT,V090,363,S_c,5250,19,0,1.000000,0.000000,-0.743952,1.000000,0.226412,0.962810
SportsMOT,V090,368,S_c,5271,3,0,1.000000,0.000000,-0.716091,1.000000,0.226412,0.968533
SportsMOT,V090,368,S_c,5272,6,0,1.000000,0.000000,-0.716091,1.000000,0.226412,0.968533
SportsMOT,V090,368,S_c,5275,14,0,1.000000,0.000000,-0.716091,1.000000,0.226412,0.968533
SportsMOT,V090,368,S_c,5274,16,0,1.000000,0.000000,-0.716091,1.000000,0.226412,0.968533
SportsMOT,V090,373,S_c,5295,4,0,1.000000,0.000000,-0.817891,1.000000,0.226412,0.943774
SportsMOT,V090,373,S_c,5296,14,0,1.000000,0.000000,-0.817891,1.000000,0.226412,0.943774
SportsMOT,V090,374,S_c,5300,8,0,0.924078,0.000000,-0.908631,0.998192,0.226412,0.912609
SportsMOT,V090,377,S_r,5300,14,0,0.326218,0.432269,-0.241514,0.990427,0.859429,0.998626
SportsMOT,V090,378,S_c,5308,8,0,0.638653,0.000000,-1.151596,0.997014,0.226412,0.788597
SportsMOT,V090,378,S_c,5307,20,0,1.000000,0.000000,-0.790249,1.000000,0.226412,0.951533
SportsMOT,V090,380,S_h,5214,15,0,0.228327,0.000000,-1.728799,0.980240,0.226412,0.326139
SportsMOT,V090,381,S_h,5220,17,0,0.128380,0.004218,-1.829892,0.934963,0.233287,0.225411
SportsMOT,V090,389,S_h,5247,14,0,0.271259,0.615555,-0.626087,0.986101,0.981606,0.982898
SportsMOT,V090,391,S_h,5275,14,0,0.327074,0.516490,-0.789153,0.990480,0.932477,0.951815
SportsMOT,V090,394,S_h,5296,14,0,0.327456,0.425640,-0.913505,0.990504,0.852311,0.910797
SportsMOT,V090,405,S_r,5250,16,0,0.073863,0.506945,-0.842944,0.817060,0.925607,0.935998
SportsMOT,V090,405,S_r,5274,19,0,0.094206,0.482040,-0.842944,0.881168,0.906178,0.935998
SportsMOT,V090,428,S_c,5309,6,0,1.000000,0.000000,-0.937529,1.000000,0.226412,0.901087
SportsMOT,V090,483,S_r,5250,2,0,0.016587,0.507151,-0.919148,0.148616,0.925784,0.908536
SportsMOT,V090,483,S_c,5310,9,0,1.000000,0.000000,-0.972838,1.000000,0.226412,0.885673
SportsMOT,V090,483,S_r,5107,16,0,0.064351,0.492763,-0.919148,0.771020,0.914898,0.908536
SportsMOT,V090,516,S_c,5311,1,0,1.000000,0.000000,-0.969441,1.000000,0.226412,0.887174
SportsMOT,V090,521,S_c,5312,4,0,1.000000,0.000000,-0.943727,1.000000,0.226412,0.898448
SportsMOT,V090,522,S_c,5313,0,0,1.000000,0.000000,-0.949973,1.000000,0.226412,0.895818
SportsMOT,V090,534,S_c,5316,3,0,1.000000,0.000000,-0.772476,1.000000,0.226412,0.956067
SportsMOT,V090,534,S_c,5317,8,0,1.000000,0.000000,-0.772476,1.000000,0.226412,0.956067
SportsMOT,V090,534,S_h,5308,14,0,1.000000,0.000000,-0.772476,1.000000,0.226412,0.956067
SportsMOT,V090,534,S_c,5319,17,0,1.000000,0.000000,-0.772476,1.000000,0.226412,0.956067
SportsMOT,V090,534,S_c,5315,20,0,1.000000,0.000000,-0.772476,1.000000,0.226412,0.956067
SportsMOT,V090,538,S_r,5317,14,0,0.394798,0.124761,-0.480441,0.993411,0.399015,0.994302
SportsMOT,V090,539,S_c,5322,3,0,1.000000,0.000000,-0.633146,1.000000,0.226412,0.981915
SportsMOT,V090,539,S_c,5321,15,0,1.000000,0.000000,-0.633146,1.000000,0.226412,0.981915
SportsMOT,V090,540,S_c,5327,4,0,1.000000,0.000000,-0.842175,1.000000,0.226412,0.936276
SportsMOT,V090,543,S_h,5214,2,0,0.773579,0.000000,-0.226421,0.997611,0.226412,0.998757
SportsMOT,V090,543,S_h,5220,14,0,0.887758,0.000000,-0.338663,0.998062,0.226412,0.997572
SportsMOT,V090,544,S_c,5343,0,0,1.000000,0.000000,-0.412175,1.000000,0.226412,0.996270
SportsMOT,V090,544,S_c,5344,11,0,1.000000,0.000000,-0.412175,1.000000,0.226412,0.996270
SportsMOT,V090,545,S_c,5350,4,0,1.000000,0.000000,-0.934117,1.000000,0.226412,0.902446
SportsMOT,V090,546,S_c,5358,8,0,0.610045,0.000000,-1.346253,0.996805,0.226412,0.652317
SportsMOT,V090,549,S_h,5319,14,0,1.000000,0.000000,0.000000,1.000000,0.226412,0.999682
SportsMOT,V090,549,S_c,5368,17,0,1.000000,0.000000,0.000000,1.000000,0.226412,0.999682
SportsMOT,V090,551,S_c,5375,4,0,1.000000,0.000000,-0.884549,1.000000,0.226412,0.921748
SportsMOT,V090,551,S_c,5376,6,0,1.000000,0.000000,-0.884549,1.000000,0.226412,0.921748
SportsMOT,V090,552,S_r,5319,8,0,0.080206,0.000000,-1.904455,0.841167,0.226412,0.112699
SportsMOT,V090,553,S_h,5296,4,0,0.789752,0.000000,-0.871990,0.997687,0.226412,0.926186
SportsMOT,V090,554,S_c,5385,5,0,1.000000,0.000000,-0.713524,1.000000,0.226412,0.968985
SportsMOT,V090,554,S_c,5384,6,0,1.000000,0.000000,-0.713524,1.000000,0.226412,0.968985
SportsMOT,V090,554,S_c,5383,12,0,1.000000,0.000000,-0.713524,1.000000,0.226412,0.968985
SportsMOT,V090,556,S_h,5315,14,0,0.841932,0.000000,-1.098729,0.997890,0.226412,0.821044
SportsMOT,V090,558,S_r,5315,8,0,0.503951,0.384816,-0.111233,0.995713,0.804550,0.999419
SportsMOT,V090,559,S_h,5319,8,0,0.308227,0.000000,-1.480164,0.989309,0.226412,0.540288
SportsMOT,V090,561,S_c,5389,10,0,1.000000,0.000000,-0.937529,1.000000,0.226412,0.901087
SportsMOT,V090,562,S_h,5313,0,0,0.206344,0.000000,-1.766388,0.975698,0.226412,0.291971
SportsMOT,V090,563,S_h,5343,0,0,0.687326,0.000000,-0.688528,0.997279,0.226412,0.973422
SportsMOT,V090,655,S_c,5390,13,0,1.000000,0.000000,-0.971474,1.000000,0.226412,0.886284
SportsMOT,V090,660,S_c,5391,4,0,1.000000,0.000000,-0.975425,1.000000,0.226412,0.884499
SportsMOT,V090,665,S_c,5392,6,0,1.000000,0.000000,-0.968097,1.000000,0.226412,0.887809
SportsMOT,V090,669,S_c,5393,6,0,1.000000,0.000000,-0.788358,1.000000,0.226412,0.952059
SportsMOT,V090,674,S_c,5394,2,0,1.000000,0.000000,-0.750683,1.000000,0.226412,0.961248
SportsMOT,V090,675,S_c,5395,8,0,1.000000,0.000000,-0.894894,1.000000,0.226412,0.917920
SportsMOT,V090,677,S_c,5396,7,0,1.000000,0.000000,-0.969293,1.000000,0.226412,0.887239
SportsMOT,V090,680,S_c,5397,7,0,1.000000,0.000000,-0.833264,1.000000,0.226412,0.939106
SportsMOT,V090,686,S_c,5398,17,0,1.000000,0.000000,-0.911617,1.000000,0.226412,0.911498
SportsMOT,V090,692,S_c,5399,14,0,1.000000,0.000000,-0.965870,1.000000,0.226412,0.888862
SportsMOT,V090,693,S_c,5400,15,0,1.000000,0.000000,-0.944684,1.000000,0.226412,0.898023
SportsMOT,V090,693,S_c,5401,18,0,1.000000,0.000000,-0.944684,1.000000,0.226412,0.898023
SportsMOT,V090,695,S_c,5403,14,0,1.000000,0.000000,-0.812967,1.000000,0.226412,0.945191
SportsMOT,V090,696,S_c,5404,16,0,1.000000,0.000000,-0.814172,1.000000,0.226412,0.944829
SportsMOT,V090,700,S_c,5405,16,0,0.924869,0.000000,-0.719285,0.998194,0.226412,0.967888
SportsMOT,V090,715,S_c,5408,9,0,1.000000,0.000000,-0.678728,1.000000,0.226412,0.974969
SportsMOT,V090,715,S_c,5407,19,0,1.000000,0.000000,-0.678728,1.000000,0.226412,0.974969
SportsMOT,V090,736,S_c,5409,20,0,1.000000,0.000000,-0.936040,1.000000,0.226412,0.901662
SportsMOT,V090,811,S_c,5411,6,0,1.000000,0.000000,-0.956512,1.000000,0.226412,0.892990
