seq,frame,type,gt_id_old,gt_id_new,track_id,old_hid,last_frame,gap,IoU_last,dx_last,dy_last,dist_last,IoU_prev,IoU_next,IoU_swap,dist_swap,area_ratio,na_flag
V001,47,reuse,4,42,6,0,43,4,0.65243931,1.70000000,-50.90000000,50.92838109,,0.87659474,,,0.96173124,no_prev
V001,104,switch,36,36,47,18,,,,,,,,0.75702443,,,,no_last_seen|no_prev|no_old
V001,108,reuse,25,9,40,0,98,10,0.35677131,20.65000000,33.55000000,39.39574850,,,,,1.46395134,no_prev|no_next
V001,124,switch,8,8,20,27,123,1,0.90898545,-2.80000000,-2.05000000,3.47023054,0.90898545,0.88112784,,,1.03165731,no_old
V001,125,reuse,7,8,20,0,124,1,0.88112784,-3.45000000,-3.60000000,4.98623104,0.88112784,0.91213572,,,1.01449259,
V001,127,switch,9,9,19,40,117,10,0.39285261,-6.05000000,59.00000000,59.30937953,,0.93416940,,,1.59484799,no_prev|no_old
V001,128,switch,7,7,12,20,127,1,0.91913361,-2.65000000,-1.40000000,2.99708191,0.91913361,0.96441614,0.43887058,28.96756807,0.98271450,
V001,128,reuse,35,9,19,0,127,1,0.93416940,1.85000000,-1.75000000,2.54656632,0.93416940,0.89163851,,,0.95213783,
V001,129,reuse,12,7,12,0,128,1,0.96441614,-0.10000000,-2.50000000,2.50199920,0.96441614,0.85422589,,,0.98224555,
V001,140,switch,12,12,17,12,139,1,0.31871361,-29.80000000,18.30000000,34.97041607,0.31871361,0.72955839,0.03150819,64.26359778,1.05510691,
V001,141,reuse,29,12,17,0,140,1,0.72955839,-7.60000000,8.55000000,11.43951485,0.72955839,0.86742182,,,1.07739856,
V001,144,switch,35,35,54,19,,,,,,,,0.81425888,,,,no_last_seen|no_prev|no_old
V001,151,switch,29,29,40,17,150,1,0.94210069,-0.15000000,3.00000000,3.00374766,0.94210069,0.65483597,0.00000000,102.56210314,1.04532344,
V001,166,reuse,13,47,13,0,165,1,0.85725104,5.05000000,-3.40000000,6.08789783,0.85725104,0.81600078,,,0.91396340,
V001,169,switch,47,47,66,13,,,,,,,,0.82727126,0.35413010,44.57378714,,no_last_seen|no_prev
V001,171,switch,30,30,40,29,170,1,0.94669876,0.20000000,-2.55000000,2.55783111,0.94669876,0.92338052,,,0.95568089,no_old
V001,172,reuse,9,30,40,0,171,1,0.92338052,-2.40000000,-0.45000000,2.44182309,0.92338052,0.87745222,,,0.98961924,
V001,176,reuse,30,29,40,0,175,1,0.97632437,0.55000000,-0.55000000,0.77781746,0.97632437,0.94023031,,,1.00341345,
V001,178,reuse,29,30,40,0,177,1,0.71793026,8.95000000,-3.95000000,9.78289323,0.71793026,0.76967937,,,0.89850880,
V001,185,switch,77,77,67,24,184,1,0.94148332,1.40000000,0.00000000,1.40000000,0.94148332,0.97881583,0.38940233,18.81893993,1.01040081,
V001,185,reuse,16,44,32,0,184,1,0.88921168,5.10000000,-0.60000000,5.13517283,0.88921168,0.78620005,,,0.99767585,
V001,188,switch,29,29,76,40,,,,,,,,0.84071076,0.36653873,28.28011669,,no_last_seen|no_prev
V001,201,switch,77,77,24,67,200,1,0.93336450,-0.70000000,1.80000000,1.93132079,0.93336450,0.95060678,,,0.96605939,no_old
V001,224,switch,74,74,83,59,,,,,,,,0.92132748,,,,no_last_seen|no_prev|no_old
V001,225,reuse,33,49,11,0,224,1,0.78720399,1.50000000,22.60000000,22.64972406,0.78720399,0.86195351,,,1.02756564,
V001,229,switch,77,77,71,24,228,1,0.88119943,2.25000000,-0.20000000,2.25887140,0.88119943,0.94950736,,,1.03515713,no_old
V001,238,switch,78,78,24,26,237,1,0.95165270,0.95000000,0.50000000,1.07354553,0.95165270,,,,1.01018330,no_next|no_old
V001,239,switch,78,78,26,26,237,2,0.94102236,-1.20000000,0.75000000,1.41509717,,0.95547774,1.00000000,0.00000000,0.96936992,no_prev
V001,242,switch,78,78,24,26,238,4,0.86433468,2.70000000,-1.65000000,3.16425347,,0.91474580,,,0.95838782,no_prev|no_old
V001,243,reuse,77,78,24,0,242,1,0.91474580,1.85000000,-0.60000000,1.94486503,0.91474580,0.93991970,,,1.00899981,
V001,247,switch,49,49,86,11,246,1,0.82077652,-8.55000000,0.95000000,8.60261588,0.82077652,0.83074729,0.32417208,46.44709356,0.98529138,
V001,247,switch,53,53,38,86,246,1,0.82436539,6.30000000,5.35000000,8.26513763,0.82436539,0.78163004,0.35945525,51.87875288,1.09311322,
V001,248,reuse,53,49,86,0,247,1,0.83074729,-7.90000000,1.20000000,7.99061950,0.83074729,0.88368218,,,0.98457124,
V001,248,reuse,32,53,38,0,247,1,0.78163004,10.05000000,3.25000000,10.56243343,0.78163004,0.86245769,,,1.05828578,
V001,249,switch,31,31,38,34,248,1,0.86245769,6.00000000,1.65000000,6.22274055,0.86245769,0.91753254,0.30482880,48.89450378,1.05218813,
V001,249,switch,32,32,11,38,247,2,0.43212947,31.10000000,0.90000000,31.11301978,,0.85134306,0.47314656,26.92285275,0.86183413,no_prev
V001,249,switch,53,53,34,38,248,1,0.89722017,-4.50000000,0.90000000,4.58911756,0.89722017,0.98148307,0.30482880,48.89450378,0.98322038,
V001,250,reuse,53,31,38,0,249,1,0.91753254,3.80000000,0.30000000,3.81182371,0.91753254,0.90517477,,,1.02107698,
V001,250,reuse,31,53,34,0,249,1,0.98148307,-0.20000000,0.75000000,0.77620873,0.98148307,0.92723120,,,1.01571344,
V001,254,switch,63,63,93,90,,,,,,,,0.83415503,0.56975547,12.60247991,,no_last_seen|no_prev
V001,254,reuse,63,64,90,0,253,1,0.88000599,2.45000000,-0.95000000,2.62773667,0.88000599,0.91643326,,,0.94797090,
V001,266,switch,46,46,95,65,,,,,,,,0.91800871,,,,no_last_seen|no_prev|no_old
V001,282,switch,26,26,10,5,281,1,0.91842812,4.80000000,-0.15000000,4.80234318,0.91842812,0.92261685,,,1.01505156,no_old
V001,283,reuse,24,26,10,0,282,1,0.92261685,4.05000000,1.50000000,4.31885401,0.92261685,0.93875223,,,1.02730502,
V001,284,switch,58,58,103,74,283,1,0.95687742,-0.85000000,-0.40000000,0.93941471,0.95687742,0.97311672,0.26381181,37.90557347,0.96252523,
V001,291,switch,23,23,103,25,290,1,0.98123605,0.30000000,0.80000000,0.85440037,0.98123605,0.94861847,,,0.99701937,no_old
V001,292,reuse,58,23,103,0,291,1,0.94861847,-0.75000000,2.45000000,2.56222560,0.94861847,0.89248185,,,1.00463425,
V001,296,switch,23,23,106,103,295,1,0.86875368,-4.05000000,-0.90000000,4.14879501,0.86875368,0.97784944,0.57514946,17.50028571,1.00806452,
V001,296,switch,25,25,115,40,,,,,,,,0.95255495,0.00000000,449.34440299,,no_last_seen|no_prev
V001,296,switch,58,58,25,103,285,11,0.69432738,6.90000000,11.85000000,13.71249430,,0.91478697,0.30007798,35.16390195,1.16236262,no_prev
V001,297,switch,29,29,40,76,296,1,0.85277455,6.85000000,0.65000000,6.88077031,0.85277455,0.89297693,,,0.99377563,no_old
V001,297,reuse,23,58,25,0,296,1,0.91478697,0.75000000,-5.35000000,5.40231432,0.91478697,0.86247674,,,1.02343362,
V001,298,switch,20,20,25,35,297,1,0.86247674,-2.05000000,-0.35000000,2.07966343,0.86247674,,0.52384283,25.96247292,0.86247674,no_next
V001,298,switch,58,58,35,25,297,1,0.85343639,-4.65000000,-1.80000000,4.98623104,0.85343639,0.89170469,0.52384283,25.96247292,1.03312309,
V001,298,reuse,30,29,40,0,297,1,0.89297693,4.80000000,-0.20000000,4.80416486,0.89297693,0.91132785,,,0.98994096,
V001,299,switch,20,20,103,35,298,1,0.98447790,-0.40000000,0.20000000,0.44721360,0.98447790,0.99576632,0.14058080,53.28679480,0.99034451,
V001,299,reuse,20,58,35,0,298,1,0.89170469,-3.40000000,-0.50000000,3.43656806,0.89170469,0.84123465,,,1.02146765,
V001,300,reuse,23,20,103,0,299,1,0.99576632,-0.10000000,0.10000000,0.14142136,0.99576632,0.94244145,,,0.99576632,
V001,301,switch,23,23,74,106,300,1,0.95582712,-1.00000000,-1.20000000,1.56204994,0.95582712,0.64729836,0.62249942,14.61446202,0.98413153,
V001,301,switch,46,46,66,95,300,1,0.98425168,-0.55000000,-0.15000000,0.57008771,0.98425168,0.96835579,,,0.99141647,no_old
V001,302,reuse,58,23,74,0,301,1,0.64729836,13.30000000,2.30000000,13.49740716,0.64729836,0.81608662,,,1.01545661,
V001,302,reuse,47,46,66,0,301,1,0.96835579,-1.05000000,0.45000000,1.14236597,0.96835579,0.97798939,,,0.99395534,
V001,302,reuse,26,50,5,0,284,18,0.00234827,93.80000000,59.25000000,110.94594404,,0.92783202,,,1.22749106,no_prev
V001,303,switch,25,25,119,115,,,,,,,,0.99021623,,,,no_last_seen|no_prev|no_old
V001,303,switch,30,30,118,40,,,,,,,,0.91716325,0.64889932,18.43108787,,no_last_seen|no_prev
V001,309,switch,23,23,116,74,308,1,0.89711860,2.80000000,2.05000000,3.47023054,0.89711860,0.98604422,0.30161889,35.38689729,1.01721259,
V001,310,switch,9,9,119,19,309,1,0.84769734,3.55000000,3.25000000,4.81300322,0.84769734,,,,1.05837176,no_next|no_old
V001,312,switch,47,47,35,66,311,1,0.29181637,-37.85000000,10.60000000,39.30626540,0.29181637,0.59731295,0.22310057,48.95324300,0.92626168,
V001,313,reuse,58,47,35,0,312,1,0.59731295,-16.60000000,4.10000000,17.09883037,0.59731295,0.72229656,,,0.96179645,
V001,314,switch,58,58,119,35,313,1,0.81581219,-5.50000000,1.80000000,5.78705452,0.81581219,0.89969972,0.00000000,132.01663721,1.08829815,
V001,314,switch,77,77,121,71,313,1,0.96660579,0.10000000,1.10000000,1.10453610,0.96660579,0.81231688,,,1.00000000,no_old
V001,315,reuse,25,58,119,0,314,1,0.89969972,-3.65000000,-0.10000000,3.65136961,0.89969972,0.86757885,,,0.99783278,
V001,317,switch,20,20,74,103,316,1,0.81359414,-5.75000000,-0.25000000,5.75543222,0.81359414,0.87834417,0.42632870,26.90227686,0.93213651,
V001,317,switch,25,25,25,119,310,7,0.27426383,-38.05000000,-1.85000000,38.09494717,,0.91841351,0.23460928,45.86556442,1.41402537,no_prev
V001,318,reuse,23,20,74,0,317,1,0.87834417,-3.80000000,-0.50000000,3.83275358,0.87834417,0.94403409,,,0.97437366,
V001,318,reuse,58,25,25,0,317,1,0.91841351,-1.00000000,-4.20000000,4.31740663,0.91841351,0.95918202,,,0.92440469,
V001,322,switch,20,20,106,74,321,1,0.95817175,-0.90000000,0.75000000,1.17153745,0.95817175,0.98386456,0.60682974,15.79723077,1.02810130,
V001,322,switch,22,22,25,21,321,1,0.89208210,3.00000000,2.75000000,4.06970515,0.89208210,0.86685757,0.57986709,16.67648044,1.02660847,
V001,322,switch,25,25,21,25,321,1,0.95771436,0.70000000,1.75000000,1.88480768,0.95771436,,0.57986709,16.67648044,1.00545124,no_next
V001,323,switch,10,10,62,22,322,1,0.98533473,0.00000000,0.30000000,0.30000000,0.98533473,0.94323882,,,1.01488354,no_old
V001,323,reuse,23,20,106,0,322,1,0.98386456,0.50000000,-0.10000000,0.50990195,0.98386456,0.97377850,,,1.00123916,
V001,323,reuse,25,22,25,0,322,1,0.86685757,4.45000000,1.85000000,4.81923230,0.86685757,0.83634196,,,1.02531385,
V001,326,switch,77,77,71,121,325,1,0.89800900,-1.60000000,1.30000000,2.06155281,0.89800900,0.92088446,,,0.92636794,no_old
V001,344,switch,22,22,74,25,343,1,0.80281560,-6.80000000,1.35000000,6.93271231,0.80281560,0.91742250,,,0.99940012,no_old
V001,345,reuse,20,22,74,0,344,1,0.91742250,-2.65000000,-0.25000000,2.66176633,0.91742250,0.96356906,,,0.98892260,
V001,348,switch,30,30,28,118,347,1,0.94716689,2.00000000,-0.55000000,2.07424685,0.94716689,0.97758688,,,1.01412301,no_old
V001,349,reuse,28,30,28,0,348,1,0.97758688,-0.15000000,-1.05000000,1.06066017,0.97758688,0.97065011,,,1.02292698,
V001,358,switch,21,21,74,30,357,1,0.97521440,0.70000000,0.05000000,0.70178344,0.97521440,0.95112610,,,1.01677223,no_old
V001,358,reuse,30,52,28,0,357,1,0.87400339,0.20000000,-6.50000000,6.50307620,0.87400339,0.81060576,,,0.87474413,
V001,359,reuse,22,21,74,0,358,1,0.95112610,-1.40000000,0.05000000,1.40089257,0.95112610,0.98749802,,,1.02541840,
V001,362,switch,78,78,134,24,361,1,0.96532067,-0.55000000,0.65000000,0.85146932,0.96532067,0.96070294,,,0.99698602,no_old
V001,366,switch,22,22,136,74,,,,,,,,0.92271110,0.00000000,76.98436530,,no_last_seen|no_prev
V001,368,switch,77,77,24,71,361,7,0.73682382,6.40000000,0.20000000,6.40312424,,0.96362597,,,0.93262432,no_prev|no_old
V001,369,reuse,78,77,24,0,368,1,0.96362597,-0.45000000,-0.10000000,0.46097722,0.96362597,0.81996394,,,0.96362597,
V001,387,switch,21,21,143,74,,,,,,,,0.95559374,,,,no_last_seen|no_prev|no_old
V001,397,switch,78,78,140,134,396,1,0.88173814,2.40000000,0.70000000,2.50000000,0.88173814,0.98806087,,,1.05168961,no_old
V001,409,switch,21,21,147,143,396,13,0.14150205,-50.70000000,-53.60000000,73.77973977,,,0.69401713,11.00329496,0.85015126,no_prev|no_next
V001,409,switch,77,77,134,24,408,1,0.96074023,0.25000000,0.20000000,0.32015621,0.96074023,0.97725495,,,0.96074023,no_old
V001,410,reuse,78,77,134,0,409,1,0.97725495,0.10000000,-0.70000000,0.70710678,0.97725495,0.94354965,,,1.01539154,
V001,412,switch,78,78,24,140,411,1,0.84643462,3.10000000,-1.20000000,3.32415403,0.84643462,0.76325321,,,1.08828661,no_old
V001,413,switch,51,51,147,122,409,4,0.53120598,-21.25000000,4.10000000,21.64191535,,0.96111235,,,1.16767761,no_prev|no_old
V001,413,reuse,77,78,24,0,412,1,0.76325321,-5.20000000,-2.40000000,5.72712843,0.76325321,0.89489753,,,1.01050954,
V001,415,switch,22,22,147,136,414,1,0.87227898,5.30000000,0.05000000,5.30023584,0.87227898,0.84421966,,,0.99503727,no_old
V001,416,switch,7,7,33,12,415,1,0.86620865,3.95000000,4.15000000,5.72931060,0.86620865,0.93185877,,,1.04281058,no_old
V001,416,switch,21,21,136,143,414,2,0.60970613,15.00000000,4.90000000,15.78005070,,0.78196079,,,0.94977478,no_prev|no_old
V001,416,switch,78,78,140,24,415,1,0.96100699,-0.25000000,1.20000000,1.22576507,0.96100699,0.96677465,,,1.01582728,no_old
V001,416,reuse,51,22,147,0,415,1,0.84421966,6.05000000,-0.70000000,6.09036124,0.84421966,0.84595065,,,0.96414280,
V001,417,reuse,18,7,33,0,416,1,0.93185877,1.85000000,2.35000000,2.99081929,0.93185877,0.96819343,,,1.01305081,
V001,417,reuse,22,21,136,0,416,1,0.78196079,7.00000000,3.50000000,7.82623792,0.78196079,0.82472188,,,1.00461361,
V001,419,switch,51,51,151,147,,,,,,,,0.86905164,0.35496234,49.62302893,,no_last_seen|no_prev
V001,420,switch,18,18,12,33,415,5,0.33213673,29.40000000,6.60000000,30.13171087,,0.94856468,0.18929372,51.59546976,1.30364372,no_prev
V001,421,reuse,7,18,12,0,420,1,0.94856468,-0.15000000,-0.15000000,0.21213203,0.94856468,0.96921287,,,1.05422437,
V001,423,reuse,68,73,131,0,422,1,0.35817656,-16.80000000,-24.95000000,30.07893781,0.35817656,0.73563905,,,0.85140866,
V001,424,switch,12,12,12,17,423,1,0.93409791,-1.65000000,-0.10000000,1.65302753,0.93409791,0.96783753,0.40095361,29.81350365,0.96083680,
V001,424,switch,18,18,17,12,423,1,0.84111415,5.10000000,3.10000000,5.96824932,0.84111415,0.80243524,0.40095361,29.81350365,1.01199367,
V001,424,switch,50,50,151,5,423,1,0.83160945,6.30000000,-2.20000000,6.67308025,0.83160945,0.94293303,0.41394637,31.02212920,0.96954839,
V001,424,switch,51,51,5,151,423,1,0.99156178,0.05000000,0.45000000,0.45276926,0.99156178,0.97713187,0.41394637,31.02212920,0.99457204,
V001,425,reuse,18,12,12,0,424,1,0.96783753,-0.75000000,1.10000000,1.33135270,0.96783753,0.97915810,,,1.01736112,
V001,425,reuse,12,18,17,0,424,1,0.80243524,6.80000000,3.10000000,7.47328576,0.80243524,0.78648743,,,1.00302267,
V001,425,reuse,51,50,151,0,424,1,0.94293303,2.05000000,-0.05000000,2.05060967,0.94293303,0.84552778,,,1.01473135,
V001,425,reuse,50,51,5,0,424,1,0.97713187,0.75000000,-0.15000000,0.76485293,0.97713187,0.94277070,,,1.00749189,
V001,427,switch,68,68,153,131,,,,,,,,0.94082143,0.22111929,45.99904890,,no_last_seen|no_prev
V002,22,reuse,231,229,182,0,7,15,0.56186057,-2.50000000,32.50000000,32.59601203,,0.93937858,,,0.93775490,no_prev
V002,24,switch,231,231,185,182,23,1,0.96621893,-0.85000000,-0.25000000,0.88600226,0.96621893,0.95616814,0.48509702,35.50721758,1.00664962,
V002,25,reuse,228,231,185,0,24,1,0.95616814,-1.00000000,-0.65000000,1.19268604,0.95616814,0.97898257,,,1.02097851,
V002,26,switch,228,228,188,185,22,4,0.34550711,22.20000000,7.65000000,23.48110943,,0.78979896,0.21222232,33.65033432,1.18529510,no_prev
V002,49,switch,224,224,193,174,48,1,0.81324571,4.95000000,-4.75000000,6.86039357,0.81324571,0.89327537,,,0.98004632,no_old
V002,53,switch,224,224,174,193,52,1,0.88234194,2.05000000,4.55000000,4.99049096,0.88234194,0.90844126,0.30118233,30.45016420,1.05083307,
V002,53,switch,229,229,193,182,52,1,0.49252227,-17.45000000,-1.85000000,17.54779188,0.49252227,0.76187748,,,0.73951293,no_old
V002,54,reuse,224,229,193,0,53,1,0.76187748,-6.60000000,2.70000000,7.13091859,0.76187748,0.89283600,,,0.93877410,
V002,58,switch,218,218,187,171,57,1,0.94302496,0.20000000,3.50000000,3.50570963,0.94302496,0.95526438,0.37786868,34.73028218,1.04258785,
V002,58,switch,219,219,171,187,57,1,0.95256888,1.10000000,1.60000000,1.94164878,0.95256888,0.95601471,0.37786868,34.73028218,0.97413029,
V002,59,reuse,219,218,187,0,58,1,0.95526438,0.00000000,3.35000000,3.35000000,0.95526438,0.96526517,,,1.01645900,
V002,59,reuse,218,219,171,0,58,1,0.95601471,0.35000000,2.65000000,2.67301328,0.95601471,0.94554301,,,0.96861050,
V002,66,switch,224,224,189,174,65,1,0.82603109,4.75000000,-2.50000000,5.36772764,0.82603109,0.87563617,,,0.91863515,no_old
V002,67,reuse,230,224,189,0,66,1,0.87563617,2.40000000,4.65000000,5.23282906,0.87563617,0.87875082,,,1.07860337,
V002,70,switch,230,230,174,189,69,1,0.69669880,-6.30000000,-3.15000000,7.04361413,0.69669880,0.81863279,0.10243492,44.34267132,0.82813279,
V002,71,reuse,224,230,174,0,70,1,0.81863279,-3.70000000,2.20000000,4.30464865,0.81863279,0.87234624,,,1.05781606,
V002,79,switch,217,217,203,180,78,1,0.93699935,-0.30000000,-1.45000000,1.48070929,0.93699935,0.86098960,,,0.93699935,no_old
V002,131,switch,236,236,206,210,130,1,0.84924844,3.35000000,3.05000000,4.53045252,0.84924844,0.90761595,0.48568705,22.85661830,0.98595895,
V002,131,switch,243,243,210,206,130,1,0.88990195,2.80000000,1.45000000,3.15317301,0.88990195,0.94049148,0.48568705,22.85661830,1.03768067,
V002,132,reuse,243,236,206,0,131,1,0.90761595,1.95000000,1.80000000,2.65377090,0.90761595,0.89522920,,,0.98007477,
V002,132,reuse,236,243,210,0,131,1,0.94049148,1.45000000,-0.85000000,1.68077363,0.94049148,0.96786623,,,0.99339753,
V002,145,switch,224,224,214,189,,,,,,,,0.89323313,,,,no_last_seen|no_prev|no_old
V002,155,reuse,215,226,183,0,154,1,0.80734844,9.40000000,-0.25000000,9.40332388,0.80734844,0.79949011,,,1.04248947,
V002,167,switch,247,247,218,200,166,1,0.77507542,2.35000000,8.15000000,8.48203985,0.77507542,0.88169005,,,1.05266115,no_old
V002,168,switch,177,177,217,211,159,9,0.80246954,6.25000000,2.05000000,6.57761355,,0.96713277,,,1.11918359,no_prev|no_old
V002,174,switch,177,177,211,217,167,7,0.54797238,-21.55000000,-6.05000000,22.38314098,,0.91668671,,,1.06774397,no_prev|no_old
V002,176,switch,221,221,187,191,175,1,0.88576569,5.05000000,-1.15000000,5.17928567,0.88576569,0.91011248,0.41372999,51.68486239,1.01655364,
V002,177,reuse,218,221,187,0,176,1,0.91011248,4.05000000,-0.65000000,4.10182886,0.91011248,0.85700279,,,1.00254533,
V002,181,switch,247,247,216,218,169,12,0.35638982,21.05000000,19.30000000,28.55858015,,,0.67695330,17.12921481,1.32415568,no_prev|no_next
V002,182,switch,177,177,195,211,181,1,0.92411737,-2.85000000,-0.45000000,2.88530761,0.92411737,0.95100477,0.41201810,31.60557704,0.99459686,
V002,182,switch,222,222,211,195,181,1,0.90684720,-1.90000000,5.00000000,5.34883165,0.90684720,0.97552054,0.41201810,31.60557704,1.08876991,
V002,183,switch,221,221,217,187,182,1,0.88724213,4.55000000,0.55000000,4.58312121,0.88724213,0.82607163,,,0.99484084,no_old
V002,183,reuse,222,177,195,0,182,1,0.95100477,-1.20000000,-1.05000000,1.59452187,0.95100477,0.87325875,,,0.96355417,
V002,183,reuse,177,222,211,0,182,1,0.97552054,0.20000000,-0.95000000,0.97082439,0.97552054,0.98824192,,,0.97552054,
V002,184,reuse,177,221,217,0,183,1,0.82607163,5.60000000,-3.75000000,6.73962165,0.82607163,0.84886333,,,0.90738044,
V002,187,switch,247,247,218,218,186,1,0.82441303,-1.60000000,6.10000000,6.30634601,0.82441303,0.90172882,1.00000000,0.00000000,1.17526290,
V002,203,switch,247,247,200,218,202,1,0.94681479,0.60000000,2.00000000,2.08806130,0.94681479,0.94951999,0.46620669,19.22342321,0.97564336,
V002,212,switch,247,247,218,200,207,5,0.80501857,0.80000000,12.30000000,12.32598880,,0.94412208,,,0.95098303,no_prev|no_old
V002,215,switch,247,247,200,218,207,8,0.47383148,-14.55000000,13.75000000,20.01911586,,0.94403032,0.28527684,58.55770658,1.21352207,no_prev
V002,217,switch,230,230,223,174,,,,,,,,0.94616608,,,,no_last_seen|no_prev|no_old
V002,217,reuse,247,254,200,0,216,1,0.45137244,-5.65000000,-38.35000000,38.76396523,0.45137244,0.59321495,,,0.81198037,
V002,221,switch,254,254,218,200,220,1,0.74570454,-4.15000000,5.60000000,6.97011478,0.74570454,,0.26732298,60.36770660,1.15420500,no_next
V002,225,reuse,254,247,200,0,221,4,0.73313005,1.95000000,16.00000000,16.11839012,,0.95372156,,,0.98482014,no_prev
V002,229,switch,247,247,218,200,221,8,0.16524086,-2.30000000,82.15000000,82.18219089,,0.83821211,0.55133207,14.96612842,1.41499033,no_prev
V002,233,switch,265,265,225,216,232,1,0.76056260,4.15000000,-2.65000000,4.92392120,0.76056260,0.88393403,,,0.83284368,no_old
V002,275,switch,265,265,235,225,,,,,,,,0.91997966,0.44783250,23.41820873,,no_last_seen|no_prev
V002,281,switch,254,254,236,200,,,,,,,,0.93679419,,,,no_last_seen|no_prev|no_old
V002,327,switch,257,257,241,231,,,,,,,,0.92390185,,,,no_last_seen|no_prev|no_old
V002,332,switch,245,245,231,196,331,1,0.89859207,0.90000000,-4.65000000,4.73629602,0.89859207,0.89749813,,,1.05698658,no_old
V002,333,reuse,257,245,231,0,332,1,0.89749813,0.65000000,-1.70000000,1.82002747,0.89749813,0.93395264,,,1.11420845,
V002,345,switch,245,245,196,231,341,4,0.49526790,-9.80000000,17.00000000,19.62243614,,0.86167689,0.44844876,21.51278690,2.01910924,no_prev
V002,349,switch,243,243,231,210,348,1,0.88314053,3.20000000,4.45000000,5.48110390,0.88314053,0.94565925,,,1.04863347,no_old
V002,350,reuse,245,243,231,0,349,1,0.94565925,1.70000000,0.45000000,1.75855054,0.94565925,0.90257160,,,0.96917144,
V002,351,switch,245,245,210,196,350,1,0.67266328,-6.70000000,-4.65000000,8.15551960,0.67266328,0.90163670,0.57262977,10.93434955,0.75245172,
V002,352,switch,255,255,244,220,,,,,,,,0.86669091,,,,no_last_seen|no_prev|no_old
V002,352,reuse,243,245,210,0,351,1,0.90163670,-1.60000000,-1.10000000,1.94164878,0.90163670,0.93346433,,,0.93533787,
V002,363,switch,245,245,241,210,362,1,0.82144919,-1.30000000,8.90000000,8.99444273,0.82144919,0.74631620,,,0.96282669,no_old
V002,364,reuse,257,245,241,0,363,1,0.74631620,-0.60000000,11.35000000,11.36584797,0.74631620,0.85812497,,,1.27068639,
V002,396,switch,257,257,251,241,,,,,,,,0.94717060,0.00000000,124.63030330,,no_last_seen|no_prev
V002,398,switch,247,247,252,218,,,,,,,,0.93906506,,,,no_last_seen|no_prev|no_old
V002,405,switch,245,245,218,241,404,1,0.35528138,-16.90000000,-48.75000000,51.59624502,0.35528138,0.73626851,0.49477912,23.89000837,0.91110485,
V002,406,reuse,247,245,218,0,405,1,0.73626851,7.35000000,-6.85000000,10.04713890,0.73626851,0.85650935,,,0.89561528,
V002,412,switch,245,245,210,218,411,1,0.93410830,-0.90000000,-3.05000000,3.18001572,0.93410830,0.89238771,,,0.98428392,no_old
V002,422,switch,177,177,258,195,,,,,,,,0.95554731,,,,no_last_seen|no_prev|no_old
V002,428,reuse,15,55,259,0,427,1,0.98219183,0.35000000,-0.10000000,0.36400549,0.98219183,0.88969646,,,1.01007464,
V002,436,switch,15,15,255,259,435,1,0.94351799,1.35000000,-0.55000000,1.45773797,0.94351799,0.94963224,0.39972200,21.85634919,0.98506199,
V002,437,reuse,183,15,255,0,436,1,0.94963224,1.15000000,0.70000000,1.34629120,0.94963224,0.95529579,,,1.01591374,
V002,452,switch,265,265,262,235,,,,,,,,0.73928967,,,,no_last_seen|no_prev|no_old
V002,459,switch,183,183,265,255,,,,,,,,0.96249584,0.07347602,46.98151232,,no_last_seen|no_prev
V002,464,reuse,271,272,260,0,463,1,0.26748411,25.70000000,0.75000000,25.71094125,0.26748411,,,,1.39080876,no_next
V002,474,switch,247,247,267,252,,,,,,,,0.88819111,0.55216771,7.08307843,,no_last_seen|no_prev
V002,483,switch,247,247,252,267,481,2,0.83884054,0.40000000,1.35000000,1.40801278,,,,,0.83884054,no_prev|no_next|no_old
V002,484,switch,247,247,267,267,482,2,0.95720096,-0.90000000,0.00000000,0.90000000,,0.96504235,1.00000000,0.00000000,0.98378529,no_prev
V002,507,reuse,183,276,265,0,506,1,0.89669675,2.75000000,-0.60000000,2.81469359,0.89669675,0.84193038,,,0.98763262,
V002,514,switch,183,183,272,265,,,,,,,,,0.37796638,28.39634660,,no_last_seen|no_prev|no_next
V002,525,switch,235,235,275,208,,,,,,,,0.94649799,,,,no_last_seen|no_prev|no_old
V002,530,switch,271,271,278,260,,,,,,,,0.81847779,,,,no_last_seen|no_prev|no_old
V002,533,reuse,183,275,272,0,532,1,0.92901212,1.25000000,0.80000000,1.48408221,0.92901212,0.84353257,,,1.03233744,
V002,535,switch,183,183,281,272,,,,,,,,,0.59562000,29.60477157,,no_last_seen|no_prev|no_next
V002,539,switch,236,236,283,206,,,,,,,,0.93762305,,,,no_last_seen|no_prev|no_old
V002,557,switch,272,272,278,260,556,1,0.92920268,1.55000000,0.45000000,1.61400124,0.92920268,0.91725236,,,1.01117504,no_old
V002,559,reuse,271,272,278,0,558,1,0.93101013,1.25000000,1.25000000,1.76776695,0.93101013,0.92022523,,,1.02767375,
V002,563,switch,177,177,215,258,562,1,0.92558772,-0.60000000,-2.10000000,2.18403297,0.92558772,0.96947319,,,0.92558772,no_old
V002,564,switch,175,175,258,213,550,14,0.20017221,-29.85000000,52.05000000,60.00187497,,0.83804819,,,0.78920558,no_prev|no_old
V002,564,reuse,268,177,215,0,563,1,0.96947319,-0.25000000,-0.90000000,0.93407708,0.96947319,0.96750002,,,0.96947319,
V002,565,reuse,177,175,258,0,564,1,0.83804819,4.80000000,-0.95000000,4.89310740,0.83804819,0.86417234,,,1.02636182,
V002,571,switch,265,265,258,262,570,1,0.74546997,9.00000000,0.90000000,9.04488806,0.74546997,0.89154377,,,1.01711886,no_old
V002,572,reuse,175,265,258,0,571,1,0.89154377,2.95000000,-0.75000000,3.04384625,0.89154377,,,,1.03903115,no_next
V002,573,reuse,277,279,285,0,572,1,0.94315550,1.10000000,-0.10000000,1.10453610,0.94315550,0.96186227,,,0.96461813,
V002,574,switch,277,277,287,285,,,,,,,,0.90167259,0.49193816,15.65391325,,no_last_seen|no_prev
V002,577,switch,55,55,281,259,576,1,0.98117709,-0.50000000,0.05000000,0.50249378,0.98117709,0.97808203,0.44748722,20.29020700,1.00436431,
V002,577,switch,183,183,259,281,576,1,0.97968086,0.25000000,-0.85000000,0.88600226,0.97968086,0.97089165,0.44748722,20.29020700,0.98589065,
V002,578,reuse,183,55,281,0,577,1,0.97808203,-0.25000000,-0.95000000,0.98234414,0.97808203,0.97458157,,,1.01821326,
V002,578,reuse,55,183,259,0,577,1,0.97089165,0.55000000,0.70000000,0.89022469,0.97089165,0.98004456,,,0.99914150,
V002,580,switch,271,271,288,278,,,,,,,,0.89495492,0.32960207,24.80246964,,no_last_seen|no_prev
V002,599,switch,268,268,291,215,,,,,,,,0.91142172,0.00000000,152.45735469,,no_last_seen|no_prev
V002,613,switch,272,272,288,278,612,1,0.94017959,1.45000000,0.00000000,1.45000000,0.94017959,0.91874078,,,0.99329035,no_old
V002,614,reuse,271,272,288,0,613,1,0.91874078,1.80000000,0.90000000,2.01246118,0.91874078,0.95947541,,,0.99840764,
V002,615,switch,272,272,278,288,614,1,0.94437746,1.00000000,1.15000000,1.52397507,0.94437746,,0.67294463,9.50013158,0.97669456,no_next
V002,615,reuse,272,271,288,0,614,1,0.95947541,0.95000000,0.05000000,0.95131488,0.95947541,0.97668432,,,0.99405210,
V002,623,switch,265,265,296,258,,,,,,,,0.81444405,,,,no_last_seen|no_prev|no_old
V002,633,switch,55,55,259,281,632,1,0.94589793,1.45000000,0.50000000,1.53378617,0.94589793,0.96448157,,,1.00442792,no_old
V002,634,reuse,183,55,259,0,633,1,0.96448157,0.85000000,-0.55000000,1.01242284,0.96448157,0.99322018,,,0.99019348,
V002,635,switch,183,183,299,259,632,3,0.87842412,2.80000000,1.70000000,3.27566787,,,0.47821428,18.42728955,1.00378072,no_prev|no_next
V002,685,switch,272,272,307,278,684,1,0.85524375,-3.70000000,0.80000000,3.78549865,0.85524375,0.90660523,,,1.01549963,no_old
V002,718,switch,7,7,238,240,717,1,0.95063964,0.85000000,2.20000000,2.35849528,0.95063964,0.95188340,0.48223751,24.22003303,1.00685210,
V002,718,switch,270,270,240,238,717,1,0.89005869,3.60000000,-0.85000000,3.69898635,0.89005869,0.88604899,0.48223751,24.22003303,0.98121047,
V002,719,reuse,270,7,238,0,718,1,0.95188340,1.45000000,0.50000000,1.53378617,0.95188340,0.97203859,,,1.00494990,
V002,719,reuse,7,270,240,0,718,1,0.88604899,3.70000000,-0.85000000,3.79637985,0.88604899,0.91112405,,,0.98229746,
V002,798,switch,1,1,317,311,776,22,0.34152450,1.40000000,-69.40000000,69.41411960,,0.97251358,,,0.86052846,no_prev|no_old
V002,824,reuse,259,286,300,0,823,1,0.69189058,17.55000000,6.20000000,18.61296591,0.69189058,0.74458568,,,1.11385869,
V002,826,switch,286,286,327,300,,,,,,,,0.86291863,0.35226677,51.47254122,,no_last_seen|no_prev
V002,837,switch,272,272,330,307,,,,,,,,0.94086511,,,,no_last_seen|no_prev|no_old
V002,859,switch,272,272,256,330,858,1,0.84720425,4.10000000,0.35000000,4.11491191,0.84720425,0.88595876,0.45033353,20.99678547,1.05186783,
V002,859,switch,273,273,330,256,858,1,0.95168744,1.45000000,0.95000000,1.73349358,0.95168744,0.93556918,0.45033353,20.99678547,0.99493915,
V002,860,reuse,273,272,256,0,859,1,0.88595876,2.85000000,1.10000000,3.05491407,0.88595876,0.88037888,,,1.04371971,
V002,860,reuse,272,273,330,0,859,1,0.93556918,1.30000000,3.00000000,3.26955654,0.93556918,0.96045720,,,1.01737963,
V002,865,switch,271,271,335,288,,,,,,,,0.81989240,,,,no_last_seen|no_prev|no_old
V002,875,reuse,290,293,334,0,874,1,0.92427999,-0.20000000,-3.75000000,3.75532955,0.92427999,0.91369929,,,0.94966073,
V002,876,switch,290,290,338,334,,,,,,,,0.93219943,0.57150861,16.29547483,,no_last_seen|no_prev
V002,882,switch,275,275,339,272,881,1,0.98766665,-0.05000000,-0.95000000,0.95131488,0.98766665,0.92036861,,,1.00322922,no_old
V002,885,switch,290,290,334,338,884,1,0.85584818,4.25000000,-0.35000000,4.26438741,0.85584818,0.93988000,0.48316753,23.46278969,0.98819426,
V002,885,switch,293,293,338,334,884,1,0.72113712,7.40000000,-6.70000000,9.98248466,0.72113712,0.76401769,0.48316753,23.46278969,0.89592961,
V002,886,reuse,293,290,334,0,885,1,0.93988000,1.40000000,1.05000000,1.75000000,0.93988000,0.90773589,,,1.00275335,
V002,886,reuse,290,293,338,0,885,1,0.76401769,6.35000000,4.45000000,7.75403121,0.76401769,0.83731321,,,1.04331899,
V002,891,switch,250,250,345,293,,,,,,,,0.96839168,,,,no_last_seen|no_prev|no_old
V002,915,switch,290,290,336,334,914,1,0.94426795,0.95000000,2.20000000,2.39635139,0.94426795,0.93376564,0.37380640,37.77264222,0.98895461,
V002,915,switch,291,291,334,336,914,1,0.87310564,3.40000000,1.85000000,3.87072345,0.87310564,0.83365394,0.37380640,37.77264222,1.01935075,
V002,916,reuse,291,290,336,0,915,1,0.93376564,1.85000000,0.95000000,2.07966343,0.93376564,0.93994044,,,1.01886781,
V002,916,reuse,290,291,334,0,915,1,0.83365394,4.35000000,3.25000000,5.43000921,0.83365394,0.88926172,,,1.02479918,
V002,937,switch,285,285,319,320,936,1,0.78334757,3.70000000,3.85000000,5.33970973,0.78334757,0.89310992,,,1.23647635,no_old
V002,938,reuse,4,285,319,0,937,1,0.89310992,0.05000000,-0.15000000,0.15811388,0.89310992,0.91366799,,,1.11968300,
V002,941,switch,280,280,350,302,921,20,0.10419332,-52.35000000,3.05000000,52.43877382,,0.85869139,,,0.86462183,no_prev|no_old
V002,942,switch,4,4,320,319,936,6,0.18615106,18.45000000,-83.15000000,85.17232532,,,0.18610519,83.70497297,0.60088612,no_prev|no_next
V002,947,switch,55,55,320,259,942,5,0.24727446,7.95000000,80.05000000,80.44380026,,0.90671439,,,1.52593327,no_prev|no_old
V002,948,reuse,285,55,320,0,947,1,0.90671439,1.05000000,5.65000000,5.74673821,0.90671439,0.91176475,,,1.05600312,
V002,950,reuse,55,4,320,0,949,1,0.45800290,-7.40000000,-46.50000000,47.08513566,0.45800290,0.73056900,,,0.80251653,
V002,954,switch,55,55,355,320,,,,,,,,,0.21676316,77.40752547,,no_last_seen|no_prev|no_next
V002,967,switch,257,257,236,251,966,1,0.96649390,1.00000000,0.80000000,1.28062485,0.96649390,0.93763193,,,0.97034882,no_old
V002,968,reuse,254,257,236,0,967,1,0.93763193,-2.60000000,1.45000000,2.97699513,0.93763193,0.98968807,,,0.99340572,
V002,974,switch,254,254,364,236,,,,,,,,0.92405040,0.22688557,68.74636354,,no_last_seen|no_prev
V002,985,switch,3,3,367,324,,,,,,,,0.77658706,,,,no_last_seen|no_prev|no_old
V002,1000,switch,55,55,370,355,,,,,,,,0.86031663,,,,no_last_seen|no_prev|no_old
V002,1001,switch,15,15,324,255,1000,1,0.91121256,-2.75000000,0.20000000,2.75726314,0.91121256,0.93298196,,,1.01567954,no_old
V002,1002,reuse,3,15,324,0,1001,1,0.93298196,2.05000000,0.20000000,2.05973299,0.93298196,0.97158045,,,1.01307864,
V002,1005,switch,273,273,247,330,1004,1,0.88412146,2.40000000,5.75000000,6.23077042,0.88412146,0.94131557,,,1.13106631,no_old
V002,1006,reuse,295,273,247,0,1005,1,0.94131557,1.65000000,2.60000000,3.07936682,0.94131557,,,,1.04475371,no_next
V002,1013,reuse,264,289,250,0,1012,1,0.86028347,-5.20000000,7.40000000,9.04433524,0.86028347,0.84329406,,,0.89831889,
V002,1014,switch,175,175,370,258,1013,1,0.89397618,3.55000000,-0.65000000,3.60901649,0.89397618,0.88383092,,,0.99091871,no_old
V002,1015,switch,15,15,368,324,1014,1,0.80737094,-5.15000000,-6.55000000,8.33216658,0.80737094,0.93111218,0.27730302,38.56889939,0.94618814,
V002,1015,reuse,55,175,370,0,1014,1,0.88383092,3.95000000,0.55000000,3.98810732,0.88383092,,,,0.99266150,no_next
V002,1024,reuse,175,55,370,0,1023,1,0.92437944,1.35000000,-3.25000000,3.51923287,0.92437944,,,,0.97475751,no_next
V002,1025,switch,55,55,299,370,1024,1,0.87951849,4.00000000,-0.10000000,4.00124980,0.87951849,0.87528775,,,1.00655939,no_old
V002,1026,reuse,183,55,299,0,1025,1,0.87528775,3.35000000,-2.15000000,3.98057785,0.87528775,0.82890181,,,0.94639179,
V002,1040,switch,13,13,371,361,1039,1,0.90750691,0.80000000,-3.90000000,3.98120585,0.90750691,0.79309053,,,0.96258983,no_old
V002,1041,switch,177,177,370,215,1039,2,0.88916630,2.65000000,-2.30000000,3.50891721,,0.88806812,,,0.97670752,no_prev|no_old
V002,1042,reuse,55,177,370,0,1041,1,0.88806812,-2.25000000,-3.20000000,3.91184100,0.88806812,0.88223266,,,0.93451105,
V002,1051,switch,183,183,324,299,1033,18,0.94970887,-0.45000000,2.55000000,2.58940148,,0.94670022,,,0.95081102,no_prev|no_old
V002,1052,reuse,15,183,324,0,1051,1,0.94670022,-1.05000000,2.05000000,2.30325856,0.94670022,0.90319098,,,0.99848712,
V002,1053,switch,285,285,370,319,1052,1,0.90145641,-2.50000000,2.80000000,3.75366488,0.90145641,0.90465178,,,1.00643617,no_old
V002,1054,reuse,177,285,370,0,1053,1,0.90465178,2.25000000,3.10000000,3.83046995,0.90465178,0.91961975,,,0.99166519,
V002,1057,switch,285,285,319,370,1052,5,0.47987584,18.65000000,10.75000000,21.52637917,,0.80915529,,,0.94678182,no_prev|no_old
V002,1058,switch,55,55,324,299,1057,1,0.94049979,-1.85000000,-0.75000000,1.99624648,0.94049979,0.90490179,,,1.00964371,no_old
V002,1058,switch,177,177,215,370,1050,8,0.71165494,-9.55000000,1.65000000,9.69149111,,0.81632858,,,0.98536465,no_prev|no_old
V002,1059,reuse,183,55,324,0,1058,1,0.90490179,3.15000000,0.90000000,3.27604945,0.90490179,0.87917448,,,0.99338742,
V002,1061,reuse,55,183,324,0,1060,1,0.75703990,9.30000000,0.90000000,9.34344690,0.75703990,0.73091054,,,1.00647654,
V002,1068,switch,55,55,375,324,1062,6,0.39145281,-9.75000000,51.60000000,52.51306980,,0.93910721,0.23191459,42.36829593,1.13446704,no_prev
V002,1068,switch,277,277,285,287,1067,1,0.91582654,4.60000000,0.60000000,4.63896540,0.91582654,0.86476710,,,1.02582965,no_old
V002,1069,reuse,279,277,285,0,1068,1,0.86476710,7.95000000,0.40000000,7.96005653,0.86476710,0.89401406,,,0.99941101,
V002,1072,switch,277,277,350,285,1071,1,0.84122164,4.55000000,7.35000000,8.64436232,0.84122164,,,,1.00518893,no_next|no_old
V002,1080,switch,6,6,358,340,1079,1,0.89286580,-2.45000000,2.85000000,3.75832409,0.89286580,0.92397077,0.48124818,21.98823549,1.01554431,
V002,1080,switch,294,294,340,358,1079,1,0.91352230,2.40000000,-1.45000000,2.80401498,0.91352230,0.93940549,0.48124818,21.98823549,0.97835727,
V002,1081,reuse,294,6,358,0,1080,1,0.92397077,-1.70000000,2.00000000,2.62488095,0.92397077,0.92366244,,,0.99232836,
V002,1081,reuse,6,294,340,0,1080,1,0.93940549,1.65000000,0.20000000,1.66207701,0.93940549,0.95072689,,,1.01969213,
V002,1095,switch,285,285,381,319,,,,,,,,0.87353254,,,,no_last_seen|no_prev|no_old
V002,1147,switch,281,281,215,310,1146,1,0.96977835,0.75000000,-0.50000000,0.90138782,0.96977835,0.97770186,,,0.98520470,no_old
V002,1148,reuse,177,281,215,0,1147,1,0.97770186,0.60000000,-0.25000000,0.65000000,0.97770186,0.99284297,,,1.00070126,
V002,1173,switch,283,283,388,318,,,,,,,,0.95516415,,,,no_last_seen|no_prev|no_old
V002,1189,switch,281,281,391,215,,,,,,,,0.91156814,,,,no_last_seen|no_prev|no_old
V002,1193,reuse,281,177,215,0,1163,30,0.37962727,-23.30000000,-18.25000000,29.59649472,,0.98374154,,,0.86189671,no_prev
V002,1225,switch,4,4,340,320,1224,1,0.95280516,1.25000000,1.35000000,1.83983695,0.95280516,0.97970916,0.47402205,30.74918698,1.04282008,
V002,1225,switch,294,294,320,340,1224,1,0.87246430,4.80000000,-2.40000000,5.36656315,0.87246430,0.88267616,0.47402205,30.74918698,0.99000046,
V002,1226,reuse,294,4,340,0,1225,1,0.97970916,-0.30000000,0.70000000,0.76157731,0.97970916,0.98121737,,,1.02071109,
V002,1226,reuse,4,294,320,0,1225,1,0.88267616,5.00000000,-0.50000000,5.02493781,0.88267616,0.88276338,,,0.98659754,
V002,1240,switch,55,55,397,375,,,,,,,,0.99642857,,,,no_last_seen|no_prev|no_old
V002,1241,switch,32,32,398,394,,,,,,,,0.82959123,,,,no_last_seen|no_prev|no_old
V002,1299,switch,12,12,170,357,1298,1,0.97903644,0.30000000,0.60000000,0.67082039,0.97903644,0.97845450,,,1.02141244,no_old
V002,1300,switch,32,32,406,398,,,,,,,,0.85743616,,,,no_last_seen|no_prev|no_old
V002,1300,reuse,178,12,170,0,1299,1,0.97845450,-0.25000000,1.20000000,1.22576507,0.97845450,0.95622128,,,1.01486233,
V002,1303,switch,11,11,408,313,,,,,,,,0.87789634,,,,no_last_seen|no_prev|no_old
V002,1305,switch,13,13,170,371,1304,1,0.97558868,0.15000000,1.35000000,1.35830777,0.97558868,0.96028717,,,1.01494740,no_old
V002,1306,switch,32,32,396,398,1305,1,0.90440040,-0.35000000,-1.35000000,1.39463257,0.90440040,0.95265361,,,0.90440040,no_old
V002,1306,switch,33,33,406,396,1305,1,0.96196102,-0.15000000,-0.45000000,0.47434165,0.96196102,0.96121853,0.34657987,22.45016704,0.96196102,
V002,1307,reuse,33,32,396,0,1306,1,0.95265361,-0.05000000,0.40000000,0.40311289,0.95265361,0.95686955,,,0.95265361,
V002,1317,switch,21,21,250,412,1316,1,0.96465253,-0.45000000,2.40000000,2.44182309,0.96465253,0.95662525,,,1.02187538,no_old
V002,1318,reuse,289,21,250,0,1317,1,0.95662525,0.35000000,2.55000000,2.57390754,0.95662525,0.96823893,,,0.98103893,
V002,1323,switch,13,13,417,371,,,,,,,,0.89779737,,,,no_last_seen|no_prev|no_old
V002,1324,switch,14,14,170,365,1323,1,0.98298071,0.25000000,-0.85000000,0.88600226,0.98298071,0.97040867,0.26334196,40.74312825,0.99795600,
V002,1324,switch,178,178,365,170,1323,1,0.94836945,-0.40000000,-2.25000000,2.28527898,0.94836945,0.90767758,0.26334196,40.74312825,0.95071418,
V002,1325,reuse,12,14,170,0,1324,1,0.97040867,0.85000000,0.45000000,0.96176920,0.97040867,0.98158584,,,1.00614967,
V002,1325,reuse,14,178,365,0,1324,1,0.90767758,-2.25000000,-2.05000000,3.04384625,0.90767758,0.93840935,,,0.97145410,
V002,1326,switch,47,47,409,415,1325,1,0.85734893,1.70000000,-5.80000000,6.04400529,0.85734893,,,,1.03476000,no_next|no_old
V002,1327,switch,47,47,415,415,1325,2,0.67735868,6.95000000,-5.80000000,9.05220967,,0.93934843,1.00000000,0.00000000,0.91355473,no_prev
V002,1329,switch,32,32,418,396,1328,1,0.96857096,-0.60000000,-0.35000000,0.69462220,0.96857096,0.91974837,,,1.01592490,no_old
V002,1335,switch,12,12,420,170,,,,,,,,0.89474863,0.00000000,90.79896751,,no_last_seen|no_prev
V002,1337,switch,32,32,396,418,1328,9,0.79996408,-4.80000000,0.75000000,4.85824042,,0.81983043,,,0.93874978,no_prev|no_old
V002,1352,switch,35,35,419,423,1351,1,0.89352897,2.65000000,-0.45000000,2.68793601,0.89352897,0.87965719,0.43597129,22.14870199,1.00839905,
V002,1352,switch,61,61,423,419,1351,1,0.97636984,0.40000000,-0.60000000,0.72111026,0.97636984,0.93016825,0.43597129,22.14870199,1.00677295,
V002,1353,reuse,61,35,419,0,1352,1,0.87965719,2.90000000,-0.85000000,3.02200265,0.87965719,0.89147216,,,0.99444885,
V002,1353,reuse,35,61,423,0,1352,1,0.93016825,1.35000000,-1.50000000,2.01804361,0.93016825,0.94239457,,,0.99512573,
V002,1366,switch,14,14,427,170,,,,,,,,0.79785829,,,,no_last_seen|no_prev|no_old
V002,1429,switch,9,9,428,441,1428,1,0.89947211,5.05000000,-2.75000000,5.75021739,0.89947211,0.90397206,0.35528848,27.70496345,0.99646868,
V002,1429,switch,10,10,441,428,1428,1,0.91842388,0.70000000,-1.55000000,1.70073514,0.91842388,0.94296292,0.35528848,27.70496345,1.00006417,
V002,1430,reuse,10,9,428,0,1429,1,0.90397206,4.95000000,-2.25000000,5.43737069,0.90397206,0.89525965,,,0.99576807,
V002,1430,reuse,9,10,441,0,1429,1,0.94296292,-1.25000000,-0.50000000,1.34629120,0.94296292,0.90754997,,,1.05427278,
V002,1431,switch,32,32,406,396,1430,1,0.95465509,1.15000000,0.05000000,1.15108644,0.95465509,0.97300278,0.26152167,29.05064543,0.99640952,
V002,1431,switch,33,33,396,406,1430,1,0.86895828,-1.60000000,3.05000000,3.44419802,0.86895828,0.91683771,0.26152167,29.05064543,1.15080324,
V002,1432,reuse,33,32,406,0,1431,1,0.97300278,0.45000000,0.40000000,0.60207973,0.97300278,0.97771623,,,1.01600259,
V002,1432,reuse,32,33,396,0,1431,1,0.91683771,-1.35000000,1.45000000,1.98116128,0.91683771,0.93555709,,,1.06937185,
V002,1437,switch,12,12,417,420,1436,1,0.90156805,3.50000000,1.60000000,3.84837628,0.90156805,0.92154821,0.43812194,27.11369580,0.99950445,
V002,1437,switch,13,13,420,417,1436,1,0.92799634,2.55000000,-0.25000000,2.56222560,0.92799634,0.96239128,0.43812194,27.11369580,0.99621810,
V002,1438,reuse,13,12,417,0,1437,1,0.92154821,2.85000000,1.10000000,3.05491407,0.92154821,0.87415277,,,1.01322988,
V002,1438,reuse,12,13,420,0,1437,1,0.96239128,0.85000000,0.00000000,0.85000000,0.96239128,0.92908595,,,0.97295459,
V002,1442,switch,43,43,430,438,1441,1,0.71608839,5.55000000,-9.60000000,11.08884575,0.71608839,0.84271320,,,1.06932962,no_old
V002,1443,reuse,40,43,430,0,1442,1,0.84271320,3.15000000,-4.35000000,5.37075414,0.84271320,0.88210932,,,1.05279183,
V002,1461,switch,55,55,324,397,1460,1,0.97228348,0.70000000,-0.75000000,1.02591423,0.97228348,0.95809040,0.45021327,25.69382221,1.00055741,
V002,1461,switch,183,183,397,324,1460,1,0.98876743,0.30000000,0.20000000,0.36055513,0.98876743,0.98555064,0.45021327,25.69382221,1.00496364,
V002,1462,reuse,183,55,324,0,1461,1,0.95809040,-0.60000000,-0.15000000,0.61846584,0.95809040,0.91639276,,,1.04374285,
V002,1462,reuse,55,183,397,0,1461,1,0.98555064,0.10000000,-0.50000000,0.50990195,0.98555064,0.99447514,,,1.01354319,
V002,1463,switch,177,177,440,215,1462,1,0.98983408,-0.20000000,-0.30000000,0.36055513,0.98983408,0.97134634,,,1.00575330,no_old
V002,1472,switch,64,64,458,444,1471,1,0.93087773,1.55000000,-0.45000000,1.61400124,0.93087773,0.90245282,0.40429110,20.82864614,1.00452943,
V002,1472,switch,65,65,444,458,1471,1,0.80799916,4.55000000,1.60000000,4.82312140,0.80799916,0.89414883,0.40429110,20.82864614,1.03727637,
V002,1473,reuse,65,64,458,0,1472,1,0.90245282,2.10000000,-0.95000000,2.30488611,0.90245282,0.87801398,,,0.98121979,
V002,1473,reuse,64,65,444,0,1472,1,0.89414883,2.35000000,-1.00000000,2.55391856,0.89414883,0.87410323,,,1.00691379,
V002,1474,switch,40,40,416,430,1471,3,0.36981786,-22.65000000,12.40000000,25.82213198,,0.79725668,0.34156674,48.13314866,0.84130947,no_prev
V002,1475,reuse,38,40,416,0,1474,1,0.79725668,-5.15000000,2.70000000,5.81485167,0.79725668,0.95201013,,,1.08258787,
V002,1484,switch,38,38,461,416,1482,2,0.22059499,21.30000000,52.40000000,56.56368093,,,0.12946346,49.24644657,1.51866443,no_prev|no_next
V002,1495,switch,38,38,421,416,1494,1,0.51971843,-17.45000000,-1.05000000,17.48156172,0.51971843,0.74479626,0.00000000,73.77513131,1.00542803,
V002,1496,reuse,37,38,421,0,1495,1,0.74479626,-6.95000000,3.50000000,7.78154869,0.74479626,0.87014843,,,0.99177675,
V002,1508,switch,37,37,474,421,,,,,,,,0.92469347,0.14227485,43.88009230,,no_last_seen|no_prev
V002,1521,switch,48,48,395,442,1520,1,0.90233909,-2.15000000,-1.10000000,2.41505694,0.90233909,0.89126385,,,1.01803243,no_old
V002,1522,switch,36,36,442,395,1520,2,0.38947215,23.30000000,3.45000000,23.55403362,,0.83452637,0.23913131,37.68799544,1.03972506,no_prev
V002,1522,reuse,36,48,395,0,1521,1,0.89126385,0.50000000,2.75000000,2.79508497,0.89126385,0.81919191,,,1.12200220,
V002,1523,reuse,48,36,442,0,1522,1,0.83452637,4.85000000,0.40000000,4.86646689,0.83452637,0.87318447,,,1.00605627,
V002,1527,switch,48,48,478,395,1526,1,0.91606126,-1.60000000,2.00000000,2.56124969,0.91606126,0.96982598,,,1.03799172,no_old
V002,1529,switch,39,39,458,431,1528,1,0.94328593,-0.95000000,1.50000000,1.77552809,0.94328593,0.98187689,0.41800122,21.48865980,1.02895147,
V002,1529,switch,64,64,431,458,1528,1,0.91751182,1.10000000,2.90000000,3.10161248,0.91751182,0.97044074,0.41800122,21.48865980,1.06806767,
V002,1530,reuse,64,39,458,0,1529,1,0.98187689,-0.35000000,0.35000000,0.49497475,0.98187689,0.97190968,,,1.01096798,
V002,1530,reuse,39,64,431,0,1529,1,0.97044074,0.10000000,1.25000000,1.25399362,0.97044074,0.97167703,,,1.02115270,
V002,1531,switch,43,43,395,430,1526,5,0.30870439,-23.50000000,26.90000000,35.71918252,,0.90615713,,,1.27775510,no_prev|no_old
V002,1532,reuse,48,43,395,0,1531,1,0.90615713,-1.55000000,3.70000000,4.01154584,0.90615713,0.96785374,,,1.03245053,
V002,1533,switch,40,40,430,416,1528,5,0.59450345,-8.60000000,18.95000000,20.81015377,,0.86307773,,,0.88241865,no_prev|no_old
V002,1534,reuse,43,40,430,0,1533,1,0.86307773,-3.70000000,-0.75000000,3.77524834,0.86307773,0.88417142,,,0.96763230,
V002,1535,switch,38,38,442,421,1534,1,0.89529125,-1.70000000,3.85000000,4.20862210,0.89529125,0.93688880,,,1.10273203,no_old
V002,1536,reuse,36,38,442,0,1535,1,0.93688880,0.55000000,2.85000000,2.90258505,0.93688880,0.93984696,,,1.06329292,
V002,1542,switch,36,36,432,442,1539,3,0.21958993,36.50000000,13.20000000,38.81352857,,0.82227515,0.20009778,39.94496214,1.11528816,no_prev
V002,1543,reuse,62,36,432,0,1542,1,0.82227515,4.90000000,3.25000000,5.87983843,0.82227515,0.91089646,,,1.03243406,
V002,1558,reuse,73,76,481,0,1557,1,0.65777350,-5.75000000,-11.30000000,12.67882092,0.65777350,0.93605167,,,0.97947224,
V002,1561,switch,62,62,395,432,1560,1,0.90346809,-3.00000000,1.20000000,3.23109888,0.90346809,0.95369603,0.25595987,38.75725738,1.00119546,
V002,1562,switch,73,73,486,481,,,,,,,,0.95143088,0.51534052,13.94211247,,no_last_seen|no_prev
V002,1562,reuse,43,62,395,0,1561,1,0.95369603,-1.20000000,1.05000000,1.59452187,0.95369603,0.97216088,,,1.00059701,
V002,1568,reuse,73,88,486,0,1563,5,0.85757309,0.80000000,-5.85000000,5.90444748,,0.94122541,,,1.11024460,no_prev
V002,1569,switch,43,43,489,395,1568,1,0.20417159,36.35000000,15.05000000,39.34240715,0.20417159,0.59659697,0.64728444,22.81846840,1.03943461,
V002,1571,switch,73,73,481,486,1570,1,0.68923144,6.85000000,5.20000000,8.60014535,0.68923144,0.85093097,0.43338000,24.94458859,1.07897042,
V002,1572,reuse,76,73,481,0,1571,1,0.85093097,3.00000000,2.45000000,3.87330608,0.85093097,0.90329112,,,1.08244343,
V002,1598,switch,36,36,489,432,1597,1,0.93610526,-2.05000000,0.70000000,2.16621790,0.93610526,0.97973238,0.39687658,28.64668393,0.99123395,
V002,1598,switch,43,43,432,489,1597,1,0.90943352,2.70000000,1.10000000,2.91547595,0.90943352,0.91890315,0.39687658,28.64668393,0.98555172,
V002,1599,reuse,43,36,489,0,1598,1,0.97973238,-0.40000000,0.80000000,0.89442719,0.97973238,0.98447251,,,0.99488217,
V002,1599,reuse,36,43,432,0,1598,1,0.91890315,2.60000000,0.45000000,2.63865496,0.91890315,0.85187188,,,0.99939210,
V002,1602,reuse,179,180,498,0,1601,1,0.93676002,0.35000000,-1.20000000,1.25000000,0.93676002,0.94523395,,,0.93676002,
V002,1604,reuse,180,179,498,0,1603,1,0.87671460,2.55000000,-1.90000000,3.18001572,0.87671460,0.92929238,,,0.96376537,
V002,1605,reuse,179,180,498,0,1604,1,0.92929238,0.10000000,-1.10000000,1.10453610,0.92929238,0.91845642,,,0.92929238,
V002,1607,reuse,180,179,498,0,1606,1,0.84793079,3.30000000,-0.25000000,3.30945615,0.84793079,,,,0.96884872,no_next
V002,1613,switch,62,62,452,395,1612,1,0.94761702,-1.15000000,0.10000000,1.15433964,0.94761702,0.96786526,0.00000000,70.44368318,0.96493804,
V002,1614,switch,33,33,395,396,1613,1,0.77580212,6.60000000,3.30000000,7.37902433,0.77580212,0.89157605,0.53121533,21.46112765,1.00455411,
V002,1614,switch,43,43,396,432,1613,1,0.89757732,2.25000000,-2.20000000,3.14682380,0.89757732,0.93108082,,,0.97310899,no_old
V002,1614,reuse,46,62,452,0,1613,1,0.96786526,-0.75000000,-0.60000000,0.96046864,0.96786526,0.95893811,,,0.98283497,
V002,1615,reuse,62,33,395,0,1614,1,0.89157605,3.10000000,1.15000000,3.30643312,0.89157605,0.94990102,,,1.00064809,
V002,1615,reuse,33,43,396,0,1614,1,0.93108082,1.20000000,2.20000000,2.50599282,0.93108082,0.96364461,,,1.04722429,
V002,1617,switch,46,46,505,452,,,,,,,,0.71974812,0.33167568,31.17899934,,no_last_seen|no_prev
V002,1617,switch,76,76,504,481,,,,,,,,0.87731515,0.17415864,44.99888888,,no_last_seen|no_prev
V002,1629,switch,76,76,486,504,1628,1,0.91714801,2.20000000,0.70000000,2.30867928,0.91714801,0.92891399,0.42860800,24.51988989,0.99023212,
V002,1629,switch,88,88,504,486,1628,1,0.86640695,3.15000000,0.45000000,3.18198052,0.86640695,0.87964480,0.42860800,24.51988989,0.96330032,
V002,1630,switch,61,61,478,423,1628,2,0.35366753,23.00000000,11.25000000,25.60395477,,,,,1.21059925,no_prev|no_next|no_old
V002,1630,reuse,88,76,486,0,1629,1,0.92891399,2.00000000,0.25000000,2.01556444,0.92891399,0.90940242,,,0.99719546,
V002,1630,reuse,76,88,504,0,1629,1,0.87964480,2.70000000,1.40000000,3.04138127,0.87964480,0.96102881,,,1.02158342,
V002,1634,reuse,48,61,478,0,1630,4,0.56365004,14.20000000,5.60000000,15.26433752,,0.90052754,,,1.06084323,no_prev
V002,1636,switch,180,180,515,498,,,,,,,,,0.59601760,11.05350623,,no_last_seen|no_prev|no_next
V002,1640,reuse,61,48,478,0,1639,1,0.41461161,-19.75000000,-14.20000000,24.32493577,0.41461161,0.87465618,,,0.79525616,
V002,1648,switch,75,75,515,506,1647,1,0.67513240,-2.00000000,-18.50000000,18.60779407,0.67513240,0.88826480,,,1.03006288,no_old
V002,1649,reuse,180,75,515,0,1648,1,0.88826480,1.30000000,-4.00000000,4.20594817,0.88826480,0.89555268,,,1.07342855,
V002,1651,switch,59,59,385,379,1650,1,0.89447047,-2.40000000,-3.00000000,3.84187454,0.89447047,0.89177104,0.44110820,27.16845597,0.93147108,
V002,1651,switch,70,70,379,385,1650,1,0.98155646,-0.10000000,-0.80000000,0.80622577,0.98155646,0.93802739,0.44110820,27.16845597,1.01762249,
V002,1652,reuse,70,59,385,0,1651,1,0.89177104,-3.30000000,-0.05000000,3.30037877,0.89177104,0.89307723,,,1.01187430,
V002,1652,reuse,59,70,379,0,1651,1,0.93802739,-1.70000000,-0.10000000,1.70293864,0.93802739,0.94115801,,,1.02094225,
V002,1653,switch,61,61,437,478,1652,1,0.90521134,-1.05000000,1.55000000,1.87216452,0.90521134,0.86599558,,,0.90521134,no_old
V002,1656,switch,61,61,511,478,1655,1,0.99121091,0.10000000,0.10000000,0.14142136,0.99121091,0.86317072,0.00000000,66.67908218,0.99121091,
V002,1661,switch,31,31,513,403,1660,1,0.82297124,-5.30000000,-0.45000000,5.31906947,0.82297124,0.91268169,,,1.05793157,no_old
V002,1661,switch,180,180,498,515,1660,1,0.92695652,0.35000000,1.85000000,1.88281704,0.92695652,0.95601227,0.38483518,47.25701006,1.07879925,
V002,1662,reuse,179,180,498,0,1661,1,0.95601227,0.95000000,0.05000000,0.95131488,0.95601227,0.91691252,,,1.02006588,
V002,1663,reuse,180,179,498,0,1662,1,0.91691252,1.50000000,-1.40000000,2.05182845,0.91691252,0.99184662,,,0.93357529,
V002,1666,switch,34,34,403,404,1665,1,0.89050849,-3.15000000,-1.75000000,3.60347055,0.89050849,0.90485227,,,0.99598923,no_old
V002,1667,reuse,31,34,403,0,1666,1,0.90485227,3.00000000,-0.75000000,3.09232922,0.90485227,0.83842061,,,1.02107602,
V002,1670,switch,180,180,506,498,1638,32,0.00000000,66.15000000,50.20000000,83.04133007,,,0.62692679,12.79140336,1.16627275,no_prev|no_next
V002,1671,switch,42,42,511,437,1670,1,0.92367392,2.10000000,0.50000000,2.15870331,0.92367392,0.94165371,0.35992561,28.81011107,0.99113116,
V002,1671,switch,61,61,437,511,1670,1,0.92304737,0.85000000,-3.85000000,3.94271480,0.92304737,0.93070009,0.35992561,28.81011107,0.99412206,
V002,1672,reuse,61,42,511,0,1671,1,0.94165371,1.60000000,0.35000000,1.63783394,0.94165371,0.95085549,,,1.00689471,
V002,1672,reuse,42,61,437,0,1671,1,0.93070009,1.55000000,-0.60000000,1.66207701,0.93070009,0.93519108,,,1.03819320,
V002,1677,switch,180,180,498,498,1676,1,0.97604491,0.55000000,-0.10000000,0.55901699,0.97604491,0.89585784,1.00000000,0.00000000,0.99494938,
V002,1678,switch,88,88,520,504,1648,30,0.02662488,40.70000000,-62.00000000,74.16528838,,0.88050531,,,1.45255454,no_prev|no_old
V002,1686,reuse,179,180,498,0,1685,1,0.94319573,1.15000000,0.75000000,1.37295302,0.94319573,0.93693635,,,1.03390858,
V002,1688,reuse,180,179,498,0,1687,1,0.94919811,1.35000000,-0.20000000,1.36473441,0.94919811,0.94215270,,,0.99817851,
V002,1696,switch,88,88,494,520,1695,1,0.94723421,1.00000000,0.35000000,1.05948101,0.94723421,0.96455226,0.43591886,22.71590852,0.96548692,
V002,1696,switch,111,111,520,494,1695,1,0.90074177,2.15000000,2.25000000,3.11207326,0.90074177,0.94450098,0.43591886,22.71590852,1.03017226,
V002,1697,reuse,111,88,494,0,1696,1,0.96455226,0.65000000,0.40000000,0.76321688,0.96455226,0.93599388,,,0.97587405,
V002,1697,reuse,88,111,520,0,1696,1,0.94450098,1.55000000,0.30000000,1.57876534,0.94450098,0.92200308,,,0.98731012,
V002,1706,switch,48,48,439,478,1704,2,0.82516944,-1.10000000,10.50000000,10.55746182,,0.76296705,,,1.04630596,no_prev|no_old
V002,1707,reuse,44,48,439,0,1706,1,0.76296705,-5.25000000,5.95000000,7.93504883,0.76296705,0.85843633,,,0.96391196,
V002,1709,reuse,179,180,498,0,1708,1,0.96202046,0.35000000,1.20000000,1.25000000,0.96202046,0.97211231,,,1.03947893,
V002,1713,switch,9,9,540,428,,,,,,,,0.90678813,,,,no_last_seen|no_prev|no_old
V002,1713,reuse,48,44,439,0,1712,1,0.37161832,-22.95000000,-16.00000000,27.97682076,0.37161832,0.69176274,,,0.91469814,
V002,1732,switch,39,39,431,458,1731,1,0.97929728,0.45000000,0.45000000,0.63639610,0.97929728,0.97380782,,,0.98842795,no_old
V002,1733,reuse,64,39,431,0,1732,1,0.97380782,-0.60000000,0.50000000,0.78102497,0.97380782,0.94607728,,,1.00744962,
V002,1735,switch,64,64,458,431,1731,4,0.33544340,7.90000000,-56.55000000,57.09914623,,0.86000605,0.50629935,16.55271881,0.80572195,no_prev
V002,1736,reuse,39,64,458,0,1735,1,0.86000605,0.65000000,-8.15000000,8.17587916,0.86000605,0.82323490,,,0.95833165,
V002,1746,switch,48,48,550,439,1745,1,0.36916555,-25.60000000,-16.85000000,30.64771606,0.36916555,0.80976056,0.30447108,33.11925422,1.07193026,
V002,1749,switch,75,75,554,515,,,,,,,,0.91373312,,,,no_last_seen|no_prev|no_old
V002,1752,switch,45,45,550,447,1751,1,0.82214073,5.80000000,2.40000000,6.27694193,0.82214073,0.89269157,,,1.01825774,no_old
V002,1753,reuse,48,45,550,0,1752,1,0.89269157,3.40000000,0.55000000,3.44419802,0.89269157,0.94398388,,,1.02680652,
V002,1756,reuse,55,120,324,0,1755,1,0.88862964,-2.80000000,1.85000000,3.35596484,0.88862964,0.91080025,,,0.96514705,
V002,1757,switch,78,78,557,527,,,,,,,,0.96145115,0.12563936,98.68167256,,no_last_seen|no_prev
V002,1759,switch,48,48,447,550,1747,12,0.49850422,20.60000000,-4.40000000,21.06466235,,,0.34498344,29.78430795,0.86424141,no_prev|no_next
V002,1760,reuse,78,173,527,0,1759,1,0.91221583,1.40000000,1.95000000,2.40052078,0.91221583,0.88839470,,,0.98827449,
V002,1766,reuse,45,48,447,0,1759,7,0.74385883,6.55000000,-8.10000000,10.41693333,,0.96001790,,,0.96495353,no_prev
V002,1776,switch,42,42,431,511,1775,1,0.84940893,-1.90000000,10.05000000,10.22802522,0.84940893,0.96335279,,,1.02724671,no_old
V002,1777,switch,39,39,565,431,,,,,,,,0.90054577,0.65419554,27.49336284,,no_last_seen|no_prev
V002,1777,reuse,39,42,431,0,1776,1,0.96335279,0.45000000,1.70000000,1.75855054,0.96335279,0.96199602,,,0.97078982,
V002,1783,switch,80,80,568,543,,,,,,,,0.95117045,,,,no_last_seen|no_prev|no_old
V002,1799,switch,81,81,546,549,1798,1,0.94231313,1.60000000,0.40000000,1.64924225,0.94231313,0.94891707,0.49286498,19.15104436,1.01205813,
V002,1799,switch,96,96,549,546,1798,1,0.95423276,-0.75000000,1.65000000,1.81245690,0.95423276,0.95105857,0.49286498,19.15104436,0.99887423,
V002,1800,reuse,96,81,546,0,1799,1,0.94891707,1.05000000,1.15000000,1.55724115,0.94891707,0.96008198,,,1.03298177,
V002,1800,reuse,81,96,549,0,1799,1,0.95105857,-0.65000000,2.20000000,2.29401395,0.95105857,0.98861907,,,1.00427920,
V002,1802,switch,33,33,573,395,,,,,,,,0.98168490,,,,no_last_seen|no_prev|no_old
V002,1802,reuse,173,185,527,0,1801,1,0.85156342,3.40000000,-1.05000000,3.55844067,0.85156342,0.82509849,,,0.95907456,
V002,1803,switch,66,66,556,386,1791,12,0.45722933,-24.50000000,-10.35000000,26.59647533,,0.97674731,,,0.97685799,no_prev|no_old
V002,1803,switch,75,75,492,554,1802,1,0.94825795,0.80000000,1.55000000,1.74427635,0.94825795,0.95863491,0.45407770,29.85171687,1.03282637,
V002,1803,switch,86,86,554,492,1802,1,0.97353727,0.00000000,1.55000000,1.55000000,0.97353727,0.95075307,0.45407770,29.85171687,1.01511548,
V002,1804,reuse,86,75,492,0,1803,1,0.95863491,0.70000000,1.10000000,1.30384048,0.95863491,0.98593074,,,1.00446429,
V002,1804,reuse,75,86,554,0,1803,1,0.95075307,-1.20000000,0.00000000,1.20000000,0.95075307,0.97468248,,,0.97550720,
V002,1809,switch,180,180,480,498,1808,1,0.81652464,3.85000000,-4.50000000,5.92220398,0.81652464,0.93560387,,,0.87794576,no_old
V002,1810,reuse,72,180,480,0,1809,1,0.93560387,1.00000000,-1.80000000,2.05912603,0.93560387,0.71894423,,,0.94271782,
V002,1811,switch,70,70,579,379,,,,,,,,0.97270206,,,,no_last_seen|no_prev|no_old
V002,1814,switch,35,35,581,419,,,,,,,,0.84006888,0.44004109,24.09076587,,no_last_seen|no_prev
V002,1814,switch,173,173,510,527,1813,1,0.42199774,-6.40000000,-37.95000000,38.48587403,0.42199774,0.82750254,0.49984474,15.46229284,0.91760257,
V002,1815,reuse,49,173,510,0,1814,1,0.82750254,0.85000000,-9.20000000,9.23918286,0.82750254,0.83273992,,,1.00723366,
V002,1821,switch,179,179,480,498,1817,4,0.17159189,35.35000000,-7.45000000,36.12651381,,0.86544477,,,1.23774227,no_prev|no_old
V002,1822,switch,53,53,531,530,1821,1,0.93371962,1.45000000,0.15000000,1.45773797,0.93371962,0.95937608,0.50789513,20.82456482,0.96787280,
V002,1822,switch,74,74,530,531,1821,1,0.98750379,0.20000000,-0.50000000,0.53851648,0.98750379,0.96839789,0.50789513,20.82456482,1.00883526,
V002,1823,reuse,74,53,531,0,1822,1,0.95937608,0.85000000,0.45000000,0.96176920,0.95937608,0.90375837,,,1.01998267,
V002,1823,reuse,53,74,530,0,1822,1,0.96839789,0.35000000,1.45000000,1.49164339,0.96839789,0.95886775,,,1.02493888,
V002,1825,switch,180,180,586,480,,,,,,,,0.78216497,0.10008111,43.69925629,,no_last_seen|no_prev
V002,1826,switch,33,33,587,573,,,,,,,,0.93236621,,,,no_last_seen|no_prev|no_old
V002,1826,switch,49,49,486,510,1825,1,0.85230886,2.70000000,5.60000000,6.21691242,0.85230886,0.88485726,0.10163088,104.37595509,1.13949202,
V002,1826,switch,76,76,480,486,1825,1,0.98735754,-0.25000000,0.25000000,0.35355339,0.98735754,0.97980078,0.38434768,26.96163942,0.99745552,
V002,1827,reuse,76,49,486,0,1826,1,0.88485726,2.85000000,2.25000000,3.63111553,0.88485726,0.89727465,,,1.06217918,
V002,1827,reuse,180,76,480,0,1826,1,0.97980078,0.20000000,0.25000000,0.32015621,0.97980078,0.97025170,,,0.97980078,
V002,1828,switch,42,42,424,431,1821,7,0.66034545,13.15000000,1.80000000,13.27262220,,0.79382795,,,0.95390787,no_prev|no_old
V002,1829,reuse,56,42,424,0,1828,1,0.79382795,6.90000000,-0.15000000,6.90163024,0.79382795,0.83627507,,,0.95874203,
V002,1830,switch,72,72,586,480,1829,1,0.91245199,1.55000000,2.65000000,3.07001629,0.91245199,0.82506014,0.17726819,42.20998105,1.05693335,
V002,1831,switch,56,56,556,424,1830,1,0.76075425,7.80000000,3.55000000,8.56985998,0.76075425,0.78072174,0.35287678,31.56029943,1.05267125,
V002,1831,reuse,180,72,586,0,1830,1,0.82506014,4.10000000,3.95000000,5.69319770,0.82506014,0.85580210,,,1.07151938,
V002,1832,switch,50,50,586,516,1831,1,0.85580210,3.85000000,2.10000000,4.38548743,0.85580210,0.96924840,0.33929148,30.29707082,1.03901695,
V002,1832,switch,72,72,516,586,1831,1,0.94331311,1.00000000,1.75000000,2.01556444,0.94331311,0.97691736,0.33929148,30.29707082,1.05698617,
V002,1832,switch,180,180,592,586,,,,,,,,0.84281989,0.56278253,16.00312469,,no_last_seen|no_prev
V002,1832,reuse,66,56,556,0,1831,1,0.78072174,6.85000000,4.55000000,8.22344210,0.78072174,0.83818156,,,1.05383029,
V002,1833,reuse,72,50,586,0,1832,1,0.96924840,0.65000000,0.35000000,0.73824115,0.96924840,0.92090254,,,1.01820495,
V002,1833,reuse,50,72,516,0,1832,1,0.97691736,-0.15000000,1.00000000,1.01118742,0.97691736,0.95233120,,,1.02362803,
V002,1834,switch,66,66,593,556,,,,,,,,0.96427765,0.09718766,54.91595852,,no_last_seen|no_prev
V002,1835,switch,81,81,568,546,1834,1,0.95344747,0.80000000,-0.80000000,1.13137085,0.95344747,0.94033195,,,0.97031091,no_old
V002,1836,reuse,80,81,568,0,1835,1,0.94033195,-1.00000000,2.00000000,2.23606798,0.94033195,0.88918373,,,0.99211564,
V002,1839,reuse,31,100,513,0,1817,22,0.00000000,130.55000000,-50.65000000,140.03115725,,0.91721882,,,0.78552917,no_prev
V002,1841,switch,97,97,589,576,1831,10,0.79336352,4.75000000,4.90000000,6.82440474,,0.88300248,,,0.93157940,no_prev|no_old
V002,1842,switch,80,80,546,568,1841,1,0.87762909,3.55000000,0.20000000,3.55562934,0.87762909,0.92022097,0.58369654,14.46789549,0.99596263,
V002,1843,switch,118,118,571,541,1833,10,0.87975748,-2.95000000,-1.80000000,3.45579224,,0.92235315,,,1.01804461,no_prev|no_old
V002,1843,reuse,81,80,546,0,1842,1,0.92022097,1.65000000,-1.70000000,2.36907155,0.92022097,0.96950459,,,0.95537715,
V002,1844,switch,113,113,510,563,1843,1,0.89583096,1.95000000,2.30000000,3.01537726,0.89583096,0.91730550,,,1.01445022,no_old
V002,1845,switch,42,42,419,424,1844,1,0.87790441,3.65000000,1.90000000,4.11491191,0.87790441,0.88948050,0.41852628,26.95946031,1.01840817,
V002,1845,switch,56,56,595,556,1844,1,0.53919623,18.90000000,3.60000000,19.23980249,0.53919623,0.71620925,,,1.14416912,no_old
V002,1845,switch,70,70,424,579,1844,1,0.93502453,-1.35000000,1.25000000,1.83983695,0.93502453,0.96404562,,,1.05689102,no_old
V002,1845,switch,173,173,563,510,1843,2,0.75786188,4.30000000,5.55000000,7.02086177,,,0.55603878,19.41552214,0.96415970,no_prev|no_next
V002,1845,reuse,173,113,510,0,1844,1,0.91730550,1.95000000,0.80000000,2.10772389,0.91730550,0.90217460,,,0.98465718,
V002,1846,reuse,35,42,419,0,1845,1,0.88948050,3.75000000,0.45000000,3.77690349,0.88948050,0.79752866,,,1.00367540,
V002,1846,reuse,42,70,424,0,1845,1,0.96404562,-1.05000000,0.45000000,1.14236597,0.96404562,0.96256999,,,1.01017156,
V002,1846,reuse,80,122,546,0,1845,1,0.60630368,1.10000000,-26.30000000,26.32299375,0.60630368,0.76735376,,,0.88173644,
V002,1847,switch,80,80,395,546,1816,31,0.14165874,-20.20000000,-92.75000000,94.92419344,,0.93033488,0.07008411,105.11666138,0.78797412,no_prev
V002,1848,switch,48,48,597,447,,,,,,,,0.91946370,,,,no_last_seen|no_prev|no_old
V002,1848,reuse,33,80,395,0,1847,1,0.93033488,-1.00000000,-2.50000000,2.69258240,0.93033488,0.95539066,,,0.96226943,
V002,1852,switch,176,176,598,179,,,,,,,,0.95130270,0.39061214,25.32913342,,no_last_seen|no_prev
V002,1853,switch,118,118,179,571,1852,1,0.94104467,1.65000000,0.15000000,1.65680415,0.94104467,0.87980205,,,1.01738693,no_old
V002,1854,reuse,176,118,179,0,1853,1,0.87980205,-3.25000000,1.65000000,3.64485939,0.87980205,0.93265362,,,1.05022413,
V002,1856,switch,180,180,531,586,1855,1,0.28715964,20.45000000,36.40000000,41.75119759,0.28715964,0.69829535,0.26045985,33.66697195,1.43748236,
V002,1857,switch,53,53,592,531,1833,24,0.37610221,-17.65000000,-17.05000000,24.54027302,,0.83348661,0.27532156,48.32416580,1.20059390,no_prev
V002,1860,switch,81,81,584,568,1851,9,0.15231585,36.90000000,11.20000000,38.56228728,,0.82345059,0.51366120,16.76007160,1.14036871,no_prev
V002,1861,switch,97,97,405,589,1860,1,0.85612998,3.85000000,1.35000000,4.07982843,0.85612998,0.85071018,,,1.01397469,no_old
V002,1861,reuse,85,81,584,0,1860,1,0.82345059,4.20000000,3.05000000,5.19061653,0.82345059,0.92410085,,,1.05666251,
V002,1862,switch,18,18,589,405,1856,6,0.47311264,-9.25000000,34.40000000,35.62193846,,0.92133479,0.27268664,31.28965484,1.06460038,no_prev
V002,1862,reuse,18,97,405,0,1861,1,0.85071018,3.95000000,-1.45000000,4.20773098,0.85071018,0.86521857,,,0.95953741,
V002,1863,reuse,97,18,589,0,1862,1,0.92133479,-1.55000000,2.15000000,2.65047166,0.92133479,0.93569978,,,1.03794226,
V002,1865,switch,179,179,531,498,1864,1,0.82133734,3.30000000,6.15000000,6.97943407,0.82133734,0.92181278,,,1.07556707,no_old
V002,1866,switch,75,75,520,492,1865,1,0.94954783,1.15000000,0.65000000,1.32098448,0.94954783,0.96298353,0.45758123,19.83714949,1.00256579,
V002,1866,switch,111,111,492,520,1865,1,0.98035909,0.40000000,0.25000000,0.47169906,0.98035909,0.97746579,0.45758123,19.83714949,1.00883273,
V002,1866,reuse,53,179,531,0,1865,1,0.92181278,1.50000000,2.30000000,2.74590604,0.92181278,0.93816120,,,1.05035884,
V002,1867,reuse,111,75,520,0,1866,1,0.96298353,0.75000000,-0.70000000,1.02591423,0.96298353,0.98723660,,,0.98608033,
V002,1867,reuse,75,111,492,0,1866,1,0.97746579,0.50000000,0.00000000,0.50000000,0.97746579,0.97930286,,,0.99196919,
V002,1871,reuse,113,173,563,0,1845,26,0.11310165,34.85000000,17.55000000,39.01954638,,0.87265975,,,0.91660046,no_prev
V002,1874,reuse,81,85,584,0,1870,4,0.32023064,-27.65000000,1.85000000,27.71182058,,0.61240846,,,1.10735325,no_prev
V002,1879,switch,120,120,598,324,1878,1,0.93300741,-1.90000000,-0.30000000,1.92353841,0.93300741,0.95197920,,,1.01744999,no_old
V002,1879,switch,176,176,365,598,1878,1,0.87670782,3.55000000,1.50000000,3.85389413,0.87670782,0.93902535,0.26089074,36.10003463,0.96866678,
V002,1880,reuse,176,120,598,0,1879,1,0.95197920,-1.00000000,0.85000000,1.31244047,0.95197920,0.92786395,,,1.03471886,
V002,1881,switch,180,180,545,586,1879,2,0.40880047,-2.45000000,-53.20000000,53.25638459,,,0.00000000,83.49049347,0.78696820,no_prev|no_next
V002,1883,switch,176,176,609,598,,,,,,,,0.86856495,0.29925477,32.42040253,,no_last_seen|no_prev
V002,1886,switch,52,52,531,545,1885,1,0.37972588,15.40000000,31.65000000,35.19776271,0.37972588,0.61041709,,,1.08167641,no_old
V002,1887,reuse,179,52,531,0,1886,1,0.61041709,9.10000000,13.65000000,16.40525830,0.61041709,0.72916525,,,1.10007170,
V002,1887,reuse,19,83,407,0,1886,1,0.96638553,0.45000000,-1.30000000,1.37568165,0.96638553,0.81052942,,,1.02821939,
V002,1887,reuse,85,110,584,0,1886,1,0.86695407,0.05000000,-7.30000000,7.30017123,0.86695407,0.92656753,,,0.94200219,
V002,1889,reuse,83,19,407,0,1888,1,0.90586946,2.50000000,0.45000000,2.54017716,0.90586946,0.84592632,,,1.02328746,
V002,1890,switch,179,179,545,531,1881,9,0.16646752,39.40000000,12.55000000,41.35048367,,,0.10203149,69.50053957,1.02178813,no_prev|no_next
V002,1891,switch,81,81,395,584,1885,6,0.29470072,-30.50000000,-1.25000000,30.52560401,,0.92982883,0.03480103,106.71274526,1.16922751,no_prev
V002,1892,reuse,80,81,395,0,1891,1,0.92982883,-1.95000000,0.70000000,2.07183494,0.92982883,0.91375058,,,1.01351253,
V002,1897,reuse,81,125,568,0,1896,1,0.37621479,-15.85000000,-16.05000000,22.55714964,0.37621479,0.76501509,,,0.99050184,
V002,1900,reuse,19,83,407,0,1899,1,0.77246948,6.95000000,1.40000000,7.08960507,0.77246948,0.85579946,,,1.00173310,
V002,1902,switch,19,19,453,407,1901,1,0.91853909,2.45000000,-0.50000000,2.50049995,0.91853909,0.97444555,0.20897192,48.02759623,0.99517685,
V002,1903,reuse,105,19,453,0,1902,1,0.97444555,0.65000000,0.40000000,0.76321688,0.97444555,0.95172432,,,1.00409783,
V002,1905,reuse,18,101,589,0,1904,1,0.93292287,1.05000000,1.55000000,1.87216452,0.93292287,0.96163578,,,1.06349469,
V002,1907,switch,18,18,621,589,,,,,,,,0.86813848,0.20852653,77.28301883,,no_last_seen|no_prev
V002,1907,switch,105,105,622,453,,,,,,,,,0.35658015,28.81961138,,no_last_seen|no_prev|no_next
V002,1908,reuse,83,189,407,0,1907,1,0.64673365,9.55000000,7.85000000,12.36224090,0.64673365,0.68481016,,,0.94965826,
V002,1912,switch,175,175,608,370,1904,8,0.12737123,-20.30000000,-102.20000000,104.19659303,,,,,0.93786374,no_prev|no_next|no_old
V002,1912,reuse,189,83,407,0,1911,1,0.87382593,-2.55000000,-2.65000000,3.67763511,0.87382593,0.83384878,,,0.92949025,
V002,1918,switch,180,180,628,586,,,,,,,,0.92402217,0.00000000,128.95748330,,no_last_seen|no_prev
V002,1921,switch,19,19,599,453,1920,1,0.94685976,-0.45000000,-2.85000000,2.88530761,0.94685976,0.96515076,0.41324491,52.12084516,0.96473526,
V002,1921,switch,174,174,453,599,1920,1,0.97056522,0.40000000,1.45000000,1.50416090,0.97056522,0.93185186,0.41324491,52.12084516,1.01854396,
V002,1922,switch,80,80,631,395,,,,,,,,0.80070033,0.04781688,54.55662196,,no_last_seen|no_prev
V002,1922,reuse,174,19,599,0,1921,1,0.96515076,0.40000000,1.55000000,1.60078106,0.96515076,0.96517240,,,1.02131858,
V002,1922,reuse,19,174,453,0,1921,1,0.93185186,1.75000000,-0.75000000,1.90394328,0.93185186,0.92901653,,,0.96704536,
V002,1924,switch,189,189,632,407,1923,1,0.92351904,1.40000000,1.95000000,2.40052078,0.92351904,0.87099105,,,1.04554352,no_old
V002,1930,switch,116,116,568,610,1929,1,0.96282379,-0.60000000,0.75000000,0.96046864,0.96282379,0.97209853,0.45067589,17.69328969,1.00415973,
V002,1930,switch,125,125,610,568,1929,1,0.86840065,3.20000000,-0.55000000,3.24692162,0.86840065,0.88803248,0.45067589,17.69328969,0.98374228,
V002,1931,reuse,125,116,568,0,1930,1,0.97209853,0.45000000,-0.55000000,0.71063352,0.97209853,0.92221595,,,0.99113381,
V002,1931,reuse,116,125,610,0,1930,1,0.88803248,2.80000000,-0.25000000,2.81113856,0.88803248,0.96748028,,,0.99822560,
V002,1932,switch,76,76,545,480,1931,1,0.87710780,-3.20000000,-1.45000000,3.51318943,0.87710780,,,,0.98249369,no_next|no_old
V002,1932,switch,77,77,557,521,1931,1,0.79299717,5.10000000,-4.60000000,6.86804193,0.79299717,,,,0.90529879,no_next|no_old
V002,1934,switch,76,76,480,480,1927,7,0.74160728,6.75000000,-7.45000000,10.05310897,,,1.00000000,0.00000000,0.88895708,no_prev|no_next
V002,1934,reuse,78,77,557,0,1932,2,0.63779803,9.75000000,-10.55000000,14.36540984,,0.82643524,,,1.22197716,no_prev
V002,1936,switch,77,77,521,557,1931,5,0.78844096,-4.10000000,2.60000000,4.85489444,,0.56959059,0.56596601,16.90517672,1.23402219,no_prev
V002,1936,switch,158,158,407,623,1935,1,0.90844716,-0.10000000,-3.85000000,3.85129848,0.90844716,0.98572280,0.46722212,17.08691019,0.94079784,
V002,1936,reuse,158,109,623,0,1935,1,0.85303817,2.95000000,2.10000000,3.62111861,0.85303817,0.93471165,,,1.04921423,
V002,1937,switch,72,72,557,516,1936,1,0.90297851,2.05000000,-2.95000000,3.59235299,0.90297851,0.90350079,,,0.98882533,no_old
V002,1937,reuse,83,158,407,0,1936,1,0.98572280,0.15000000,0.40000000,0.42720019,0.98572280,0.90334250,,,0.99105119,
V002,1937,reuse,114,121,630,0,1936,1,0.88273655,2.20000000,0.60000000,2.28035085,0.88273655,0.89362295,,,1.05062247,
V002,1938,switch,77,77,516,521,1936,2,0.63854744,-12.65000000,-0.85000000,12.67852515,,0.87271358,0.30934707,31.80000000,0.94672709,no_prev
V002,1938,switch,78,78,521,557,1937,1,0.88592839,-2.45000000,0.40000000,2.48243832,0.88592839,0.91553734,0.26421422,32.60463924,0.94087404,
V002,1938,reuse,77,72,557,0,1937,1,0.90350079,-0.20000000,6.90000000,6.90289794,0.90350079,0.90434413,,,0.96548805,
V002,1939,switch,83,83,638,407,,,,,,,,0.95762919,0.00771582,126.28832092,,no_last_seen|no_prev
V002,1939,reuse,72,77,516,0,1938,1,0.87271358,-2.75000000,-3.25000000,4.25734659,0.87271358,0.67248587,,,0.91762057,
V002,1939,reuse,77,78,521,0,1938,1,0.91553734,-2.00000000,-0.35000000,2.03039405,0.91553734,0.98641727,,,0.97394562,
V002,1940,switch,56,56,597,595,1939,1,0.90937937,4.80000000,1.10000000,4.92442890,0.90937937,0.90343894,,,0.99727557,no_old
V002,1940,switch,101,101,639,589,,,,,,,,0.90289739,0.43360643,25.21314141,,no_last_seen|no_prev
V002,1940,switch,114,114,589,630,1939,1,0.85995429,3.20000000,-1.35000000,3.47311100,0.85995429,0.81848912,0.32417562,50.65177687,1.00979686,
V002,1941,reuse,48,56,597,0,1940,1,0.90343894,4.75000000,0.35000000,4.76287728,0.90343894,0.83551514,,,0.96392600,
V002,1941,reuse,101,114,589,0,1940,1,0.81848912,3.90000000,-2.80000000,4.80104155,0.81848912,0.86482427,,,1.00568280,
V002,1945,switch,78,78,516,521,1940,5,0.60777948,-12.55000000,-2.80000000,12.85855746,,,,,1.05079104,no_prev|no_next|no_old
V002,1955,switch,89,89,648,634,,,,,,,,0.92773739,,,,no_last_seen|no_prev|no_old
V002,1959,reuse,42,95,419,0,1958,1,0.77363569,10.40000000,3.80000000,11.07248843,0.77363569,0.81899625,,,1.10789731,
V002,1960,reuse,77,78,516,0,1945,15,0.61340269,-8.30000000,5.10000000,9.74166310,,,,,1.61603286,no_prev|no_next
V002,1961,switch,85,85,645,584,1956,5,0.85963612,2.20000000,-4.50000000,5.00899191,,,0.09079971,98.28073311,0.88532892,no_prev|no_next
V002,1964,switch,77,77,647,516,1960,4,0.89750573,2.25000000,1.75000000,2.85043856,,0.33476958,,,0.94403322,no_prev|no_old
V002,1965,switch,98,98,647,564,1964,1,0.33476958,15.60000000,-40.75000000,43.63396040,0.33476958,0.68299742,,,0.91486277,no_old
V002,1965,switch,109,109,568,623,1964,1,0.85431350,2.80000000,2.45000000,3.72055103,0.85431350,0.89359988,,,1.02542472,no_old
V002,1966,reuse,116,109,568,0,1965,1,0.89359988,2.30000000,1.00000000,2.50798724,0.89359988,0.89759985,,,1.01505327,
V002,1973,switch,78,78,536,516,1972,1,0.36407537,18.55000000,32.65000000,37.55163112,0.36407537,,,,1.30434783,no_next|no_old
V002,1975,switch,85,85,516,584,1970,5,0.46830660,-18.75000000,3.45000000,19.06475806,,,0.10126432,101.42269223,0.94976205,no_prev|no_next
V002,1975,switch,175,175,520,370,1971,4,0.34249565,-23.25000000,26.75000000,35.44185379,,0.88770402,,,1.25328156,no_prev|no_old
V002,1976,reuse,75,175,520,0,1975,1,0.88770402,-2.15000000,4.55000000,5.03239506,0.88770402,0.94967660,,,1.06394177,
V002,1981,switch,77,77,501,516,1980,1,0.79164042,2.40000000,13.05000000,13.26885451,0.79164042,0.89083185,,,0.96495525,no_old
V002,1982,switch,100,100,520,513,1981,1,0.88858454,-2.90000000,3.55000000,4.58393935,0.88858454,0.85149643,,,1.04248884,no_old
V002,1982,switch,175,175,586,520,1978,4,0.20246356,41.15000000,-30.20000000,51.04275169,,,0.67062628,16.40624881,0.92872206,no_prev|no_next
V002,1982,reuse,79,77,501,0,1981,1,0.89083185,2.05000000,3.90000000,4.40596187,0.89083185,0.90356208,,,0.92049357,
V002,1983,reuse,175,100,520,0,1982,1,0.85149643,-3.80000000,5.75000000,6.89220574,0.85149643,,,,1.10398759,no_next
V002,1986,reuse,54,119,616,0,1976,10,0.12150899,34.80000000,45.00000000,56.88620219,,0.94130603,,,1.96778034,no_prev
V002,1987,switch,78,78,631,516,1986,1,0.94376074,1.40000000,1.65000000,2.16390850,0.94376074,0.94588482,,,0.97842972,no_old
V002,1987,switch,79,79,536,501,1986,1,0.89399147,-2.25000000,-2.80000000,3.59200501,0.89399147,0.86635397,0.41460606,60.68442963,1.02297098,
V002,1988,switch,50,50,470,586,1987,1,0.65770350,8.30000000,19.10000000,20.82546518,0.65770350,0.71603593,,,0.96066253,no_old
V002,1988,reuse,80,78,631,0,1987,1,0.94588482,1.25000000,1.80000000,2.19146070,0.94588482,0.92209185,,,0.98843834,
V002,1988,reuse,94,79,536,0,1987,1,0.86635397,-4.00000000,-0.65000000,4.05246838,0.86635397,0.91913013,,,1.00014261,
V002,1989,switch,94,94,628,536,1984,5,0.12593874,-40.80000000,31.85000000,51.75966093,,0.85991504,0.00000000,110.88693566,1.22146148,no_prev
V002,1989,reuse,187,50,470,0,1988,1,0.71603593,7.65000000,12.30000000,14.48490594,0.71603593,0.87758016,,,1.06554859,
V002,1990,reuse,180,94,628,0,1989,1,0.85991504,-3.90000000,1.75000000,4.27463449,0.85991504,0.93133318,,,0.99315920,
V002,1991,switch,187,187,462,470,1989,2,0.26096276,34.15000000,-3.00000000,34.28151834,,0.75277338,0.18782459,70.53750775,0.94712476,no_prev
V002,1992,reuse,107,187,462,0,1991,1,0.75277338,7.70000000,0.80000000,7.74144689,0.75277338,0.94003180,,,0.96587273,
V002,1995,switch,107,107,592,462,1994,1,0.94163922,0.35000000,3.35000000,3.36823396,0.94163922,0.97564983,0.18998201,42.96940772,1.05253008,
V002,1996,switch,83,83,645,638,1975,21,0.87111325,0.10000000,7.65000000,7.65065357,,0.91208992,0.73017635,8.85127110,0.92877770,no_prev
V002,1996,switch,85,85,638,584,1995,1,0.89381779,2.50000000,1.95000000,3.17056777,0.89381779,0.91257855,0.00000000,110.59639461,1.01033498,
V002,1996,reuse,53,107,592,0,1995,1,0.97564983,-0.25000000,0.80000000,0.83815273,0.97564983,0.97786220,,,1.02495789,
V002,1997,switch,53,53,661,592,,,,,,,,0.84294417,0.48460420,26.40151511,,no_last_seen|no_prev
V002,1997,switch,173,173,641,563,1996,1,0.80125180,3.05000000,5.65000000,6.42066975,0.80125180,0.90419144,,,1.08037227,no_old
V002,1997,reuse,83,85,638,0,1996,1,0.91257855,-1.85000000,2.10000000,2.79866039,0.91257855,0.72832110,,,0.99087043,
V002,1998,switch,80,80,657,631,1993,5,0.31718828,-12.00000000,-58.25000000,59.47320825,,0.90115434,0.34406279,51.02443042,0.90545063,no_prev
V002,1998,switch,116,116,662,568,,,,,,,,0.89877082,0.59411773,14.02087729,,no_last_seen|no_prev
V002,1998,reuse,169,173,641,0,1997,1,0.90419144,1.10000000,3.25000000,3.43110769,0.90419144,0.88964959,,,0.96420459,
V002,2000,switch,74,74,520,530,1999,1,0.86962123,4.80000000,-1.10000000,4.92442890,0.86962123,0.89530938,,,1.03140438,no_old
V002,2000,switch,100,100,664,520,1999,1,0.93245964,-1.65000000,1.80000000,2.44182309,0.93245964,0.92708388,0.44619157,31.44332203,1.04059787,
V002,2001,reuse,100,74,520,0,2000,1,0.89530938,3.80000000,-0.15000000,3.80295937,0.89530938,0.84518177,,,1.02850352,
V002,2003,switch,116,116,630,568,2002,1,0.36132808,-20.85000000,9.65000000,22.97487758,0.36132808,,0.61496392,16.45387492,0.87952924,no_next
V002,2004,switch,187,187,592,462,2003,1,0.75003953,8.10000000,3.35000000,8.76541499,0.75003953,0.90228502,,,0.98220080,no_old
V002,2005,reuse,107,187,592,0,2004,1,0.90228502,2.60000000,1.95000000,3.25000000,0.90228502,0.94016874,,,1.00370451,
V002,2006,switch,80,80,554,657,2005,1,0.94045695,1.35000000,-1.45000000,1.98116128,0.94045695,0.92328756,,,0.96622362,no_old
V002,2007,switch,94,94,669,628,2006,1,0.87776342,3.35000000,-0.25000000,3.35931541,0.87776342,0.53333359,,,1.02984376,no_old
V002,2007,switch,109,109,662,568,2006,1,0.98150790,0.25000000,0.30000000,0.39051248,0.98150790,0.94034298,0.43018581,19.04580006,1.01464333,
V002,2007,switch,116,116,568,568,2006,1,0.93867521,1.10000000,0.15000000,1.11018017,0.93867521,0.92041323,1.00000000,0.00000000,1.03993779,
V002,2007,reuse,86,80,554,0,2006,1,0.92328756,1.30000000,0.75000000,1.50083310,0.92328756,0.95547527,,,1.07624518,
V002,2008,reuse,109,116,568,0,2007,1,0.92041323,1.55000000,-1.25000000,1.99123078,0.92041323,0.96554574,,,0.96196983,
V002,2010,switch,86,86,628,554,2006,4,0.71689832,9.05000000,-0.35000000,9.05676543,,0.91281108,0.19621510,42.66722981,1.11472560,no_prev
V002,2011,reuse,94,86,628,0,2010,1,0.91281108,-0.10000000,3.50000000,3.50142828,0.91281108,0.96065668,,,1.09551694,
V002,2012,switch,100,100,672,664,,,,,,,,0.93714131,0.48298866,20.31846451,,no_last_seen|no_prev
V002,2012,switch,107,107,664,592,2011,1,0.98552385,0.35000000,-0.30000000,0.46097722,0.98552385,0.94458165,0.20560547,41.27529527,0.98979332,
V002,2013,switch,189,189,638,632,2005,8,0.88511217,-2.75000000,1.95000000,3.37120157,,0.96734033,,,1.04079272,no_prev|no_old
V002,2013,reuse,100,107,664,0,2012,1,0.94458165,0.55000000,-1.45000000,1.55080624,0.94458165,0.95696160,,,0.94458165,
V002,2014,switch,121,121,646,630,2002,12,0.27584119,-15.25000000,-46.55000000,48.98433423,,0.87698569,,,0.99342364,no_prev|no_old
V002,2014,reuse,85,189,638,0,2013,1,0.96734033,-0.60000000,-0.45000000,0.75000000,0.96734033,0.95437312,,,1.02309575,
V002,2017,switch,121,121,610,630,2016,1,0.86553169,3.35000000,0.95000000,3.48209707,0.86553169,0.89249011,,,0.99340085,no_old
V002,2017,switch,125,125,646,610,2016,1,0.89641691,2.80000000,0.10000000,2.80178515,0.89641691,0.95703613,0.41644966,20.77931664,1.00385356,
V002,2018,reuse,125,121,610,0,2017,1,0.89249011,2.35000000,1.45000000,2.76134025,0.89249011,0.91977132,,,1.00764386,
V002,2018,reuse,170,125,646,0,2017,1,0.95703613,0.75000000,-0.15000000,0.76485293,0.95703613,0.96683088,,,1.02919288,
V002,2022,switch,75,75,673,520,,,,,,,,0.83551680,0.00000000,108.77877780,,no_last_seen|no_prev
V002,2022,switch,179,179,563,531,2021,1,0.30930157,-27.85000000,27.80000000,39.35050826,0.30930157,0.59806244,,,0.99845201,no_old
V002,2023,reuse,173,179,563,0,2022,1,0.59806244,-14.60000000,4.55000000,15.29256355,0.59806244,0.90975409,,,0.95190971,
V002,2027,switch,180,180,670,628,2024,3,0.35407350,-28.15000000,-20.60000000,34.88240961,,,0.00000000,98.70031662,0.91487735,no_prev|no_next
V002,2029,reuse,189,124,632,0,2016,13,0.04833208,-20.40000000,-113.45000000,115.26952112,,0.89873140,,,0.65638185,no_prev
V002,2036,reuse,189,85,638,0,2035,1,0.75945455,-7.15000000,-1.95000000,7.41114026,0.75945455,0.76110511,,,1.01876070,
V002,2050,switch,121,121,546,610,2049,1,0.80260308,5.20000000,0.90000000,5.27730992,0.80260308,0.86585357,0.50433730,19.68057418,0.97867191,
V002,2050,switch,122,122,610,546,2049,1,0.96329233,0.35000000,-1.30000000,1.34629120,0.96329233,0.96326312,0.50433730,19.68057418,0.98501692,
V002,2051,reuse,122,121,546,0,2050,1,0.86585357,3.50000000,-0.25000000,3.50891721,0.86585357,0.88368221,,,0.98801229,
V002,2051,reuse,121,122,610,0,2050,1,0.96326312,0.10000000,-1.40000000,1.40356688,0.96326312,0.94460080,,,0.97506949,
V002,2053,switch,170,170,675,646,2052,1,0.80252084,4.15000000,-1.05000000,4.28077096,0.80252084,0.65284742,0.26667645,35.73408737,1.10659576,
V002,2054,switch,85,85,686,638,2053,1,0.92812431,-1.95000000,-0.30000000,1.97294197,0.92812431,0.90550997,0.39141841,27.08066654,0.98272045,
V002,2054,reuse,85,189,638,0,2053,1,0.93872755,-1.45000000,1.00000000,1.76139150,0.93872755,0.97819634,,,0.99825784,
V002,2063,switch,79,79,641,536,2062,1,0.66901957,-4.80000000,20.70000000,21.24923528,0.66901957,0.82183263,0.49970012,24.66034266,1.18401259,
V002,2063,switch,119,119,440,616,2062,1,0.98208292,-0.05000000,0.95000000,0.95131488,0.98208292,0.97537022,,,1.01412229,no_old
V002,2064,reuse,173,79,641,0,2063,1,0.82183263,4.05000000,6.15000000,7.36376263,0.82183263,0.84359754,,,1.10016139,
V002,2064,reuse,177,119,440,0,2063,1,0.97537022,-0.45000000,0.70000000,0.83216585,0.97537022,0.98342894,,,1.00714057,
V002,2068,switch,172,172,693,668,,,,,,,,0.88654853,,,,no_last_seen|no_prev|no_old
V002,2070,switch,180,180,695,628,,,,,,,,0.77354367,0.00000000,385.30493444,,no_last_seen|no_prev
V002,2073,switch,79,79,664,641,2072,1,0.73187648,7.90000000,6.65000000,10.32630137,0.73187648,0.89187742,0.44640435,25.41180828,1.08955076,
V002,2073,switch,97,97,453,405,2072,1,0.98819780,0.25000000,0.40000000,0.47169906,0.98819780,0.86967432,0.51057245,21.55579968,0.99511462,
V002,2073,switch,107,107,641,664,2072,1,0.93391621,-0.60000000,1.20000000,1.34164079,0.93391621,0.82281639,0.44640435,25.41180828,1.07075987,
V002,2073,switch,174,174,405,453,2072,1,0.86971923,3.85000000,2.25000000,4.45926003,0.86971923,0.87468828,0.51057245,21.55579968,1.00133322,
V002,2073,switch,177,177,365,440,2072,1,0.84611147,-4.55000000,0.40000000,4.56754858,0.84611147,0.92403349,0.46854120,34.97684949,1.04463025,
V002,2073,switch,178,178,440,365,2072,1,0.98000610,0.50000000,0.20000000,0.53851648,0.98000610,0.96527173,0.46854120,34.97684949,0.99864773,
V002,2074,reuse,107,79,664,0,2073,1,0.89187742,3.35000000,1.20000000,3.55844067,0.89187742,0.92039763,,,0.98904604,
V002,2074,reuse,174,97,453,0,2073,1,0.86967432,4.10000000,-0.50000000,4.13037529,0.86967432,0.89447905,,,0.96615870,
V002,2074,reuse,79,107,641,0,2073,1,0.82281639,5.25000000,3.30000000,6.20100798,0.82281639,0.86198016,,,0.95887564,
V002,2074,reuse,97,174,405,0,2073,1,0.87468828,3.25000000,3.45000000,4.73972573,0.87468828,0.92463171,,,1.03239957,
V002,2074,reuse,178,177,365,0,2073,1,0.92403349,2.25000000,-0.25000000,2.26384628,0.92403349,0.93212768,,,1.02300204,
V002,2074,reuse,119,178,440,0,2073,1,0.96527173,0.65000000,0.55000000,0.85146932,0.96527173,0.98954026,,,1.02528081,
V002,2080,switch,119,119,609,440,2079,1,0.92030433,-2.35000000,-0.45000000,2.39269722,0.92030433,0.87759868,0.13586913,54.38133871,1.01619043,
V002,2081,reuse,176,119,609,0,2080,1,0.87759868,-4.00000000,-0.45000000,4.02523291,0.87759868,0.87082205,,,1.01208453,
V002,2082,switch,176,176,701,609,,,,,,,,0.97483293,0.44007476,22.76406159,,no_last_seen|no_prev
V002,2084,switch,159,159,704,685,,,,,,,,0.90108189,,,,no_last_seen|no_prev|no_old
V002,2084,switch,160,160,702,700,2083,1,0.86100611,1.80000000,4.10000000,4.47772264,0.86100611,0.90726022,,,1.08695652,no_old
V002,2085,switch,83,83,705,645,,,,,,,,0.97394607,,,,no_last_seen|no_prev|no_old
V002,2086,switch,18,18,700,621,2083,3,0.62634654,7.35000000,9.50000000,12.01134880,,,,,1.07812881,no_prev|no_next|no_old
V002,2086,switch,79,79,592,664,2085,1,0.84784170,4.05000000,-1.45000000,4.30174383,0.84784170,0.77365259,,,0.95765724,no_old
V002,2087,switch,18,18,621,621,2085,2,0.91927281,-1.00000000,-0.90000000,1.34536240,,0.92826173,1.00000000,0.00000000,0.91927281,no_prev
V002,2087,switch,180,180,707,628,,,,,,,,0.81190283,0.00000000,502.52603166,,no_last_seen|no_prev
V002,2087,reuse,187,79,592,0,2086,1,0.77365259,5.85000000,4.65000000,7.47295122,0.77365259,0.89178060,,,1.07268953,
V002,2090,switch,179,179,709,563,,,,,,,,0.78354552,,,,no_last_seen|no_prev|no_old
V002,2092,switch,187,187,664,592,2079,13,0.49032717,19.30000000,8.20000000,20.96974010,,0.88687412,0.18617555,41.82636728,0.95654212,no_prev
V002,2093,reuse,79,187,664,0,2092,1,0.88687412,3.25000000,-1.35000000,3.51923287,0.88687412,0.90264250,,,0.98835548,
V002,2098,switch,176,176,365,701,2097,1,0.98013082,0.55000000,0.15000000,0.57008771,0.98013082,0.97162553,0.32149765,30.61474318,0.99627446,
V002,2098,switch,177,177,701,365,2097,1,0.97275341,-0.50000000,-0.85000000,0.98615415,0.97275341,0.96503730,0.32149765,30.61474318,0.98170287,
V002,2099,switch,127,127,715,711,,,,,,,,0.95611449,0.50474966,28.36229892,,no_last_seen|no_prev
V002,2099,reuse,177,176,365,0,2098,1,0.97162553,-0.60000000,-0.55000000,0.81394103,0.97162553,0.95872913,,,0.98441564,
V002,2099,reuse,176,177,701,0,2098,1,0.96503730,-1.00000000,-0.20000000,1.01980390,0.96503730,0.94114051,,,0.99404731,
V002,2100,switch,169,169,582,641,2096,4,0.58343182,9.30000000,11.15000000,14.51938360,,0.93704121,0.02868353,148.40485167,1.14397233,no_prev
V002,2100,switch,175,175,536,520,2095,5,0.46204293,20.20000000,-16.65000000,26.17751898,,0.22295944,0.00000000,512.42016451,0.82019823,no_prev
V002,2101,switch,18,18,711,621,2100,1,0.84899160,2.90000000,1.00000000,3.06757233,0.84899160,0.94013350,,,1.08751972,no_old
V002,2101,reuse,168,169,582,0,2100,1,0.93704121,1.40000000,-0.10000000,1.40356688,0.93704121,0.96972009,,,0.97901362,
V002,2101,reuse,19,126,599,0,2100,1,0.85037829,-2.80000000,-3.45000000,4.44325331,0.85037829,0.95883824,,,0.97052687,
V002,2102,switch,161,161,716,683,,,,,,,,0.92303864,,,,no_last_seen|no_prev|no_old
V002,2102,reuse,127,18,711,0,2101,1,0.94013350,1.40000000,-0.20000000,1.41421356,0.94013350,0.91352154,,,0.99677419,
V002,2105,switch,18,18,621,711,2100,5,0.80141811,-4.70000000,-1.60000000,4.96487663,,0.94040414,,,1.01169781,no_prev|no_old
V002,2107,reuse,169,168,582,0,2104,3,0.45849044,-13.55000000,-13.40000000,19.05682293,,0.87277996,,,0.80535119,no_prev
V002,2111,switch,101,101,699,639,2110,1,0.80487885,-5.15000000,-4.05000000,6.55171733,0.80487885,0.86048541,,,1.05276468,no_old
V002,2114,switch,101,101,639,699,2110,4,0.77416536,-2.80000000,12.65000000,12.95617613,,0.92203270,,,1.04493127,no_prev|no_old
V002,2116,switch,179,179,707,709,2091,25,0.00000000,87.10000000,9.40000000,87.60576465,,0.88356441,0.53564257,20.47590047,1.16364834,no_prev
V002,2117,switch,100,100,699,672,2112,5,0.71673182,0.55000000,-21.10000000,21.10716703,,0.92592453,,,1.13202897,no_prev|no_old
V002,2118,switch,101,101,699,639,2117,1,0.92592453,-1.30000000,-2.80000000,3.08706981,0.92592453,0.92141941,,,1.01745069,no_old
V002,2119,switch,100,100,639,672,2117,2,0.61147450,-14.25000000,-2.50000000,14.46763630,,0.75849357,,,1.08389558,no_prev|no_old
V002,2120,reuse,101,100,639,0,2119,1,0.75849357,-7.35000000,4.70000000,8.72424782,0.75849357,0.84055101,,,1.03661222,
V002,2120,reuse,180,179,707,0,2119,1,0.48073304,23.45000000,-7.10000000,24.50127548,0.48073304,0.77368124,,,0.94190997,
V002,2125,switch,175,175,527,520,2124,1,0.37796124,23.10000000,-18.75000000,29.75184868,0.37796124,0.65499228,0.00000000,711.71644986,1.05679945,
V002,2126,reuse,185,175,527,0,2125,1,0.65499228,10.00000000,-8.95000000,13.42022727,0.65499228,0.86718479,,,0.97265680,
V002,2131,reuse,36,144,489,0,2130,1,0.93696055,1.05000000,-1.45000000,1.79025138,0.93696055,0.94170782,,,0.94583386,
V002,2132,switch,177,177,664,701,2131,1,0.89596826,-0.90000000,-5.95000000,6.01768228,0.89596826,,,,0.99508077,no_next|no_old
V002,2133,switch,177,177,701,701,2131,2,0.87159602,3.85000000,0.25000000,3.85810834,,0.89987554,1.00000000,0.00000000,0.99486311,no_prev
V002,2136,switch,169,169,728,582,,,,,,,,0.74994004,0.35917926,26.08912609,,no_last_seen|no_prev
V002,2136,reuse,175,185,527,0,2135,1,0.51113934,8.50000000,-31.70000000,32.81981109,0.51113934,0.60191714,,,0.96837424,
V002,2137,switch,176,176,726,365,2135,2,0.91259911,1.20000000,-3.60000000,3.79473319,,0.87072408,,,0.95633435,no_prev|no_old
V002,2137,reuse,185,175,527,0,2136,1,0.60191714,-7.30000000,21.85000000,23.03719818,0.60191714,0.50172103,,,1.08894872,
V002,2138,reuse,175,185,527,0,2137,1,0.50172103,9.45000000,-31.30000000,32.69545075,0.50172103,0.77445254,,,0.90975394,
V002,2139,switch,106,106,621,455,2138,1,0.79448239,4.00000000,4.75000000,6.20987117,0.79448239,0.70011799,,,1.09828760,no_old
V002,2139,switch,180,180,709,707,2127,12,0.00000000,103.30000000,1.20000000,103.30696976,,,0.58412068,23.02281477,1.09366627,no_prev|no_next
V002,2140,switch,97,97,727,453,2139,1,0.89499227,2.80000000,-2.05000000,3.47023054,0.89499227,0.79215144,,,0.97032855,no_old
V002,2140,switch,105,105,621,622,2139,1,0.70011799,-4.45000000,-12.25000000,13.03322677,0.70011799,0.89519084,,,0.90202886,no_old
V002,2140,switch,106,106,455,455,2138,2,0.95167475,-0.15000000,-3.05000000,3.05368630,,0.95923371,1.00000000,0.00000000,0.99750202,no_prev
V002,2140,switch,177,177,527,701,2139,1,0.84403098,2.90000000,-5.00000000,5.78013841,0.84403098,0.96402953,0.15066877,110.59342205,0.97325366,
V002,2140,switch,187,187,701,664,2139,1,0.64202829,5.10000000,27.15000000,27.62485294,0.64202829,0.77668670,,,1.06362102,no_old
V002,2141,reuse,18,105,621,0,2140,1,0.89519084,-0.05000000,-4.40000000,4.40028408,0.89519084,0.79201866,,,0.92260141,
V002,2141,reuse,185,177,527,0,2140,1,0.96402953,0.20000000,-2.15000000,2.15928229,0.96402953,0.97447846,,,0.99159960,
V002,2141,reuse,177,187,701,0,2140,1,0.77668670,4.00000000,13.25000000,13.84061054,0.77668670,0.75478258,,,1.07157391,
V002,2142,switch,176,176,365,726,2139,3,0.86801768,-2.90000000,1.15000000,3.11969550,,0.95727650,0.60927656,14.69294048,1.10510957,no_prev
V002,2143,switch,105,105,622,621,2139,4,0.69047835,-8.20000000,-3.40000000,8.87693641,,,0.47443746,15.66045976,1.02843141,no_prev|no_next
V002,2144,switch,105,105,621,621,2143,1,0.85441501,2.60000000,-0.35000000,2.62345192,0.85441501,0.90441232,1.00000000,0.00000000,1.09656859,
V002,2144,switch,113,113,726,510,2143,1,0.95244913,0.10000000,-3.05000000,3.05163890,0.95244913,0.97867255,0.33772793,37.18776681,0.98464686,
V002,2144,switch,185,185,510,527,2143,1,0.88816497,2.00000000,-3.80000000,4.29418211,0.88816497,,0.62689935,28.81306127,0.98389098,no_next
V002,2145,reuse,176,113,726,0,2144,1,0.97867255,0.45000000,0.50000000,0.67268120,0.97867255,0.84650301,,,0.98776926,
V002,2146,reuse,113,185,510,0,2144,2,0.80127993,2.25000000,10.35000000,10.59174207,,,,,1.21076004,no_prev|no_next
V002,2147,reuse,179,180,709,0,2139,8,0.38004578,30.40000000,17.10000000,34.87936353,,0.89609727,,,0.96596984,no_prev
V002,2150,switch,97,97,405,727,2149,1,0.91404930,2.45000000,-0.05000000,2.45051015,0.91404930,0.87821291,0.44967189,23.35385407,0.97318329,
V002,2150,switch,174,174,727,405,2149,1,0.88607826,3.65000000,1.65000000,4.00562105,0.88607826,0.91567373,0.44967189,23.35385407,1.02920956,
V002,2151,switch,176,176,726,365,2150,1,0.80550255,-6.25000000,1.05000000,6.33758629,0.80550255,0.92321177,0.52721766,18.95797985,1.00903582,
V002,2151,reuse,174,97,405,0,2150,1,0.87821291,3.50000000,-1.20000000,3.70000000,0.87821291,0.74551497,,,0.96309659,
V002,2151,reuse,97,174,727,0,2150,1,0.91567373,2.85000000,-0.60000000,2.91247318,0.91567373,0.91853406,,,0.98850666,
V002,2152,reuse,113,176,726,0,2151,1,0.92321177,-2.00000000,1.05000000,2.25887140,0.92321177,0.96191202,,,0.96885142,
V002,2155,switch,112,112,365,567,2154,1,0.95238831,-1.05000000,0.45000000,1.14236597,0.95238831,0.79387686,,,1.02989392,no_old
V002,2155,switch,176,176,510,726,2150,5,0.90589036,1.60000000,3.00000000,3.40000000,,0.98806299,,,1.02685654,no_prev|no_old
V002,2156,switch,185,185,365,510,2155,1,0.79387686,-4.70000000,-5.70000000,7.38782783,0.79387686,0.88055711,0.37504572,36.76316091,0.92973457,
V002,2156,reuse,185,176,510,0,2155,1,0.98806299,-0.20000000,0.35000000,0.40311289,0.98806299,0.65239118,,,1.00648044,
V002,2157,reuse,176,185,365,0,2156,1,0.88055711,2.60000000,3.00000000,3.96988665,0.88055711,0.95364496,,,1.06006558,
V002,2164,switch,189,189,735,638,,,,,,,,0.89780823,,,,no_last_seen|no_prev|no_old
V002,2172,reuse,176,113,726,0,2170,2,0.16578569,43.15000000,15.95000000,46.00353247,,0.70603637,,,1.10745205,no_prev
V002,2184,switch,112,112,739,567,,,,,,,,0.75756445,,,,no_last_seen|no_prev|no_old
V002,2185,switch,128,128,738,734,2184,1,0.88757498,2.15000000,0.80000000,2.29401395,0.88757498,0.96664262,,,1.07035856,no_old
V002,2185,switch,173,173,726,641,2184,1,0.47741110,13.45000000,28.85000000,31.83119539,0.47741110,0.67551834,0.00000000,129.81457930,0.63092707,
V002,2186,reuse,141,128,738,0,2185,1,0.96664262,0.40000000,-1.15000000,1.21757957,0.96664262,0.92237105,,,0.99602544,
V002,2186,reuse,113,173,726,0,2185,1,0.67551834,6.45000000,11.65000000,13.31634334,0.67551834,0.74264246,,,0.81447438,
V002,2188,switch,113,113,740,726,,,,,,,,0.93265697,0.22190222,51.32993766,,no_last_seen|no_prev
V002,2191,switch,141,141,734,738,2184,7,0.22081650,27.80000000,12.00000000,30.27936591,,,0.41744995,20.14875927,0.92803408,no_prev|no_next
V002,2192,switch,79,79,707,592,2191,1,0.85279239,6.40000000,-1.15000000,6.50249952,0.85279239,0.79167691,,,0.99449555,no_old
V002,2193,reuse,179,79,707,0,2192,1,0.79167691,8.55000000,-3.30000000,9.16474222,0.79167691,0.88190693,,,0.96331237,
V002,2194,switch,120,120,742,598,2193,1,0.87388000,-3.25000000,1.75000000,3.69120577,0.87388000,,,,1.03928340,no_next|no_old
V002,2194,switch,169,169,510,728,2193,1,0.96484322,-0.85000000,0.15000000,0.86313383,0.96484322,0.98381767,,,1.00955415,no_old
V002,2194,switch,176,176,527,510,2193,1,0.96813225,0.80000000,-0.50000000,0.94339811,0.96813225,0.96885221,0.29950416,32.71379678,0.99868508,
V002,2194,switch,177,177,570,527,2192,2,0.53515336,-13.50000000,-12.70000000,18.53483207,,0.81708389,0.60929931,16.89030787,1.26273598,no_prev
V002,2195,switch,85,85,743,686,,,,,,,,0.90904925,,,,no_last_seen|no_prev|no_old
V002,2195,switch,120,120,598,598,2193,2,0.74771247,-8.45000000,1.60000000,8.60014535,,0.88535834,1.00000000,0.00000000,1.01125196,no_prev
V002,2195,reuse,176,169,510,0,2194,1,0.98381767,-0.30000000,-0.45000000,0.54083269,0.98381767,0.92546669,,,0.98987495,
V002,2195,reuse,177,176,527,0,2194,1,0.96885221,0.65000000,-0.70000000,0.95524866,0.96885221,0.97356136,,,0.98146136,
V002,2195,reuse,115,177,570,0,2194,1,0.81708389,2.00000000,11.35000000,11.52486442,0.81708389,,,,1.02353130,no_next
V002,2197,reuse,128,141,734,0,2191,6,0.61169025,8.65000000,-7.20000000,11.25444357,,0.82853872,,,0.99169867,no_prev
V002,2202,switch,177,177,719,570,2195,7,0.76472410,-3.80000000,-12.10000000,12.68266534,,0.97066228,,,0.83438161,no_prev|no_old
V002,2203,switch,185,185,745,365,,,,,,,,0.94462717,,,,no_last_seen|no_prev|no_old
V002,2204,switch,128,128,715,738,2203,1,0.71717962,6.80000000,3.95000000,7.86400025,0.71717962,0.84252790,,,1.10136907,no_old
V002,2205,switch,128,128,738,738,2203,2,0.72721782,7.30000000,1.80000000,7.51864349,,0.84761377,1.00000000,0.00000000,1.03676217,no_prev
V002,2228,switch,115,115,727,570,2227,1,0.48013051,-16.20000000,23.90000000,28.87299777,0.48013051,0.85269749,,,1.05892563,no_old
V002,2229,reuse,174,115,727,0,2228,1,0.85269749,1.05000000,11.15000000,11.19933034,0.85269749,0.88301623,,,0.98458891,
V002,2241,switch,174,174,752,727,,,,,,,,0.85652660,0.00000000,120.16041361,,no_last_seen|no_prev
V002,2244,switch,187,187,641,701,2243,1,0.86027260,5.60000000,-0.60000000,5.63205114,0.86027260,0.78010446,,,0.99307616,no_old
V002,2245,reuse,107,187,641,0,2244,1,0.78010446,8.15000000,4.80000000,9.45846182,0.78010446,0.78401466,,,1.09817470,
V002,2246,switch,99,99,702,539,2245,1,0.88041355,3.20000000,0.05000000,3.20039060,0.88041355,0.91169802,0.55184148,13.78277911,1.02197129,
V002,2246,switch,160,160,539,702,2245,1,0.70759793,-8.25000000,-1.00000000,8.31038507,0.70759793,0.96503309,0.55184148,13.78277911,0.95802807,
V002,2247,switch,187,187,701,641,2246,1,0.74174018,11.80000000,1.45000000,11.88875519,0.74174018,0.94046360,,,1.02837318,no_old
V002,2247,reuse,160,99,702,0,2246,1,0.91169802,2.00000000,-1.40000000,2.44131112,0.91169802,0.91136843,,,0.98280709,
V002,2247,reuse,99,160,539,0,2246,1,0.96503309,-0.65000000,0.25000000,0.69641941,0.96503309,0.81069757,,,1.01599300,
V002,2249,switch,187,187,641,701,2246,3,0.63299167,16.60000000,-3.15000000,16.89622739,,0.80302711,,,0.92949391,no_prev|no_old
V002,2252,switch,168,168,754,582,,,,,,,,0.91088799,,,,no_last_seen|no_prev|no_old
V002,2278,switch,174,174,765,752,,,,,,,,0.91060167,,,,no_last_seen|no_prev|no_old
V002,2281,switch,122,122,768,610,,,,,,,,0.95978341,,,,no_last_seen|no_prev|no_old
V002,2286,switch,112,112,740,739,2285,1,0.97293006,1.15000000,-0.05000000,1.15108644,0.97293006,0.97209428,0.47917017,32.13055399,1.00206971,
V002,2286,switch,113,113,739,740,2285,1,0.85149165,6.05000000,1.50000000,6.23317736,0.85149165,0.87134993,0.47917017,32.13055399,1.00639874,
V002,2287,reuse,113,112,740,0,2286,1,0.97209428,1.15000000,-0.25000000,1.17686023,0.97209428,0.95698463,,,0.99663461,
V002,2287,reuse,112,113,739,0,2286,1,0.87134993,5.40000000,0.50000000,5.42309875,0.87134993,0.91002657,,,0.99984431,
V002,2311,switch,120,120,769,598,2310,1,0.98188423,-0.40000000,-0.30000000,0.50000000,0.98188423,0.96518950,,,1.01134279,no_old
V002,2315,switch,175,175,778,527,2313,2,0.45059466,11.70000000,39.60000000,41.29225109,,,0.15488576,82.68199623,1.28558756,no_prev|no_next
V002,2327,switch,119,119,781,609,,,,,,,,0.86316429,,,,no_last_seen|no_prev|no_old
V002,2338,switch,120,120,782,769,,,,,,,,0.77800088,,,,no_last_seen|no_prev|no_old
V002,2360,switch,177,177,671,719,2359,1,0.91010704,-0.55000000,-5.20000000,5.22900564,0.91010704,0.77607280,,,1.04821750,no_old
V002,2381,switch,177,177,790,719,,,,,,,,0.94926700,,,,no_last_seen|no_prev|no_old
V002,2386,switch,120,120,781,782,2385,1,0.88679564,2.65000000,-2.85000000,3.89165774,0.88679564,0.84017129,0.21770228,45.48771812,0.93296350,
V002,2387,reuse,119,120,781,0,2386,1,0.84017129,4.00000000,-1.80000000,4.38634244,0.84017129,0.93787997,,,0.92579527,
V002,2460,switch,175,175,656,778,2459,1,0.83305894,-2.55000000,-8.25000000,8.63510278,0.83305894,,,,0.92726883,no_next|no_old
V002,2462,switch,92,92,801,688,2457,5,0.83347657,4.35000000,3.75000000,5.74325692,,0.94346330,,,1.10415056,no_prev|no_old
V002,2502,switch,116,116,407,568,2501,1,0.87510869,4.70000000,-2.30000000,5.23259018,0.87510869,0.85733997,,,0.98624742,no_old
V002,2503,switch,159,159,671,704,2502,1,0.38825651,26.90000000,4.60000000,27.29047453,0.38825651,0.91436125,,,1.13495569,no_old
V002,2503,reuse,158,116,407,0,2502,1,0.85733997,6.25000000,0.25000000,6.25499800,0.85733997,0.80016184,,,1.00212178,
V002,2504,reuse,117,159,671,0,2503,1,0.91436125,-2.05000000,-2.35000000,3.11849323,0.91436125,0.95186104,,,0.97607780,
V002,2505,switch,172,172,807,693,,,,,,,,0.86109526,,,,no_last_seen|no_prev|no_old
V002,2506,switch,170,170,734,675,2505,1,0.98168480,-0.20000000,0.30000000,0.36055513,0.98168480,0.98212880,,,0.98168480,no_old
V002,2508,switch,125,125,734,646,2507,1,0.98520353,-0.10000000,0.85000000,0.85586214,0.98520353,0.95787646,0.49184958,20.89030876,1.00957637,
V002,2508,switch,141,141,646,734,2507,1,0.92977911,1.95000000,0.20000000,1.96022958,0.92977911,0.88804297,0.49184958,20.89030876,1.00231354,
V002,2509,reuse,141,125,734,0,2508,1,0.95787646,0.75000000,-0.15000000,0.76485293,0.95787646,0.97190367,,,0.96788527,
V002,2509,reuse,125,141,646,0,2508,1,0.88804297,2.60000000,2.10000000,3.34215499,0.88804297,0.90130420,,,1.01935677,
V002,2531,switch,117,117,816,671,,,,,,,,0.88014227,0.08716783,52.48868926,,no_last_seen|no_prev
V002,2535,switch,92,92,691,801,2534,1,0.98903007,-0.35000000,0.05000000,0.35355339,0.98903007,0.97771763,,,0.99906714,no_old
V002,2536,reuse,93,92,691,0,2535,1,0.97771763,0.10000000,0.35000000,0.36400549,0.97771763,0.98115887,,,1.02279019,
V002,2538,switch,131,131,818,656,,,,,,,,0.90515936,,,,no_last_seen|no_prev|no_old
V002,2547,switch,131,131,807,818,2546,1,0.91093804,2.25000000,-2.05000000,3.04384625,0.91093804,0.95190212,0.43394439,20.63764764,1.05644980,
V002,2547,switch,172,172,818,807,2546,1,0.89036526,2.60000000,1.50000000,3.00166620,0.89036526,0.91828136,0.43394439,20.63764764,0.96944442,
V002,2548,reuse,172,131,807,0,2547,1,0.95190212,0.70000000,0.40000000,0.80622577,0.95190212,0.98215413,,,1.05052818,
V002,2548,reuse,131,172,818,0,2547,1,0.91828136,1.70000000,1.65000000,2.36907155,0.91828136,0.93618342,,,1.00851532,
V002,2564,switch,128,128,646,738,2563,1,0.87739453,-2.45000000,2.95000000,3.83470990,0.87739453,0.91529451,,,1.02556027,no_old
V002,2565,reuse,141,128,646,0,2564,1,0.91529451,-1.75000000,1.30000000,2.18002294,0.91529451,0.95463515,,,0.95574842,
V002,2589,switch,195,195,830,808,,,,,,,,0.95591120,,,,no_last_seen|no_prev|no_old
V002,2590,switch,141,141,829,646,2589,1,0.88612206,2.70000000,-3.15000000,4.14879501,0.88612206,0.84459740,,,1.01526632,no_old
V002,2591,reuse,181,141,829,0,2590,1,0.84459740,4.90000000,-1.10000000,5.02195181,0.84459740,0.85950046,,,0.97041368,
V002,2596,switch,172,172,831,818,,,,,,,,0.88730171,,,,no_last_seen|no_prev|no_old
V002,2597,switch,177,177,828,790,2596,1,0.38940887,21.85000000,-5.60000000,22.55620757,0.38940887,0.68068743,0.07968791,44.26208874,0.95781326,
V002,2602,switch,128,128,833,646,,,,,,,,0.85511522,,,,no_last_seen|no_prev|no_old
V002,2604,switch,177,177,790,828,2603,1,0.78556948,3.90000000,6.10000000,7.24016574,0.78556948,0.91526616,0.00000000,58.67171380,1.15698867,
V002,2606,reuse,110,135,584,0,2605,1,0.85123014,-6.20000000,-6.55000000,9.01900771,0.85123014,0.85891986,,,0.92974739,
V002,2614,reuse,101,138,699,0,2613,1,0.87681884,-4.90000000,-3.10000000,5.79827561,0.87681884,0.82423736,,,1.01367901,
V002,2617,switch,122,122,646,768,2601,16,0.79187799,-5.80000000,-3.10000000,6.57647322,,0.97161960,0.42969994,22.62410219,1.02866756,no_prev
V002,2618,switch,138,138,835,699,2617,1,0.86057714,1.10000000,-7.70000000,7.77817459,0.86057714,0.94646727,,,1.16201088,no_old
V002,2626,switch,177,177,836,790,,,,,,,,0.90852977,0.11166238,42.90002914,,no_last_seen|no_prev
V002,2632,switch,125,125,646,734,2631,1,0.97921748,-0.15000000,-1.15000000,1.15974135,0.97921748,0.99760894,,,0.99286397,no_old
V002,2633,switch,177,177,790,836,2632,1,0.95147775,0.85000000,-1.30000000,1.55322246,0.95147775,0.97219251,0.09620973,43.61083581,0.98225008,
V002,2633,reuse,128,125,646,0,2632,1,0.99760894,-0.05000000,-0.05000000,0.07071068,0.99760894,0.99213243,,,0.99760894,
V002,2641,reuse,125,122,646,0,2640,1,0.33303193,30.80000000,6.30000000,31.43771620,0.33303193,0.65578122,,,1.05122485,
V002,2642,reuse,138,136,699,0,2641,1,0.90102932,-2.15000000,3.45000000,4.06509532,0.90102932,0.95626619,,,1.09675344,
V002,2648,reuse,172,137,831,0,2647,1,0.92024135,-1.70000000,4.30000000,4.62385121,0.92024135,0.82983437,,,1.06993983,
V002,2667,switch,186,186,691,729,2666,1,0.91831575,-1.75000000,0.30000000,1.77552809,0.91831575,0.98331497,,,1.07464219,no_old
V002,2668,reuse,92,186,691,0,2667,1,0.98331497,0.00000000,0.15000000,0.15000000,0.98331497,0.98082953,,,1.01696814,
V002,2669,switch,125,125,844,646,,,,,,,,0.94516406,0.15135597,49.56334331,,no_last_seen|no_prev
V002,2669,reuse,131,139,807,0,2668,1,0.90506588,-3.95000000,1.00000000,4.07461655,0.90506588,0.89258676,,,1.02947959,
V002,2683,reuse,89,142,648,0,2682,1,0.95119303,0.70000000,-1.45000000,1.61012422,0.95119303,0.95531109,,,0.97134771,
V002,2685,switch,127,127,698,715,2681,4,0.74957135,9.50000000,3.05000000,9.97759991,,0.72850883,,,0.91292397,no_prev|no_old
V002,2688,reuse,123,127,698,0,2687,1,0.93756353,-0.50000000,2.95000000,2.99207286,0.93756353,0.95563590,,,1.06659439,
V002,2700,switch,123,123,539,698,2699,1,0.85749160,5.05000000,-2.40000000,5.59128787,0.85749160,0.93315676,0.45636195,31.23395588,0.95079463,
V002,2701,reuse,160,123,539,0,2700,1,0.93315676,2.50000000,-0.70000000,2.59615100,0.93315676,0.87883418,,,1.01811246,
V002,2724,switch,181,181,698,829,2723,1,0.93968115,2.10000000,0.80000000,2.24722051,0.93968115,0.87748152,0.23143730,66.01251775,0.96706506,
V002,2725,reuse,127,181,698,0,2724,1,0.87748152,5.30000000,-0.70000000,5.34602656,0.87748152,0.81551261,,,0.96764704,
V002,2751,switch,128,128,715,833,2750,1,0.85845045,6.40000000,1.15000000,6.50249952,0.85845045,0.85937548,,,1.00563866,no_old
V002,2752,reuse,127,128,715,0,2751,1,0.85937548,5.40000000,-2.50000000,5.95063022,0.85937548,0.84023808,,,0.91753607,
V002,2757,switch,128,128,829,715,2756,1,0.90780957,-0.40000000,4.35000000,4.36835209,0.90780957,0.82389701,,,1.10155261,no_old
V002,2758,reuse,141,128,829,0,2757,1,0.82389701,6.70000000,3.00000000,7.34098086,0.82389701,0.75831037,,,1.06256142,
V002,2762,switch,145,145,859,796,2761,1,0.89168181,-1.10000000,-3.10000000,3.28937684,0.89168181,0.78132041,,,1.11708399,no_old
V003,69,switch,535,535,941,928,57,12,0.47742983,12.50000000,1.90000000,12.64357544,,0.95331157,,,1.20830733,no_prev|no_old
V003,82,switch,531,531,935,923,81,1,0.85160012,-1.80000000,-0.45000000,1.85539753,0.85160012,,,,0.95733415,no_next|no_old
V003,83,switch,531,531,923,923,81,2,0.86588846,1.50000000,0.35000000,1.54029218,,0.89109187,1.00000000,0.00000000,1.10983334,no_prev
V003,87,switch,531,531,935,923,86,1,0.86325599,-0.95000000,-1.15000000,1.49164339,0.86325599,0.89290390,,,0.90521226,no_old
V003,88,reuse,553,531,935,0,87,1,0.89290390,0.40000000,-1.00000000,1.07703296,0.89290390,0.96998959,,,0.89290390,
V003,92,reuse,531,553,935,0,91,1,0.91639039,0.00000000,0.40000000,0.40000000,0.91639039,0.91015343,,,1.09123799,
V003,94,reuse,553,531,935,0,93,1,0.89916845,-1.30000000,-0.30000000,1.33416641,0.89916845,0.96756466,,,0.95825576,
V003,96,reuse,531,553,935,0,95,1,0.93124155,1.05000000,-0.05000000,1.05118980,0.93124155,0.92939891,,,0.99928126,
V003,103,reuse,553,531,935,0,102,1,0.94343060,-0.25000000,-0.35000000,0.43011626,0.94343060,0.91276110,,,0.94343060,
V003,104,reuse,531,553,935,0,103,1,0.91276110,0.40000000,-0.55000000,0.68007353,0.91276110,0.94182375,,,0.91276110,
V003,107,reuse,553,531,935,0,106,1,0.94376019,0.45000000,-0.20000000,0.49244289,0.94376019,0.90959463,,,0.97443330,
V003,108,reuse,531,553,935,0,107,1,0.90959463,-0.40000000,-0.55000000,0.68007353,0.90959463,0.92550370,,,0.92719261,
V003,141,switch,517,517,974,890,140,1,0.95914294,-0.45000000,0.20000000,0.49244289,0.95914294,0.97671984,,,1.03140516,no_old
V003,145,switch,517,517,890,974,140,5,0.55571223,5.75000000,-3.10000000,6.53241915,,0.95184617,,,0.61793409,no_prev|no_old
V003,151,switch,522,522,981,939,150,1,0.84205612,-0.35000000,-1.10000000,1.15433964,0.84205612,0.97181261,0.00945252,31.37491036,0.84205612,
V003,172,switch,169,169,921,937,171,1,0.95146895,0.15000000,-0.10000000,0.18027756,0.95146895,0.94155985,,,1.05100644,no_old
V003,173,reuse,512,169,921,0,172,1,0.94155985,-0.85000000,1.25000000,1.51162165,0.94155985,0.92242512,,,0.99691300,
V003,235,switch,499,499,1003,889,234,1,0.89058132,1.95000000,0.15000000,1.95576072,0.89058132,0.96883106,,,0.99477033,no_old
V003,242,switch,30,30,902,879,234,8,0.15166914,33.10000000,-9.90000000,34.54880606,,0.94704642,,,1.04310796,no_prev|no_old
V003,243,reuse,541,30,902,0,242,1,0.94704642,1.10000000,-0.40000000,1.17046999,0.94704642,0.88497496,,,0.98584167,
V003,245,reuse,160,328,994,0,244,1,0.94404976,0.55000000,-1.15000000,1.27475488,0.94404976,0.95346495,,,0.98098618,
V003,271,switch,112,112,927,934,270,1,0.86206597,1.55000000,2.15000000,2.65047166,0.86206597,0.88969329,,,1.03930279,no_old
V003,272,reuse,110,112,927,0,271,1,0.88969329,1.45000000,-1.20000000,1.88215302,0.88969329,0.92844389,,,0.97772360,
V003,274,reuse,112,110,927,0,273,1,0.94977563,0.05000000,0.00000000,0.05000000,0.94977563,0.93642254,,,1.05288025,
V003,291,switch,30,30,943,902,288,3,0.33212584,-9.55000000,38.75000000,39.90946003,,0.90766035,,,0.98125337,no_prev|no_old
V003,291,reuse,110,112,927,0,290,1,0.90295599,0.05000000,-1.80000000,1.80069431,0.90295599,0.92933133,,,0.90824144,
V003,292,reuse,508,30,943,0,291,1,0.90766035,-0.30000000,3.95000000,3.96137602,0.90766035,0.96906193,,,1.03605452,
V003,309,switch,110,110,1029,927,,,,,,,,0.93287163,0.04307794,33.58466912,,no_last_seen|no_prev
V003,324,switch,168,168,1020,1000,295,29,0.03343722,1.85000000,121.55000000,121.56407775,,0.96526463,,,1.05773507,no_prev|no_old
V003,346,reuse,168,20,1000,0,345,1,0.91128255,-0.35000000,-2.50000000,2.52438111,0.91128255,0.90630249,,,0.91405118,
V003,366,reuse,472,29,875,0,365,1,0.47991558,-2.85000000,30.10000000,30.23462419,0.47991558,0.75354969,,,0.94000405,
V003,374,switch,29,29,888,875,373,1,0.79417803,-2.55000000,5.60000000,6.15325117,0.79417803,0.90397099,,,1.05629017,no_old
V003,375,reuse,470,29,888,0,374,1,0.90397099,-0.65000000,3.55000000,3.60901649,0.90397099,0.92744574,,,0.97533030,
V003,385,switch,468,468,1045,870,384,1,0.93578459,0.00000000,-2.05000000,2.05000000,0.93578459,0.88742020,,,1.02204095,no_old
V003,432,switch,110,110,1066,1029,,,,,,,,0.88211030,,,,no_last_seen|no_prev|no_old
V003,433,switch,471,471,1045,878,432,1,0.91008449,-0.45000000,-3.15000000,3.18198052,0.91008449,0.94015457,,,1.02064637,no_old
V003,434,reuse,468,471,1045,0,433,1,0.94015457,-0.50000000,-1.60000000,1.67630546,0.94015457,0.94168840,,,1.03425396,
V003,437,switch,471,471,878,1045,432,5,0.83415037,-2.30000000,-3.30000000,4.02243707,,0.94988521,,,1.02770107,no_prev|no_old
V003,437,reuse,168,9,1020,0,436,1,0.95291994,-0.15000000,-0.55000000,0.57008771,0.95291994,0.60712270,,,1.04940610,
V003,438,reuse,9,48,1020,0,437,1,0.60712270,1.05000000,20.65000000,20.67667768,0.60712270,0.83138555,,,1.09373677,
V003,443,switch,9,9,1069,1020,,,,,,,,0.95122632,0.34908217,33.71483353,,no_last_seen|no_prev
V003,459,switch,492,492,893,914,458,1,0.93766106,-0.35000000,-0.45000000,0.57008771,0.93766106,0.93153390,,,0.93766106,no_old
V003,460,reuse,497,492,893,0,459,1,0.93153390,0.05000000,0.45000000,0.45276926,0.93153390,,,,1.07349823,no_next
V003,632,switch,110,110,869,1066,631,1,0.94272213,0.05000000,-0.65000000,0.65192024,0.94272213,0.96400577,,,0.94272213,no_old
V003,633,reuse,501,110,869,0,632,1,0.96400577,-0.30000000,-0.25000000,0.39051248,0.96400577,0.95191055,,,0.97991115,
V003,636,switch,83,83,1112,980,635,1,0.90262957,-1.10000000,-1.60000000,1.94164878,0.90262957,0.92550551,,,1.06711419,no_old
V003,638,switch,67,67,896,908,637,1,0.91732218,0.80000000,-1.90000000,2.06155281,0.91732218,0.89275609,,,1.01004496,no_old
V003,639,reuse,66,67,896,0,638,1,0.89275609,1.60000000,-1.30000000,2.06155281,0.89275609,0.89430496,,,0.97540722,
V003,641,switch,186,186,1131,868,,,,,,,,0.95108068,,,,no_last_seen|no_prev|no_old
V003,707,switch,81,81,959,915,705,2,0.80217871,2.65000000,-2.40000000,3.57526223,,,,,1.03131286,no_prev|no_next|no_old
V003,708,switch,81,81,915,915,706,2,0.91227646,-0.45000000,-2.15000000,2.19658826,,0.98052319,1.00000000,0.00000000,0.93843607,no_prev
V003,726,switch,46,46,1148,1128,725,1,0.87098853,2.35000000,2.60000000,3.50463978,0.87098853,0.83261350,0.40291818,23.51898170,0.92058018,
V003,726,switch,709,709,1128,1079,725,1,0.84197244,-1.10000000,7.25000000,7.33297348,0.84197244,,,,1.00272975,no_next|no_old
V003,734,switch,8,8,1151,1056,,,,,,,,0.89172105,,,,no_last_seen|no_prev|no_old
V003,750,switch,305,305,1033,1016,749,1,0.24835075,-25.30000000,-20.60000000,32.62590995,0.24835075,0.69465439,,,1.01766212,no_old
V003,751,reuse,57,305,1033,0,750,1,0.69465439,-4.40000000,-10.70000000,11.56935608,0.69465439,0.96437679,,,0.99602386,
V003,782,switch,186,186,866,1131,781,1,0.92731884,0.00000000,-1.35000000,1.35000000,0.92731884,0.90301106,,,0.92731884,no_old
V003,783,reuse,86,186,866,0,782,1,0.90301106,-1.00000000,0.75000000,1.25000000,0.90301106,0.96703732,,,1.06808887,
V003,784,switch,305,305,1154,1033,783,1,0.95532119,1.00000000,-0.15000000,1.01118742,0.95532119,0.97778554,,,1.00284630,no_old
V003,790,switch,186,186,1131,866,779,11,0.70625133,-2.55000000,3.65000000,4.45252737,,0.96395082,0.52838337,8.60232527,1.39734248,no_prev
V003,792,switch,186,186,866,1131,791,1,0.94149231,-0.55000000,-0.60000000,0.81394103,0.94149231,0.95290764,,,0.96156622,no_old
V003,796,switch,186,186,1131,866,791,5,0.84251563,-1.95000000,-0.75000000,2.08925824,,0.95303659,0.48757189,8.89620706,0.91205235,no_prev
V003,812,switch,186,186,866,1131,811,1,0.93103742,-0.75000000,0.10000000,0.75663730,0.93103742,0.94528024,,,1.03356150,no_old
V003,841,switch,6,6,1176,1096,,,,,,,,0.87809713,,,,no_last_seen|no_prev|no_old
V003,854,switch,5,5,1180,1133,,,,,,,,0.80504804,,,,no_last_seen|no_prev|no_old
V003,878,switch,290,290,1177,1185,877,1,0.82894403,3.90000000,-2.30000000,4.52769257,0.82894403,0.80601356,0.36836304,21.26552374,1.00319985,
V003,878,switch,421,421,1185,1177,877,1,0.79176547,1.80000000,-4.90000000,5.22015325,0.79176547,0.79399061,0.36836304,21.26552374,1.05841369,
V003,879,reuse,421,290,1177,0,878,1,0.80601356,4.00000000,-3.80000000,5.51724569,0.80601356,0.87915510,,,0.94805963,
V003,879,reuse,290,421,1185,0,878,1,0.79399061,1.85000000,-4.80000000,5.14417146,0.79399061,0.93623441,,,0.98825821,
V003,904,switch,277,277,1189,1022,903,1,0.93215663,0.15000000,-1.70000000,1.70660482,0.93215663,0.90883978,,,1.05099100,no_old
V003,918,switch,49,49,1022,1006,916,2,0.73482337,4.50000000,-2.80000000,5.30000000,,0.97113142,,,0.99825205,no_prev|no_old
V003,919,reuse,277,49,1022,0,918,1,0.97113142,-0.20000000,-0.45000000,0.49244289,0.97113142,,,,0.97113142,no_next
V003,920,switch,49,49,1006,1022,917,3,0.87321136,0.85000000,-3.65000000,3.74766594,,0.92674785,,,0.95555713,no_prev|no_old
V003,960,reuse,277,36,1189,0,947,13,0.17473926,21.30000000,-29.65000000,36.50770467,,0.92699803,,,1.10915117,no_prev
V003,1040,reuse,49,312,1006,0,1039,1,0.96272532,0.35000000,-0.90000000,0.96566040,0.96272532,0.97509336,,,1.00712789,
V003,1052,switch,277,277,1264,1189,1051,1,0.94127228,0.50000000,1.50000000,1.58113883,0.94127228,0.98186759,0.00000000,206.20184286,0.99027202,
V003,1055,switch,3,3,1266,1123,,,,,,,,0.88273360,,,,no_last_seen|no_prev|no_old
V003,1078,switch,10,10,1114,1076,1065,13,0.50489376,-11.40000000,6.10000000,12.92942381,,0.89442981,,,1.47826392,no_prev|no_old
V003,1079,switch,328,328,999,994,1066,13,0.30531915,10.40000000,15.15000000,18.37613942,,,0.46547454,15.61745818,3.23742715,no_prev|no_next
V003,1079,reuse,15,10,1114,0,1078,1,0.89442981,-0.30000000,-1.10000000,1.14017543,0.89442981,0.95449111,,,0.90894869,
V003,1081,reuse,18,328,999,0,1079,2,0.93036640,-0.35000000,0.40000000,0.53150729,,0.89414034,,,0.94465742,no_prev
V003,1113,switch,274,274,1284,1280,1112,1,0.76639223,3.95000000,1.30000000,4.15842518,0.76639223,0.85137414,,,0.89312543,no_old
V003,1114,switch,326,326,1285,1081,,,,,,,,0.93816316,,,,no_last_seen|no_prev|no_old
V003,1115,switch,48,48,999,1020,1087,28,0.34588472,16.45000000,-2.95000000,16.71242053,,0.94812174,,,0.85680620,no_prev|no_old
V003,1116,reuse,328,48,999,0,1115,1,0.94812174,0.15000000,-0.90000000,0.91241438,0.94812174,0.94752869,,,0.94812174,
V003,1121,reuse,274,318,1280,0,1120,1,0.97243514,-0.15000000,0.35000000,0.38078866,0.97243514,0.88946486,,,1.02834622,
V003,1124,switch,323,323,1288,979,,,,,,,,0.95239475,,,,no_last_seen|no_prev|no_old
V003,1137,reuse,714,275,1217,0,1136,1,0.92991372,-1.05000000,1.05000000,1.48492424,0.92991372,0.94706101,,,1.03552730,
V003,1142,switch,318,318,1295,1280,1141,1,0.98722573,0.15000000,-0.10000000,0.18027756,0.98722573,0.76823876,0.42858290,11.80169479,0.99682540,
V003,1143,switch,45,45,1266,1115,1142,1,0.97444651,0.35000000,-0.10000000,0.36400549,0.97444651,0.95674371,,,0.98484503,no_old
V003,1144,reuse,3,45,1266,0,1143,1,0.95674371,0.55000000,-0.10000000,0.55901699,0.95674371,0.94672322,,,0.97221010,
V003,1145,switch,326,326,1298,1285,1144,1,0.91604116,-1.40000000,0.80000000,1.61245155,0.91604116,0.84192245,,,0.98529566,no_old
V003,1145,switch,428,428,1055,1030,1144,1,0.92466139,0.65000000,1.30000000,1.45344419,0.92466139,0.90993608,0.34896922,15.14537883,1.07469691,
V003,1146,switch,324,324,1302,1074,,,,,,,,0.98379952,0.03490798,32.55015361,,no_last_seen|no_prev
V003,1146,switch,328,328,1083,999,1140,6,0.54956555,8.20000000,0.50000000,8.21522976,,0.78009174,0.65706836,5.36400037,1.09455950,no_prev
V003,1146,switch,428,428,1030,1030,1145,1,0.95710772,-0.15000000,0.25000000,0.29154759,0.95710772,0.96483356,1.00000000,0.00000000,1.04481447,
V003,1152,switch,277,277,1309,1264,,,,,,,,0.90546109,,,,no_last_seen|no_prev|no_old
V003,1155,switch,428,428,1055,1030,1146,9,0.52491005,-16.60000000,-0.45000000,16.60609828,,0.94359740,0.26941115,10.80613252,0.87147780,no_prev
V003,1156,reuse,12,428,1055,0,1155,1,0.94359740,-0.10000000,1.40000000,1.40356688,0.94359740,,,,1.04794913,no_next
V003,1156,reuse,1,273,1141,0,1155,1,0.87795795,-2.20000000,0.75000000,2.32432786,0.87795795,0.91802310,,,1.03790938,
V003,1157,switch,12,12,1030,1055,1156,1,0.74022473,-2.40000000,-1.00000000,2.60000000,0.74022473,0.67240910,,,0.91561181,no_old
V003,1157,switch,325,325,1269,1094,1156,1,0.94839738,-0.70000000,0.20000000,0.72801099,0.94839738,0.94067101,0.28983958,22.93779632,1.03793111,
V003,1157,switch,428,428,1094,1055,1156,1,0.79462130,-2.15000000,-3.05000000,3.73162163,0.79462130,0.87623733,,,0.85321372,no_old
V003,1158,reuse,428,12,1030,0,1157,1,0.67240910,3.70000000,-0.55000000,3.74065502,0.67240910,,,,0.94063927,no_next
V003,1158,reuse,325,428,1094,0,1157,1,0.87623733,-1.25000000,-1.50000000,1.95256242,0.87623733,0.86965868,,,0.93032929,
V003,1160,switch,322,322,1232,970,1158,2,0.75701890,-0.40000000,-2.00000000,2.03960781,,,,,0.77373363,no_prev|no_next|no_old
V003,1162,reuse,32,272,956,0,1161,1,0.92167564,-1.55000000,0.35000000,1.58902486,0.92167564,0.93537332,,,0.98465788,
V003,1164,switch,322,322,999,970,1163,1,0.95410983,0.50000000,0.20000000,0.53851648,0.95410983,0.83570007,,,1.04201992,no_old
V003,1165,switch,313,313,1091,993,1163,2,0.61189328,5.95000000,1.35000000,6.10122938,,0.94944492,,,1.27708250,no_prev|no_old
V003,1165,reuse,48,322,999,0,1164,1,0.83570007,2.50000000,0.45000000,2.54017716,0.83570007,0.92040161,,,1.07562929,
V003,1166,switch,277,277,1295,1309,1165,1,0.71957101,-4.50000000,-0.55000000,4.53348652,0.71957101,0.70942821,0.48872296,10.06106356,0.95180492,
V003,1166,switch,318,318,1309,1295,1165,1,0.91061511,1.40000000,-0.25000000,1.42214627,0.91061511,0.94849765,0.48872296,10.06106356,0.97042507,
V003,1166,reuse,11,313,1091,0,1165,1,0.94944492,0.80000000,0.05000000,0.80156098,0.94944492,0.98003417,,,1.01021486,
V003,1167,switch,9,9,1091,1069,1166,1,0.98003417,0.20000000,0.10000000,0.22360680,0.98003417,0.90529653,,,1.02037258,no_old
V003,1167,reuse,318,277,1295,0,1166,1,0.70942821,-3.40000000,-2.65000000,4.31074240,0.70942821,0.91613303,,,0.83322608,
V003,1167,reuse,277,318,1309,0,1166,1,0.94849765,-0.75000000,0.25000000,0.79056942,0.94849765,0.92220651,,,1.00247649,
V003,1168,reuse,313,9,1091,0,1167,1,0.90529653,1.05000000,-0.45000000,1.14236597,0.90529653,0.92420730,,,0.95096412,
V003,1177,switch,325,325,1055,1269,1176,1,0.82612967,-2.10000000,1.15000000,2.39426398,0.82612967,0.92609132,0.28202860,23.57647132,1.14327639,
V003,1178,reuse,428,325,1055,0,1177,1,0.92609132,0.85000000,0.40000000,0.93941471,0.92609132,0.87132761,,,1.05610561,
V003,1182,switch,314,314,1151,1034,1144,38,0.44383319,0.85000000,4.50000000,4.57957422,,0.82214712,0.39851599,15.97028491,2.23541888,no_prev
V003,1183,switch,314,314,1055,1034,1182,1,0.84124779,-2.55000000,0.65000000,2.63153947,0.84124779,0.79108569,0.33865917,16.63888518,1.06435185,
V003,1183,switch,325,325,1034,1055,1182,1,0.85602605,2.70000000,-0.20000000,2.70739727,0.85602605,0.91838341,0.33865917,16.63888518,0.96566092,
V003,1184,reuse,325,314,1055,0,1183,1,0.79108569,1.95000000,-2.40000000,3.09232922,0.79108569,0.71911043,,,0.79982074,
V003,1184,reuse,314,325,1034,0,1183,1,0.91838341,-0.25000000,1.50000000,1.52069063,0.91838341,0.88044130,,,1.08521797,
V003,1187,switch,274,274,1324,1284,,,,,,,,0.88866723,,,,no_last_seen|no_prev|no_old
V003,1209,switch,428,428,1103,1094,1208,1,0.78971367,-2.10000000,-1.10000000,2.37065392,0.78971367,0.71552228,,,0.92407132,no_old
V003,1210,reuse,310,428,1103,0,1209,1,0.71552228,-1.05000000,-2.45000000,2.66552059,0.71552228,0.79615385,,,0.71552228,
V003,1212,switch,319,319,1254,1227,1211,1,0.92833876,1.10000000,0.00000000,1.10000000,0.92833876,0.92086684,,,1.01360544,no_old
V003,1213,switch,310,310,1232,1103,1160,53,0.15037832,29.85000000,2.05000000,29.92031083,,0.93653137,,,1.34265260,no_prev|no_old
V003,1213,reuse,320,319,1254,0,1212,1,0.92086684,0.35000000,-0.95000000,1.01242284,0.92086684,0.88037967,,,0.92583445,
V003,1214,reuse,715,310,1232,0,1213,1,0.93653137,0.70000000,0.50000000,0.86023253,0.93653137,0.88990568,,,1.02826855,
V003,1217,switch,325,325,1154,1034,1216,1,0.71723817,1.60000000,2.05000000,2.60048072,0.71723817,0.87568648,0.26000305,20.10951267,1.39423701,
V003,1218,reuse,305,325,1154,0,1217,1,0.87568648,0.05000000,-0.85000000,0.85146932,0.87568648,0.83254294,,,0.87568648,
V003,1220,switch,319,319,1343,1254,1219,1,0.77555024,-3.30000000,-1.35000000,3.56545930,0.77555024,0.91079355,,,0.85853940,no_old
V003,1220,switch,428,428,1314,1103,,,,,,,,,,,,no_last_seen|no_prev|no_next|no_old
V003,1222,switch,310,310,1103,1232,1215,7,0.23802774,12.55000000,4.00000000,13.17203477,,0.78826253,0.35978629,12.69350227,2.29970036,no_prev
V003,1223,reuse,428,310,1103,0,1222,1,0.78826253,2.40000000,-0.90000000,2.56320112,0.78826253,0.85314815,,,0.88194307,
V003,1228,reuse,319,320,1254,0,1222,6,0.09478839,23.00000000,2.35000000,23.11974265,,0.84867693,,,1.39880783,no_prev
V003,1235,switch,320,320,1351,1254,1234,1,0.72309483,1.65000000,-2.30000000,2.83063597,0.72309483,,,,0.72309483,no_next|no_old
V003,1239,switch,319,319,1351,1343,1235,4,0.61120331,-5.65000000,-1.25000000,5.78662250,,0.71650971,0.58182211,5.83652294,0.83222920,no_prev
V003,1239,switch,320,320,1254,1254,1234,5,0.41988390,12.00000000,-0.80000000,12.02663710,,0.89809524,1.00000000,0.00000000,0.91191067,no_prev
V003,1240,reuse,274,276,1324,0,1230,10,0.61528004,-6.40000000,2.55000000,6.88930330,,0.89559510,,,1.28149002,no_prev
V003,1241,switch,319,319,1343,1351,1240,1,0.88109782,-0.35000000,-0.95000000,1.01242284,0.88109782,0.87733044,0.38770502,11.14955156,0.88109782,
V003,1253,switch,296,296,1142,1158,1229,24,0.41907079,13.00000000,-0.25000000,13.00240362,,0.97878788,,,1.02266790,no_prev|no_old
V003,1254,reuse,303,296,1142,0,1253,1,0.97878788,-0.35000000,0.00000000,0.35000000,0.97878788,0.96600224,,,1.00923077,
V003,1264,switch,321,321,1158,1250,1252,12,0.38383248,0.55000000,-6.55000000,6.57305104,,,,,0.39785977,no_prev|no_next|no_old
V003,1268,switch,293,293,1254,1242,1265,3,0.48507322,2.35000000,3.25000000,4.01061093,,0.96720159,,,2.06154445,no_prev|no_old
V003,1269,reuse,320,293,1254,0,1268,1,0.96720159,0.45000000,-0.10000000,0.46097722,0.96720159,0.93775834,,,0.98323099,
V003,1316,switch,289,289,1254,1275,1315,1,0.91617167,-0.60000000,0.45000000,0.75000000,0.91617167,0.95187970,,,1.09149849,no_old
V003,1317,reuse,293,289,1254,0,1316,1,0.95187970,0.25000000,0.30000000,0.39051248,0.95187970,0.86187976,,,1.04088050,
V003,1334,switch,292,292,1386,1104,1333,1,0.95611805,-0.60000000,-0.10000000,0.60827625,0.95611805,0.90754688,0.50513809,5.24046754,0.99425287,
V003,1368,switch,292,292,1104,1386,1367,1,0.93899302,0.80000000,0.15000000,0.81394103,0.93899302,0.89432905,0.37250795,10.48820766,1.03270548,
V003,1386,switch,349,349,1416,1188,,,,,,,,0.98677795,,,,no_last_seen|no_prev|no_old
V003,1393,switch,270,270,1414,1279,1388,5,0.47480339,-9.05000000,-16.55000000,18.86279407,,0.81644654,,,1.34782305,no_prev|no_old
V003,1393,switch,433,433,1289,1346,1387,6,0.72965239,4.60000000,0.20000000,4.60434577,,0.94642366,,,1.06584121,no_prev|no_old
V003,1394,reuse,366,270,1414,0,1393,1,0.81644654,-4.10000000,-1.05000000,4.23231615,0.81644654,0.83486302,,,1.02033981,
V003,1394,reuse,438,433,1289,0,1393,1,0.94642366,0.70000000,0.20000000,0.72801099,0.94642366,0.88716519,,,1.01910270,
V003,1403,switch,457,457,1279,1304,1402,1,0.81428349,-3.25000000,4.45000000,5.51044463,0.81428349,0.94396236,,,1.03885425,no_old
V003,1404,reuse,270,457,1279,0,1403,1,0.94396236,-1.10000000,0.80000000,1.36014705,0.94396236,0.88732908,,,1.00128122,
V003,1406,switch,237,237,1245,1320,1405,1,0.83150694,0.85000000,-7.70000000,7.74677352,0.83150694,0.87350235,,,1.01203047,no_old
V003,1407,reuse,260,237,1245,0,1406,1,0.87350235,-2.35000000,-2.15000000,3.18512166,0.87350235,0.93516799,,,0.98511352,
V003,1411,switch,260,260,1244,1245,1410,1,0.87001067,-0.40000000,-3.75000000,3.77127299,0.87001067,0.52979252,0.23890808,42.13525839,0.87001067,
V003,1412,reuse,317,260,1244,0,1411,1,0.52979252,-0.25000000,-28.70000000,28.70108883,0.52979252,0.78015174,,,0.78237539,
V003,1423,switch,460,460,1205,1234,1422,1,0.92284007,0.75000000,-1.40000000,1.58823802,0.92284007,0.92967282,,,0.97843587,no_old
V003,1424,reuse,348,460,1205,0,1423,1,0.92967282,0.90000000,0.35000000,0.96566040,0.92967282,0.86800230,,,1.03779349,
V003,1438,switch,348,348,1445,1205,,,,,,,,0.97678099,0.13598555,26.77111316,,no_last_seen|no_prev
V003,1475,switch,266,266,1454,1233,1474,1,0.91053564,-1.75000000,-0.50000000,1.82002747,0.91053564,,0.33184395,20.32492312,1.00459786,no_next
V003,1492,switch,426,426,1464,1136,1491,1,0.82552939,2.20000000,0.80000000,2.34093998,0.82552939,0.94506754,,,1.04479368,no_old
V003,1496,switch,426,426,1136,1464,1491,5,0.82953653,-0.80000000,-4.70000000,4.76759898,,0.98659242,,,1.02151559,no_prev|no_old
V003,1501,switch,270,270,1461,1414,1500,1,0.62689616,3.10000000,-14.15000000,14.48559629,0.62689616,0.86146337,,,1.13043400,no_old
V003,1518,reuse,270,439,1461,0,1517,1,0.87804518,-1.85000000,-2.00000000,2.72442655,0.87804518,0.92259723,,,0.96216111,
V003,1523,switch,431,431,1479,1369,,,,,,,,,,,,no_last_seen|no_prev|no_next|no_old
V003,1528,switch,431,431,1369,1369,1519,9,0.15039922,22.10000000,4.25000000,22.50494390,,,1.00000000,0.00000000,1.66888545,no_prev|no_next
V003,1562,switch,392,392,1512,1375,,,,,,,,0.90223770,,,,no_last_seen|no_prev|no_old
V003,1564,switch,426,426,1514,1136,,,,,,,,0.96196030,,,,no_last_seen|no_prev|no_old
V003,1569,switch,426,426,1507,1514,1565,4,0.39959395,1.15000000,-7.25000000,7.34064030,,0.84819277,0.11436414,18.14311164,0.39959395,no_prev
V003,1571,switch,426,426,1516,1507,1570,1,0.84510398,2.15000000,0.15000000,2.15522621,0.84510398,0.93354272,,,1.04089811,no_old
V003,1599,switch,461,461,1205,1240,1598,1,0.89762937,-1.65000000,-1.05000000,1.95576072,0.89762937,0.94918793,,,1.01061631,no_old
V003,1600,reuse,460,461,1205,0,1599,1,0.94918793,0.70000000,-0.40000000,0.80622577,0.94918793,0.89572803,,,0.96891213,
V003,1623,switch,208,208,1557,1235,,,,,,,,0.90019282,0.40294627,4.79087675,,no_last_seen|no_prev
V003,1650,switch,626,626,1407,1478,1646,4,0.74539515,6.25000000,-0.15000000,6.25179974,,0.91319539,,,0.96576592,no_prev|no_old
V003,1651,reuse,412,626,1407,0,1650,1,0.91319539,-0.80000000,-0.65000000,1.03077641,0.91319539,0.95256349,,,0.91925996,
V003,1657,switch,626,626,1478,1407,1649,8,0.28803136,-19.75000000,-0.45000000,19.75512592,,0.88743264,,,0.93820420,no_prev|no_old
V003,1671,switch,349,349,1584,1416,1670,1,0.93704914,-0.40000000,-0.50000000,0.64031242,0.93704914,0.97370979,,,0.94353022,no_old
V003,1678,switch,465,465,1279,1299,1677,1,0.86424540,-1.90000000,-3.00000000,3.55105618,0.86424540,0.95055319,,,1.05577087,no_old
V003,1679,reuse,457,465,1279,0,1678,1,0.95055319,0.05000000,-1.30000000,1.30096118,0.95055319,0.98224646,,,1.05201898,
V003,1692,reuse,403,628,1390,0,1691,1,0.77422097,1.00000000,12.10000000,12.14125199,0.77422097,0.87218195,,,0.97308941,
V003,1695,switch,381,381,1478,1490,1694,1,0.80060476,2.30000000,1.00000000,2.50798724,0.80060476,0.91595897,0.32495962,21.38673654,1.14140313,
V003,1696,reuse,626,381,1478,0,1695,1,0.91595897,1.10000000,-0.25000000,1.12805142,0.91595897,0.89216343,,,0.97588717,
V003,1698,switch,601,601,1593,1498,1695,3,0.57506718,0.85000000,-9.55000000,9.58775260,,0.74428174,0.34404229,11.79078030,0.58016269,no_prev
V003,1698,switch,626,626,1498,1478,1697,1,0.55137863,-4.30000000,-7.45000000,8.60188933,0.55137863,0.54307088,0.03161444,26.96409650,0.58551475,
V003,1699,reuse,601,626,1498,0,1698,1,0.54307088,-5.20000000,-3.55000000,6.29622903,0.54307088,0.77427397,,,0.72323204,
V003,1702,switch,381,381,1490,1478,1701,1,0.79128988,3.05000000,-1.60000000,3.44419802,0.79128988,0.82838271,,,0.93493213,no_old
V003,1716,switch,625,625,1609,1474,,,,,,,,0.89362894,,,,no_last_seen|no_prev|no_old
V003,1718,switch,410,410,1246,1243,1703,15,0.36226997,-0.15000000,-37.50000000,37.50030000,,0.95309770,,,0.92523923,no_prev|no_old
V003,1719,reuse,411,410,1246,0,1718,1,0.95309770,0.30000000,-1.25000000,1.28549601,0.95309770,0.98042626,,,0.96977501,
V003,1723,switch,408,408,1246,1342,1722,1,0.86440114,-2.00000000,-1.20000000,2.33238076,0.86440114,0.73701531,,,0.95233949,no_old
V003,1724,reuse,410,408,1246,0,1723,1,0.73701531,-2.10000000,-6.55000000,6.87840825,0.73701531,0.82653639,,,0.80379457,
V003,1739,switch,592,592,1437,1444,1738,1,0.94995300,0.55000000,-0.50000000,0.74330344,0.94995300,0.95185842,0.35203499,16.99742628,0.99476470,
V003,1740,switch,684,684,1621,1345,,,,,,,,0.96608783,,,,no_last_seen|no_prev|no_old
V003,1740,reuse,654,592,1437,0,1739,1,0.95185842,0.45000000,-0.65000000,0.79056942,0.95185842,0.95421355,,,0.97126914,
V003,1760,switch,589,589,1628,1283,,,,,,,,0.91814089,0.39054564,15.56823689,,no_last_seen|no_prev
V003,1762,switch,592,592,1444,1437,1761,1,0.90569359,0.65000000,1.05000000,1.23490890,0.90569359,0.98123456,0.60466890,6.44301948,1.09911635,
V003,1762,reuse,592,654,1437,0,1761,1,0.86911657,1.35000000,-1.15000000,1.77341479,0.86911657,0.94822594,,,0.93565755,
V003,1770,switch,340,340,1631,1401,1769,1,0.82988166,-3.05000000,-2.50000000,3.94366581,0.82988166,0.86289098,,,1.04193780,no_old
V003,1770,switch,353,353,1408,1424,1769,1,0.92041677,1.25000000,-0.15000000,1.25896783,0.92041677,0.93827031,,,1.00342582,no_old
V003,1771,reuse,387,353,1408,0,1770,1,0.93827031,0.85000000,-0.30000000,0.90138782,0.93827031,0.93443468,,,0.99522505,
V003,1788,switch,731,731,1647,1634,1787,1,0.88433458,1.10000000,-0.25000000,1.12805142,0.88433458,0.90270877,0.66186706,17.62838620,0.97276995,
V003,1788,reuse,731,630,1634,0,1787,1,0.95378180,0.40000000,0.40000000,0.56568542,0.95378180,0.94177245,,,1.02969906,
V003,1790,switch,589,589,1584,1628,1789,1,0.78587545,0.00000000,1.00000000,1.00000000,0.78587545,,,,1.27246626,no_next|no_old
V003,1795,switch,654,654,1653,1437,,,,,,,,0.80468521,0.32762539,11.30066370,,no_last_seen|no_prev
V003,1801,switch,386,386,1659,1582,,,,,,,,0.93695332,,,,no_last_seen|no_prev|no_old
V003,1806,reuse,402,377,1393,0,1805,1,0.97805316,0.35000000,0.35000000,0.49497475,0.97805316,0.93894311,,,1.00957461,
V003,1814,switch,353,353,1657,1408,1813,1,0.88477988,1.85000000,-0.20000000,1.86077941,0.88477988,0.86346827,0.28002489,14.66466842,0.97450508,
V003,1814,switch,654,654,1408,1653,1813,1,0.76800000,-1.40000000,-1.50000000,2.05182845,0.76800000,0.86686041,,,0.77367576,no_old
V003,1815,reuse,353,387,1408,0,1814,1,0.86686041,-0.75000000,-0.70000000,1.02591423,0.86686041,0.89887120,,,0.89543568,
V003,1822,switch,354,354,1377,1396,1821,1,0.86487438,-0.15000000,-6.75000000,6.75166646,0.86487438,0.96011101,,,1.00089945,no_old
V003,1822,switch,388,388,1667,1377,1821,1,0.97929790,0.15000000,-0.20000000,0.25000000,0.97929790,0.97827707,0.43413020,27.13705953,0.97929790,
V003,1822,switch,392,392,1365,1512,1821,1,0.86924553,2.80000000,-0.45000000,2.83593018,0.86924553,0.90895184,,,0.98088853,no_old
V003,1823,reuse,388,354,1377,0,1822,1,0.96011101,0.20000000,-1.15000000,1.16726175,0.96011101,0.96026977,,,1.03735414,
V003,1827,switch,385,385,1413,1365,1826,1,0.96041476,0.25000000,-1.35000000,1.37295302,0.96041476,0.95988821,0.38616265,19.48723941,0.99662421,
V003,1827,switch,678,678,1365,1413,1826,1,0.93067994,1.15000000,-0.75000000,1.37295302,0.93067994,0.89030901,0.38616265,19.48723941,0.97804135,
V003,1828,switch,392,392,1401,1512,1797,31,0.03672931,33.80000000,-67.60000000,75.57909764,,0.97413440,,,1.07154594,no_prev|no_old
V003,1828,reuse,678,385,1413,0,1827,1,0.95988821,0.05000000,-1.80000000,1.80069431,0.95988821,0.92435130,,,1.00446497,
V003,1828,reuse,385,678,1365,0,1827,1,0.89030901,1.55000000,-1.35000000,2.05548048,0.89030901,0.90722718,,,1.08730591,
V003,1829,reuse,340,392,1401,0,1828,1,0.97413440,-0.20000000,-0.85000000,0.87321246,0.97413440,0.81518267,,,1.00072136,
V003,1833,switch,354,354,1396,1377,1832,1,0.98405002,0.05000000,0.05000000,0.07071068,0.98405002,0.76988240,0.41505663,22.38018096,1.01620851,
V003,1841,switch,366,366,1674,1414,,,,,,,,0.92095489,,,,no_last_seen|no_prev|no_old
V003,1844,switch,354,354,1377,1396,1833,11,0.14919543,-31.20000000,-17.60000000,35.82178108,,0.64648434,0.67389649,8.09475139,0.77499401,no_prev
V003,1858,switch,548,548,1614,1617,1857,1,0.84685254,4.10000000,-0.70000000,4.15932687,0.84685254,0.91666710,0.29786218,22.05130382,1.02668720,
V003,1858,switch,549,549,1617,1614,1857,1,0.88192734,0.40000000,0.00000000,0.40000000,0.88192734,0.80580357,0.29786218,22.05130382,1.13388026,
V003,1859,reuse,549,548,1614,0,1858,1,0.91666710,2.30000000,0.10000000,2.30217289,0.91666710,0.90849304,,,1.00977984,
V003,1860,reuse,548,549,1617,0,1859,1,0.81758108,1.10000000,-1.20000000,1.62788206,0.81758108,0.94651163,,,1.22312027,
V003,1862,switch,367,367,1393,1378,1861,1,0.93695085,-0.05000000,-2.35000000,2.35053185,0.93695085,0.93300973,,,1.02129524,no_old
V003,1863,reuse,377,367,1393,0,1862,1,0.93300973,-0.15000000,-2.55000000,2.55440795,0.93300973,0.97056103,,,1.00356968,
V003,1871,switch,334,334,1687,971,,,,,,,,,,,,no_last_seen|no_prev|no_next|no_old
V003,1878,switch,354,354,1676,1377,1868,10,0.88552994,1.40000000,-2.50000000,2.86530976,,0.95534565,,,0.93259081,no_prev|no_old
V003,1888,switch,670,670,1696,1363,,,,,,,,0.94615632,0.34226899,20.55243295,,no_last_seen|no_prev
V003,1890,switch,591,591,1695,1341,1889,1,0.70302846,0.25000000,-2.70000000,2.71154937,0.70302846,0.86877224,0.57028495,4.99624859,0.70302846,
V003,1903,switch,571,571,1704,1467,,,,,,,,0.95393372,,,,no_last_seen|no_prev|no_old
V003,1913,switch,584,584,1710,1443,1912,1,0.89363654,1.75000000,-1.40000000,2.24109348,0.89363654,0.93872737,0.33588553,21.31255499,1.00456628,
V003,1913,switch,670,670,1443,1696,1912,1,0.95624825,-0.75000000,-0.60000000,0.96046864,0.95624825,0.97906844,,,1.01278640,no_old
V003,1914,reuse,584,670,1443,0,1913,1,0.97906844,-0.30000000,-0.40000000,0.50000000,0.97906844,0.96325261,,,1.00000000,
V003,1917,switch,338,338,1265,1256,1916,1,0.68321533,-3.65000000,-1.70000000,4.02647489,0.68321533,,0.24447401,18.11146046,0.76295425,no_next
V003,1917,switch,595,595,1256,1265,1916,1,0.86063235,1.00000000,1.15000000,1.52397507,0.86063235,0.93752223,0.24447401,18.11146046,1.15383920,
V003,1918,reuse,338,595,1256,0,1917,1,0.93752223,1.15000000,-0.10000000,1.15433964,0.93752223,0.97188298,,,0.99056669,
V003,1935,switch,625,625,1719,1609,1934,1,0.88789629,-2.15000000,0.05000000,2.15058132,0.88789629,0.81763961,0.26428774,22.87055968,0.98307266,
V003,1935,switch,629,629,1609,1661,1934,1,0.92202237,1.25000000,-1.00000000,1.60078106,0.92202237,0.89829864,,,0.98176801,no_old
V003,1936,reuse,625,629,1609,0,1935,1,0.89829864,1.25000000,-2.30000000,2.61772802,0.89829864,0.96553200,,,1.01485189,
V003,1937,switch,392,392,1722,1401,,,,,,,,0.94857951,,,,no_last_seen|no_prev|no_old
V003,1947,switch,388,388,1371,1667,1946,1,0.95716382,-0.60000000,0.80000000,1.00000000,0.95716382,0.98826624,,,1.00208551,no_old
V003,1948,reuse,597,388,1371,0,1947,1,0.98826624,0.10000000,0.15000000,0.18027756,0.98826624,0.94646021,,,1.01187307,
V003,1949,switch,380,380,1319,1270,1948,1,0.89769828,0.25000000,-1.00000000,1.03077641,0.89769828,0.91705903,,,0.89769828,no_old
V003,1950,reuse,596,380,1319,0,1949,1,0.91705903,-0.70000000,-0.80000000,1.06301458,0.91705903,0.92920163,,,0.93833290,
V003,1959,reuse,590,730,1338,0,1895,64,0.02075186,36.60000000,5.95000000,37.08048678,,0.96437237,,,2.60462018,no_prev
V003,1960,switch,366,366,1732,1674,,,,,,,,0.20303963,,,,no_last_seen|no_prev|no_old
V003,1962,reuse,356,732,1337,0,1931,31,0.01052704,17.50000000,-57.00000000,59.62591718,,,,,0.12128133,no_prev|no_next
V003,1963,reuse,380,596,1319,0,1962,1,0.89312437,-0.50000000,1.60000000,1.67630546,0.89312437,0.87302465,,,1.11966489,
V003,1966,reuse,732,364,1337,0,1965,1,0.96770665,-0.40000000,0.45000000,0.60207973,0.96770665,0.91060925,,,1.00156495,
V003,1968,reuse,595,338,1265,0,1917,51,0.23754270,16.75000000,9.15000000,19.08625160,,0.89667505,,,3.69900776,no_prev
V003,1970,switch,380,380,1338,1319,1969,1,0.91191529,0.30000000,1.70000000,1.72626765,0.91191529,0.94310402,0.43182341,19.87643077,1.09659309,
V003,1972,reuse,730,380,1338,0,1971,1,0.94914782,-0.60000000,0.95000000,1.12361025,0.94914782,0.94377816,,,1.02302760,
V003,1979,switch,394,394,1341,1272,1978,1,0.92212479,0.00000000,1.55000000,1.55000000,0.92212479,0.90922288,,,0.97050789,no_old
V003,1979,switch,581,581,1448,1459,1964,15,0.71065033,-0.70000000,13.25000000,13.26847768,,0.84767151,,,1.08620690,no_prev|no_old
V003,1980,reuse,591,394,1341,0,1979,1,0.90922288,-0.65000000,2.45000000,2.53475837,0.90922288,0.91552897,,,0.98962338,
V003,1980,reuse,582,581,1448,0,1979,1,0.84767151,1.60000000,4.10000000,4.40113622,0.84767151,0.89713324,,,1.03782180,
V003,1995,switch,378,378,1387,1420,1991,4,0.85125376,1.55000000,3.80000000,4.10396150,,0.98489141,,,1.16718666,no_prev|no_old
V003,1996,reuse,585,378,1387,0,1995,1,0.98489141,0.15000000,0.40000000,0.42720019,0.98489141,0.90806871,,,1.00886711,
V003,1998,switch,378,378,1420,1387,1994,4,0.97855838,0.30000000,-0.35000000,0.46097722,,0.94849109,,,0.98988110,no_prev|no_old
V003,2002,switch,585,585,1417,1387,2001,1,0.89798620,-0.45000000,3.95000000,3.97555028,0.89798620,0.87876369,,,0.98998082,no_old
V003,2003,reuse,379,585,1417,0,2002,1,0.87876369,1.75000000,2.30000000,2.89006920,0.87876369,0.66403484,,,1.02051538,
V003,2010,switch,386,386,1530,1659,2009,1,0.95774313,0.50000000,-0.40000000,0.64031242,0.95774313,0.92605622,,,0.96616856,no_old
V003,2011,switch,380,380,1318,1338,2010,1,0.97354024,0.10000000,0.70000000,0.70710678,0.97354024,0.97122455,0.09976429,28.03555778,1.01493009,
V003,2011,reuse,569,386,1530,0,2010,1,0.92605622,-0.25000000,2.10000000,2.11482860,0.92605622,0.96883599,,,1.06873775,
V003,2012,reuse,675,380,1318,0,2011,1,0.97122455,-0.30000000,-0.40000000,0.50000000,0.97122455,0.96713897,,,1.00299401,
V003,2020,switch,585,585,1710,1417,2019,1,0.96818828,0.65000000,0.00000000,0.65000000,0.96818828,0.94561715,0.23041392,55.19513113,0.99991714,
V003,2021,reuse,584,585,1710,0,2020,1,0.94561715,0.20000000,1.50000000,1.51327460,0.94561715,0.97941833,,,1.04832512,
V003,2025,switch,673,673,1267,1331,2024,1,0.93215530,0.75000000,-1.05000000,1.29034879,0.93215530,0.95291919,0.39679005,15.06095946,1.01532309,
V003,2025,switch,706,706,1331,1267,2024,1,0.97462551,-0.25000000,-0.40000000,0.47169906,0.97462551,0.93959052,0.39679005,15.06095946,0.99159311,
V003,2026,reuse,706,673,1267,0,2025,1,0.95291919,0.20000000,-1.40000000,1.41421356,0.95291919,0.95004521,,,0.97560097,
V003,2026,reuse,673,706,1331,0,2025,1,0.93959052,-0.50000000,-1.20000000,1.30000000,0.93959052,0.97345133,,,0.99133433,
V003,2037,switch,385,385,1722,1413,2036,1,0.96164045,-0.30000000,-1.00000000,1.04403065,0.96164045,0.95141944,,,1.00000000,no_old
V003,2038,switch,571,571,1420,1704,2037,1,0.86146231,1.00000000,5.05000000,5.14805789,0.86146231,0.97278554,,,0.98806210,no_old
V003,2038,reuse,392,385,1722,0,2037,1,0.95141944,-0.95000000,-0.15000000,0.96176920,0.95141944,0.94204410,,,1.00367066,
V003,2039,reuse,378,571,1420,0,2038,1,0.97278554,-0.10000000,1.10000000,1.10453610,0.97278554,0.96357593,,,1.01273885,
V003,2051,reuse,679,677,1347,0,2050,1,0.92808839,0.80000000,-1.15000000,1.40089257,0.92808839,0.92592819,,,1.01224632,
V003,2072,switch,679,679,1779,1347,,,,,,,,0.27878903,0.00000000,36.17049903,,no_last_seen|no_prev
V003,2074,reuse,578,645,1373,0,2073,1,0.39770702,16.65000000,2.30000000,16.80810816,0.39770702,0.73372519,,,1.00491233,
V003,2075,switch,679,679,1621,1347,2074,1,0.94279511,-0.20000000,1.25000000,1.26589889,0.94279511,0.92889597,0.00000000,46.36722981,0.94744922,
V003,2076,switch,684,684,1780,1621,,,,,,,,0.78530410,0.59657991,9.48801876,,no_last_seen|no_prev
V003,2076,reuse,684,679,1621,0,2075,1,0.92889597,0.80000000,-1.15000000,1.40089257,0.92889597,0.93643032,,,0.98808070,
V003,2090,switch,679,679,1782,1621,2089,1,0.93781650,0.80000000,0.80000000,1.13137085,0.93781650,0.96122290,,,1.02646795,no_old
V003,2110,reuse,679,681,1621,0,2109,1,0.94463911,-0.70000000,0.80000000,1.06301458,0.94463911,0.93288771,,,1.00536193,
V003,2111,switch,157,157,1802,1767,,,,,,,,0.97167366,0.62770147,11.76881472,,no_last_seen|no_prev
V003,2111,reuse,157,156,1767,0,2110,1,0.90516362,-3.10000000,-0.75000000,3.18943569,0.90516362,0.86285848,,,1.01719541,
V003,2118,reuse,559,153,1805,0,2117,1,0.79856115,-0.25000000,-1.95000000,1.96596033,0.79856115,0.86340986,,,1.25225225,
V003,2119,switch,697,697,1722,1406,2118,1,0.96081023,-0.25000000,-1.10000000,1.12805142,0.96081023,0.82579439,,,1.02034952,no_old
V003,2120,reuse,385,697,1722,0,2119,1,0.82579439,2.05000000,-3.70000000,4.22995272,0.82579439,0.93878848,,,1.04639475,
V003,2126,switch,622,622,1406,1488,2117,9,0.52584478,-9.75000000,-7.35000000,12.21003685,,0.97677839,,,1.14190638,no_prev|no_old
V003,2127,switch,648,648,1438,1450,2126,1,0.89738317,1.65000000,-0.50000000,1.72409396,0.89738317,0.91406487,0.49215779,15.29942809,1.01075240,
V003,2127,switch,665,665,1450,1438,2126,1,0.74064729,0.80000000,-9.45000000,9.48380198,0.74064729,0.85025035,0.49215779,15.29942809,1.02745788,
V003,2127,reuse,697,622,1406,0,2126,1,0.97677839,0.10000000,-0.85000000,0.85586214,0.97677839,0.92353705,,,1.00822327,
V003,2128,switch,650,650,1817,1457,,,,,,,,0.83332707,,,,no_last_seen|no_prev|no_old
V003,2128,reuse,665,648,1438,0,2127,1,0.91406487,1.10000000,-1.05000000,1.52069063,0.91406487,0.85979447,,,1.01490523,
V003,2128,reuse,648,665,1450,0,2127,1,0.85025035,1.00000000,-3.95000000,4.07461655,0.85025035,0.96620209,,,1.04765843,
V003,2129,switch,678,678,1347,1365,2128,1,0.95799359,0.30000000,-1.00000000,1.04403065,0.95799359,0.86193379,,,0.96545552,no_old
V003,2131,switch,664,664,1788,1357,2130,1,0.87738316,-1.60000000,-1.70000000,2.33452351,0.87738316,0.91792153,0.34749745,21.78164365,1.04669542,
V003,2134,switch,679,679,1824,1782,,,,,,,,0.89793047,0.46853009,13.75363588,,no_last_seen|no_prev
V003,2142,switch,706,706,1267,1331,2141,1,0.91213559,-0.40000000,-1.05000000,1.12361025,0.91213559,0.86858961,,,0.92020697,no_old
V003,2143,reuse,673,706,1267,0,2142,1,0.86858961,-0.15000000,-1.85000000,1.85607112,0.86858961,0.78425145,,,0.86858961,
V003,2153,switch,681,681,1782,1621,2152,1,0.93289683,0.90000000,-0.00000000,0.90000000,0.93289683,0.96911225,,,1.00001212,no_old
V003,2154,reuse,679,681,1782,0,2153,1,0.96911225,0.20000000,-0.30000000,0.36055513,0.96911225,0.86074724,,,0.98254799,
V003,2156,switch,684,684,1365,1780,2142,14,0.15047117,10.40000000,-27.60000000,29.49440625,,0.80497571,0.09221147,16.70366726,0.17912184,no_prev
V003,2157,switch,244,244,1849,1627,,,,,,,,0.90987285,,,,no_last_seen|no_prev|no_old
V003,2157,reuse,678,684,1365,0,2156,1,0.80497571,1.15000000,0.85000000,1.43003496,0.80497571,0.84118542,,,1.20413961,
V003,2160,switch,681,681,1621,1782,2152,8,0.33760081,10.55000000,-5.00000000,11.67486617,,,,,0.66004060,no_prev|no_next|no_old
V003,2161,switch,681,681,1782,1782,2159,2,0.67941447,3.20000000,-2.85000000,4.28514877,,,1.00000000,0.00000000,0.81669463,no_prev|no_next
V003,2163,switch,681,681,1621,1782,2160,3,0.71335892,3.90000000,0.15000000,3.90288355,,0.91499579,,,1.07246377,no_prev|no_old
V003,2165,switch,636,636,1730,1713,2164,1,0.92003135,0.60000000,-0.80000000,1.00000000,0.92003135,0.90559044,,,0.99339928,no_old
V003,2166,reuse,727,636,1730,0,2165,1,0.90559044,1.20000000,-0.10000000,1.20415946,0.90559044,0.92546868,,,1.03562586,
V003,2172,switch,641,641,1405,1361,2171,1,0.86959220,0.35000000,-2.90000000,2.92104433,0.86959220,0.92987474,,,0.88763031,no_old
V003,2173,reuse,660,641,1405,0,2172,1,0.92987474,-0.55000000,-1.05000000,1.18532696,0.92987474,0.94529131,,,0.96605308,
V003,2177,switch,641,641,1361,1405,2176,1,0.88421659,0.35000000,0.65000000,0.73824115,0.88421659,0.76729441,0.40734679,14.42437174,1.13094463,
V003,2180,switch,685,685,1722,1859,2169,11,0.37369055,10.55000000,-1.30000000,10.62979304,,0.77706664,0.26887052,16.85185450,0.91397572,no_prev
V003,2181,reuse,641,660,1405,0,2180,1,0.87573567,1.55000000,0.70000000,1.70073514,0.87573567,0.88739611,,,1.06647817,
V003,2181,reuse,697,685,1722,0,2180,1,0.77706664,1.70000000,-1.50000000,2.26715681,0.77706664,0.80392773,,,0.86777841,
V003,2190,switch,652,652,1705,1694,2186,4,0.77619610,0.55000000,-3.55000000,3.59235299,,0.79234034,,,0.79103806,no_prev|no_old
V003,2191,reuse,658,652,1705,0,2190,1,0.79234034,0.45000000,-2.75000000,2.78657496,0.79234034,0.85935779,,,0.79234034,
V003,2192,switch,701,701,1465,1410,2191,1,0.34906438,-6.05000000,-25.65000000,26.35384222,0.34906438,,,,0.72296347,no_next|no_old
V003,2194,reuse,637,701,1465,0,2192,2,0.62950228,-1.45000000,-11.70000000,11.78950805,,,,,0.86135444,no_prev|no_next
V003,2196,switch,660,660,1410,1405,2195,1,0.94038137,-0.60000000,-0.65000000,0.88459030,0.94038137,0.96711906,0.39125889,13.07793944,0.96854785,
V003,2196,switch,701,701,1405,1465,2195,1,0.91665720,0.95000000,-0.90000000,1.30862523,0.91665720,0.94607872,,,0.96599115,no_old
V003,2197,reuse,701,660,1410,0,2196,1,0.96711906,-0.30000000,0.30000000,0.42426407,0.96711906,0.87209893,,,1.02724138,
V003,2197,reuse,660,701,1405,0,2196,1,0.94607872,0.65000000,-0.25000000,0.69641941,0.94607872,0.90113407,,,0.97012901,
V003,2198,switch,656,656,1694,1688,2196,2,0.27575371,7.55000000,6.00000000,9.64378038,,0.40029078,0.74201811,2.53031619,2.78525641,no_prev
V003,2199,reuse,652,656,1694,0,2198,1,0.40029078,5.00000000,9.85000000,11.04637950,0.40029078,0.75796766,,,2.47604352,
V003,2200,switch,656,656,1870,1694,2199,1,0.36642011,6.40000000,4.90000000,8.06039701,0.36642011,0.94030003,0.29041025,17.39712620,2.33505870,
V003,2201,switch,665,665,1694,1450,2200,1,0.86496301,1.20000000,2.65000000,2.90903764,0.86496301,0.95482296,0.33031574,14.10434330,1.14570277,
V003,2202,reuse,656,665,1694,0,2201,1,0.95482296,0.25000000,1.05000000,1.07935166,0.95482296,0.80838992,,,1.03316263,
V003,2204,switch,637,637,1887,1465,,,,,,,,0.82130565,0.00000000,56.11125110,,no_last_seen|no_prev
V003,2204,switch,641,641,1465,1361,2202,2,0.86623889,-0.30000000,0.20000000,0.36055513,,0.75868359,,,1.04821235,no_prev|no_old
V003,2207,switch,640,640,1888,1700,2205,2,0.48002459,1.00000000,-4.35000000,4.46346278,,0.78492304,0.27110228,13.03840481,0.48002459,no_prev
V003,2207,reuse,701,641,1465,0,2206,1,0.90544683,0.65000000,0.30000000,0.71589105,0.90544683,0.70599468,,,1.08703512,
V003,2215,switch,680,680,1859,1425,2214,1,0.96355540,-0.30000000,0.30000000,0.42426407,0.96355540,0.97431708,,,1.03782305,no_old
V003,2216,reuse,685,680,1859,0,2215,1,0.97431708,-0.10000000,0.45000000,0.46097722,0.97431708,0.91266211,,,1.02635992,
V003,2217,switch,664,664,1881,1788,2216,1,0.94905521,-0.15000000,-0.45000000,0.47434165,0.94905521,0.95066612,0.32211017,15.36465099,0.94905521,
V003,2221,switch,634,634,1361,1554,2220,1,0.86891944,1.50000000,0.85000000,1.72409396,0.86891944,0.86537225,0.44386346,11.50923542,1.08547915,
V003,2222,switch,558,558,1895,1775,2221,1,0.92251259,1.15000000,-0.55000000,1.27475488,0.92251259,0.92789274,,,1.04540352,no_old
V003,2222,reuse,641,634,1361,0,2221,1,0.86537225,-1.05000000,-1.20000000,1.59452187,0.86537225,0.95583866,,,0.86537225,
V003,2224,switch,685,685,1846,1722,2223,1,0.51077252,-2.80000000,4.30000000,5.13127664,0.51077252,0.90128192,0.06703847,31.76007714,1.95781871,
V003,2225,reuse,682,685,1846,0,2224,1,0.90128192,1.45000000,-0.30000000,1.48070929,0.90128192,0.98684173,,,0.93472334,
V003,2226,switch,686,686,1904,1891,2225,1,0.74892713,3.15000000,4.55000000,5.53398591,0.74892713,0.82231453,0.38497219,18.00000000,1.29813333,
V003,2226,reuse,137,138,1899,0,2225,1,0.78488372,-0.65000000,-11.15000000,11.16893012,0.78488372,0.87647362,,,1.02891006,
V003,2226,reuse,686,683,1891,0,2225,1,0.94741661,0.85000000,0.25000000,0.88600226,0.94741661,0.83642240,,,1.00161268,
V003,2227,switch,558,558,1775,1895,2221,6,0.42181818,12.60000000,-6.00000000,13.95564402,,0.83813379,,,1.22366213,no_prev|no_old
V003,2227,switch,656,656,1450,1870,2226,1,0.85789396,2.55000000,-0.15000000,2.55440795,0.85789396,0.93724914,0.41401773,5.18000965,0.98257571,
V003,2227,switch,664,664,1907,1881,2226,1,0.62644138,1.45000000,-3.70000000,3.97397786,0.62644138,0.88257998,0.34045891,12.86895489,0.64239274,
V003,2228,reuse,665,656,1450,0,2227,1,0.93724914,0.15000000,0.55000000,0.57008771,0.93724914,,,,1.06695217,no_next
V003,2229,switch,137,137,1912,1899,,,,,,,,0.91569546,0.47358785,30.03739336,,no_last_seen|no_prev
V003,2229,switch,662,662,1882,1362,2228,1,0.75419351,-0.05000000,-1.90000000,1.90065778,0.75419351,0.84255319,0.26054041,16.14101917,0.76036866,
V003,2229,reuse,685,682,1846,0,2228,1,0.81263928,2.60000000,-0.70000000,2.69258240,0.81263928,0.84714256,,,0.90988836,
V003,2230,switch,647,647,1554,1506,2229,1,0.90632525,1.60000000,-1.60000000,2.26274170,0.90632525,,,,0.93618319,no_next|no_old
V003,2234,switch,660,660,1491,1410,2233,1,0.82512750,1.60000000,-1.30000000,2.06155281,0.82512750,0.74474030,,,0.91735537,no_old
V003,2234,reuse,634,647,1554,0,2230,4,0.69431707,5.40000000,-6.25000000,8.25969128,,0.79364254,,,0.85742134,no_prev
V003,2235,reuse,635,660,1491,0,2234,1,0.74474030,-2.05000000,-2.40000000,3.15634282,0.74474030,0.55670088,,,0.82346541,
V003,2236,switch,660,660,1410,1491,2235,1,0.78270488,-0.55000000,1.70000000,1.78675684,0.78270488,0.91355751,0.44107890,9.87041033,1.27762076,
V003,2236,switch,704,704,1881,1404,2235,1,0.83858212,-1.25000000,1.30000000,1.80346888,0.83858212,0.81422925,0.19103936,17.17738339,1.19248906,
V003,2236,reuse,660,635,1491,0,2235,1,0.55670088,4.95000000,3.95000000,6.33285086,0.55670088,0.89493029,,,1.46431634,
V003,2237,switch,214,214,1897,1917,2236,1,0.59952086,0.40000000,18.75000000,18.75426618,0.59952086,0.70452245,0.29682161,36.51140233,0.99452328,
V003,2237,reuse,664,704,1881,0,2236,1,0.81422925,0.30000000,1.60000000,1.62788206,0.81422925,0.89445325,,,1.22815534,
V003,2237,reuse,214,211,1917,0,2236,1,0.58801071,-1.40000000,15.40000000,15.46350542,0.58801071,0.75852004,,,0.92789123,
V003,2238,reuse,624,214,1897,0,2237,1,0.70452245,1.30000000,8.10000000,8.20365772,0.70452245,0.73768614,,,1.02897372,
V003,2239,switch,660,660,1491,1410,2238,1,0.80985655,-0.05000000,-2.65000000,2.65047166,0.80985655,0.80464603,,,0.80985655,no_old
V003,2240,reuse,635,660,1491,0,2239,1,0.80464603,-0.70000000,-2.45000000,2.54803846,0.80464603,0.84831190,,,0.80464603,
V003,2241,switch,704,704,1788,1881,2240,1,0.83352655,0.05000000,1.30000000,1.30096118,0.83352655,0.93208723,0.57201771,6.73832323,1.19972183,
V003,2242,reuse,664,704,1788,0,2241,1,0.93208723,0.95000000,0.30000000,0.99624294,0.93208723,0.98877747,,,1.02945026,
V003,2243,switch,624,624,1733,1897,2242,1,0.90090977,1.20000000,-1.90000000,2.24722051,0.90090977,0.86053726,0.31442673,34.31391846,0.94605254,
V003,2243,switch,635,635,1410,1491,2237,6,0.51273998,-0.15000000,6.25000000,6.25179974,,0.82653387,0.54858941,4.74368001,1.94040592,no_prev
V003,2243,switch,657,657,1361,1678,2242,1,0.82811707,-0.40000000,-1.10000000,1.17046999,0.82811707,0.93076766,0.36037441,11.49184493,0.82811707,
V003,2244,switch,255,255,1922,1499,2243,1,0.86181574,1.80000000,-1.90000000,2.61725047,0.86181574,0.95339390,,,1.01082942,no_old
V003,2244,switch,610,610,1588,1753,2243,1,0.87132199,0.45000000,1.95000000,2.00124961,0.87132199,0.94600492,,,1.14768136,no_old
V003,2244,switch,623,623,1926,1733,,,,,,,,0.95588113,0.48429378,12.00000000,,no_last_seen|no_prev
V003,2244,reuse,623,624,1733,0,2243,1,0.86053726,2.05000000,-1.90000000,2.79508497,0.86053726,0.91763693,,,0.96864723,
V003,2244,reuse,660,635,1410,0,2243,1,0.82653387,0.00000000,-2.00000000,2.00000000,0.82653387,0.91934389,,,0.82653387,
V003,2244,reuse,634,657,1361,0,2243,1,0.93076766,-0.70000000,0.20000000,0.72801099,0.93076766,0.78845421,,,1.04067589,
V003,2245,switch,236,236,1918,1455,2244,1,0.93220004,0.45000000,-1.65000000,1.71026314,0.93220004,0.83490143,,,0.97032122,no_old
V003,2245,reuse,609,610,1588,0,2244,1,0.94600492,0.80000000,0.90000000,1.20415946,0.94600492,0.83838637,,,1.03785193,
V003,2246,switch,255,255,1499,1922,2243,3,0.84060847,1.45000000,-3.70000000,3.97397786,,0.90910239,,,0.98394936,no_prev|no_old
V003,2246,switch,610,610,1753,1588,2243,3,0.64654861,6.90000000,-5.65000000,8.91809957,,0.88294888,0.55798788,13.20463934,0.92752142,no_prev
V003,2246,reuse,610,609,1588,0,2245,1,0.83838637,-1.90000000,-4.45000000,4.83864650,0.83838637,0.91899411,,,0.97057633,
V003,2249,switch,656,656,1694,1450,2248,1,0.96490809,-0.40000000,-0.00000000,0.40000000,0.96490809,0.81956859,,,1.00796365,no_old
V003,2250,switch,700,700,1730,1536,2245,5,0.49128241,11.55000000,2.25000000,11.76711519,,0.74322876,0.38646086,7.72690106,1.12934220,no_prev
V003,2250,switch,704,704,1404,1788,2249,1,0.79558495,-2.55000000,0.95000000,2.72121296,0.79558495,0.86675039,0.40867527,14.00008929,1.15757480,
V003,2250,reuse,665,656,1694,0,2249,1,0.81956859,2.55000000,0.25000000,2.56222560,0.81956859,0.86069882,,,1.03514129,
V003,2251,switch,680,680,1722,1859,2250,1,0.70821247,-7.00000000,3.40000000,7.78203058,0.70821247,0.88293614,0.45484852,9.80420828,1.14971614,
V003,2251,reuse,636,700,1730,0,2250,1,0.74322876,3.70000000,-2.25000000,4.33041568,0.74322876,0.93482545,,,0.81704125,
V003,2252,switch,652,652,1450,1705,2251,1,0.95298373,0.05000000,-0.30000000,0.30413813,0.95298373,0.94577497,0.39633151,11.57119268,0.95298373,
V003,2252,reuse,685,680,1722,0,2251,1,0.88293614,-2.25000000,-1.45000000,2.67675176,0.88293614,0.87071979,,,0.89126334,
V003,2253,reuse,656,652,1450,0,2252,1,0.94577497,-0.15000000,-0.50000000,0.52201533,0.94577497,0.96370905,,,0.95190808,
V003,2257,switch,236,236,1455,1918,2244,13,0.62699488,3.20000000,-10.85000000,11.31205110,,0.93955343,,,0.84550372,no_prev|no_old
V003,2258,switch,680,680,1406,1722,2257,1,0.98477237,0.00000000,-0.15000000,0.15000000,0.98477237,0.95915404,,,0.98477237,no_old
V003,2259,reuse,622,680,1406,0,2258,1,0.95915404,0.60000000,-0.30000000,0.67082039,0.95915404,0.95133812,,,1.01132632,
V003,2260,switch,646,646,1678,1489,2259,1,0.86515378,1.45000000,1.70000000,2.23439030,0.86515378,0.92335768,,,1.14290277,no_old
V003,2261,reuse,657,646,1678,0,2260,1,0.92335768,1.70000000,0.30000000,1.72626765,0.92335768,0.94727439,,,0.97391030,
V003,2264,switch,644,644,1705,1605,2263,1,0.95371664,0.70000000,-0.00000000,0.70000000,0.95371664,0.91292127,0.22480379,9.62548700,0.95882090,
V003,2264,switch,680,680,1722,1406,2263,1,0.92947152,1.10000000,0.15000000,1.11018017,0.92947152,0.92308737,,,1.00717494,no_old
V003,2265,reuse,652,644,1705,0,2264,1,0.91292127,1.10000000,-0.60000000,1.25299641,0.91292127,0.89448209,,,0.93267118,
V003,2266,switch,686,686,1891,1904,2265,1,0.75984006,3.50000000,-0.90000000,3.61386220,0.75984006,0.81571301,,,0.94555975,no_old
V003,2267,switch,700,700,1536,1730,2266,1,0.73305467,4.10000000,0.30000000,4.11096096,0.73305467,0.75938610,0.38334304,11.45392946,1.05286034,
V003,2267,reuse,683,686,1891,0,2266,1,0.81571301,2.55000000,-0.65000000,2.63153947,0.81571301,0.88215299,,,0.96055043,
V003,2268,switch,646,646,1489,1678,2267,1,0.52726471,7.05000000,-1.50000000,7.20780827,0.52726471,0.95016349,0.41816896,12.85009728,0.88832321,
V003,2268,switch,647,647,1410,1554,2266,2,0.38315062,19.70000000,-8.35000000,21.39655346,,0.66301481,0.20074627,17.85497130,0.55881568,no_prev
V003,2269,reuse,635,647,1410,0,2268,1,0.66301481,3.15000000,-4.75000000,5.69956139,0.66301481,0.81165475,,,0.66555926,
V003,2270,switch,648,648,1678,1438,2269,1,0.83218143,0.10000000,-1.70000000,1.70293864,0.83218143,0.93112156,0.40485017,8.99569341,0.83657327,
V003,2271,reuse,647,635,1410,0,2270,1,0.70435539,-5.95000000,0.20000000,5.95336040,0.70435539,0.90853126,,,1.00728253,
V003,2271,reuse,646,648,1678,0,2270,1,0.93112156,0.65000000,-0.55000000,0.85146932,0.93112156,0.87442472,,,0.93112156,
V003,2271,reuse,688,687,1932,0,2270,1,0.94284720,1.00000000,0.05000000,1.00124922,0.94284720,0.86023075,,,1.00305810,
V003,2272,switch,646,646,1881,1489,2271,1,0.82396583,-2.50000000,0.45000000,2.54017716,0.82396583,0.84699368,,,1.05498559,no_old
V003,2273,reuse,704,646,1881,0,2272,1,0.84699368,-2.05000000,-0.50000000,2.11009478,0.84699368,0.51216696,,,0.94826768,
V003,2274,switch,646,646,1489,1881,2273,1,0.96684876,-0.20000000,-0.15000000,0.25000000,0.96684876,0.95959132,0.31786344,13.59062177,1.01556748,
V003,2275,switch,229,229,1918,1460,2269,6,0.88012841,-0.50000000,1.55000000,1.62864975,,0.76156469,,,1.13619785,no_prev|no_old
V003,2276,switch,652,652,1881,1450,2275,1,0.90782304,-1.10000000,-0.30000000,1.14017543,0.90782304,0.96602131,,,1.00074830,no_old
V003,2276,reuse,236,229,1918,0,2275,1,0.76156469,1.90000000,-6.60000000,6.86804193,0.76156469,,,,0.96478556,no_next
V003,2277,switch,229,229,1460,1918,2276,1,0.96145244,0.45000000,0.40000000,0.60207973,0.96145244,0.96003027,,,0.97267512,no_old
V003,2277,switch,628,628,1609,1390,2276,1,0.75324559,2.50000000,-0.40000000,2.53179778,0.75324559,0.88038357,,,0.96863376,no_old
V003,2277,reuse,646,652,1881,0,2276,1,0.96602131,-0.40000000,0.00000000,0.40000000,0.96602131,,,,1.00065710,no_next
V003,2278,switch,652,652,1450,1881,2275,3,0.63490260,4.95000000,2.20000000,5.41687179,,0.89346530,,,1.32509623,no_prev|no_old
V003,2278,reuse,629,628,1609,0,2277,1,0.88038357,-0.30000000,-1.10000000,1.14017543,0.88038357,0.63180345,,,0.88869746,
V003,2281,switch,635,635,1678,1410,2280,1,0.64572246,4.15000000,2.45000000,4.81923230,0.64572246,0.82941923,0.08833612,23.43640331,1.38961363,
V003,2282,switch,647,647,1954,1410,,,,,,,,0.90424351,0.61256143,3.52455671,,no_last_seen|no_prev
V003,2282,reuse,648,635,1678,0,2281,1,0.82941923,3.10000000,-0.05000000,3.10040320,0.82941923,0.68743042,,,0.99745874,
V003,2283,switch,646,646,1361,1489,2282,1,0.93970657,-0.70000000,0.20000000,0.72801099,0.93970657,0.97495537,,,1.02937273,no_old
V003,2284,reuse,657,646,1361,0,2283,1,0.97495537,-0.25000000,0.15000000,0.29154759,0.97495537,0.95444718,,,1.00871294,
V003,2285,switch,628,628,1647,1609,2284,1,0.72222222,-0.80000000,-1.40000000,1.61245155,0.72222222,,0.18859791,14.72175261,0.72222222,no_next
V003,2285,switch,647,647,1410,1954,2284,1,0.81343757,2.45000000,0.70000000,2.54803846,0.81343757,0.93178705,0.62717847,5.08846735,1.06134643,
V003,2286,switch,628,628,1609,1609,2285,1,0.69385397,3.00000000,-0.55000000,3.05000000,0.69385397,,1.00000000,0.00000000,0.87259465,no_next
V003,2286,reuse,635,647,1410,0,2285,1,0.93178705,0.60000000,0.45000000,0.75000000,0.93178705,0.43571482,,,1.05238550,
V003,2288,switch,635,635,1410,1678,2287,1,0.78136830,0.50000000,-1.55000000,1.62864975,0.78136830,0.75342418,,,0.78835512,no_old
V003,2288,switch,644,644,1888,1705,2287,1,0.89128976,1.85000000,-0.05000000,1.85067555,0.89128976,0.83661384,,,0.98127125,no_old
V003,2289,switch,638,638,1404,1430,2288,1,0.89023825,-1.05000000,0.75000000,1.29034879,0.89023825,0.93683279,,,1.08710227,no_old
V003,2289,switch,647,647,1678,1410,2287,2,0.43436804,9.45000000,2.40000000,9.75000000,,0.90515895,0.22220433,16.61219432,1.50128963,no_prev
V003,2289,reuse,647,635,1410,0,2288,1,0.75342418,-3.20000000,-0.35000000,3.21908372,0.75342418,0.82475534,,,0.95021019,
V003,2289,reuse,640,644,1888,0,2288,1,0.83661384,2.00000000,-0.70000000,2.11896201,0.83661384,0.91060433,,,0.90147992,
V003,2290,reuse,704,638,1404,0,2289,1,0.93683279,0.25000000,-0.45000000,0.51478151,0.93683279,0.87395214,,,0.94391888,
V003,2290,reuse,635,647,1678,0,2289,1,0.90515895,1.20000000,-0.35000000,1.25000000,0.90515895,0.73047187,,,0.97062159,
V003,2292,switch,635,635,1954,1410,2291,1,0.72024656,-3.80000000,0.30000000,3.81182371,0.72024656,0.74097055,0.58450185,5.99708262,1.08146873,
V003,2293,reuse,647,635,1954,0,2292,1,0.74097055,-3.25000000,-0.50000000,3.28823661,0.74097055,0.78200692,,,0.94060320,
V003,2298,switch,646,646,1489,1361,2288,10,0.32953116,8.90000000,-3.15000000,9.44100101,,0.88080229,0.59323925,3.84707681,0.62358985,no_prev
V003,2298,switch,652,652,1361,1450,2297,1,0.89226974,-0.25000000,-0.40000000,0.47169906,0.89226974,,,,0.89226974,no_next|no_old
V003,2300,switch,648,648,1954,1678,2299,1,0.94079474,-0.30000000,0.35000000,0.46097722,0.94079474,0.95575794,0.32282386,16.20192890,1.06293112,
V003,2301,switch,652,652,1489,1450,2300,1,0.86595999,-1.60000000,0.00000000,1.60000000,0.86595999,0.70449531,,,1.07226398,no_old
V003,2301,reuse,635,648,1954,0,2300,1,0.95575794,0.55000000,0.15000000,0.57008771,0.95575794,0.95577746,,,1.02807380,
V003,2302,reuse,646,652,1489,0,2301,1,0.70449531,-2.35000000,-1.30000000,2.68560980,0.70449531,,,,0.81742354,no_next
V003,2303,switch,646,646,1361,1361,2298,5,0.22003168,14.45000000,3.35000000,14.83323970,,0.86937119,1.00000000,0.00000000,2.19400922,no_prev
V003,2307,switch,646,646,1817,1361,2306,1,0.79344199,1.50000000,-1.05000000,1.83098334,0.79344199,0.95695038,,,0.85505552,no_old
V003,2309,switch,648,648,1410,1954,2308,1,0.97671829,0.35000000,0.05000000,0.35355339,0.97671829,0.93906471,0.31525138,13.07679242,0.99557079,
V003,2309,reuse,650,646,1817,0,2308,1,0.93486667,0.40000000,-0.35000000,0.53150729,0.93486667,0.92623879,,,0.99271624,
V003,2310,reuse,635,648,1410,0,2309,1,0.93906471,-0.50000000,0.45000000,0.67268120,0.93906471,0.91849053,,,1.06488934,
V003,2312,switch,638,638,1907,1404,2309,3,0.80711354,2.55000000,-0.20000000,2.55783111,,0.74627200,0.49082569,10.80000000,0.95605286,no_prev
V003,2313,switch,642,642,1567,1654,2312,1,0.91188576,-0.20000000,0.70000000,0.72801099,0.91188576,0.86372316,,,1.09662860,no_old
V003,2313,reuse,664,638,1907,0,2312,1,0.74627200,2.40000000,-1.40000000,2.77848880,0.74627200,0.77619091,,,0.82057276,
V003,2314,reuse,643,642,1567,0,2313,1,0.86372316,2.45000000,0.05000000,2.45051015,0.86372316,0.88055974,,,0.98416403,
V003,2315,switch,638,638,1430,1907,2305,10,0.32235797,13.15000000,-1.30000000,13.21410232,,0.79118661,0.04669240,25.68044003,0.86331468,no_prev
V003,2320,switch,705,705,1404,1447,2319,1,0.91586476,-0.85000000,-0.40000000,0.93941471,0.91586476,0.96978022,,,0.92580151,no_old
V003,2321,reuse,638,705,1404,0,2320,1,0.96978022,-0.55000000,0.00000000,0.55000000,0.96978022,0.97664835,,,1.00840336,
V003,2328,switch,612,612,1598,1601,2327,1,0.91745813,-1.30000000,-0.05000000,1.30096118,0.91745813,0.93458573,0.29059930,19.61134876,1.03239312,
V003,2329,reuse,611,612,1598,0,2328,1,0.93458573,-0.50000000,-1.70000000,1.77200451,0.93458573,0.93262995,,,0.96048358,
V003,2331,switch,505,505,1775,1769,2330,1,0.93935220,-0.75000000,-0.70000000,1.02591423,0.93935220,0.88622154,,,1.02299823,no_old
V003,2331,switch,705,705,1447,1404,2319,12,0.49247537,8.25000000,-0.70000000,8.27964371,,,,,0.95803773,no_prev|no_next|no_old
V003,2332,switch,629,629,1634,1609,2331,1,0.84329200,0.90000000,-0.90000000,1.27279221,0.84329200,0.85853912,,,0.87253446,no_old
V003,2332,switch,633,633,1654,1671,2331,1,0.94439788,0.05000000,-0.40000000,0.40311289,0.94439788,,,,0.96581921,no_next|no_old
V003,2332,reuse,558,505,1775,0,2331,1,0.88622154,0.00000000,1.30000000,1.30000000,0.88622154,0.83169061,,,1.12838602,
V003,2333,reuse,630,629,1634,0,2332,1,0.85853912,0.90000000,-0.65000000,1.11018017,0.85853912,0.84530911,,,0.91356344,
V003,2338,reuse,629,630,1634,0,2337,1,0.88716201,0.95000000,-0.45000000,1.05118980,0.88716201,0.96212121,,,0.94526830,
V003,2345,switch,613,613,1492,1718,2342,3,0.70866997,2.15000000,10.55000000,10.76684726,,0.85450027,,,1.07925963,no_prev|no_old
V003,2346,reuse,632,613,1492,0,2345,1,0.85450027,1.90000000,2.90000000,3.46698716,0.85450027,0.89834943,,,1.08003104,
V003,2350,switch,613,613,1598,1492,2349,1,0.81813214,1.40000000,6.25000000,6.40488095,0.81813214,0.74827425,,,0.98044116,no_old
V003,2351,switch,613,613,1492,1492,2349,2,0.76710330,3.95000000,-2.85000000,4.87083155,,0.80547676,1.00000000,0.00000000,0.95391729,no_prev
V003,2352,switch,236,236,1567,1455,2342,10,0.26316776,17.75000000,1.90000000,17.85140051,,0.95033870,,,1.50427350,no_prev|no_old
V003,2353,reuse,642,236,1567,0,2352,1,0.95033870,-0.55000000,0.25000000,0.60415230,0.95033870,,,,1.03552607,no_next
V003,2354,switch,236,236,1450,1567,2353,1,0.74113189,1.05000000,-1.85000000,2.12720474,0.74113189,,,,0.74113189,no_next|no_old
V003,2354,switch,613,613,1598,1492,2353,1,0.82830985,1.30000000,5.85000000,5.99270390,0.82830985,0.88191016,,,1.05129871,no_old
V003,2355,switch,236,236,1567,1567,2353,2,0.55061371,9.95000000,1.00000000,10.00012500,,0.87947385,1.00000000,0.00000000,1.14263643,no_prev
V003,2355,reuse,612,613,1598,0,2354,1,0.88191016,1.45000000,2.55000000,2.93342803,0.88191016,0.92121691,,,0.97387383,
V003,2358,switch,253,253,1432,1472,2357,1,0.82089914,1.05000000,1.85000000,2.12720474,0.82089914,0.94362610,,,1.21817645,no_old
V003,2358,switch,689,689,2003,1997,2357,1,0.57908794,5.25000000,0.40000000,5.26521604,0.57908794,,,,1.11497413,no_next|no_old
V003,2359,reuse,661,253,1432,0,2358,1,0.94362610,0.70000000,0.50000000,0.86023253,0.94362610,0.97374765,,,1.02557545,
V003,2361,switch,253,253,1472,1432,2357,4,0.71036014,1.80000000,-4.05000000,4.43198601,,0.95461655,,,0.71371373,no_prev|no_old
V003,2361,switch,558,558,2008,1775,,,,,,,,0.90956864,0.45423727,14.35618334,,no_last_seen|no_prev
V003,2363,switch,253,253,1432,1472,2360,3,0.88458745,1.75000000,0.75000000,1.90394328,,0.83348204,,,1.05420065,no_prev|no_old
V003,2374,switch,253,253,1472,1432,2370,4,0.84447067,-1.50000000,0.60000000,1.61554944,,0.97635886,0.45608457,8.82524787,1.15132903,no_prev
V003,2377,switch,610,610,1598,1753,2376,1,0.95632384,0.70000000,0.35000000,0.78262379,0.95632384,0.91446837,0.29562456,20.72257223,0.98029605,
V003,2378,reuse,613,610,1598,0,2377,1,0.91446837,1.55000000,-0.55000000,1.64468842,0.91446837,0.96428249,,,0.99639167,
V003,2381,switch,230,230,1555,1665,2377,4,0.86776565,1.70000000,1.85000000,2.51246891,,0.94579094,,,1.11385112,no_prev|no_old
V003,2381,switch,254,254,1907,1468,2380,1,0.97090946,-0.25000000,0.40000000,0.47169906,0.97090946,0.96954315,0.32394668,11.22073973,1.00940558,
V003,2381,switch,576,576,2023,1819,,,,,,,,0.95216820,,,,no_last_seen|no_prev|no_old
V003,2382,switch,253,253,1404,1472,2381,1,0.88125928,1.65000000,0.25000000,1.66883193,0.88125928,0.45631440,,,1.05210473,no_old
V003,2382,reuse,618,230,1555,0,2381,1,0.94579094,0.80000000,-0.75000000,1.09658561,0.94579094,0.93383663,,,0.97079486,
V003,2382,reuse,638,254,1907,0,2381,1,0.96954315,0.60000000,0.00000000,0.60000000,0.96954315,0.88864583,,,0.97959184,
V003,2383,switch,253,253,1472,1472,2381,2,0.68045332,0.25000000,-3.05000000,3.06022875,,0.83941606,1.00000000,0.00000000,0.68045332,no_prev
V003,2384,switch,716,716,1982,1988,2383,1,0.87675460,1.85000000,-0.15000000,1.85607112,0.87675460,0.94787826,0.40470383,11.60010776,0.97918301,
V003,2384,switch,723,723,1988,1982,2383,1,0.92170753,1.15000000,0.05000000,1.15108644,0.92170753,0.84772102,0.40470383,11.60010776,1.02001384,
V003,2385,reuse,723,716,1982,0,2384,1,0.94787826,0.75000000,-0.10000000,0.75663730,0.94787826,0.89474062,,,0.99873897,
V003,2385,reuse,716,723,1988,0,2384,1,0.84772102,2.00000000,-0.55000000,2.07424685,0.84772102,0.81031397,,,0.95753727,
V003,2391,switch,139,139,1880,1787,2390,1,0.95736588,-0.10000000,-2.15000000,2.15232433,0.95736588,0.94553793,0.60060359,11.70395232,0.99282806,
V003,2391,switch,140,140,1787,1880,2384,7,0.65674711,6.85000000,6.05000000,9.13920128,,0.74238713,0.60060359,11.70395232,1.10656788,no_prev
V003,2392,reuse,140,139,1880,0,2391,1,0.94553793,0.50000000,-1.85000000,1.91637679,0.94553793,0.91287763,,,0.98472175,
V003,2392,reuse,139,140,1787,0,2391,1,0.74238713,5.85000000,2.15000000,6.23257571,0.74238713,,,,1.03572128,no_next
V003,2393,switch,254,254,1468,1907,2384,9,0.80521702,2.90000000,-0.35000000,2.92104433,,0.89751553,,,0.98332159,no_prev|no_old
V003,2394,switch,226,226,1449,1590,2386,8,0.84818240,1.85000000,1.20000000,2.20510771,,0.89765081,,,1.12023236,no_prev|no_old
V003,2395,reuse,702,226,1449,0,2394,1,0.89765081,1.45000000,-0.60000000,1.56923548,0.89765081,0.80808816,,,0.90317959,
V003,2401,switch,140,140,1796,1787,2400,1,0.73782748,5.45000000,4.00000000,6.76036242,0.73782748,0.86509111,0.50027171,16.17134812,1.05054622,
V003,2401,switch,142,142,1787,1796,2400,1,0.95472811,0.90000000,-0.25000000,0.93407708,0.95472811,0.94203448,0.50027171,16.17134812,1.01999784,
V003,2401,switch,221,221,1495,1597,2397,4,0.64807001,-1.00000000,2.70000000,2.87923601,,0.88362724,0.40427200,11.04219181,1.53418239,no_prev
V003,2402,reuse,142,140,1796,0,2401,1,0.86509111,3.05000000,0.55000000,3.09919344,0.86509111,0.88953864,,,1.03049377,
V003,2402,reuse,140,142,1787,0,2401,1,0.94203448,0.20000000,-2.75000000,2.75726314,0.94203448,0.96092519,,,0.98477099,
V003,2402,reuse,616,221,1495,0,2401,1,0.88362724,-0.35000000,-1.55000000,1.58902486,0.88362724,0.93430456,,,0.94071580,
V004,7,switch,349,349,2278,2254,,,,,,,,0.78655732,0.38979202,47.36084881,,no_last_seen|no_prev
V004,8,switch,573,573,2254,2252,7,1,0.88607944,-1.80000000,-4.25000000,4.61546314,0.88607944,0.89906508,0.30111296,42.10038598,1.00703212,
V004,9,reuse,349,573,2254,0,8,1,0.89906508,1.25000000,-4.60000000,4.76681235,0.89906508,0.86012470,,,1.00453914,
V004,10,switch,374,374,2253,2266,9,1,0.88922899,1.40000000,-4.40000000,4.61735855,0.88922899,0.95050668,,,0.93909141,no_old
V004,11,switch,373,373,2248,2259,10,1,0.88586676,-2.00000000,-2.70000000,3.36005952,0.88586676,0.88559557,,,1.00883795,no_old
V004,37,reuse,224,222,2276,0,36,1,0.90753163,-0.70000000,-3.55000000,3.61835598,0.90753163,0.83668965,,,1.02442244,
V004,45,reuse,222,224,2276,0,44,1,0.87323909,-0.65000000,-5.15000000,5.19085735,0.87323909,0.40326262,,,1.07342862,
V004,46,switch,1167,1167,2324,2321,45,1,0.85351103,0.85000000,6.10000000,6.15893660,0.85351103,0.85139674,,,0.94918517,no_old
V004,46,reuse,224,222,2276,0,45,1,0.40326262,-7.95000000,-33.30000000,34.23583649,0.40326262,0.75782565,,,1.30940299,
V004,48,switch,224,224,2330,2276,,,,,,,,0.90324756,0.22735117,49.24096364,,no_last_seen|no_prev
V004,49,reuse,231,740,2104,0,48,1,0.82749467,5.55000000,-1.70000000,5.80452410,0.82749467,,,,0.98629389,no_next
V004,52,reuse,740,231,2104,0,49,3,0.53703416,17.45000000,-8.20000000,19.28062499,,0.84977036,,,1.04636679,no_prev
V004,62,reuse,1167,217,2321,0,61,1,0.90522759,-0.70000000,2.35000000,2.45203997,0.90522759,0.83720346,,,0.94173269,
V004,65,switch,297,297,2337,2191,64,1,0.51915128,-9.85000000,-22.15000000,24.24139022,0.51915128,0.77150726,,,1.11533003,no_old
V004,87,switch,376,376,2201,2243,78,9,0.95231126,-0.85000000,-0.30000000,0.90138782,,0.84135972,,,0.99912576,no_prev|no_old
V004,88,reuse,308,376,2201,0,87,1,0.84135972,4.05000000,0.45000000,4.07492331,0.84135972,0.95019957,,,1.04848491,
V004,89,switch,269,269,2216,2226,80,9,0.36761462,1.65000000,-83.15000000,83.16636940,,0.90426135,,,0.97896731,no_prev|no_old
V004,90,reuse,268,269,2216,0,89,1,0.90426135,-0.50000000,-6.40000000,6.41950154,0.90426135,0.95499625,,,0.99050893,
V004,95,switch,169,169,2366,2185,94,1,0.90326691,1.85000000,1.85000000,2.61629509,0.90326691,0.89616749,,,0.92903299,no_old
V004,97,switch,135,135,2370,2086,,,,,,,,0.95677729,,,,no_last_seen|no_prev|no_old
V004,110,switch,169,169,2185,2366,94,16,0.30071911,-24.95000000,-18.25000000,30.91221441,,0.81455580,,,1.37120789,no_prev|no_old
V004,117,switch,381,381,2201,2214,116,1,0.73383307,-8.35000000,1.10000000,8.42214343,0.73383307,0.90647809,,,1.02631098,no_old
V004,118,switch,145,145,2383,2375,117,1,0.41738123,2.10000000,28.20000000,28.27808339,0.41738123,0.67872850,0.27191513,33.13174460,0.42824304,
V004,118,switch,215,215,2385,2380,117,1,0.92720011,0.65000000,-2.65000000,2.72855273,0.92720011,0.90365513,,,0.98351921,no_old
V004,118,reuse,376,381,2201,0,117,1,0.90647809,-2.10000000,-1.25000000,2.44386988,0.90647809,0.91742566,,,0.95600547,
V004,119,switch,283,283,2183,2256,89,30,0.11781971,40.70000000,1.95000000,40.74668698,,0.89533132,,,1.11253470,no_prev|no_old
V004,119,switch,427,427,2388,2163,118,1,0.85342459,3.90000000,0.35000000,3.91567363,0.85342459,,,,1.04238555,no_next|no_old
V004,120,reuse,295,283,2183,0,119,1,0.89533132,0.50000000,-3.00000000,3.04138127,0.89533132,0.93230240,,,0.89533132,
V004,121,switch,427,427,2163,2163,118,3,0.82999277,-4.80000000,-0.05000000,4.80026041,,0.96417813,1.00000000,0.00000000,1.03460395,no_prev
V004,122,switch,381,381,2214,2201,121,1,0.90347147,2.10000000,-0.75000000,2.22991031,0.90347147,0.93142522,,,0.99082111,no_old
V004,123,switch,220,220,2386,2351,122,1,0.92268744,0.20000000,-2.70000000,2.70739727,0.92268744,0.93358285,,,1.06672436,no_old
V004,123,reuse,215,214,2380,0,122,1,0.87992326,-0.55000000,-5.35000000,5.37819672,0.87992326,0.93963725,,,1.00486258,
V004,127,reuse,145,173,2375,0,126,1,0.85031219,3.25000000,-1.65000000,3.64485939,0.85031219,0.88059468,,,1.10030801,
V004,130,switch,215,215,2386,2385,129,1,0.85494322,-1.60000000,-6.15000000,6.35472265,0.85494322,0.89763581,,,1.02831648,no_old
V004,131,switch,220,220,2351,2386,122,9,0.49047836,11.30000000,-16.70000000,20.16382900,,0.92631391,0.35064820,22.13650831,0.98798033,no_prev
V004,131,reuse,220,215,2386,0,130,1,0.89763581,-0.95000000,-4.45000000,4.55027472,0.89763581,0.87698913,,,0.91785520,
V004,134,switch,378,378,2221,2229,133,1,0.91985790,-1.10000000,-1.20000000,1.62788206,0.91985790,0.91155723,0.42227307,19.69187650,0.96209913,
V004,135,reuse,310,378,2221,0,134,1,0.91155723,-1.20000000,-1.40000000,1.84390889,0.91155723,0.85562784,,,0.94961255,
V004,142,switch,174,174,2402,2387,135,7,0.69322074,-8.35000000,-8.30000000,11.77338099,,0.94672924,0.33809465,47.77418236,1.27817008,no_prev
V004,158,switch,243,243,2416,2081,,,,,,,,0.84191689,,,,no_last_seen|no_prev|no_old
V004,166,switch,224,224,2421,2330,165,1,0.69478759,5.50000000,-6.95000000,8.86298482,0.69478759,0.80154036,,,0.97321921,no_old
V004,168,switch,170,170,2423,2179,167,1,0.96745674,-0.40000000,1.00000000,1.07703296,0.96745674,0.97588450,,,1.02603062,no_old
V004,170,switch,220,220,2386,2351,169,1,0.93147599,0.90000000,0.85000000,1.23794184,0.93147599,0.91479077,,,1.07356497,no_old
V004,171,reuse,215,220,2386,0,170,1,0.91479077,1.90000000,-0.85000000,2.08146583,0.91479077,0.96750992,,,0.99585062,
V004,182,switch,26,26,2419,2404,181,1,0.94985765,-1.05000000,-2.35000000,2.57390754,0.94985765,0.96157616,,,1.03372144,no_old
V004,184,switch,169,169,2427,2185,183,1,0.86672491,3.30000000,0.25000000,3.30945615,0.86672491,0.84733915,,,0.96275882,no_old
V004,206,switch,169,169,2185,2427,183,23,0.53549242,6.20000000,-28.15000000,28.82468560,,0.86310555,0.63759081,6.42748007,0.76672256,no_prev
V004,213,switch,81,81,2404,2333,212,1,0.95673136,-0.30000000,0.50000000,0.58309519,0.95673136,0.94347934,,,1.04522548,no_old
V004,214,reuse,26,81,2404,0,213,1,0.94347934,0.60000000,-2.85000000,2.91247318,0.94347934,0.92360816,,,0.99313973,
V004,215,switch,205,205,2445,2428,214,1,0.81562448,1.65000000,3.45000000,3.82426464,0.81562448,0.98036612,,,1.04241982,no_old
V004,216,switch,81,81,2333,2404,215,1,0.80539593,3.25000000,-6.25000000,7.04450140,0.80539593,0.92064121,,,1.02705917,no_old
V004,218,switch,215,215,2382,2386,217,1,0.86780698,1.75000000,5.05000000,5.34462347,0.86780698,0.89801129,0.21725112,49.20660525,1.11955969,
V004,219,reuse,260,215,2382,0,218,1,0.89801129,2.10000000,2.35000000,3.15158690,0.89801129,0.92973794,,,1.06345645,
V004,222,switch,215,215,2330,2382,215,7,0.58299069,12.20000000,-2.95000000,12.55159352,,,0.34657873,30.28683707,1.08485857,no_prev|no_next
V004,225,reuse,224,215,2330,0,222,3,0.87285456,1.50000000,-5.10000000,5.31601354,,0.90397273,,,1.05516451,no_prev
V004,231,reuse,215,260,2382,0,230,1,0.85966239,1.75000000,-5.15000000,5.43920950,0.85966239,0.91195766,,,0.88692932,
V004,238,switch,380,380,2098,2143,237,1,0.94782300,1.00000000,-0.80000000,1.28062485,0.94782300,0.93904072,0.22939753,30.97277030,0.99009993,
V004,239,switch,380,380,2143,2143,238,1,0.90157480,2.50000000,0.00000000,2.50000000,0.90157480,0.88403988,1.00000000,0.00000000,1.00831601,
V004,240,switch,81,81,2404,2333,221,19,0.35025253,20.60000000,-30.65000000,36.92942594,,0.91684753,,,0.83093577,no_prev|no_old
V004,245,switch,81,81,2333,2404,239,6,0.60578906,8.30000000,-14.20000000,16.44779620,,0.90413893,,,1.22699604,no_prev|no_old
V004,264,reuse,260,838,2382,0,263,1,0.92893880,0.25000000,1.35000000,1.37295302,0.92893880,0.91168923,,,1.07649718,
V004,267,reuse,838,260,2382,0,266,1,0.80990549,3.20000000,-5.05000000,5.97850316,0.80990549,0.88250604,,,0.88865584,
V004,296,switch,169,169,2455,2185,295,1,0.97007086,0.65000000,0.40000000,0.76321688,0.97007086,0.94178958,,,1.01561161,no_old
V004,297,switch,170,170,2451,2423,290,7,0.54643550,13.05000000,-5.10000000,14.01115627,,0.63802197,,,0.85521735,no_prev|no_old
V004,307,switch,81,81,2494,2333,306,1,0.79847206,3.15000000,-8.35000000,8.92440474,0.79847206,0.80459259,0.66062784,13.06416855,0.96205474,
V004,316,switch,261,261,2499,2277,,,,,,,,0.94694824,,,,no_last_seen|no_prev|no_old
V004,323,reuse,264,61,2500,0,322,1,0.90110082,-0.40000000,-1.80000000,1.84390889,0.90110082,0.87786202,,,1.09502596,
V004,332,switch,170,170,2185,2451,330,2,0.86574845,-2.65000000,-3.45000000,4.35028735,,,,,1.07787611,no_prev|no_next|no_old
V004,333,switch,170,170,2451,2451,331,2,0.73783150,6.85000000,-5.15000000,8.57000583,,0.91837729,1.00000000,0.00000000,0.99109557,no_prev
V004,335,switch,424,424,2481,2178,334,1,0.96351251,-0.15000000,2.20000000,2.20510771,0.96351251,0.93109354,,,1.03243493,no_old
V004,338,switch,224,224,2513,2421,337,1,0.95068052,0.40000000,-1.30000000,1.36014705,0.95068052,0.84089153,,,0.99044566,no_old
V004,340,switch,224,224,2421,2513,337,3,0.80583729,3.00000000,-4.05000000,5.04008928,,0.92639748,,,0.99677419,no_prev|no_old
V004,342,switch,170,170,2516,2451,341,1,0.89485420,-1.60000000,3.20000000,3.57770876,0.89485420,0.94325620,,,0.94741845,no_old
V004,351,switch,1167,1167,2527,2324,,,,,,,,0.97192184,,,,no_last_seen|no_prev|no_old
V004,365,switch,208,208,2537,2512,364,1,0.67407468,3.30000000,-3.45000000,4.77414914,0.67407468,0.82340529,,,1.00282042,no_old
V004,366,switch,247,247,2100,2097,355,11,0.14585879,-36.15000000,15.45000000,39.31316573,,0.91519424,0.00000000,70.47561635,2.02663612,no_prev
V004,367,reuse,298,247,2100,0,366,1,0.91519424,-2.35000000,0.55000000,2.41350368,0.91519424,0.95638186,,,1.00211625,
V004,372,switch,26,26,2352,2419,371,1,0.85023537,3.35000000,3.50000000,4.84484262,0.85023537,0.85768632,,,1.13319467,no_old
V004,373,reuse,88,26,2352,0,372,1,0.85768632,4.30000000,0.85000000,4.38320659,0.85768632,0.93581575,,,1.06278802,
V004,376,switch,81,81,2419,2494,375,1,0.88647877,-3.40000000,-2.00000000,3.94461658,0.88647877,0.92420282,,,1.03141303,no_old
V004,384,reuse,247,1117,2097,0,372,12,0.06005354,49.40000000,12.60000000,50.98156530,,0.84781342,,,1.85172359,no_prev
V004,394,switch,170,170,2455,2516,393,1,0.94008952,-1.25000000,-0.80000000,1.48408221,0.94008952,0.90799234,0.49573909,19.87158776,0.97341624,
V004,395,switch,169,169,2516,2455,394,1,0.76911506,3.75000000,-8.50000000,9.29045209,0.76911506,0.89488423,0.41833392,26.97800030,1.03530459,
V004,395,reuse,169,170,2455,0,394,1,0.90799234,2.05000000,-0.95000000,2.25942471,0.90799234,0.89843246,,,0.97058002,
V004,396,switch,81,81,2549,2494,,,,,,,,0.84985973,,,,no_last_seen|no_prev|no_old
V004,396,reuse,170,169,2516,0,395,1,0.89488423,2.10000000,-2.35000000,3.15158690,0.89488423,0.73709572,,,1.01217460,
V004,408,switch,26,26,2419,2352,407,1,0.94274577,-0.35000000,-2.75000000,2.77218326,0.94274577,0.93290979,0.53549198,21.48045623,0.95179332,
V004,408,reuse,26,88,2352,0,407,1,0.92636549,-0.45000000,-3.20000000,3.23148573,0.92636549,0.96872224,,,0.94661183,
V004,413,switch,262,262,2198,2398,412,1,0.96577766,0.55000000,0.35000000,0.65192024,0.96577766,0.96557587,,,0.99867017,no_old
V004,414,switch,169,169,2544,2516,409,5,0.65699831,9.65000000,-2.70000000,10.02060377,,0.63950471,,,1.07191015,no_prev|no_old
V004,414,reuse,200,262,2198,0,413,1,0.96557587,0.25000000,-0.95000000,0.98234414,0.96557587,0.96690055,,,0.98939587,
V004,416,switch,110,110,2562,2062,,,,,,,,0.82469718,,,,no_last_seen|no_prev|no_old
V004,422,switch,1117,1117,2115,2097,420,2,0.76082235,3.30000000,5.15000000,6.11657584,,,,,1.31436728,no_prev|no_next|no_old
V004,423,switch,223,223,2059,2228,422,1,0.94286857,1.20000000,0.65000000,1.36473441,0.94286857,0.91134338,,,1.01708741,no_old
V004,423,switch,1117,1117,2097,2097,421,2,0.81616208,4.55000000,1.90000000,4.93077073,,0.83532830,1.00000000,0.00000000,1.06748679,no_prev
V004,424,reuse,242,223,2059,0,423,1,0.91134338,1.50000000,-1.50000000,2.12132034,0.91134338,0.86320587,,,0.92899374,
V004,426,switch,262,262,2398,2198,412,14,0.69537394,-3.10000000,-15.30000000,15.61089363,,0.94568225,,,0.86599899,no_prev|no_old
V004,429,switch,262,262,2198,2398,425,4,0.83152132,1.65000000,-7.05000000,7.24051103,,0.92458785,,,1.01023798,no_prev|no_old
V004,431,switch,169,169,2455,2544,430,1,0.96254682,0.80000000,-0.50000000,0.94339811,0.96254682,0.93078845,0.43148386,21.88978072,1.00466200,
V004,431,switch,170,170,2544,2455,430,1,0.95385287,0.80000000,0.85000000,1.16726175,0.95385287,0.93571059,0.43148386,21.88978072,1.01673108,
V004,432,switch,195,195,2079,2192,417,15,0.65269887,-6.90000000,-4.40000000,8.18352003,,0.95418101,,,0.81131624,no_prev|no_old
V004,432,reuse,170,169,2455,0,431,1,0.93078845,0.20000000,-2.60000000,2.60768096,0.93078845,0.95548659,,,0.93947445,
V004,432,reuse,169,170,2544,0,431,1,0.93571059,1.15000000,-1.15000000,1.62634560,0.93571059,0.96009789,,,0.98438681,
V004,433,reuse,196,195,2079,0,432,1,0.95418101,0.75000000,0.05000000,0.75166482,0.95418101,0.95114364,,,1.04441351,
V004,440,switch,224,224,2276,2421,439,1,0.90957789,-2.35000000,0.55000000,2.41350368,0.90957789,,,,1.01244488,no_next|no_old
V004,444,switch,222,222,2059,2276,443,1,0.97248969,-0.40000000,0.35000000,0.53150729,0.97248969,0.97422548,,,1.02828854,no_old
V004,445,reuse,223,222,2059,0,444,1,0.97422548,0.55000000,-0.05000000,0.55226805,0.97422548,0.94534741,,,0.99595181,
V004,446,switch,193,193,2134,2095,443,3,0.70640594,-8.70000000,2.15000000,8.96172416,,0.96930914,0.58088905,20.16382900,1.08940515,no_prev
V004,446,reuse,222,223,2059,0,445,1,0.94534741,1.40000000,-0.20000000,1.41421356,0.94534741,0.87444988,,,0.99526627,
V004,447,reuse,197,193,2134,0,446,1,0.96930914,-0.45000000,0.45000000,0.63639610,0.96930914,0.92587047,,,1.00799933,
V004,449,switch,224,224,2059,2421,448,1,0.86493409,2.70000000,-1.35000000,3.01869177,0.86493409,0.95319675,,,0.95743839,no_old
V004,450,switch,193,193,2065,2134,449,1,0.63112112,-9.55000000,1.45000000,9.65945133,0.63112112,0.71167653,0.38929161,23.48536779,1.09925659,
V004,450,switch,194,194,2315,2065,449,1,0.93900138,-0.35000000,1.80000000,1.83371208,0.93900138,0.98788756,0.24452065,31.07108785,1.05692629,
V004,450,reuse,223,224,2059,0,449,1,0.95319675,0.95000000,0.35000000,1.01242284,0.95319675,0.91577317,,,1.04070340,
V004,451,reuse,194,193,2065,0,450,1,0.71167653,7.00000000,-1.50000000,7.15891053,0.71167653,0.74927595,,,0.95983078,
V004,451,reuse,192,194,2315,0,450,1,0.98788756,-0.20000000,0.15000000,0.25000000,0.98788756,0.96008464,,,1.01226095,
V004,455,switch,192,192,2079,2315,454,1,0.89267103,1.75000000,1.75000000,2.47487373,0.89267103,0.95119437,0.43953966,23.05130148,1.09443941,
V004,456,reuse,195,192,2079,0,455,1,0.95119437,0.75000000,0.65000000,0.99247166,0.95119437,0.94320408,,,1.04408692,
V004,459,switch,224,224,2276,2059,458,1,0.94341155,1.25000000,0.20000000,1.26589889,0.94341155,0.92812496,,,1.01665618,no_old
V004,460,reuse,222,224,2276,0,459,1,0.92812496,1.85000000,-0.20000000,1.86077941,0.92812496,0.98049730,,,0.99809886,
V004,478,switch,26,26,2352,2419,477,1,0.81534448,4.85000000,5.00000000,6.96580936,0.81534448,0.94275696,,,1.06392168,no_old
V004,479,switch,88,88,2419,2352,477,2,0.27759251,-34.40000000,-11.85000000,36.38382195,,0.75829544,0.38394064,25.98008853,0.80742145,no_prev
V004,479,reuse,88,26,2352,0,478,1,0.94275696,1.05000000,0.90000000,1.38293167,0.94275696,0.91540639,,,1.06071876,
V004,480,reuse,26,88,2419,0,479,1,0.75829544,-7.20000000,-2.45000000,7.60542569,0.75829544,0.88173158,,,0.91773631,
V004,485,switch,230,230,2077,2073,470,15,0.69055893,3.15000000,-7.85000000,8.45842775,,0.91165336,,,0.69055893,no_prev|no_old
V004,485,switch,234,234,2097,2207,484,1,0.97219452,-0.15000000,0.10000000,0.18027756,0.97219452,0.97309721,0.47715496,21.84176046,1.02860074,
V004,485,switch,1117,1117,2207,2097,484,1,0.88916187,3.00000000,-0.70000000,3.08058436,0.88916187,0.82267865,0.47715496,21.84176046,0.99642857,
V004,486,reuse,236,230,2077,0,485,1,0.91165336,0.50000000,-2.40000000,2.45153013,0.91165336,0.95191686,,,0.91419721,
V004,486,reuse,1117,234,2097,0,485,1,0.97309721,-0.50000000,0.00000000,0.50000000,0.97309721,0.94314939,,,0.98362591,
V004,486,reuse,234,1117,2207,0,485,1,0.82267865,5.05000000,1.00000000,5.14805789,0.82267865,0.85985022,,,1.00330540,
V004,489,switch,228,228,2568,2064,468,21,0.04286193,-43.40000000,-53.85000000,69.16200185,,0.95102355,,,1.04668032,no_prev|no_old
V004,491,reuse,230,132,2073,0,483,8,0.46021429,-22.40000000,5.95000000,23.17676638,,0.91646548,,,1.07502944,no_prev
V004,506,switch,128,128,2499,2155,486,20,0.26657198,-23.45000000,40.40000000,46.71255185,,0.28664143,0.68707785,14.33431198,1.22359643,no_prev
V004,506,switch,233,233,2073,2116,505,1,0.87252239,0.35000000,-3.60000000,3.61697387,0.87252239,0.91843857,,,0.87426026,no_old
V004,507,reuse,132,233,2073,0,506,1,0.91843857,-1.15000000,-1.85000000,2.17830209,0.91843857,0.85270651,,,0.94415511,
V004,508,switch,128,128,2155,2155,507,1,0.80509569,4.50000000,-4.95000000,6.68973094,0.80509569,0.79117359,1.00000000,0.00000000,0.94008264,
V004,511,switch,132,132,2116,2073,500,11,0.23518192,-30.85000000,10.75000000,32.66932812,,0.92629691,0.42041870,21.96645169,1.50199260,no_prev
V004,512,reuse,233,132,2116,0,511,1,0.92629691,-1.60000000,1.35000000,2.09344214,0.92629691,0.84252425,,,1.02345424,
V004,519,switch,164,164,2604,2172,507,12,0.09426312,-40.70000000,-20.05000000,45.37061274,,0.89657225,0.18439376,34.48786018,1.24089663,no_prev
V004,529,switch,72,72,2623,2405,527,2,0.95172104,-0.75000000,0.05000000,0.75166482,,0.87524838,0.31928127,31.63558123,1.05072806,no_prev
V004,542,switch,132,132,2073,2116,541,1,0.96516570,-0.95000000,-0.05000000,0.95131488,0.96516570,0.89469058,,,1.00663631,no_old
V004,543,reuse,233,132,2073,0,542,1,0.89469058,-2.70000000,0.55000000,2.75544915,0.89469058,0.91127851,,,1.03391078,
V004,555,switch,226,226,2056,2281,554,1,0.89308447,0.90000000,2.50000000,2.65706605,0.89308447,0.94433218,,,1.11971492,no_old
V004,556,reuse,229,226,2056,0,555,1,0.94433218,-1.55000000,0.05000000,1.55080624,0.94433218,0.96323459,,,0.98936768,
V004,563,switch,72,72,2405,2623,546,17,0.38654477,26.55000000,7.55000000,27.60262669,,,,,1.05638849,no_prev|no_next|no_old
V004,564,switch,72,72,2623,2623,562,2,0.91018664,2.50000000,-1.55000000,2.94151322,,,1.00000000,0.00000000,1.00544954,no_prev|no_next
V004,565,switch,72,72,2405,2623,563,2,0.89798516,2.95000000,-1.30000000,3.22374006,,,,,0.96416323,no_prev|no_next|no_old
V004,574,switch,170,170,2172,2544,562,12,0.81602759,-4.15000000,-1.25000000,4.33416659,,0.95598735,,,1.07831166,no_prev|no_old
V004,575,reuse,164,170,2172,0,574,1,0.95598735,0.65000000,-1.10000000,1.27769323,0.95598735,0.96101659,,,1.00198807,
V004,578,switch,167,167,2432,2363,573,5,0.40845876,9.30000000,-28.10000000,29.59898647,,0.81555767,0.32849390,30.68061277,0.43607024,no_prev
V004,579,reuse,204,167,2432,0,578,1,0.81555767,-1.40000000,-5.20000000,5.38516481,0.81555767,0.92983939,,,0.83384133,
V004,597,switch,91,91,2663,2470,596,1,0.88625572,-2.65000000,0.20000000,2.65753645,0.88625572,0.83932023,,,0.93429150,no_old
V004,599,switch,91,91,2470,2663,596,3,0.77805173,-4.95000000,-3.20000000,5.89427689,,0.90926076,,,1.02930925,no_prev|no_old
V004,601,switch,167,167,2332,2432,598,3,0.57983408,12.50000000,-0.05000000,12.50010000,,0.92890092,,,1.01346867,no_prev|no_old
V004,601,switch,169,169,2544,2455,600,1,0.89217149,-1.90000000,2.40000000,3.06104557,0.89217149,0.95496905,0.49131439,18.76086352,0.96581304,
V004,602,reuse,168,167,2332,0,601,1,0.92890092,1.65000000,0.20000000,1.66207701,0.92890092,0.91540305,,,1.03760593,
V004,602,reuse,170,169,2544,0,601,1,0.95496905,-0.80000000,0.85000000,1.16726175,0.95496905,0.88154792,,,1.00582363,
V004,611,switch,168,168,2522,2332,590,21,0.35171558,-20.60000000,-6.50000000,21.60115738,,0.76763624,,,0.69485294,no_prev|no_old
V004,612,reuse,202,168,2522,0,611,1,0.76763624,-4.85000000,1.75000000,5.15606439,0.76763624,0.85828184,,,1.12759039,
V004,627,switch,159,159,2651,2472,626,1,0.88397602,2.90000000,2.65000000,3.92842208,0.88397602,0.97022788,,,1.02237199,no_old
V004,630,switch,159,159,2472,2651,629,1,0.92081749,0.80000000,-3.80000000,3.88329757,0.92081749,0.97793360,,,1.00147710,no_old
V004,633,switch,170,170,2455,2172,632,1,0.92679431,-0.90000000,-2.10000000,2.28473193,0.92679431,0.94723883,,,0.93485369,no_old
V004,634,reuse,169,170,2455,0,633,1,0.94723883,-0.35000000,-2.20000000,2.22766694,0.94723883,0.95235717,,,1.01206151,
V004,642,switch,1182,1182,2697,2681,641,1,0.68508003,-0.30000000,-6.85000000,6.85656620,0.68508003,0.88234269,0.32484076,31.85408137,1.45968347,
V004,643,reuse,1182,1156,2681,0,642,1,0.57420387,-10.30000000,5.20000000,11.53819743,0.57420387,0.89898172,,,0.68890879,
V004,646,switch,170,170,2172,2455,632,14,0.56987977,7.50000000,-13.95000000,15.83832377,,0.90223293,,,0.99830824,no_prev|no_old
V004,648,switch,1182,1182,2705,2697,,,,,,,,0.94917537,0.33271604,27.33207822,,no_last_seen|no_prev
V004,651,switch,170,170,2455,2172,640,11,0.59551628,8.80000000,-8.70000000,12.37457070,,0.90435923,,,0.89397284,no_prev|no_old
V004,656,switch,65,65,2470,2531,655,1,0.93401773,-0.10000000,-4.05000000,4.05123438,0.93401773,0.94908449,,,1.03032497,no_old
V004,657,reuse,91,65,2470,0,656,1,0.94908449,-0.10000000,-3.60000000,3.60138862,0.94908449,0.93748825,,,0.99822304,
V004,658,switch,69,69,2710,2615,657,1,0.89046456,2.05000000,1.05000000,2.30325856,0.89046456,0.73861626,,,1.10563609,no_old
V004,658,switch,77,77,2313,2356,657,1,0.85198338,-3.35000000,3.10000000,4.56426336,0.85198338,0.93306183,0.27834762,40.40222766,0.93184620,
V004,659,switch,89,89,2713,2313,657,2,0.51846311,-1.80000000,38.50000000,38.54205495,,0.79537492,0.52208857,20.06103188,1.08209617,no_prev
V004,659,reuse,89,77,2313,0,658,1,0.93306183,-1.80000000,0.15000000,1.80623919,0.93306183,0.94333943,,,0.99133995,
V004,660,switch,1117,1117,2651,2207,658,2,0.38273919,-17.75000000,25.75000000,31.27499001,,0.89039330,0.30103149,33.67911074,1.10144790,no_prev
V004,661,switch,69,69,2615,2710,660,1,0.87512694,3.10000000,-2.65000000,4.07829621,0.87512694,,,,0.95124448,no_next|no_old
V004,661,reuse,159,1117,2651,0,660,1,0.89039330,-1.20000000,5.30000000,5.43415127,0.89039330,0.90826193,,,0.99649737,
V004,664,switch,65,65,2531,2470,655,9,0.78396103,-4.60000000,-7.05000000,8.41798670,,0.94170999,,,1.09651180,no_prev|no_old
V004,665,switch,153,153,2722,2510,664,1,0.82182331,4.05000000,-2.90000000,4.98121471,0.82182331,0.88931582,,,1.00340012,no_old
V004,667,switch,77,77,2356,2313,666,1,0.93380058,-1.95000000,-0.50000000,2.01308221,0.93380058,0.92732389,,,1.00420832,no_old
V004,670,switch,65,65,2470,2531,663,7,0.74133544,-6.15000000,-8.20000000,10.25000000,,0.96308449,,,1.00199933,no_prev|no_old
V004,670,switch,143,143,2677,2496,669,1,0.94493810,-0.65000000,-2.35000000,2.43823707,0.94493810,0.95036863,,,0.98093236,no_old
V004,671,switch,146,146,2402,2391,670,1,0.71497318,8.10000000,0.50000000,8.11541743,0.71497318,0.60206983,,,0.91284329,no_old
V004,671,switch,174,174,2716,2402,668,3,0.64870259,-3.10000000,-21.30000000,21.52440475,,0.96100373,0.23896765,43.42202782,0.95041322,no_prev
V004,672,switch,125,125,2727,2317,,,,,,,,0.89483467,,,,no_last_seen|no_prev|no_old
V004,672,reuse,174,146,2402,0,671,1,0.60206983,10.30000000,-8.15000000,13.13440139,0.60206983,0.80767465,,,0.88905269,
V004,673,switch,153,153,2510,2722,670,3,0.80851226,-2.25000000,-7.90000000,8.21416460,,0.90185232,0.61468265,23.05862095,0.83741940,no_prev
V004,690,switch,143,143,2496,2677,669,21,0.55990365,3.60000000,-31.05000000,31.25799898,,0.91489691,,,0.99035608,no_prev|no_old
V004,693,switch,69,69,2710,2615,692,1,0.74294838,7.60000000,3.75000000,8.47481563,0.74294838,0.40638290,,,1.04660577,no_old
V004,694,switch,69,69,2615,2615,692,2,0.97799721,0.15000000,1.10000000,1.11018017,,0.86645844,1.00000000,0.00000000,1.01462817,no_prev
V004,694,switch,146,146,2677,2402,689,5,0.23445137,29.95000000,-17.90000000,34.89143878,,0.92239281,,,1.05227565,no_prev|no_old
V004,695,reuse,143,146,2677,0,694,1,0.92239281,-1.55000000,-1.55000000,2.19203102,0.92239281,,,,0.96641735,no_next
V004,696,switch,126,126,2409,2314,695,1,0.92325514,1.40000000,-1.00000000,1.72046505,0.92325514,0.89451624,,,0.95907143,no_old
V004,697,switch,126,126,2314,2314,691,6,0.46063677,-15.05000000,-3.15000000,15.37611785,,0.70236250,1.00000000,0.00000000,0.91083525,no_prev
V004,697,switch,146,146,2375,2677,696,1,0.89879775,-2.40000000,-1.45000000,2.80401498,0.89879775,0.92572292,,,1.00433866,no_old
V004,698,switch,172,172,2479,2232,696,2,0.83165485,-4.35000000,-2.70000000,5.11981445,,0.68121001,,,0.97294632,no_prev|no_old
V004,698,switch,173,173,2677,2375,695,3,0.83254302,3.95000000,-2.30000000,4.57083143,,,0.41972705,25.76751831,0.96958440,no_prev|no_next
V004,698,switch,1118,1118,2402,2558,674,24,0.00000000,62.40000000,-6.50000000,62.73762826,,0.95411345,,,1.24676627,no_prev|no_old
V004,698,reuse,173,146,2375,0,697,1,0.92572292,-1.80000000,-0.90000000,2.01246118,0.92572292,0.91533656,,,1.01155174,
V004,699,switch,175,175,2639,2670,698,1,0.83003629,-4.10000000,-0.60000000,4.14366987,0.83003629,0.94633782,,,0.97374506,no_old
V004,699,reuse,146,1118,2402,0,698,1,0.95411345,0.85000000,1.15000000,1.43003496,0.95411345,0.91524957,,,0.99668733,
V004,700,switch,171,171,2479,2189,699,1,0.87702561,2.60000000,2.95000000,3.93223855,0.87702561,0.91151625,,,1.00351442,no_old
V004,700,reuse,105,175,2639,0,699,1,0.94633782,-1.05000000,-0.30000000,1.09201648,0.94633782,0.89472239,,,0.98893925,
V004,701,switch,172,172,2232,2232,697,4,0.79303634,4.95000000,0.90000000,5.03115295,,0.60607022,1.00000000,0.00000000,0.94593365,no_prev
V004,701,reuse,151,171,2479,0,700,1,0.91151625,0.20000000,-2.60000000,2.60768096,0.91151625,0.98438675,,,0.92444620,
V004,702,switch,78,78,2739,2634,701,1,0.90887181,-1.70000000,0.50000000,1.77200451,0.90887181,0.87879532,,,1.06880053,no_old
V004,703,switch,175,175,2670,2639,698,5,0.51001646,9.05000000,-6.55000000,11.17161582,,0.88221734,0.37219242,17.46840004,0.65689292,no_prev
V004,703,reuse,146,173,2677,0,698,5,0.80699876,4.45000000,-3.30000000,5.54008123,,0.93170541,,,1.07554633,no_prev
V004,709,switch,171,171,2232,2479,708,1,0.65522309,8.45000000,5.35000000,10.00124992,0.65522309,0.89104093,0.62164374,11.65268209,1.16837223,
V004,710,switch,69,69,2746,2615,709,1,0.97708437,0.45000000,-0.65000000,0.79056942,0.97708437,0.98651881,,,1.02031106,no_old
V004,710,switch,153,153,2722,2510,709,1,0.88211461,-0.85000000,4.60000000,4.67787345,0.88211461,0.93559434,,,1.09694755,no_old
V004,710,reuse,172,171,2232,0,709,1,0.89104093,-1.85000000,2.80000000,3.35596484,0.89104093,0.92289877,,,1.07456978,
V004,711,switch,176,176,2207,2525,710,1,0.93515490,-1.15000000,-2.30000000,2.57147817,0.93515490,0.90705271,,,1.03001502,no_old
V004,712,switch,1060,1060,2738,2680,711,1,0.80029030,-3.10000000,10.60000000,11.04400290,0.80029030,0.86034252,,,1.18895880,no_old
V004,713,reuse,69,31,2710,0,712,1,0.97372796,-0.25000000,-1.10000000,1.12805142,0.97372796,0.94320180,,,1.01380912,
V004,714,switch,143,143,2752,2496,713,1,0.87085144,2.55000000,-2.65000000,3.67763511,0.87085144,0.85404760,,,1.00427909,no_old
V004,718,switch,147,147,2207,2319,716,2,0.85450588,-0.25000000,-7.35000000,7.35425047,,,,,0.90913901,no_prev|no_next|no_old
V004,719,switch,147,147,2319,2319,717,2,0.96228951,0.55000000,1.25000000,1.36565003,,,1.00000000,0.00000000,0.98432130,no_prev|no_next
V004,719,switch,174,174,2752,2716,718,1,0.74958081,2.25000000,-13.95000000,14.13028662,0.74958081,,,,1.04193085,no_next|no_old
V004,720,switch,147,147,2207,2319,718,2,0.91466535,0.15000000,-5.60000000,5.60200857,,0.82241332,,,1.01083840,no_prev|no_old
V004,720,switch,174,174,2716,2716,718,2,0.77428175,-2.20000000,-11.40000000,11.61034022,,0.84558582,1.00000000,0.00000000,1.04414197,no_prev
V004,721,switch,143,143,2760,2752,,,,,,,,0.93430163,,,,no_last_seen|no_prev|no_old
V004,721,reuse,1117,147,2207,0,720,1,0.82241332,-2.35000000,-7.75000000,8.09845664,0.82241332,0.91911086,,,0.98889843,
V004,734,switch,112,112,2727,2605,733,1,0.88294159,-0.20000000,2.20000000,2.20907220,0.88294159,0.92499974,,,1.13257775,no_old
V004,734,reuse,97,98,2765,0,733,1,0.77646127,5.75000000,-1.90000000,6.05578236,0.77646127,0.38087008,,,1.14116619,
V004,735,reuse,98,97,2765,0,734,1,0.38087008,-30.00000000,-1.50000000,30.03747659,0.38087008,0.59574415,,,1.14238064,
V004,735,reuse,125,112,2727,0,734,1,0.92499974,-0.85000000,-1.60000000,1.81176709,0.92499974,0.85680294,,,0.92499974,
V004,741,switch,98,98,2777,2765,,,,,,,,0.73611789,0.22860458,42.71978464,,no_last_seen|no_prev
V004,741,switch,170,170,2604,2455,740,1,0.94852952,-0.95000000,-0.50000000,1.07354553,0.94852952,0.97534049,,,0.97764478,no_old
V004,742,reuse,164,170,2604,0,741,1,0.97534049,-0.30000000,-0.40000000,0.50000000,0.97534049,0.98632102,,,0.98386447,
V004,754,switch,88,88,2756,2419,723,31,0.00000000,-113.80000000,0.30000000,113.80039543,,0.78532148,,,0.88860714,no_prev|no_old
V004,766,switch,1174,1174,2739,2643,762,4,0.47289380,-11.10000000,30.40000000,32.36309627,,,,,1.09357321,no_prev|no_next|no_old
V004,767,switch,89,89,2786,2713,766,1,0.96122170,0.40000000,-1.50000000,1.55241747,0.96122170,0.87896740,0.39472202,34.65082972,0.98577197,
V004,768,switch,78,78,2643,2739,754,14,0.04373852,-51.45000000,-64.55000000,82.54577518,,0.89775105,,,0.86332726,no_prev|no_old
V004,769,reuse,1174,78,2643,0,768,1,0.89775105,-2.25000000,-2.15000000,3.11207326,0.89775105,0.92919711,,,0.99511961,
V004,769,reuse,78,1174,2739,0,766,3,0.45108828,-18.80000000,14.55000000,23.77272597,,0.83753934,,,1.05000557,no_prev
V004,775,switch,1182,1182,2795,2705,774,1,0.97002020,-0.20000000,-1.45000000,1.46372812,0.97002020,0.95908364,,,1.01311976,no_old
V004,776,switch,176,176,2797,2525,775,1,0.85028571,-2.35000000,5.90000000,6.35078735,0.85028571,0.70754627,,,1.05279331,no_old
V004,779,switch,44,44,2083,2084,777,2,0.94811679,1.00000000,1.25000000,1.60078106,,0.97030893,,,1.04234998,no_prev|no_old
V004,779,switch,160,160,2473,2601,778,1,0.67662920,-2.30000000,-13.15000000,13.34962546,0.67662920,0.94373607,,,0.70138635,no_old
V004,780,reuse,134,44,2083,0,779,1,0.97030893,0.60000000,-0.65000000,0.88459030,0.97030893,0.93153627,,,0.99333827,
V004,780,reuse,156,160,2473,0,779,1,0.94373607,0.00000000,-2.10000000,2.10000000,0.94373607,0.92584179,,,0.95287794,
V004,781,switch,156,156,2601,2473,778,3,0.40767170,4.70000000,24.80000000,25.24143419,,0.85217920,0.52831656,18.51620912,2.36506083,no_prev
V004,782,reuse,160,156,2601,0,781,1,0.85217920,2.00000000,6.55000000,6.84853999,0.85217920,0.96702763,,,1.13265073,
V004,786,switch,1066,1066,2812,2642,,,,,,,,0.96766908,0.20978676,57.49526067,,no_last_seen|no_prev
V004,789,switch,98,98,2810,2777,785,4,0.63298698,5.30000000,-9.85000000,11.18536991,,0.83060883,,,1.25160743,no_prev|no_old
V004,789,reuse,65,91,2470,0,788,1,0.72340888,8.15000000,-0.35000000,8.15751188,0.72340888,0.64658265,,,0.95443051,
V004,792,switch,44,44,2084,2083,791,1,0.89617827,-1.00000000,-4.70000000,4.80520551,0.89617827,0.91369666,,,0.94986420,no_old
V004,794,switch,75,75,2536,2467,793,1,0.91249269,-1.75000000,-2.25000000,2.85043856,0.91249269,0.98086054,0.39911104,23.43981655,0.94489707,
V004,794,switch,76,76,2467,2536,793,1,0.77887331,5.05000000,4.70000000,6.89873177,0.77887331,0.88958952,0.39911104,23.43981655,1.02909742,
V004,795,reuse,76,75,2536,0,794,1,0.98086054,0.25000000,-0.75000000,0.79056942,0.98086054,0.95263415,,,1.00883392,
V004,795,reuse,75,76,2467,0,794,1,0.88958952,2.65000000,1.40000000,2.99708191,0.88958952,0.91955180,,,0.99815157,
V004,796,switch,155,155,2690,2652,795,1,0.85052818,-2.35000000,-3.85000000,4.51054320,0.85052818,0.90251912,,,0.89823167,no_old
V004,796,reuse,91,65,2470,0,795,1,0.91000773,-1.90000000,-1.80000000,2.61725047,0.91000773,0.96050667,,,1.01597996,
V004,797,switch,78,78,2827,2643,,,,,,,,0.92569745,0.18118530,81.42788220,,no_last_seen|no_prev
V004,802,reuse,83,39,2622,0,801,1,0.92860021,-1.30000000,1.50000000,1.98494332,0.92860021,0.95188958,,,0.98797595,
V004,803,switch,51,51,2470,2325,802,1,0.96821790,0.50000000,-0.80000000,0.94339811,0.96821790,0.98486999,0.49703316,35.92944475,1.02894592,
V004,803,switch,65,65,2325,2470,802,1,0.94245925,-1.55000000,0.20000000,1.56284996,0.94245925,0.99216538,0.49703316,35.92944475,0.99176545,
V004,804,reuse,65,51,2470,0,803,1,0.98486999,0.15000000,-0.20000000,0.25000000,0.98486999,0.91890703,,,1.01536245,
V004,804,reuse,51,65,2325,0,803,1,0.99216538,-0.10000000,-0.30000000,0.31622777,0.99216538,0.97500301,,,0.99494728,
V004,805,switch,103,103,2672,2673,804,1,0.80637827,3.05000000,2.25000000,3.79011873,0.80637827,0.91747047,0.16049092,34.97463366,1.17540606,
V004,806,switch,159,159,2601,2472,805,1,0.96935527,-0.75000000,0.00000000,0.75000000,0.96935527,0.91978870,0.24446859,32.59697072,1.00383626,
V004,806,reuse,102,103,2672,0,805,1,0.91747047,1.15000000,-1.05000000,1.55724115,0.91747047,0.85121415,,,0.95530609,
V004,807,reuse,156,159,2601,0,806,1,0.91978870,-1.85000000,0.55000000,1.93002591,0.91978870,0.97576767,,,1.03462157,
V004,809,switch,83,83,2784,2622,780,29,0.23109829,12.20000000,-68.75000000,69.82408252,,0.91822582,,,1.00406335,no_prev|no_old
V004,815,switch,39,39,2784,2622,814,1,0.83013208,2.65000000,-6.55000000,7.06576252,0.83013208,0.89838582,,,0.94910305,no_old
V004,816,switch,83,83,2622,2784,814,2,0.34511508,-22.60000000,-0.50000000,22.60553030,,0.73927897,0.49142922,23.67994932,0.95789474,no_prev
V004,816,reuse,83,39,2784,0,815,1,0.89838582,2.45000000,0.30000000,2.46829901,0.89838582,0.96268946,,,1.03570430,
V004,817,reuse,39,83,2622,0,816,1,0.73927897,-6.05000000,-3.40000000,6.93992075,0.73927897,0.94824705,,,0.99162409,
V004,821,switch,87,87,2536,2438,818,3,0.37536059,-14.95000000,36.70000000,39.62817811,,0.89282452,0.44558685,30.90537979,1.20450988,no_prev
V004,821,switch,91,91,2438,2470,820,1,0.79780822,-3.30000000,-8.55000000,9.16474222,0.79780822,0.96743556,0.10540286,57.56961004,1.00206612,
V004,822,reuse,75,87,2536,0,821,1,0.89282452,-1.30000000,5.30000000,5.45710546,0.89282452,0.95808927,,,0.99600000,
V004,822,reuse,87,91,2438,0,821,1,0.96743556,0.00000000,-1.65000000,1.65000000,0.96743556,0.91516669,,,0.98215551,
V004,823,switch,88,88,2847,2756,,,,,,,,0.92432996,,,,no_last_seen|no_prev|no_old
V004,827,switch,75,75,2438,2536,826,1,0.88464420,2.80000000,-1.55000000,3.20039060,0.88464420,0.96965599,0.45919077,36.68385203,1.00071276,
V004,828,reuse,91,75,2438,0,827,1,0.96965599,0.55000000,-0.05000000,0.55226805,0.96965599,0.94966907,,,0.97318608,
V004,829,switch,51,51,2643,2470,828,1,0.88064688,-1.35000000,-5.45000000,5.61471282,0.88064688,,,,0.93136695,no_next|no_old
V004,830,switch,51,51,2470,2470,828,2,0.76756314,6.25000000,1.10000000,6.34606177,,0.89162689,1.00000000,0.00000000,1.01344531,no_prev
V004,835,switch,173,173,2375,2677,834,1,0.97630967,-0.55000000,-0.05000000,0.55226805,0.97630967,0.97202412,,,1.00497565,no_old
V004,836,reuse,146,173,2375,0,835,1,0.97202412,-0.60000000,-0.05000000,0.60207973,0.97202412,0.95575149,,,1.00786579,
V004,847,switch,83,83,2651,2622,846,1,0.90581363,-1.50000000,0.20000000,1.51327460,0.90581363,0.96763358,,,1.05588889,no_old
V004,847,switch,91,91,2866,2438,,,,,,,,0.97616778,0.45619764,18.34611676,,no_last_seen|no_prev
V004,848,reuse,1117,83,2651,0,847,1,0.96763358,0.30000000,-0.60000000,0.67082039,0.96763358,0.98378378,,,0.98358413,
V004,853,reuse,1001,35,2831,0,852,1,0.87885961,-1.15000000,-4.40000000,4.54780167,0.87885961,0.91478332,,,1.07202068,
V004,854,switch,89,89,2643,2786,852,2,0.93173109,-1.05000000,-2.10000000,2.34787138,,0.93871080,,,0.93173109,no_prev|no_old
V004,855,reuse,78,89,2643,0,854,1,0.93871080,1.35000000,0.60000000,1.47732867,0.93871080,0.94305850,,,0.98001437,
V004,856,switch,143,143,2383,2760,850,6,0.78092329,5.90000000,0.85000000,5.96091436,,0.92431792,,,1.05335572,no_prev|no_old
V004,856,switch,1001,1001,2864,2831,855,1,0.96815578,0.35000000,-1.00000000,1.05948101,0.96815578,0.98802729,0.47083501,49.85303401,1.00224117,
V004,857,switch,674,674,2872,2131,856,1,0.93903052,-0.65000000,2.30000000,2.39008368,0.93903052,0.89667187,,,1.06343503,no_old
V004,857,reuse,145,143,2383,0,856,1,0.92431792,-0.10000000,-2.00000000,2.00249844,0.92431792,,,,0.93042863,no_next
V004,858,switch,65,65,2536,2325,857,1,0.94132342,-0.35000000,-2.70000000,2.72259068,0.94132342,0.84163340,0.58816294,32.30479841,0.95682415,
V004,858,switch,87,87,2325,2536,857,1,0.91657074,1.90000000,-1.35000000,2.33077240,0.91657074,0.94192081,0.58816294,32.30479841,0.96209994,
V004,858,switch,143,143,2760,2383,857,1,0.99304074,-0.15000000,0.05000000,0.15811388,0.99304074,,,,1.00505948,no_next|no_old
V004,859,reuse,87,65,2536,0,858,1,0.84163340,3.05000000,4.85000000,5.72931060,0.84163340,0.96800954,,,1.11086645,
V004,859,reuse,65,87,2325,0,858,1,0.94192081,1.40000000,-0.10000000,1.40356688,0.94192081,0.97435595,,,1.02529952,
V004,861,switch,143,143,2383,2383,857,4,0.48782485,15.45000000,7.85000000,17.32988748,,0.91998174,1.00000000,0.00000000,1.37869903,no_prev
V004,868,switch,83,83,2622,2651,867,1,0.95010318,0.90000000,0.15000000,0.91241438,0.95010318,0.94671660,0.48904425,25.46001767,0.97148577,
V004,868,reuse,83,1117,2651,0,867,1,0.90053923,1.10000000,2.45000000,2.68560980,0.90053923,0.95536999,,,1.02462875,
V004,869,switch,8,8,2882,2876,,,,,,,,0.88066670,0.36988866,12.63378407,,no_last_seen|no_prev
V004,869,reuse,8,6,2876,0,868,1,0.69158511,-2.95000000,-4.35000000,5.25594901,0.69158511,0.66502463,,,1.10681658,
V004,870,switch,143,143,2878,2383,869,1,0.94560378,1.00000000,0.60000000,1.16619038,0.94560378,0.96758760,0.27439761,26.64136821,1.02377339,
V004,872,switch,674,674,2131,2872,856,16,0.74085792,-7.45000000,-6.05000000,9.59713499,,0.97890712,,,1.09004375,no_prev|no_old
V004,880,switch,1117,1117,2894,2651,,,,,,,,0.95495951,0.17300331,24.28600420,,no_last_seen|no_prev
V004,882,switch,997,997,2890,2889,881,1,0.83696372,0.65000000,-7.35000000,7.37868552,0.83696372,0.83883327,0.37808380,67.91060300,1.00380950,
V004,882,reuse,1117,36,2651,0,881,1,0.92351974,-1.10000000,-1.50000000,1.86010752,0.92351974,0.95583017,,,1.00393132,
V004,882,reuse,997,1134,2889,0,881,1,0.81120529,0.85000000,-9.30000000,9.33876330,0.81120529,0.84507864,,,1.07906982,
V004,899,switch,54,54,2643,2468,898,1,0.92992218,-1.95000000,0.20000000,1.96022958,0.92992218,0.89756102,0.09260680,47.95010428,0.99676859,
V004,899,switch,71,71,2468,2561,898,1,0.42441191,-2.15000000,50.65000000,50.69561125,0.42441191,,,,1.00560229,no_next|no_old
V004,899,switch,89,89,2909,2643,,,,,,,,0.72123684,0.54505583,16.10939167,,no_last_seen|no_prev
V004,900,reuse,89,54,2643,0,899,1,0.89756102,2.30000000,-1.85000000,2.95169443,0.89756102,0.98610281,,,1.00285805,
V004,901,switch,75,75,2866,2438,900,1,0.86670957,3.55000000,-0.80000000,3.63902459,0.86670957,0.96678691,,,1.01934742,no_old
V004,901,reuse,54,71,2468,0,899,2,0.56371823,-6.85000000,23.80000000,24.76615634,,0.92013083,,,1.03935363,no_prev
V004,902,reuse,91,75,2866,0,901,1,0.96678691,0.65000000,-0.65000000,0.91923882,0.96678691,0.87167029,,,1.00316075,
V004,902,reuse,75,925,2438,0,900,2,0.39288416,-11.10000000,-38.50000000,40.06819187,,0.86088718,,,1.23032883,no_prev
V004,903,switch,48,48,2335,2353,902,1,0.95416120,-0.80000000,-0.95000000,1.24197423,0.95416120,0.95817157,,,1.00962597,no_old
V004,904,reuse,49,48,2335,0,903,1,0.95817157,0.05000000,-1.80000000,1.80069431,0.95817157,0.94641678,,,0.97505466,
V004,916,switch,75,75,2438,2866,915,1,0.75384289,-5.45000000,5.30000000,7.60213786,0.75384289,0.97572843,0.49898905,13.44553829,0.95481671,
V004,916,reuse,75,91,2866,0,915,1,0.76636038,-4.85000000,0.20000000,4.85412196,0.76636038,0.90520081,,,0.86815410,
V004,917,reuse,925,75,2438,0,916,1,0.97572843,0.40000000,-0.60000000,0.72111026,0.97572843,0.80616155,,,1.00925705,
V004,919,switch,1184,1184,2917,2807,916,3,0.18006970,-45.35000000,-17.15000000,48.48448205,,0.78076867,,,3.05177908,no_prev|no_old
V004,922,switch,83,83,2927,2622,921,1,0.93065768,-0.40000000,-2.40000000,2.43310501,0.93065768,0.98551494,,,0.94085437,no_old
V004,922,switch,925,925,2467,2438,921,1,0.88520937,2.30000000,-2.60000000,3.47131099,0.88520937,0.80555671,0.38057477,34.50572416,1.01479129,
V004,923,reuse,76,925,2467,0,922,1,0.80555671,-2.60000000,-8.60000000,8.98443098,0.80555671,0.52216970,,,0.98256800,
V004,924,reuse,925,76,2467,0,923,1,0.52216970,-11.40000000,16.50000000,20.05517390,0.52216970,0.77566116,,,0.92117411,
V004,927,switch,83,83,2622,2927,921,6,0.66123589,6.10000000,-1.90000000,6.38905314,,0.85078505,0.66898264,11.21806579,1.04324727,no_prev
V004,933,switch,76,76,2866,2467,932,1,0.94817746,-1.30000000,-0.40000000,1.36014705,0.94817746,0.96935149,,,1.01562000,no_old
V004,934,switch,88,88,2549,2847,928,6,0.25242305,20.15000000,25.85000000,32.77567696,,0.82969821,,,1.86146658,no_prev|no_old
V004,934,reuse,91,76,2866,0,933,1,0.96935149,-0.45000000,-1.10000000,1.18848643,0.96935149,0.94563557,,,0.99058749,
V004,935,reuse,81,88,2549,0,934,1,0.82969821,3.05000000,-2.25000000,3.79011873,0.82969821,0.93200207,,,0.87647220,
V004,941,switch,91,91,2467,2866,940,1,0.78192984,-4.95000000,-0.80000000,5.01422975,0.78192984,0.91099228,0.35136921,52.87513593,0.91760969,
V004,942,reuse,76,91,2467,0,941,1,0.91099228,-1.30000000,-2.25000000,2.59855729,0.91099228,0.91673295,,,0.99740933,
V004,945,switch,48,48,2353,2335,944,1,0.97802275,0.30000000,-0.60000000,0.67082039,0.97802275,0.96095964,0.47807555,32.26364053,1.00000000,
V004,948,reuse,88,81,2549,0,947,1,0.88160997,-2.65000000,-1.15000000,2.88877137,0.88160997,0.94960728,,,0.97921071,
V004,951,reuse,91,90,2467,0,950,1,0.88886749,2.25000000,-1.25000000,2.57390754,0.88886749,0.97439405,,,1.03956545,
V004,952,reuse,83,74,2622,0,951,1,0.96317343,0.60000000,0.35000000,0.69462220,0.96317343,0.98639089,,,1.00068729,
V004,957,switch,87,87,2600,2325,956,1,0.75174493,-4.45000000,-7.85000000,9.02358022,0.75174493,0.83440442,,,1.05277338,no_old
V004,958,reuse,56,87,2600,0,957,1,0.83440442,0.00000000,-9.30000000,9.30000000,0.83440442,0.85125317,,,1.09519863,
V004,959,switch,87,87,2325,2600,958,1,0.80304226,3.20000000,-8.05000000,8.66270743,0.80304226,0.77054203,0.33605501,54.30527138,0.99866205,
V004,965,switch,921,921,2942,2825,942,23,0.06527401,-50.05000000,-31.30000000,59.03128408,,0.89427228,,,0.77696008,no_prev|no_old
V004,966,switch,91,91,2323,2467,952,14,0.13603079,20.90000000,53.40000000,57.34431096,,0.92431192,0.43038667,20.35350093,1.26038048,no_prev
V004,967,reuse,60,91,2323,0,966,1,0.92431192,-0.10000000,2.00000000,2.00249844,0.92431192,0.95843023,,,0.95932644,
V004,969,switch,87,87,2468,2325,968,1,0.93272899,-0.80000000,-2.95000000,3.05655034,0.93272899,0.96495041,,,1.00709398,no_old
V004,969,switch,1117,1117,2744,2894,968,1,0.87819775,-2.85000000,-2.05000000,3.51069794,0.87819775,0.88047700,,,0.94474973,no_old
V004,969,switch,1165,1165,2962,2744,968,1,0.91913700,-1.65000000,-1.60000000,2.29836899,0.91913700,0.95677419,0.43229635,23.09247713,1.00335610,
V004,970,reuse,71,87,2468,0,969,1,0.96495041,0.40000000,-0.60000000,0.72111026,0.96495041,0.97085053,,,1.03632268,
V004,970,reuse,1165,1117,2744,0,969,1,0.88047700,-2.70000000,1.85000000,3.27299557,0.88047700,0.83753253,,,1.06635547,
V004,972,switch,1175,1175,2967,2607,971,1,0.75948338,-5.60000000,-5.65000000,7.95502986,0.75948338,0.95693606,,,1.14864064,no_old
V004,979,switch,12,12,2774,2829,960,19,0.85174021,-3.65000000,1.25000000,3.85810834,,0.94493641,,,1.07631210,no_prev|no_old
V004,980,reuse,14,12,2774,0,979,1,0.94493641,0.20000000,-1.25000000,1.26589889,0.94493641,0.92659527,,,0.94493641,
V004,983,switch,76,76,2504,2866,975,8,0.54228772,-14.95000000,4.95000000,15.74817450,,0.97036422,,,1.23143002,no_prev|no_old
V004,984,reuse,66,76,2504,0,983,1,0.97036422,-0.55000000,0.15000000,0.57008771,0.97036422,0.91173664,,,0.98382599,
V004,990,reuse,87,71,2468,0,989,1,0.91514978,1.50000000,-2.80000000,3.17647603,0.91514978,0.91007381,,,1.01657391,
V004,992,switch,1175,1175,2607,2967,991,1,0.80992286,0.80000000,13.25000000,13.27412897,0.80992286,0.88712283,0.48362670,39.86740523,0.99036797,
V004,996,switch,87,87,2643,2468,995,1,0.29443260,-4.50000000,56.65000000,56.82844798,0.29443260,0.63903967,0.63479963,12.43633789,1.30233555,
V004,997,reuse,54,87,2643,0,996,1,0.63903967,-3.15000000,22.00000000,22.22436726,0.63903967,,,,1.12116880,no_next
V004,997,reuse,1194,1077,2782,0,996,1,0.97435488,0.10000000,-0.55000000,0.55901699,0.97435488,0.96613188,,,0.98105325,
V004,1003,switch,922,922,2991,2830,,,,,,,,0.95628208,0.79944797,5.95021008,,no_last_seen|no_prev
V004,1004,switch,65,65,2504,2536,1003,1,0.84990256,2.65000000,-1.40000000,2.99708191,0.84990256,0.79059621,0.39091857,16.33217683,0.91031490,
V004,1004,switch,76,76,2536,2504,1003,1,0.95239435,0.50000000,-0.55000000,0.74330344,0.95239435,0.93569172,0.39091857,16.33217683,0.98167006,
V004,1005,reuse,76,65,2504,0,1004,1,0.79059621,3.30000000,-2.30000000,4.02243707,0.79059621,0.98194127,,,0.85333963,
V004,1005,reuse,65,76,2536,0,1004,1,0.93569172,-0.25000000,0.80000000,0.83815273,0.93569172,0.88368283,,,1.06443610,
V004,1009,switch,88,88,2349,2549,1008,1,0.85265700,2.55000000,0.60000000,2.61963738,0.85265700,0.94926902,0.40890055,18.42525441,1.06182796,
V004,1010,reuse,34,88,2349,0,1009,1,0.94926902,0.85000000,0.10000000,0.85586214,0.94926902,,,,1.02677407,no_next
V004,1011,switch,87,87,2994,2643,,,,,,,,0.85464178,,,,no_last_seen|no_prev|no_old
V004,1015,switch,814,814,2942,2823,1014,1,0.92781931,-1.05000000,2.20000000,2.43772435,0.92781931,0.94184180,0.50504624,34.94803285,1.07779607,
V004,1015,switch,921,921,2823,2942,1014,1,0.96990950,0.10000000,1.00000000,1.00498756,0.96990950,0.97815331,0.50504624,34.94803285,1.03102403,
V004,1016,reuse,921,814,2942,0,1015,1,0.94184180,-1.60000000,0.45000000,1.66207701,0.94184180,0.94156487,,,0.99465977,
V004,1016,reuse,814,921,2823,0,1015,1,0.97815331,-0.45000000,-0.40000000,0.60207973,0.97815331,0.94392977,,,0.99817851,
V004,1017,switch,88,88,2549,2349,1016,1,0.92659961,0.95000000,1.35000000,1.65075740,0.92659961,0.95305679,,,1.06717473,no_old
V004,1018,switch,86,86,2998,2565,,,,,,,,0.98524938,,,,no_last_seen|no_prev|no_old
V004,1018,reuse,81,88,2549,0,1017,1,0.95305679,0.40000000,-1.00000000,1.07703296,0.95305679,0.95269464,,,0.95305679,
V004,1020,reuse,1187,1163,2937,0,1009,11,0.63099309,1.15000000,29.15000000,29.17267557,,0.93909565,,,1.02487564,no_prev
V004,1022,switch,838,838,3002,2382,,,,,,,,0.92260345,,,,no_last_seen|no_prev|no_old
V004,1026,switch,90,90,2415,2467,1025,1,0.97154578,0.40000000,-0.65000000,0.76321688,0.97154578,0.93371052,,,0.98723504,no_old
V004,1027,reuse,58,90,2415,0,1026,1,0.93371052,0.15000000,-1.65000000,1.65680415,0.93371052,0.90272256,,,0.93778559,
V004,1033,reuse,1184,1085,2917,0,1032,1,0.60220215,1.35000000,-40.00000000,40.02277477,0.60220215,0.79064078,,,0.93422259,
V004,1037,switch,1171,1171,3012,3003,,,,,,,,0.80629137,0.29430879,65.65428394,,no_last_seen|no_prev
V004,1038,switch,1,1,3003,3009,1037,1,0.53780842,1.65000000,-37.80000000,37.83599477,0.53780842,0.73127154,,,0.88519497,no_old
V004,1039,reuse,1171,1,3003,0,1038,1,0.73127154,1.20000000,-16.10000000,16.14465856,0.73127154,0.81274266,,,0.99729730,
V004,1042,switch,63,63,3014,2627,,,,,,,,0.94896214,,,,no_last_seen|no_prev|no_old
V004,1045,switch,91,91,2467,2323,1022,23,0.22160578,25.05000000,-18.70000000,31.26007837,,,,,0.79662624,no_prev|no_next|no_old
V004,1047,reuse,90,91,2467,0,1045,2,0.87270276,1.05000000,-3.95000000,4.08717506,,0.94428005,,,0.91033008,no_prev
V004,1049,switch,1196,1196,2755,2754,1032,17,0.56046415,4.35000000,-29.75000000,30.06634331,,0.92987464,,,1.03249960,no_prev|no_old
V004,1050,reuse,1195,1196,2755,0,1049,1,0.92987464,0.00000000,6.10000000,6.10000000,0.92987464,0.89369246,,,0.93591205,
V004,1053,switch,1155,1155,2668,2703,1052,1,0.89146981,-3.00000000,0.25000000,3.01039864,0.89146981,0.82287652,,,0.98982990,no_old
V004,1053,reuse,1211,1131,3017,0,1052,1,0.38641234,-0.55000000,-65.20000000,65.20231974,0.38641234,0.66640934,,,0.80779933,
V004,1054,switch,1155,1155,2703,2703,1052,2,0.66440300,-10.40000000,-5.20000000,11.62755348,,0.86239705,1.00000000,0.00000000,1.06818727,no_prev
V004,1059,switch,16,16,3020,2737,1058,1,0.90201366,2.35000000,-0.30000000,2.36907155,0.90201366,0.95174342,,,0.97233267,no_old
V004,1059,reuse,88,80,2549,0,1053,6,0.38751981,-12.90000000,15.05000000,19.82202058,,0.90841899,,,2.51776099,no_prev
V004,1061,switch,86,86,3020,2998,1060,1,0.89162345,1.55000000,-1.80000000,2.37539470,0.89162345,0.89985730,,,0.90177716,no_old
V004,1062,switch,1176,1176,3018,2714,1061,1,0.97371714,0.20000000,-0.85000000,0.87321246,0.97371714,0.95513965,,,1.02113817,no_old
V004,1062,reuse,16,86,3020,0,1061,1,0.89985730,1.25000000,-1.60000000,2.03039405,0.89985730,0.88547695,,,0.90342566,
V004,1065,switch,16,16,2737,3020,1058,7,0.37960708,18.85000000,-10.15000000,21.40899344,,0.94621771,,,0.67285174,no_prev|no_old
V004,1065,switch,86,86,2998,3020,1059,6,0.94707870,0.70000000,-0.65000000,0.95524866,,0.96293213,,,0.98012422,no_prev|no_old
V004,1065,switch,1211,1211,3026,3017,,,,,,,,0.94297655,0.29144377,72.39492386,,no_last_seen|no_prev
V004,1067,switch,1090,1090,3002,2879,1066,1,0.85366958,3.70000000,0.85000000,3.79637985,0.85366958,0.95560893,,,1.05121018,no_old
V004,1068,reuse,838,1090,3002,0,1067,1,0.95560893,1.00000000,0.20000000,1.01980390,0.95560893,0.95469403,,,1.01425374,
V004,1072,switch,70,70,2590,2588,1071,1,0.94724323,0.05000000,-2.40000000,2.40052078,0.94724323,0.95627417,,,0.96697459,no_old
V004,1072,switch,1211,1211,3031,3026,,,,,,,,0.94376061,0.36459480,61.23630459,,no_last_seen|no_prev
V004,1073,reuse,52,70,2590,0,1072,1,0.95627417,0.80000000,-1.15000000,1.40089257,0.95627417,0.96071300,,,0.98302364,
V004,1076,reuse,1211,1180,3026,0,1075,1,0.39077434,12.00000000,-30.50000000,32.77575323,0.39077434,0.59538397,,,1.01387861,
V004,1077,switch,1182,1182,2983,2795,1072,5,0.23262304,-14.15000000,-61.05000000,62.66837320,,0.79118290,,,0.84432640,no_prev|no_old
V004,1078,reuse,1196,1086,2754,0,1077,1,0.91537934,-0.15000000,-4.05000000,4.05277683,0.91537934,0.87189914,,,0.96289792,
V004,1079,switch,1107,1107,3041,3016,,,,,,,,0.91080572,0.34287380,20.27140844,,no_last_seen|no_prev
V004,1079,switch,1175,1175,2674,2607,1078,1,0.71454667,-7.85000000,-4.90000000,9.25378301,0.71454667,,,,0.95418473,no_next|no_old
V004,1080,switch,1175,1175,2607,2607,1078,2,0.91017013,-2.10000000,0.70000000,2.21359436,,0.92220885,1.00000000,0.00000000,1.04931462,no_prev
V004,1084,reuse,74,1153,2622,0,1083,1,0.95672441,-0.10000000,0.10000000,0.14142136,0.95672441,0.94894752,,,0.95672441,
V004,1092,switch,1159,1159,2703,2674,1083,9,0.24414904,-7.05000000,-73.35000000,73.68802481,,0.44809010,,,0.85039788,no_prev|no_old
V004,1100,switch,921,921,3053,2823,,,,,,,,0.94964370,,,,no_last_seen|no_prev|no_old
V004,1101,switch,1159,1159,2588,2674,1098,3,0.27880583,-10.25000000,-60.20000000,61.06637782,,0.83910306,,,0.81989721,no_prev|no_old
V004,1102,reuse,70,1159,2588,0,1101,1,0.83910306,-0.80000000,-9.10000000,9.13509715,0.83910306,0.92100344,,,1.01981554,
V004,1106,switch,63,63,2714,3014,1100,6,0.30994755,7.50000000,-58.25000000,58.73084794,,0.62177850,,,1.01616205,no_prev|no_old
V004,1107,switch,1177,1177,2588,2668,1106,1,0.48531976,4.85000000,36.15000000,36.47389477,0.48531976,0.77872129,0.24308657,47.60527807,1.07236960,
V004,1107,reuse,1176,63,2714,0,1106,1,0.62177850,-10.20000000,-6.25000000,11.96254572,0.62177850,0.84311793,,,0.96465894,
V004,1108,switch,63,63,3014,2714,1107,1,0.87961435,-2.75000000,-1.35000000,3.06349474,0.87961435,0.92559031,0.33988193,25.03642347,1.01536836,
V004,1108,reuse,1159,1177,2588,0,1107,1,0.77872129,1.65000000,12.90000000,13.00509516,0.77872129,0.85526421,,,1.05047149,
V004,1113,reuse,1107,1168,3016,0,1088,25,0.08584488,-102.25000000,-68.75000000,123.21373706,,,,,1.94297554,no_prev|no_next
V004,1115,switch,1041,1041,3057,2339,1114,1,0.91763095,-1.75000000,-0.40000000,1.79513231,0.91763095,0.93558641,,,0.94102863,no_old
V004,1116,switch,22,22,3034,2570,1111,5,0.70364204,8.10000000,0.10000000,8.10061726,,0.97885222,,,1.04238835,no_prev|no_old
V004,1121,switch,85,85,3064,2646,1120,1,0.80101383,3.20000000,-4.10000000,5.20096145,0.80101383,0.93278525,,,0.80573898,no_old
V004,1129,reuse,1173,1170,3067,0,1128,1,0.57338063,3.30000000,6.80000000,7.55843899,0.57338063,0.70719799,,,1.00708198,
V004,1133,switch,63,63,2714,3014,1132,1,0.81686185,4.20000000,-2.80000000,5.04777179,0.81686185,0.89586544,,,0.99844479,no_old
V004,1138,switch,1173,1173,3074,3067,,,,,,,,0.96198347,0.23622360,47.41152286,,no_last_seen|no_prev
V004,1140,switch,1036,1036,3076,2161,,,,,,,,0.96191245,,,,no_last_seen|no_prev|no_old
V004,1157,switch,63,63,3014,2714,1156,1,0.86879700,-3.45000000,-0.40000000,3.47311100,0.86879700,,,,1.01026818,no_next|no_old
V004,1169,switch,1154,1154,3090,2656,1168,1,0.81621364,1.25000000,6.45000000,6.57000761,0.81621364,0.92380152,,,1.22330736,no_old
V004,1175,switch,921,921,3103,3053,,,,,,,,0.94404785,,,,no_last_seen|no_prev|no_old
V004,1175,switch,996,996,2572,2939,1168,7,0.44512439,-14.55000000,22.30000000,26.62691308,,0.96924075,,,1.12615738,no_prev|no_old
V004,1176,reuse,21,996,2572,0,1175,1,0.96924075,0.20000000,0.80000000,0.82462113,0.96924075,0.97080649,,,1.03173541,
V004,1180,reuse,1137,1147,3055,0,1179,1,0.88766692,0.50000000,-5.65000000,5.67208075,0.88766692,0.91248640,,,0.95051399,
V004,1182,switch,1001,1001,3051,2864,1150,32,0.08350175,-25.15000000,-82.55000000,86.29614708,,,,,0.91994866,no_prev|no_next|no_old
V004,1184,switch,1001,1001,3023,2864,1169,15,0.17407409,-23.80000000,-45.65000000,51.48167150,,0.95141719,0.09343897,67.35922357,1.08894798,no_prev
V004,1185,switch,1142,1142,3111,3105,,,,,,,,0.87595096,0.04259787,46.82776954,,no_last_seen|no_prev
V004,1185,reuse,79,1001,3023,0,1184,1,0.95141719,-0.70000000,-1.25000000,1.43265488,0.95141719,0.92152446,,,1.00638292,
V004,1188,reuse,1077,1068,2782,0,1187,1,0.79754915,3.60000000,-1.40000000,3.86264158,0.79754915,0.90296120,,,1.17684664,
V004,1192,reuse,1114,978,2984,0,1190,2,0.76689513,-1.65000000,16.15000000,16.23406911,,0.86183563,,,0.98486356,no_prev
V004,1194,switch,1159,1159,3018,2588,1179,15,0.60968385,13.00000000,0.00000000,13.00000000,,,0.00000000,64.76683179,1.02980079,no_prev|no_next
V004,1196,switch,1176,1176,2983,3018,1195,1,0.81461722,-3.20000000,-6.20000000,6.97710542,0.81461722,0.89539497,0.58785459,17.75873025,0.94541895,
V004,1196,reuse,1176,1159,3018,0,1194,2,0.93089067,0.30000000,-3.95000000,3.96137602,,0.85742056,,,1.03159777,no_prev
V004,1197,switch,1147,1147,3118,3055,1196,1,0.78317071,-0.40000000,-14.40000000,14.40555448,0.78317071,0.90474984,0.56026156,24.24958763,1.13211753,
V004,1197,reuse,1182,1176,2983,0,1196,1,0.89539497,-0.45000000,-6.10000000,6.11657584,0.89539497,0.90970149,,,0.96390688,
V004,1201,switch,1182,1182,3075,2983,1181,20,0.33643506,-7.85000000,-52.75000000,53.33090099,,0.89391620,0.58991348,19.15789654,1.09226651,no_prev
V004,1203,reuse,1147,1179,3118,0,1202,1,0.41250969,1.85000000,-54.60000000,54.63133258,0.41250969,0.67816092,,,0.83736300,
V004,1206,reuse,86,933,2998,0,1205,1,0.98105704,0.05000000,-0.15000000,0.15811388,0.98105704,0.97631747,,,0.98105704,
V004,1207,reuse,1147,1141,3055,0,1206,1,0.92682942,0.75000000,0.65000000,0.99247166,0.92682942,0.75314202,,,0.97259731,
V004,1208,switch,1160,1160,3130,2282,1207,1,0.70069134,1.70000000,14.85000000,14.94698966,0.70069134,0.79646458,,,0.85178922,no_old
V004,1211,switch,24,24,2729,2751,1210,1,0.94242904,1.40000000,0.40000000,1.45602198,0.94242904,0.95503968,,,1.02291955,no_old
V004,1211,switch,1147,1147,3078,3118,1210,1,0.92682949,-1.00000000,-2.65000000,2.83240181,0.92682949,0.92985184,0.16546171,84.71328113,0.96390365,
V004,1212,reuse,23,24,2729,0,1211,1,0.95503968,0.15000000,-0.95000000,0.96176920,0.95503968,0.97466472,,,0.95503968,
V004,1212,reuse,1148,1147,3078,0,1211,1,0.92985184,0.95000000,-1.70000000,1.94743421,0.92985184,0.92183665,,,0.92985184,
V004,1218,switch,1172,1172,2671,3033,1217,1,0.95671216,0.70000000,0.65000000,0.95524866,0.95671216,,0.52301512,14.51654229,1.03786290,no_next
V004,1219,reuse,933,86,2998,0,1218,1,0.77055842,-4.95000000,0.70000000,4.99924994,0.77055842,0.76694622,,,1.07327152,
V004,1220,switch,1170,1170,3033,3067,1219,1,0.91639161,1.75000000,0.70000000,1.88480768,0.91639161,0.90812846,0.39903603,18.89874334,1.04855823,
V004,1220,switch,1173,1173,3067,3074,1219,1,0.95083980,-0.90000000,-0.35000000,0.96566040,0.95083980,0.57282709,,,1.00197461,no_old
V004,1220,reuse,86,933,2998,0,1219,1,0.76694622,5.60000000,-0.10000000,5.60089279,0.76694622,0.92574707,,,1.00863931,
V004,1220,reuse,1160,1080,3130,0,1219,1,0.37318815,-2.05000000,61.65000000,61.68407412,0.37318815,0.70261864,,,1.05750588,
V004,1221,reuse,1172,1170,3033,0,1220,1,0.90812846,2.35000000,0.05000000,2.35053185,0.90812846,0.93549914,,,1.00962986,
V004,1221,reuse,1170,1173,3067,0,1220,1,0.57282709,-2.75000000,-9.30000000,9.69806682,0.57282709,0.81645555,,,0.57282709,
V004,1222,switch,1091,1091,2901,2849,1221,1,0.91134990,-2.55000000,-1.15000000,2.79732015,0.91134990,0.94655155,,,1.04552644,no_old
V004,1222,reuse,1186,1136,3132,0,1221,1,0.97224547,-0.35000000,-0.25000000,0.43011626,0.97224547,0.91422762,,,1.01749208,
V004,1223,switch,1041,1041,2792,3057,1222,1,0.75600863,-7.70000000,-2.90000000,8.22800097,0.75600863,0.81698394,0.40090754,28.76512646,0.96780229,
V004,1223,switch,1093,1093,3057,2792,1222,1,0.92399136,2.20000000,0.00000000,2.20000000,0.92399136,0.90688894,0.40090754,28.76512646,0.97720256,
V004,1223,reuse,1183,1091,2901,0,1222,1,0.94655155,-1.35000000,-1.20000000,1.80623919,0.94655155,0.91859954,,,0.97095635,
V004,1224,reuse,1093,1041,2792,0,1223,1,0.81698394,-5.20000000,-2.60000000,5.81377674,0.81698394,0.87962598,,,0.93635770,
V004,1224,reuse,1041,1093,3057,0,1223,1,0.90688894,2.15000000,-2.30000000,3.14841230,0.90688894,0.93174001,,,0.97980598,
V004,1226,switch,979,979,2854,2851,1225,1,0.96101816,1.35000000,-0.05000000,1.35092561,0.96101816,0.97651447,,,1.00885940,no_old
V004,1226,reuse,1160,1070,2282,0,1225,1,0.84034826,1.20000000,6.35000000,6.46239120,0.84034826,0.82912615,,,1.04101562,
V004,1227,switch,1125,1125,3127,2867,1226,1,0.94086237,-0.75000000,1.15000000,1.37295302,0.94086237,0.96656723,,,1.05590907,no_old
V004,1227,reuse,983,979,2854,0,1226,1,0.97651447,0.40000000,-0.85000000,0.93941471,0.97651447,0.91969166,,,0.98198955,
V004,1231,switch,1172,1172,3033,3033,1230,1,0.93899379,-0.55000000,1.30000000,1.41155942,0.93899379,0.93647697,1.00000000,0.00000000,1.06496977,
V004,1232,reuse,1170,1172,3033,0,1231,1,0.93647697,0.60000000,1.70000000,1.80277564,0.93647697,0.95022763,,,1.06119006,
V004,1233,switch,1198,1198,2899,2995,1232,1,0.33776454,-18.75000000,35.60000000,40.23583602,0.33776454,0.73176599,,,0.96418404,no_old
V004,1235,switch,1170,1170,2729,3033,1234,1,0.93756219,-0.95000000,-0.90000000,1.30862523,0.93756219,0.89230566,0.15225769,41.88105180,0.94803871,
V004,1236,switch,1077,1077,2497,2782,1235,1,0.90060545,0.25000000,-6.15000000,6.15507920,0.90060545,0.91586384,0.00000000,199.48546313,0.95586708,
V004,1236,reuse,24,1170,2729,0,1235,1,0.89230566,-2.85000000,-0.20000000,2.85700893,0.89230566,0.82542694,,,0.99895870,
V004,1237,switch,1168,1168,3151,3016,,,,,,,,0.88771958,,,,no_last_seen|no_prev|no_old
V004,1237,reuse,1162,1077,2497,0,1236,1,0.91586384,0.05000000,-5.70000000,5.70021929,0.91586384,0.98181818,,,0.98038506,
V004,1239,switch,979,979,2851,2854,1209,30,0.56561484,8.25000000,-29.50000000,30.63188698,,,,,1.09508812,no_prev|no_next|no_old
V004,1240,switch,979,979,2854,2854,1238,2,0.90691390,2.00000000,-3.55000000,4.07461655,,0.97486863,1.00000000,0.00000000,0.96983505,no_prev
V004,1240,switch,1162,1162,3156,2497,,,,,,,,0.80954523,0.62799213,13.31634334,,no_last_seen|no_prev
V004,1241,reuse,1045,907,2899,0,1240,1,0.74110318,-3.70000000,14.55000000,15.01307763,0.74110318,,,,1.01460635,no_next
V004,1241,reuse,937,1108,3139,0,1240,1,0.78420379,-8.55000000,1.05000000,8.61423241,0.78420379,0.85814225,,,0.96361504,
V004,1242,switch,937,937,3159,3139,,,,,,,,0.84724500,0.27178379,41.89776247,,no_last_seen|no_prev
V004,1243,reuse,1164,1071,3155,0,1242,1,0.33565975,-1.15000000,69.55000000,69.55950690,0.33565975,0.75181182,,,1.01755397,
V004,1244,switch,1170,1170,2751,2729,1243,1,0.86549586,-2.65000000,1.60000000,3.09556134,0.86549586,0.81647795,,,1.10618167,no_old
V004,1245,switch,1045,1045,3161,2899,,,,,,,,0.91418117,,,,no_last_seen|no_prev|no_old
V004,1245,switch,1164,1164,3162,3155,,,,,,,,0.94220591,0.14510603,104.20810909,,no_last_seen|no_prev
V004,1245,reuse,24,1170,2751,0,1244,1,0.81647795,-1.35000000,3.35000000,3.61178626,0.81647795,0.93142857,,,1.22477281,
V004,1245,reuse,791,964,3028,0,1243,2,0.32402141,15.15000000,58.20000000,60.13952527,,0.78295901,,,1.11143109,no_prev
V004,1250,switch,791,791,3166,3028,,,,,,,,0.96693434,0.26715654,77.49764513,,no_last_seen|no_prev
V004,1250,switch,1153,1153,3129,2622,1241,9,0.80555668,-0.50000000,4.45000000,4.47800179,,0.98156683,,,1.24137758,no_prev|no_old
V004,1252,switch,1151,1151,3172,2981,,,,,,,,0.97575470,0.31226556,23.99760405,,no_last_seen|no_prev
V004,1253,switch,997,997,2844,2890,1252,1,0.95847169,1.15000000,-0.30000000,1.18848643,0.95847169,0.96893060,0.41244140,26.65731607,0.98984020,
V004,1253,switch,1081,1081,2890,2844,1252,1,0.96879757,0.60000000,0.30000000,0.67082039,0.96879757,0.98117508,0.41244140,26.65731607,0.98010398,
V004,1254,reuse,1081,997,2844,0,1253,1,0.96893060,-0.50000000,-1.15000000,1.25399362,0.96893060,0.98186304,,,0.99663526,
V004,1254,reuse,997,1081,2890,0,1253,1,0.98117508,0.15000000,-0.55000000,0.57008771,0.98117508,0.89280822,,,1.01576084,
V004,1255,reuse,1162,1074,3156,0,1254,1,0.91568206,0.35000000,2.35000000,2.37592087,0.91568206,0.87243659,,,0.91568206,
V004,1262,switch,1074,1074,2527,3156,1261,1,0.88403877,1.30000000,2.40000000,2.72946881,0.88403877,0.91479706,0.34159392,67.55740152,0.98572740,
V004,1263,switch,1167,1167,3156,2527,1262,1,0.71859536,-0.70000000,21.40000000,21.41144554,0.71859536,,0.44887301,45.85787828,0.98987817,no_next
V004,1263,reuse,1167,1074,2527,0,1262,1,0.91479706,1.15000000,-0.30000000,1.18848643,0.91479706,0.95000763,,,1.00373134,
V004,1265,switch,983,983,2851,2854,1264,1,0.94863278,-0.70000000,-1.95000000,2.07183494,0.94863278,0.96958810,0.52820077,25.90622512,0.94863278,
V004,1266,reuse,979,983,2851,0,1265,1,0.96958810,0.05000000,-1.60000000,1.60078106,0.96958810,0.94565987,,,0.97929277,
V004,1276,switch,1116,1116,3046,3021,1275,1,0.39934958,1.00000000,-68.45000000,68.45730421,0.39934958,0.86721118,0.53142059,10.49011439,1.09717216,
V004,1276,switch,1179,1179,2739,3118,1268,8,0.09136233,-53.35000000,12.95000000,54.89922586,,0.92991978,,,2.12791995,no_prev|no_old
V004,1277,reuse,1112,1116,3046,0,1276,1,0.86721118,1.20000000,-1.25000000,1.73277235,0.86721118,0.76433705,,,1.13428970,
V004,1277,reuse,1174,1179,2739,0,1276,1,0.92991978,-1.85000000,0.80000000,2.01556444,0.92991978,0.94879987,,,0.99753552,
V004,1279,switch,1040,1040,2792,2093,1278,1,0.97076651,-0.65000000,0.85000000,1.07004673,0.97076651,0.96439196,0.31652069,33.12072614,1.00930081,
V004,1279,switch,1041,1041,2093,2792,1278,1,0.71805893,9.15000000,3.05000000,9.64494686,0.71805893,0.87869426,0.31652069,33.12072614,1.01864655,
V004,1280,switch,1039,1039,3190,2348,1279,1,0.92913262,0.35000000,3.95000000,3.96547601,0.92913262,0.96884699,,,1.03760278,no_old
V004,1280,reuse,1041,1040,2792,0,1279,1,0.96439196,-0.85000000,0.20000000,0.87321246,0.96439196,0.98117804,,,0.98158256,
V004,1280,reuse,1040,1041,2093,0,1279,1,0.87869426,3.25000000,2.15000000,3.89679355,0.87869426,0.94300263,,,1.05473574,
V004,1282,switch,902,902,2348,3169,1279,3,0.87880264,-3.80000000,1.45000000,4.06724723,,0.88614287,,,1.02989477,no_prev|no_old
V004,1282,switch,1151,1151,2918,3172,1272,10,0.90433901,-0.50000000,0.95000000,1.07354553,,0.85130736,0.46718928,17.74521062,1.10578001,no_prev
V004,1283,reuse,1039,902,2348,0,1282,1,0.88614287,2.15000000,4.70000000,5.16841368,0.88614287,0.95162143,,,0.99982343,
V004,1283,reuse,1152,1151,2918,0,1282,1,0.85130736,2.60000000,1.75000000,3.13408679,0.85130736,0.82510958,,,1.13179283,
V004,1289,switch,1041,1041,3156,2093,1282,7,0.18725696,-15.80000000,-58.95000000,61.03066852,,0.87751205,,,0.91263514,no_prev|no_old
V004,1290,reuse,1074,1041,3156,0,1289,1,0.87751205,-1.45000000,-1.00000000,1.76139150,0.87751205,0.86382619,,,1.13958549,
V004,1304,switch,1166,1166,3174,3186,1303,1,0.92868431,1.25000000,0.10000000,1.25399362,0.92868431,,0.54900743,22.16421666,1.06093880,no_next
V004,1304,switch,1181,1181,3186,3174,1303,1,0.95403070,0.80000000,-0.05000000,0.80156098,0.95403070,0.95853715,0.54900743,22.16421666,1.02490948,
V004,1305,reuse,1166,1181,3186,0,1304,1,0.95853715,0.50000000,-1.05000000,1.16297033,0.95853715,0.93824494,,,1.00178219,
V004,1306,switch,1145,1145,2751,3042,1305,1,0.79324408,1.35000000,-4.15000000,4.36405774,0.79324408,0.88050675,,,0.79535081,no_old
V004,1306,reuse,1181,1166,3174,0,1304,2,0.87305045,1.90000000,-3.15000000,3.67865465,,0.93761510,,,1.02530898,no_prev
V004,1307,reuse,1170,1145,2751,0,1306,1,0.88050675,2.50000000,1.65000000,2.99541316,0.88050675,0.83824294,,,1.07969102,
V004,1308,switch,1161,1161,3046,2498,1304,4,0.78092035,-2.65000000,4.85000000,5.52675312,,0.79405980,0.68028645,28.10000000,1.01219903,no_prev
V004,1310,reuse,1116,1161,3046,0,1309,1,0.80931230,0.00000000,-13.95000000,13.95000000,0.80931230,0.94396973,,,0.93257222,
V004,1312,reuse,1118,1034,2402,0,1303,9,0.37323572,9.50000000,-52.55000000,53.40180240,,0.86970549,,,0.68065974,no_prev
V004,1320,switch,979,979,2093,2854,1296,24,0.00000000,98.80000000,39.70000000,106.47783807,,0.98022822,,,1.03792788,no_prev|no_old
V004,1321,reuse,1041,979,2093,0,1320,1,0.98022822,-0.40000000,-0.60000000,0.72111026,0.98022822,0.94219627,,,0.99437862,
V004,1323,switch,427,427,2832,2163,1322,1,0.88069761,3.90000000,0.10000000,3.90128184,0.88069761,0.91077223,0.45553679,32.28931712,1.00706539,
V004,1323,switch,1095,1095,2163,2832,1322,1,0.96154686,0.95000000,0.20000000,0.97082439,0.96154686,0.96583873,0.45553679,32.28931712,1.01721590,
V004,1324,reuse,1095,427,2832,0,1323,1,0.91077223,2.85000000,-0.30000000,2.86574598,0.91077223,0.93545390,,,1.00862366,
V004,1324,reuse,427,1095,2163,0,1323,1,0.96583873,0.55000000,-1.35000000,1.45773797,0.96583873,0.86892834,,,1.00223223,
V004,1328,switch,1003,1003,3215,2745,,,,,,,,0.98859016,,,,no_last_seen|no_prev|no_old
V004,1335,switch,1133,1133,3012,2946,1334,1,0.75446240,7.50000000,-1.55000000,7.65849202,0.75446240,0.81935973,,,0.89952519,no_old
V004,1336,reuse,1171,1133,3012,0,1335,1,0.81935973,3.05000000,3.60000000,4.71831538,0.81935973,0.90027335,,,1.20644447,
V004,1339,switch,1176,1176,2962,2983,1338,1,0.98251531,-0.20000000,-0.15000000,0.25000000,0.98251531,0.85642362,0.51305109,21.24952941,0.98251531,
V004,1340,reuse,1165,1176,2962,0,1339,1,0.85642362,-0.80000000,3.10000000,3.20156212,0.85642362,0.93279786,,,1.16764645,
V004,1343,switch,1042,1042,2917,2061,1342,1,0.94490868,0.90000000,2.15000000,2.33077240,0.94490868,0.94574661,0.48435617,25.42833066,1.03474076,
V004,1343,switch,1085,1085,2061,2917,1342,1,0.90877089,2.70000000,-1.05000000,2.89698119,0.90877089,0.89415709,0.48435617,25.42833066,1.00233856,
V004,1344,reuse,1085,1042,2917,0,1343,1,0.94574661,-1.30000000,-0.15000000,1.30862523,0.94574661,0.91768637,,,0.96947430,
V004,1344,reuse,1042,1085,2061,0,1343,1,0.89415709,2.75000000,-2.20000000,3.52171833,0.89415709,0.90512939,,,1.01867837,
V004,1345,reuse,1161,1051,2498,0,1333,12,0.26168474,-0.45000000,-80.30000000,80.30126089,,0.89729166,,,1.02224416,no_prev
V004,1353,reuse,1161,1101,3046,0,1352,1,0.83085132,0.65000000,8.30000000,8.32541290,0.83085132,0.86573797,,,0.97691757,
V004,1357,reuse,1041,1073,3156,0,1356,1,0.62194819,-0.00000000,-28.20000000,28.20000000,0.62194819,0.82076129,,,0.89105557,
V004,1359,switch,1133,1133,2751,3012,1355,4,0.57287580,12.90000000,1.95000000,13.04655127,,0.89146821,,,1.15950354,no_prev|no_old
V004,1360,reuse,1145,1133,2751,0,1359,1,0.89146821,2.75000000,-0.15000000,2.75408787,0.89146821,0.94352001,,,0.96849406,
V004,1377,switch,542,542,3232,3101,1364,13,0.40918987,-24.95000000,-6.25000000,25.72090589,,0.96498964,,,1.26262822,no_prev|no_old
V004,1379,reuse,1040,1056,2792,0,1365,14,0.75228581,1.95000000,-12.70000000,12.84883263,,0.80341700,,,0.96490917,no_prev
V004,1395,switch,1097,1097,3250,2914,,,,,,,,0.98262879,0.19110768,59.55470175,,no_last_seen|no_prev
V004,1416,reuse,1109,913,2775,0,1415,1,0.83328626,2.90000000,-3.80000000,4.78016736,0.83328626,0.92382521,,,1.07584147,
V004,1418,switch,1000,1000,3272,3268,1417,1,0.85798817,0.75000000,7.55000000,7.58716021,0.85798817,0.85456931,,,0.93601844,no_old
V004,1428,switch,542,542,3278,3232,,,,,,,,0.96623858,,,,no_last_seen|no_prev|no_old
V004,1429,switch,962,962,3279,2948,,,,,,,,0.86603006,,,,no_last_seen|no_prev|no_old
V004,1430,switch,1097,1097,3281,3250,,,,,,,,0.79237654,,,,no_last_seen|no_prev|no_old
V004,1434,switch,913,913,2741,2775,1433,1,0.93081440,0.80000000,4.70000000,4.76759898,0.93081440,0.94927095,0.39626628,36.05010402,0.99217000,
V004,1434,switch,1113,1113,2775,2741,1433,1,0.82327623,-3.65000000,2.35000000,4.34108281,0.82327623,0.91194895,0.39626628,36.05010402,0.96417288,
V004,1435,reuse,1113,913,2741,0,1434,1,0.94927095,1.35000000,1.65000000,2.13190056,0.94927095,0.89962024,,,1.00812493,
V004,1435,reuse,913,1113,2775,0,1434,1,0.91194895,-1.45000000,-2.10000000,2.55196003,0.91194895,0.86464741,,,0.99112050,
V004,1440,reuse,1000,1047,3268,0,1439,1,0.86972995,0.40000000,-5.95000000,5.96343022,0.86972995,0.88105769,,,0.99387755,
V004,1441,switch,1045,1045,2871,3161,1437,4,0.81845996,-0.05000000,14.45000000,14.45008650,,0.79134623,,,1.05449306,no_prev|no_old
V004,1442,reuse,1044,1045,2871,0,1441,1,0.79134623,-3.45000000,-2.65000000,4.35028735,0.79134623,0.89651009,,,0.95982942,
V004,1457,reuse,1045,1072,2871,0,1445,12,0.45412986,1.35000000,48.60000000,48.61874638,,0.85857524,,,0.90188059,no_prev
V004,1459,reuse,1039,985,3190,0,1458,1,0.85497726,0.60000000,-5.30000000,5.33385414,0.85497726,0.90101503,,,0.88063525,
V004,1462,switch,936,936,3300,3066,1461,1,0.81205598,-0.70000000,8.65000000,8.67827748,0.81205598,0.92609311,,,1.21774303,no_old
V004,1464,switch,1072,1072,3161,2871,1463,1,0.94851467,0.60000000,-1.45000000,1.56923548,0.94851467,0.93510680,,,0.96262776,no_old
V004,1465,reuse,1045,1072,3161,0,1464,1,0.93510680,0.80000000,-1.60000000,1.78885438,0.93510680,0.93703296,,,0.97500587,
V004,1468,switch,983,983,3299,2851,1458,10,0.91199469,2.85000000,-0.15000000,2.85394464,,0.97673500,,,0.99012304,no_prev|no_old
V004,1468,switch,1078,1078,3111,2931,1467,1,0.93352693,1.40000000,0.85000000,1.63783394,0.93352693,0.90142748,,,1.03864071,no_old
V004,1469,reuse,1142,1078,3111,0,1468,1,0.90142748,0.05000000,2.35000000,2.35053185,0.90142748,0.82301265,,,1.10935158,
V004,1470,switch,1079,1079,2992,2955,1469,1,0.70974927,7.10000000,3.70000000,8.00624756,0.70974927,0.80481368,,,1.19052423,no_old
V004,1470,switch,1101,1101,3302,3046,1469,1,0.87806060,-2.65000000,-0.70000000,2.74089401,0.87806060,0.95850349,,,1.03939106,no_old
V004,1471,reuse,1128,1079,2992,0,1470,1,0.80481368,3.80000000,4.15000000,5.62694411,0.80481368,0.84762158,,,1.18404503,
V004,1477,switch,1141,1141,3086,3055,1476,1,0.85511766,3.20000000,1.25000000,3.43547668,0.85511766,0.89732072,,,1.08363305,no_old
V004,1478,switch,983,983,2851,3299,1467,11,0.41322956,21.80000000,-14.05000000,25.93535232,,0.91619913,,,0.98702045,no_prev|no_old
V004,1478,reuse,1143,1141,3086,0,1477,1,0.89732072,2.65000000,0.55000000,2.70647372,0.89732072,0.91123792,,,1.02265850,
V004,1479,switch,1079,1079,2931,2992,1478,1,0.90099282,0.10000000,2.60000000,2.60192237,0.90099282,0.94521809,0.21640047,34.75348903,1.10753722,
V004,1480,reuse,1078,1079,2931,0,1479,1,0.94521809,0.00000000,1.50000000,1.50000000,0.94521809,0.86961879,,,1.05795690,
V004,1484,switch,922,922,2118,2991,1483,1,0.99226697,-0.15000000,0.15000000,0.21213203,0.99226697,0.96368347,0.39393890,26.42598153,1.00779329,
V004,1484,switch,977,977,2991,2118,1483,1,0.92357945,2.55000000,-0.90000000,2.70416346,0.92357945,0.93983239,0.39393890,26.42598153,1.00736194,
V004,1485,reuse,977,922,2118,0,1484,1,0.96368347,-0.10000000,1.50000000,1.50332964,0.96368347,0.95879379,,,1.02688739,
V004,1485,reuse,922,977,2991,0,1484,1,0.93983239,2.10000000,-0.35000000,2.12896689,0.93983239,0.87490223,,,1.00536673,
V004,1486,reuse,1072,993,2871,0,1463,23,0.21129735,-4.35000000,79.35000000,79.46914496,,0.90550428,,,0.83159265,no_prev
V004,1487,switch,921,921,3310,3103,,,,,,,,0.90295040,,,,no_last_seen|no_prev|no_old
V004,1506,switch,1086,1086,3321,2754,1505,1,0.53478498,-0.45000000,35.35000000,35.35286410,0.53478498,0.79974051,0.22794782,53.33315104,1.24495693,
V004,1515,switch,1078,1078,3329,3111,1514,1,0.89084365,-2.85000000,-1.70000000,3.31850870,0.89084365,,0.29686935,13.71313239,0.90198578,no_next
V004,1523,switch,999,999,3328,3326,1522,1,0.91155312,0.15000000,-6.20000000,6.20181425,0.91155312,0.93359814,0.45183474,8.98053451,0.98801652,
V004,1523,switch,1083,1083,3055,2902,1522,1,0.95208053,-1.25000000,0.40000000,1.31244047,0.95208053,0.95358468,0.38667484,25.22548315,0.99095507,
V004,1523,reuse,1036,574,3076,0,1522,1,0.86780869,0.30000000,5.75000000,5.75782077,0.86780869,0.92987955,,,0.88125827,
V004,1524,reuse,1096,999,3328,0,1523,1,0.93359814,0.35000000,-3.45000000,3.46770818,0.93359814,0.97392882,,,0.96772133,
V004,1524,reuse,1141,1083,3055,0,1523,1,0.95358468,-1.05000000,-0.05000000,1.05118980,0.95358468,0.92465279,,,1.01304544,
V004,1531,switch,949,949,3339,3338,1519,12,0.73825423,-4.85000000,-5.25000000,7.14737714,,0.94884715,,,1.26340374,no_prev|no_old
V004,1534,switch,1096,1096,3326,3328,1533,1,0.87905771,1.60000000,-0.45000000,1.66207701,0.87905771,0.85639169,0.40793081,25.06970283,1.13758174,
V004,1535,switch,989,989,3359,3307,1534,1,0.97142089,0.10000000,0.95000000,0.95524866,0.97142089,0.96862149,,,1.02941990,no_old
V004,1535,reuse,999,1096,3326,0,1534,1,0.85639169,1.95000000,-1.20000000,2.28965063,0.85639169,0.90106135,,,1.15226159,
V004,1548,switch,1101,1101,3046,3302,1547,1,0.81199695,4.40000000,-1.90000000,4.79270279,0.81199695,0.85932089,,,0.95684610,no_old
V004,1550,switch,838,838,3077,3002,1549,1,0.88195788,-2.15000000,2.60000000,3.37379608,0.88195788,0.88640269,0.00000000,138.91710658,0.92382011,
V004,1551,reuse,1135,838,3077,0,1550,1,0.88640269,-0.80000000,2.50000000,2.62488095,0.88640269,,,,0.90468299,no_next
V004,1561,switch,1097,1097,2754,3281,1537,24,0.16181716,-35.80000000,-23.50000000,42.82394190,,,,,0.97665626,no_prev|no_next|no_old
V004,1570,switch,968,968,3363,3245,1569,1,0.95072722,-0.45000000,-2.05000000,2.09880919,0.95072722,0.96383450,,,0.96892695,no_old
V004,1572,switch,968,968,3245,3363,1569,3,0.75475072,-3.70000000,-7.15000000,8.05062109,,0.87117146,,,1.17116533,no_prev|no_old
V004,1573,switch,1101,1101,3351,3046,1572,1,0.91650913,1.30000000,-2.05000000,2.42744722,0.91650913,0.80968199,,,1.01749743,no_old
V004,1575,reuse,1086,1097,2754,0,1561,14,0.81436540,-2.80000000,-7.00000000,7.53923073,,0.94544998,,,1.18372699,no_prev
V004,1578,switch,1084,1084,2726,2731,1577,1,0.87367319,-2.80000000,1.10000000,3.00832179,0.87367319,0.87491623,0.13766421,38.31138865,1.05558791,
V004,1579,reuse,1098,1084,2726,0,1578,1,0.87491623,-2.50000000,-1.70000000,3.02324329,0.87491623,,,,0.93744033,no_next
V004,1584,switch,1102,1102,2731,3210,1583,1,0.82239804,-4.75000000,-0.95000000,4.84406854,0.82239804,0.88441059,,,0.96604707,no_old
V004,1585,switch,1095,1095,2754,2163,1584,1,0.91834440,2.00000000,-0.80000000,2.15406592,0.91834440,0.95046291,0.43190010,28.57708873,1.00000000,
V004,1585,switch,1097,1097,2163,2754,1584,1,0.90710590,-1.85000000,-1.40000000,2.32002155,0.90710590,0.92016439,0.43190010,28.57708873,0.97019538,
V004,1585,reuse,1084,1102,2731,0,1584,1,0.88441059,2.15000000,-1.50000000,2.62154535,0.88441059,0.83999325,,,0.92913680,
V004,1586,reuse,1097,1095,2754,0,1585,1,0.95046291,0.85000000,-1.35000000,1.59530561,0.95046291,0.83804558,,,1.00923188,
V004,1586,reuse,1095,1097,2163,0,1585,1,0.92016439,-1.55000000,-1.20000000,1.96022958,0.92016439,0.90178271,,,0.97856736,
V004,1587,switch,1101,1101,3046,3351,1581,6,0.79345621,4.35000000,-3.40000000,5.52109591,,0.98987475,,,1.01106035,no_prev|no_old
V004,1588,switch,1066,1066,2781,2812,1587,1,0.87681798,3.30000000,0.40000000,3.32415403,0.87681798,0.94153212,,,1.03148479,no_old
V004,1589,switch,1075,1075,2726,3204,1588,1,0.98195396,0.35000000,-0.30000000,0.46097722,0.98195396,0.88827043,,,0.99225027,no_old
V004,1589,reuse,1069,1066,2781,0,1588,1,0.94153212,1.60000000,-0.10000000,1.60312195,0.94153212,0.95328169,,,1.00050102,
V004,1590,switch,1098,1098,2731,2726,1589,1,0.74303503,4.95000000,-3.60000000,6.12066173,0.74303503,0.47160904,0.22593406,33.20033885,0.80549570,
V004,1590,reuse,1084,1075,2726,0,1589,1,0.88827043,2.60000000,-0.75000000,2.70601183,0.88827043,0.93394512,,,0.95238297,
V004,1591,switch,1084,1084,2731,2726,1590,1,0.47160904,15.85000000,6.85000000,17.26687580,0.47160904,0.88664987,0.51270802,17.35871539,1.49873457,
V004,1592,reuse,1102,1084,2731,0,1591,1,0.88664987,-2.00000000,-2.00000000,2.82842712,0.88664987,0.78250839,,,0.89802068,
V004,1598,reuse,1084,1098,2731,0,1595,3,0.16348254,-35.30000000,-1.85000000,35.34844410,,0.69944639,,,0.88674386,no_prev
V004,1604,switch,1102,1102,3402,2731,,,,,,,,0.91255019,0.00000000,60.60961145,,no_last_seen|no_prev
V004,1610,switch,1095,1095,2820,2754,1609,1,0.29289779,-25.90000000,-16.10000000,30.49622928,0.29289779,0.58119206,0.06554995,45.94045059,0.90343953,
V004,1611,reuse,1094,1095,2820,0,1610,1,0.58119206,-11.65000000,-7.05000000,13.61708486,0.58119206,0.81843500,,,1.02154077,
V004,1612,switch,1094,1094,3408,2820,,,,,,,,0.90320227,0.05697986,51.81433199,,no_last_seen|no_prev
V004,1614,switch,1091,1091,2820,2901,1613,1,0.88669512,-2.75000000,-1.30000000,3.04179223,0.88669512,0.91786009,0.38091053,28.29319706,0.99815838,
V004,1614,switch,1095,1095,2901,2820,1613,1,0.91130098,2.05000000,-1.15000000,2.35053185,0.91130098,0.91492710,0.38091053,28.29319706,0.99368718,
V004,1615,reuse,1095,1091,2820,0,1614,1,0.91786009,-1.65000000,-1.60000000,2.29836899,0.91786009,0.96753109,,,0.95528000,
V004,1615,reuse,1091,1095,2901,0,1614,1,0.91492710,1.60000000,-2.00000000,2.56124969,0.91492710,0.98025103,,,0.98958037,
V004,1619,switch,1094,1094,3417,3408,,,,,,,,0.90653212,0.01896922,58.98342988,,no_last_seen|no_prev
V004,1627,switch,1088,1088,3424,2905,,,,,,,,0.95241438,,,,no_last_seen|no_prev|no_old
V004,1629,switch,1091,1091,2754,2820,1628,1,0.82378619,3.50000000,4.15000000,5.42885808,0.82378619,0.97653107,0.44381922,19.76897822,1.01946410,
V004,1630,reuse,1095,1091,2754,0,1629,1,0.97653107,-0.20000000,1.05000000,1.06887792,0.97653107,0.94935992,,,1.00232378,
V004,1635,switch,1092,1092,3403,2839,1633,2,0.90306691,1.00000000,-4.10000000,4.22018957,,,,,1.02532439,no_prev|no_next|no_old
V004,1636,switch,1090,1090,3397,3002,1635,1,0.92676983,-1.75000000,1.05000000,2.04083316,0.92676983,0.94412555,,,1.00394668,no_old
V004,1636,switch,1092,1092,2820,2839,1635,1,0.84531030,-3.70000000,-1.45000000,3.97397786,0.84531030,0.74636944,,,0.95031821,no_old
V004,1637,switch,1092,1092,2839,2839,1634,3,0.86383565,-3.30000000,0.10000000,3.30151480,,0.93533110,1.00000000,0.00000000,1.04472849,no_prev
V004,1642,switch,884,884,3333,2589,1641,1,0.83215827,-5.70000000,-1.50000000,5.89406481,0.83215827,0.91275392,,,0.91833129,no_old
V004,1643,switch,1090,1090,3002,3002,1634,9,0.67316715,8.00000000,-7.45000000,10.93171990,,0.80642015,1.00000000,0.00000000,1.12748659,no_prev
V004,1643,reuse,508,884,3333,0,1642,1,0.91275392,-2.90000000,1.50000000,3.26496554,0.91275392,0.90378903,,,1.00235156,
V004,1646,switch,1102,1102,3209,3402,1645,1,0.56111768,11.55000000,2.55000000,11.82814440,0.56111768,0.81703497,,,1.19684277,no_old
V004,1648,switch,1015,1015,3445,3439,,,,,,,,0.86550382,0.58053619,6.01040764,,no_last_seen|no_prev
V004,1650,reuse,1100,1102,3209,0,1649,1,0.91511659,1.85000000,-0.35000000,1.88281704,0.91511659,0.90412625,,,0.98155410,
V004,1658,switch,1080,1080,3449,3130,1657,1,0.84981606,2.10000000,-4.95000000,5.37703450,0.84981606,0.90939095,0.39163705,23.81517373,0.89104393,
V004,1660,switch,508,508,3457,3333,,,,,,,,0.95268225,0.00000000,96.43543177,,no_last_seen|no_prev
V004,1661,switch,950,950,3454,3426,1660,1,0.83805389,-1.85000000,-9.75000000,9.92396090,0.83805389,0.90684415,,,1.12681992,no_old
V004,1662,switch,1047,1047,3461,3268,,,,,,,,0.94485639,,,,no_last_seen|no_prev|no_old
V004,1667,switch,1065,1065,3467,2906,,,,,,,,0.93028685,0.36010847,26.30019011,,no_last_seen|no_prev
V004,1676,reuse,1015,1018,3439,0,1675,1,0.54396832,-2.00000000,-30.90000000,30.96465727,0.54396832,0.79975106,,,0.81192454,
V004,1677,switch,1094,1094,2916,3417,1676,1,0.94593738,1.40000000,-0.15000000,1.40801278,0.94593738,0.90607529,,,0.99543726,no_old
V004,1678,switch,477,477,2698,3227,1677,1,0.91413100,-2.90000000,-1.00000000,3.06757233,0.91413100,0.89461039,0.41545942,26.86526568,0.98188969,
V004,1678,switch,642,642,3227,2698,1677,1,0.95999864,-0.65000000,1.25000000,1.40890028,0.95999864,0.96223332,0.41545942,26.86526568,1.02000280,
V004,1678,switch,1087,1087,3424,2916,1675,3,0.20361404,33.45000000,14.15000000,36.31976046,,0.78949439,0.33707614,30.14962686,1.27379465,no_prev
V004,1678,reuse,1087,1094,2916,0,1677,1,0.90607529,1.75000000,-2.20000000,2.81113856,0.90607529,0.97697070,,,1.03893334,
V004,1679,switch,1046,1046,3268,3347,1670,9,0.56278649,14.60000000,6.40000000,15.94114174,,0.98531811,,,1.03462757,no_prev|no_old
V004,1679,reuse,642,477,2698,0,1678,1,0.89461039,-3.05000000,-2.35000000,3.85032466,0.89461039,0.90089843,,,0.98112268,
V004,1679,reuse,477,642,3227,0,1678,1,0.96223332,-1.00000000,0.10000000,1.00498756,0.96223332,0.97123127,,,0.99213292,
V004,1679,reuse,1088,1087,3424,0,1678,1,0.78949439,5.00000000,4.10000000,6.46606526,0.78949439,0.88473682,,,1.03220913,
V004,1680,reuse,1047,1046,3268,0,1679,1,0.98531811,0.45000000,0.00000000,0.45000000,0.98531811,0.98907703,,,1.01490066,
V004,1687,switch,999,999,3461,3328,1686,1,0.93919169,1.05000000,-1.55000000,1.87216452,0.93919169,0.99031535,0.46814155,22.52137873,0.95845678,
V004,1687,switch,1047,1047,3328,3461,1686,1,0.95455116,0.85000000,-0.65000000,1.07004673,0.95455116,0.87321891,0.46814155,22.52137873,1.03737472,
V004,1688,switch,1097,1097,3473,2163,1686,2,0.86514079,0.30000000,-2.70000000,2.71661554,,0.85157765,,,0.86951211,no_prev|no_old
V004,1688,reuse,1047,999,3461,0,1687,1,0.99031535,-0.05000000,-0.45000000,0.45276926,0.99031535,0.92083137,,,0.99207834,
V004,1688,reuse,999,1047,3328,0,1687,1,0.87321891,2.45000000,-3.80000000,4.52133830,0.87321891,0.84164584,,,0.95860281,
V004,1690,switch,1090,1090,2163,3002,1689,1,0.86691344,1.25000000,4.05000000,4.23851389,0.86691344,0.98164533,,,1.15351771,no_old
V004,1691,reuse,1097,1090,2163,0,1690,1,0.98164533,-0.45000000,0.05000000,0.45276926,0.98164533,0.96347629,,,0.99894544,
V004,1706,switch,1020,1020,3496,3493,,,,,,,,0.97781995,0.41580519,52.24023832,,no_last_seen|no_prev
V004,1709,reuse,1020,466,3493,0,1708,1,0.93068218,-0.45000000,1.50000000,1.56604598,0.93068218,0.95540704,,,1.07448065,
V004,1711,switch,921,921,3499,3310,,,,,,,,0.87807999,0.35895521,23.33623791,,no_last_seen|no_prev
V004,1712,switch,990,990,3310,3332,1711,1,0.69813675,-7.20000000,7.05000000,10.07682986,0.69813675,,,,1.14909253,no_next|no_old
V004,1715,switch,991,991,3502,3498,,,,,,,,0.89062145,0.46679301,31.25036000,,no_last_seen|no_prev
V004,1717,reuse,921,990,3310,0,1712,5,0.16129627,-39.60000000,-9.00000000,40.60985102,,0.72609481,,,0.92772338,no_prev
V004,1722,switch,791,791,3030,3166,1721,1,0.91029434,-1.95000000,-3.10000000,3.66230802,0.91029434,0.92571120,,,0.94611350,no_old
V004,1723,reuse,792,791,3030,0,1722,1,0.92571120,-1.60000000,-2.40000000,2.88444102,0.92571120,0.89400456,,,0.96030059,
V004,1729,switch,542,542,3508,3278,,,,,,,,0.88190474,,,,no_last_seen|no_prev|no_old
V004,1737,switch,792,792,3166,3030,1736,1,0.69843041,-10.25000000,4.85000000,11.33953262,0.69843041,0.94297416,0.42350339,41.27484101,1.02217676,
V004,1741,switch,921,921,3359,3499,1740,1,0.85369310,-3.25000000,-2.70000000,4.22522189,0.85369310,0.96846159,,,0.98276320,no_old
V004,1742,switch,989,989,3499,3359,1740,2,0.51893516,-14.40000000,8.95000000,16.95471911,,0.84355310,0.37105921,25.33426533,1.15635452,no_prev
V004,1742,reuse,989,921,3359,0,1741,1,0.96846159,-0.35000000,-1.30000000,1.34629120,0.96846159,0.92098305,,,0.98545277,
V004,1743,reuse,921,989,3499,0,1742,1,0.84355310,-3.80000000,2.70000000,4.66154481,0.84355310,0.94981580,,,1.06117653,
V004,1746,switch,902,902,3513,2348,,,,,,,,0.91990811,,,,no_last_seen|no_prev|no_old
V004,1747,switch,1051,1051,3202,2498,1746,1,0.95488913,-0.40000000,-1.45000000,1.50416090,0.95488913,0.95906433,,,0.96652730,no_old
V004,1748,reuse,1209,1051,3202,0,1747,1,0.95906433,-0.60000000,0.85000000,1.04043260,0.95906433,0.98132750,,,1.03623913,
V004,1755,switch,1101,1101,3202,3046,1754,1,0.95154726,1.15000000,0.35000000,1.20208153,0.95154726,0.98882694,,,1.01243138,no_old
V004,1756,reuse,1051,1101,3202,0,1755,1,0.98882694,0.25000000,0.10000000,0.26925824,0.98882694,0.96083638,,,1.00344733,
V004,1761,switch,962,962,3029,3279,1760,1,0.97920087,0.15000000,1.00000000,1.01118742,0.97920087,0.95198806,,,1.01192645,no_old
V004,1762,switch,403,403,3521,3345,,,,,,,,0.86826188,,,,no_last_seen|no_prev|no_old
V004,1762,reuse,1057,962,3029,0,1761,1,0.95198806,-1.00000000,-0.65000000,1.19268604,0.95198806,0.94871444,,,1.01879085,
V004,1763,switch,552,552,3523,3516,,,,,,,,0.91043390,0.43551587,14.69098363,,no_last_seen|no_prev
V004,1764,switch,1099,1099,3383,3407,1736,28,0.29401466,24.80000000,13.85000000,28.40532520,,0.92963656,,,2.02304024,no_prev|no_old
V004,1765,switch,958,958,2061,3098,1752,13,0.23895137,32.45000000,1.15000000,32.47037111,,0.94942556,,,1.04197905,no_prev|no_old
V004,1765,reuse,1043,1099,3383,0,1764,1,0.92963656,-0.50000000,-0.80000000,0.94339811,0.92963656,0.91489215,,,0.92963656,
V004,1765,reuse,552,544,3516,0,1764,1,0.80395986,-0.40000000,13.65000000,13.65585955,0.80395986,0.85697465,,,1.01414615,
V004,1766,reuse,1085,958,2061,0,1765,1,0.94942556,1.20000000,0.35000000,1.25000000,0.94942556,0.96902128,,,1.00533049,
V004,1769,switch,791,791,3166,3030,1768,1,0.82774971,-5.55000000,-0.55000000,5.57718567,0.82774971,0.83041609,0.45844325,25.58070562,1.02408676,
V004,1769,switch,792,792,3030,3030,1768,1,0.76575951,-5.15000000,-5.30000000,7.39002706,0.76575951,,1.00000000,0.00000000,0.92939503,no_next
V004,1776,reuse,791,792,3030,0,1769,7,0.23467210,-32.35000000,-8.35000000,33.41025292,,0.86889297,,,1.08736825,no_prev
V004,1780,switch,990,990,3513,3310,1779,1,0.93044426,2.20000000,0.70000000,2.30867928,0.93044426,0.95178022,,,1.00187869,no_old
V004,1781,reuse,902,990,3513,0,1780,1,0.95178022,-0.35000000,3.05000000,3.07001629,0.95178022,,,,0.99975097,no_next
V004,1782,switch,958,958,3098,2061,1764,18,0.73924136,0.70000000,-8.40000000,8.42911621,,0.95041486,,,0.74564560,no_prev|no_old
V004,1782,switch,990,990,3310,3513,1779,3,0.61882558,-15.80000000,-0.40000000,15.80506248,,0.81617948,,,0.97245986,no_prev|no_old
V004,1783,switch,961,961,3035,3027,1782,1,0.86650706,-2.15000000,-2.80000000,3.53022662,0.86650706,0.93542900,,,0.92089825,no_old
V004,1784,switch,960,960,3070,3145,1783,1,0.88614740,1.40000000,2.90000000,3.22024844,0.88614740,0.92457024,,,1.12420637,no_old
V004,1784,reuse,1052,961,3035,0,1783,1,0.93542900,-1.60000000,0.10000000,1.60312195,0.93542900,0.95399554,,,1.01629328,
V004,1785,switch,979,979,2865,2093,1784,1,0.97871249,-0.05000000,-0.00000000,0.05000000,0.97871249,0.94073675,0.37711371,25.13866544,1.00598024,
V004,1785,switch,981,981,2093,2865,1784,1,0.88652897,2.20000000,-0.55000000,2.26770809,0.88652897,0.87139338,0.37711371,25.13866544,1.01056355,
V004,1785,reuse,1055,960,3070,0,1784,1,0.92457024,-1.15000000,1.75000000,2.09403916,0.92457024,0.84092040,,,1.07753382,
V004,1786,reuse,981,979,2865,0,1785,1,0.94073675,1.55000000,-0.70000000,1.70073514,0.94073675,0.93278674,,,0.97117311,
V004,1786,reuse,979,981,2093,0,1785,1,0.87139338,2.40000000,1.00000000,2.60000000,0.87139338,0.86187845,,,1.07513860,
V004,1787,switch,960,960,3145,3070,1786,1,0.93957527,0.70000000,-2.10000000,2.21359436,0.93957527,0.96923969,,,0.97384438,no_old
V004,1801,reuse,962,957,3279,0,1799,2,0.77392709,5.90000000,-0.15000000,5.90190647,,0.85820624,,,1.00982759,no_prev
V004,1808,switch,960,960,3027,3145,1792,16,0.41321000,23.45000000,1.35000000,23.48882713,,0.96745635,,,1.03187411,no_prev|no_old
V004,1809,reuse,961,960,3027,0,1808,1,0.96745635,0.90000000,-0.00000000,0.90000000,0.96745635,0.97506310,,,0.99863599,
V004,1811,switch,1055,1055,3145,3070,1807,4,0.17124298,30.75000000,-8.40000000,31.87667643,,0.83260937,,,0.71563753,no_prev|no_old
V004,1812,switch,552,552,3540,3523,1810,2,0.69462774,11.55000000,-2.00000000,11.72188125,,0.82245982,0.39115233,49.27499366,1.11038655,no_prev
V004,1812,reuse,960,1055,3145,0,1811,1,0.83260937,3.35000000,-1.05000000,3.51069794,0.83260937,0.94819821,,,0.97978698,
V004,1813,reuse,1053,959,3110,0,1812,1,0.60531651,10.40000000,-1.45000000,10.50059522,0.60531651,0.77143398,,,0.93926141,
V004,1816,switch,527,527,3557,3553,1815,1,0.86462185,3.85000000,-0.85000000,3.94271480,0.86462185,0.88413798,,,1.03037135,no_old
V004,1817,switch,956,956,3547,3093,1814,3,0.76070487,5.20000000,4.55000000,6.90959478,,0.92313171,,,1.22095436,no_prev|no_old
V004,1820,reuse,959,1053,3110,0,1819,1,0.93490834,-1.80000000,-0.05000000,1.80069431,0.93490834,0.78814834,,,1.00126904,
V004,1821,switch,552,552,3523,3540,1820,1,0.73497104,8.15000000,6.25000000,10.27058908,0.73497104,0.86592133,,,1.08050973,no_old
V004,1821,reuse,1053,959,3110,0,1820,1,0.78814834,4.05000000,4.05000000,5.72756493,0.78814834,0.88623287,,,1.18692573,
V004,1824,switch,959,959,3279,3110,1823,1,0.96712503,0.00000000,0.75000000,0.75000000,0.96712503,0.93750000,0.60086673,11.53971403,1.03399247,
V004,1825,reuse,957,959,3279,0,1824,1,0.93750000,0.85000000,-0.95000000,1.27475488,0.93750000,,,,0.94509804,no_next
V004,1826,switch,552,552,3540,3523,1825,1,0.84442645,3.20000000,-6.80000000,7.51531769,0.84442645,0.91323369,,,1.09080395,no_old
V004,1826,switch,959,959,3110,3279,1825,1,0.68417310,7.80000000,-0.85000000,7.84617741,0.68417310,0.89050819,,,0.96433484,no_old
V004,1833,switch,962,962,3145,3029,1832,1,0.79485151,5.85000000,2.75000000,6.46413181,0.79485151,0.95106706,,,1.10142627,no_old
V004,1834,reuse,1055,962,3145,0,1833,1,0.95106706,1.20000000,-0.65000000,1.36473441,0.95106706,0.96493525,,,1.00970594,
V004,1838,switch,552,552,3523,3540,1837,1,0.87911573,4.15000000,0.10000000,4.15120464,0.87911573,0.84646086,,,1.00489916,no_old
V004,1843,switch,552,552,3540,3523,1842,1,0.85225309,2.50000000,-7.10000000,7.52728371,0.85225309,0.85765389,,,1.06514908,no_old
V004,1843,switch,959,959,3029,3110,1842,1,0.91507799,0.05000000,-1.10000000,1.10113578,0.91507799,,0.40788177,12.18523697,0.96969697,no_next
V004,1844,switch,959,959,3110,3110,1843,1,0.89369319,-0.90000000,0.95000000,1.30862523,0.89369319,0.89316988,1.00000000,0.00000000,1.10791604,
V004,1845,switch,959,959,3029,3110,1843,2,0.77444095,3.95000000,-0.15000000,3.95284708,,0.68434515,0.59510460,7.11705698,1.07292347,no_prev
V004,1846,reuse,962,959,3029,0,1845,1,0.68434515,-2.55000000,4.25000000,4.95630911,0.68434515,0.92305842,,,1.46125096,
V004,1850,switch,962,962,3279,3145,1849,1,0.83064709,5.90000000,0.45000000,5.91713613,0.83064709,0.96100123,0.53717593,18.93105914,1.04199771,
V004,1850,switch,996,996,2844,2572,1849,1,0.91028526,1.75000000,-1.50000000,2.30488611,0.91028526,0.96410589,,,0.95153958,no_old
V004,1850,switch,997,997,3583,2844,1849,1,0.97531140,-0.25000000,0.75000000,0.79056942,0.97531140,0.99302873,0.42101769,21.07937380,0.97531140,
V004,1851,switch,959,959,3110,3029,1850,1,0.98613139,0.20000000,0.20000000,0.28284271,0.98613139,0.95135214,0.27990014,14.52480637,1.00333152,
V004,1851,reuse,959,962,3279,0,1850,1,0.96100123,0.85000000,0.70000000,1.10113578,0.96100123,0.57368227,,,0.97484134,
V004,1851,reuse,997,996,2844,0,1850,1,0.96410589,0.60000000,-0.70000000,0.92195445,0.96410589,0.96825054,,,0.98261683,
V004,1851,reuse,443,539,3555,0,1850,1,0.91118308,-1.40000000,-2.45000000,2.82179021,0.91118308,0.93953645,,,0.92936542,
V004,1854,switch,959,959,3279,3110,1853,1,0.92950816,-0.75000000,-1.05000000,1.29034879,0.92950816,,,,0.95851868,no_next|no_old
V004,1855,switch,959,959,3110,3110,1853,2,0.98385693,0.35000000,0.10000000,0.36400549,,0.97322178,1.00000000,0.00000000,0.98385693,no_prev
V004,1856,switch,552,552,3523,3540,1855,1,0.73324355,5.80000000,11.00000000,12.43543325,0.73324355,0.82865110,,,0.99741602,no_old
V004,1862,switch,443,443,3595,3555,,,,,,,,0.97941650,0.00000000,92.02241575,,no_last_seen|no_prev
V004,1865,switch,993,993,3231,2871,1864,1,0.70897358,-6.50000000,5.85000000,8.74485563,0.70897358,0.85795214,0.66187377,11.79576195,1.33650062,
V004,1866,reuse,994,993,3231,0,1865,1,0.85795214,-4.15000000,1.75000000,4.50388721,0.85795214,0.97759721,,,1.05493912,
V004,1867,switch,552,552,3540,3523,1863,4,0.55729338,17.60000000,-3.95000000,18.03780752,,,,,0.99901930,no_prev|no_next|no_old
V004,1874,switch,552,552,3523,3540,1866,8,0.23553170,39.20000000,6.25000000,39.69511935,,0.89824496,,,0.97654197,no_prev|no_old
V004,1874,reuse,571,914,3335,0,1873,1,0.95330685,-0.15000000,2.35000000,2.35478237,0.95330685,0.95147290,,,0.95558452,
V004,1875,switch,571,571,3609,3335,,,,,,,,0.87875620,0.50676023,39.95901025,,no_last_seen|no_prev
V004,1881,switch,443,443,3617,3595,,,,,,,,,0.69979531,4.94064773,,no_last_seen|no_prev|no_next
V004,1885,switch,443,443,3619,3595,1884,1,0.94427966,-0.50000000,-1.65000000,1.72409396,0.94427966,0.89085677,,,0.96146245,no_old
V004,1889,switch,993,993,2871,3231,1888,1,0.90130315,2.30000000,0.15000000,2.30488611,0.90130315,0.98147837,0.34220036,23.36931749,1.02677893,
V004,1893,switch,993,993,3231,2871,1892,1,0.93064088,0.20000000,1.10000000,1.11803399,0.93064088,0.94682835,,,1.06800466,no_old
V004,1895,switch,443,443,3595,3619,1881,14,0.60911562,-0.45000000,-35.00000000,35.00289274,,,0.63307673,4.95429107,0.90011674,no_prev|no_next
V004,1895,switch,552,552,3540,3523,1894,1,0.86766832,3.30000000,3.20000000,4.59673797,0.86766832,0.81621915,,,1.07990997,no_old
V004,1897,switch,552,552,3523,3540,1896,1,0.86746461,4.30000000,-1.20000000,4.46430286,0.86746461,0.91394687,,,1.00029998,no_old
V004,1899,switch,443,443,3617,3595,1898,1,0.87602082,-0.85000000,-3.45000000,3.55316760,0.87602082,0.88594866,0.65570984,5.55090083,1.01007731,
V004,1903,switch,539,539,3628,3555,,,,,,,,,0.32710446,61.45113913,,no_last_seen|no_prev|no_next
V004,1906,switch,968,968,3184,3245,1905,1,0.97181223,0.40000000,0.35000000,0.53150729,0.97181223,0.96831398,,,1.02900537,no_old
V004,1907,reuse,966,968,3184,0,1906,1,0.96831398,-0.75000000,0.05000000,0.75166482,0.96831398,0.92714161,,,1.00073813,
V004,1908,switch,443,443,3595,3617,1904,4,0.76274353,-1.05000000,-11.00000000,11.05000000,,0.89092280,,,1.02359069,no_prev|no_old
V004,1908,switch,993,993,3268,3231,1903,5,0.31023785,26.80000000,0.85000000,26.81347609,,0.92947402,,,1.09490741,no_prev|no_old
V004,1909,reuse,1046,993,3268,0,1908,1,0.92947402,1.50000000,-0.40000000,1.55241747,0.92947402,0.94678537,,,0.97939087,
V004,1911,switch,427,427,3540,2832,1910,1,0.91250490,2.80000000,-0.70000000,2.88617394,0.91250490,0.86439782,0.53115219,36.31132743,1.01850071,
V004,1911,switch,443,443,3619,3595,1910,1,0.95467035,-0.35000000,-1.65000000,1.68671278,0.95467035,0.82094211,,,1.00387393,no_old
V004,1912,reuse,552,427,3540,0,1911,1,0.86439782,-3.50000000,-3.30000000,4.81040539,0.86439782,0.93757145,,,0.95114137,
V004,1913,switch,967,967,3102,3188,1912,1,0.75911463,6.10000000,0.25000000,6.10512080,0.75911463,0.85435894,,,1.02702196,no_old
V004,1914,reuse,971,967,3102,0,1913,1,0.85435894,2.60000000,-1.20000000,2.86356421,0.85435894,,,,0.93054409,no_next
V004,1915,switch,993,993,3258,3268,1898,17,0.18912991,-30.40000000,-6.30000000,31.04593371,,0.92652646,0.45698187,8.90126396,0.65883709,no_prev
V004,1916,reuse,998,993,3258,0,1915,1,0.92652646,-0.15000000,-1.60000000,1.60701587,0.92652646,0.93899782,,,0.93063862,
V004,1917,switch,1021,1021,3145,3276,1916,1,0.91928910,2.95000000,0.10000000,2.95169443,0.91928910,,0.45432319,41.81868601,0.95061094,no_next
V004,1918,switch,1021,1021,3261,3276,1917,1,0.73787311,4.50000000,3.90000000,5.95482997,0.73787311,0.73807148,0.20644282,62.35114273,1.21533093,
V004,1919,switch,969,969,3102,3197,1918,1,0.87846556,-2.50000000,0.75000000,2.61007663,0.87846556,0.92743298,0.58091066,10.65750909,1.05748663,
V004,1919,reuse,965,1021,3261,0,1918,1,0.73807148,-4.10000000,-4.80000000,6.31268564,0.73807148,0.84765457,,,0.81629760,
V004,1920,reuse,1021,965,3261,0,1919,1,0.84765457,0.00000000,3.65000000,3.65000000,0.84765457,,,,1.15734099,no_next
V004,1920,reuse,967,969,3102,0,1919,1,0.92743298,-1.45000000,-0.45000000,1.51822265,0.92743298,,,,0.97001264,no_next
V004,1921,switch,969,969,3197,3102,1920,1,0.92160649,-1.65000000,-0.65000000,1.77341479,0.92160649,0.84566975,,,1.01859001,no_old
V004,1923,switch,969,969,3102,3197,1922,1,0.82381687,-1.60000000,3.85000000,4.16923254,0.82381687,0.95841111,,,1.21054288,no_old
V004,1925,switch,1021,1021,3279,3261,1924,1,0.64620412,-8.20000000,3.95000000,9.10178554,0.64620412,0.86688098,0.27705810,27.25114676,1.24525305,
V004,1926,switch,997,997,3258,3583,1924,2,0.83294796,3.85000000,2.45000000,4.56344168,,0.94096021,,,1.12275833,no_prev|no_old
V004,1926,reuse,962,1021,3279,0,1925,1,0.86688098,-0.55000000,-2.65000000,2.70647372,0.86688098,0.96987701,,,0.86688098,
V004,1927,reuse,993,997,3258,0,1926,1,0.94096021,-0.15000000,-0.75000000,0.76485293,0.94096021,0.90116338,,,0.94096021,
V004,1929,switch,997,997,3583,3258,1925,4,0.62792818,-9.00000000,-4.10000000,9.88989383,,0.89568052,,,0.78511525,no_prev|no_old
V004,1931,switch,1021,1021,3261,3279,1930,1,0.87744325,3.05000000,-0.35000000,3.07001629,0.87744325,0.85429632,0.26631617,26.38076951,0.99234554,
V004,1932,reuse,965,1021,3261,0,1931,1,0.85429632,2.85000000,-1.60000000,3.26840940,0.85429632,0.93591981,,,0.92615243,
V004,1936,switch,947,947,3641,3412,,,,,,,,0.95145659,0.34442507,23.40048076,,no_last_seen|no_prev
V004,1940,switch,965,965,3145,3261,1917,23,0.22006832,-27.65000000,-22.35000000,35.55341053,,0.95580763,,,0.36974794,no_prev|no_old
V004,1941,reuse,962,965,3145,0,1940,1,0.95580763,0.20000000,0.20000000,0.28284271,0.95580763,0.95394002,,,1.04623563,
V004,1946,switch,985,985,3261,3190,1945,1,0.92105263,0.85000000,-1.85000000,2.03592731,0.92105263,0.83360853,0.59479003,10.26864158,0.93217535,
V004,1947,switch,1021,1021,3190,3261,1946,1,0.66059947,-6.80000000,-2.25000000,7.16257635,0.66059947,0.84027215,0.33803587,20.77366121,0.89730144,
V004,1947,reuse,1021,985,3261,0,1946,1,0.83360853,3.20000000,2.25000000,3.91184100,0.83360853,0.95991704,,,1.11763103,
V004,1948,reuse,985,1021,3190,0,1947,1,0.84027215,-2.40000000,-1.50000000,2.83019434,0.84027215,0.75606603,,,0.94821279,
V004,1955,switch,1020,1020,3656,3496,1954,1,0.93887521,-1.00000000,0.05000000,1.00124922,0.93887521,0.93775751,,,1.05330368,no_old
V004,1960,switch,541,541,3628,3601,1958,2,0.46244636,-7.10000000,-46.90000000,47.43437572,,0.86192413,,,0.85471567,no_prev|no_old
V004,1961,switch,539,539,3601,3628,1951,10,0.00000000,-81.75000000,29.90000000,87.04638131,,0.86170240,0.29525809,55.66080308,1.10715491,no_prev
V004,1961,reuse,539,541,3628,0,1960,1,0.86192413,-1.75000000,-7.55000000,7.75016129,0.86192413,0.82516446,,,1.00778042,
V004,1962,reuse,541,539,3601,0,1961,1,0.86170240,-4.20000000,-1.75000000,4.55000000,0.86170240,,,,1.08081569,no_next
V004,1963,switch,941,941,3511,3391,1962,1,0.97334005,0.45000000,0.40000000,0.60207973,0.97334005,0.95265390,,,1.01699631,no_old
V004,1964,reuse,940,941,3511,0,1963,1,0.95265390,0.15000000,-1.30000000,1.30862523,0.95265390,0.92260506,,,0.95265390,
V004,1972,reuse,967,1208,3188,0,1940,32,0.00000000,145.70000000,-33.80000000,149.56914789,,0.95752526,,,0.92500146,no_prev
V004,1985,switch,466,466,3531,3493,1957,28,0.00000000,-92.00000000,-31.05000000,97.09841657,,0.86084008,,,1.07697033,no_prev|no_old
V004,1986,reuse,939,466,3531,0,1985,1,0.86084008,-3.95000000,0.90000000,4.05123438,0.86084008,0.90773296,,,0.98686620,
V004,1990,switch,466,466,3493,3531,1984,6,0.48348920,-17.45000000,-5.60000000,18.32655178,,0.92006694,0.45486821,19.66322710,0.91403625,no_prev
V004,1998,switch,939,939,3506,3531,1997,1,0.91867396,2.00000000,-0.60000000,2.08806130,0.91867396,0.56850148,,,0.97185539,no_old
V004,1999,switch,944,944,3641,3384,1998,1,0.87170691,0.10000000,-3.80000000,3.80131556,0.87170691,0.91137745,,,0.87170691,no_old
V004,2000,reuse,947,944,3641,0,1999,1,0.91137745,0.80000000,-2.40000000,2.52982213,0.91137745,0.95761856,,,0.91137745,
V004,2002,switch,539,539,3628,3601,2001,1,0.80050777,-5.20000000,7.70000000,9.29139387,0.80050777,0.68994887,,,1.07737188,no_old
V004,2003,reuse,541,539,3628,0,2002,1,0.68994887,-11.90000000,5.85000000,13.26018476,0.68994887,0.77249509,,,0.96066887,
V004,2004,switch,541,541,3684,3628,,,,,,,,0.92476873,0.45690691,29.90091972,,no_last_seen|no_prev
V004,2007,switch,903,903,3681,2862,2005,2,0.89170548,3.70000000,1.45000000,3.97397786,,0.98464976,,,0.94346775,no_prev|no_old
V004,2007,switch,947,947,3339,3641,2006,1,0.95233146,-0.85000000,-1.00000000,1.31244047,0.95233146,0.93746479,0.22719493,33.39015573,0.97191210,
V004,2008,reuse,949,947,3339,0,2007,1,0.93746479,-1.20000000,-0.90000000,1.50000000,0.93746479,0.94501281,,,0.96626644,
V004,2010,switch,541,541,3601,3684,2007,3,0.64299669,-13.55000000,-7.80000000,15.63465702,,,,,0.86593985,no_prev|no_next|no_old
V004,2011,switch,949,949,3641,3339,2010,1,0.89900923,0.25000000,1.45000000,1.47139390,0.89900923,0.95958033,0.21840127,33.56787899,1.10904539,
V004,2012,reuse,944,949,3641,0,2011,1,0.95958033,0.80000000,0.20000000,0.82462113,0.95958033,0.93817705,,,1.03298522,
V004,2013,switch,939,939,3687,3531,,,,,,,,0.86018586,,,,no_last_seen|no_prev|no_old
V004,2015,switch,1020,1020,3511,3656,2014,1,0.90129443,2.60000000,1.45000000,2.97699513,0.90129443,0.82486445,,,1.03927807,no_old
V004,2016,reuse,941,1020,3511,0,2015,1,0.82486445,-6.45000000,-0.65000000,6.48266920,0.82486445,0.82836973,,,0.94399779,
V004,2021,switch,1012,1012,2099,3185,2020,1,0.89129709,0.80000000,-1.60000000,1.78885438,0.89129709,0.91454220,,,0.89129709,no_old
V004,2022,reuse,976,1012,2099,0,2021,1,0.91454220,-1.30000000,-0.65000000,1.45344419,0.91454220,0.94149916,,,0.95208276,
V004,2023,reuse,1012,976,2099,0,2022,1,0.94149916,-0.35000000,0.75000000,0.82764727,0.94149916,0.83525768,,,1.05781270,
V004,2024,switch,509,509,3697,3375,,,,,,,,0.94305221,,,,no_last_seen|no_prev|no_old
V004,2026,reuse,976,1012,2099,0,2025,1,0.87870584,1.45000000,-1.65000000,2.19658826,0.87870584,0.90183223,,,0.89699770,
V004,2027,switch,976,976,3185,2099,2026,1,0.60870155,6.95000000,4.35000000,8.19908531,0.60870155,0.82019331,0.43776556,14.78859358,1.37233695,
V004,2027,reuse,539,541,3601,0,2010,17,0.02777694,-71.00000000,27.50000000,76.13967428,,0.84085057,,,1.16786683,no_prev
V004,2028,reuse,1012,976,3185,0,2027,1,0.82019331,1.90000000,-3.15000000,3.67865465,0.82019331,,,,0.85534697,no_next
V004,2032,switch,918,918,3701,3700,2030,2,0.74184078,3.20000000,5.40000000,6.27694193,,0.83952375,,,0.97134581,no_prev|no_old
V004,2033,switch,939,939,3703,3687,,,,,,,,,,,,no_last_seen|no_prev|no_next|no_old
V004,2033,switch,1015,1015,3493,3445,2032,1,0.83625998,3.45000000,-1.55000000,3.78219513,0.83625998,,,,0.95178071,no_next|no_old
V004,2034,switch,1015,1015,3445,3445,2026,8,0.50959823,11.60000000,-6.50000000,13.29699214,,0.92182467,1.00000000,0.00000000,0.79058358,no_prev
V004,2036,switch,939,939,3506,3687,2035,1,0.74044597,0.40000000,1.05000000,1.12361025,0.74044597,0.83453255,,,0.74044597,no_old
V004,2037,reuse,467,939,3506,0,2036,1,0.83453255,-2.55000000,-3.45000000,4.29010489,0.83453255,0.87462220,,,0.94119321,
V004,2038,switch,539,539,3589,3628,2037,1,0.89379976,-4.30000000,0.55000000,4.33503172,0.89379976,0.93158589,0.57571442,40.90003056,1.01174176,
V004,2038,switch,540,540,3628,3589,2037,1,0.93698692,-2.35000000,-0.60000000,2.42538657,0.93698692,0.90890259,0.57571442,40.90003056,1.02408311,
V004,2039,reuse,540,539,3589,0,2038,1,0.93158589,-2.50000000,0.55000000,2.55978515,0.93158589,0.90035161,,,1.02521883,
V004,2039,reuse,539,540,3628,0,2038,1,0.90890259,-3.35000000,1.75000000,3.77955024,0.90890259,0.83692836,,,0.99388510,
V004,2041,switch,466,466,3474,3493,2040,1,0.39452247,-9.15000000,19.70000000,21.72124536,0.39452247,0.73310064,,,2.51237366,no_old
V004,2041,switch,467,467,3445,3506,2040,1,0.92331919,-1.80000000,0.80000000,1.96977156,0.92331919,0.85524594,0.39418967,21.01029510,1.02715331,
V004,2042,reuse,1016,466,3474,0,2041,1,0.73310064,-7.25000000,5.25000000,8.95125689,0.73310064,0.82282480,,,1.18023800,
V004,2042,reuse,1015,467,3445,0,2041,1,0.85524594,-4.20000000,0.45000000,4.22403835,0.85524594,0.77570243,,,1.00621670,
V004,2043,switch,1015,1015,3506,3445,2042,1,0.78061786,-2.30000000,-5.05000000,5.54909903,0.78061786,0.86353853,0.21424789,33.25838240,0.83686709,
V004,2044,reuse,939,1015,3506,0,2043,1,0.86353853,2.40000000,0.25000000,2.41298570,0.86353853,0.81703030,,,1.07030129,
V004,2044,reuse,918,525,3700,0,2031,13,0.53830535,-2.75000000,28.10000000,28.23424339,,0.87903071,,,0.75879145,no_prev
V004,2047,switch,976,976,2099,3185,2046,1,0.94117405,1.35000000,-0.15000000,1.35830777,0.94117405,0.83697581,,,0.99573137,no_old
V004,2049,switch,939,939,3445,3506,2048,1,0.88563235,0.05000000,-3.20000000,3.20039060,0.88563235,0.88069329,0.00000000,46.20676357,0.88563235,
V004,2050,reuse,467,939,3445,0,2049,1,0.88069329,1.85000000,-2.10000000,2.79866039,0.88069329,0.71505927,,,0.92303336,
V004,2052,reuse,939,467,3445,0,2051,1,0.25339243,-23.45000000,12.45000000,26.55004708,0.25339243,0.72660572,,,1.74858462,
V004,2054,switch,542,542,3719,3508,,,,,,,,0.77117341,,,,no_last_seen|no_prev|no_old
V004,2055,switch,977,977,3203,2991,2048,7,0.67780068,-4.95000000,4.20000000,6.49172550,,0.93543466,,,1.39494385,no_prev|no_old
V004,2056,reuse,1004,977,3203,0,2055,1,0.93543466,1.35000000,0.35000000,1.39463257,0.93543466,0.80602305,,,1.01586506,
V004,2063,switch,939,939,3723,3445,,,,,,,,0.93406438,0.22669173,30.85854825,,no_last_seen|no_prev
V004,2070,switch,876,876,3728,3726,,,,,,,,0.63944390,0.57023581,7.34931970,,no_last_seen|no_prev
V004,2075,switch,504,504,3715,3400,2074,1,0.94089674,0.25000000,2.50000000,2.51246891,0.94089674,0.94101997,,,0.95339028,no_old
V004,2076,switch,466,466,3729,3474,2075,1,0.35145154,-1.55000000,12.70000000,12.79423698,0.35145154,0.73133944,0.51541554,17.79620746,2.84534251,
V004,2076,reuse,1020,1199,3656,0,2075,1,0.87396820,-0.30000000,-1.50000000,1.52970585,0.87396820,0.90302234,,,0.89528238,
V004,2094,switch,552,552,3740,3523,2093,1,0.89556994,1.30000000,-4.95000000,5.11786088,0.89556994,0.95437661,,,0.99608677,no_old
V004,2101,reuse,552,476,3523,0,2093,8,0.55741042,1.95000000,-21.30000000,21.38907431,,0.91213033,,,0.62725710,no_prev
V004,2112,reuse,876,531,3726,0,2096,16,0.80680325,0.75000000,-3.75000000,3.82426464,,0.89153855,,,0.85071993,no_prev
V004,2122,switch,542,542,3126,3719,2121,1,0.86835668,-1.20000000,-0.75000000,1.41509717,0.86835668,0.93910019,,,0.86835668,no_old
V004,2122,reuse,953,492,3422,0,2121,1,0.86588475,2.55000000,-3.75000000,4.53486494,0.86588475,0.95853072,,,0.92814742,
V004,2127,switch,1198,1198,3762,2995,,,,,,,,0.96368942,,,,no_last_seen|no_prev|no_old
V004,2141,switch,477,477,3523,2698,2140,1,0.96900524,0.70000000,-0.05000000,0.70178344,0.96900524,0.91013456,,,1.01881995,no_old
V004,2141,switch,593,593,3757,3753,2140,1,0.90238957,-4.65000000,0.20000000,4.65429909,0.90238957,,,,0.98225312,no_next|no_old
V004,2142,switch,593,593,3753,3753,2140,2,0.82786926,7.20000000,-2.45000000,7.60542569,,0.93215077,1.00000000,0.00000000,1.06193224,no_prev
V004,2142,reuse,476,477,3523,0,2141,1,0.91013456,1.80000000,0.65000000,1.91376592,0.91013456,0.95034827,,,1.05863534,
V004,2144,switch,453,453,3766,3465,2141,3,0.77173746,1.60000000,-10.05000000,10.17656622,,0.88439546,,,1.02617645,no_prev|no_old
V004,2146,switch,552,552,2698,3740,2145,1,0.89069173,-2.05000000,1.65000000,2.63153947,0.89069173,0.86560885,,,1.07064108,no_old
V004,2147,reuse,477,552,2698,0,2146,1,0.86560885,3.30000000,0.95000000,3.43402097,0.86560885,0.92094604,,,1.02690118,
V004,2147,reuse,885,533,3663,0,2145,2,0.68509912,0.95000000,19.05000000,19.07367296,,0.90994809,,,1.21904570,no_prev
V004,2148,switch,394,394,3589,3764,2147,1,0.92278033,2.70000000,-0.70000000,2.78926514,0.92278033,0.87442177,,,1.03484524,no_old
V004,2149,reuse,539,394,3589,0,2148,1,0.87442177,5.15000000,-0.25000000,5.15606439,0.87442177,0.89746877,,,1.01543247,
V004,2150,switch,535,535,2060,2141,2149,1,0.81603354,3.00000000,-8.10000000,8.63770803,0.81603354,0.94007971,,,1.01406773,no_old
V004,2150,reuse,555,808,2167,0,2149,1,0.76345465,-0.55000000,-17.95000000,17.95842421,0.76345465,0.54587662,,,1.04184353,
V004,2151,reuse,534,535,2060,0,2150,1,0.94007971,-0.70000000,-1.30000000,1.47648231,0.94007971,0.93636924,,,0.94958136,
V004,2151,reuse,808,555,2167,0,2150,1,0.54587662,-5.45000000,33.30000000,33.74303632,0.54587662,0.77736733,,,1.03903937,
V004,2155,switch,453,453,3465,3766,2152,3,0.86853726,-1.10000000,-5.25000000,5.36400037,,,,,1.02306113,no_prev|no_next|no_old
V004,2155,switch,885,885,3768,3663,2146,9,0.70463824,0.00000000,19.30000000,19.30000000,,0.94967261,0.13140098,24.34183641,0.86735142,no_prev
V004,2156,switch,453,453,3766,3766,2154,2,0.90398436,2.25000000,-0.20000000,2.25887140,,0.70317509,1.00000000,0.00000000,0.99411689,no_prev
V004,2160,switch,532,532,3768,3782,2159,1,0.65652891,2.25000000,8.50000000,8.79275270,0.65652891,0.70466742,0.37854950,50.92359473,0.92166066,
V004,2161,reuse,885,532,3768,0,2160,1,0.70466742,2.00000000,5.35000000,5.71161098,0.70466742,0.73787170,,,0.93746952,
V004,2163,switch,540,540,3675,3628,2162,1,0.85605419,1.75000000,0.65000000,1.86681547,0.85605419,0.81694632,,,1.01061013,no_old
V004,2164,reuse,878,540,3675,0,2163,1,0.81694632,-2.20000000,-3.70000000,4.30464865,0.81694632,0.79546267,,,1.07270350,
V004,2167,reuse,536,417,2146,0,2166,1,0.77148956,3.75000000,-6.75000000,7.72172261,0.77148956,0.87632753,,,0.94585136,
V004,2169,switch,885,885,3799,3768,,,,,,,,0.84250247,0.30238316,21.12557692,,no_last_seen|no_prev
V004,2169,reuse,540,878,3675,0,2168,1,0.96903046,0.05000000,1.05000000,1.05118980,0.96903046,0.97345822,,,0.98612869,
V004,2172,reuse,532,528,3782,0,2171,1,0.31683882,-9.90000000,-34.20000000,35.60407280,0.31683882,0.66811534,,,1.05609875,
V004,2175,reuse,540,579,3628,0,2174,1,0.92942211,0.55000000,-0.35000000,0.65192024,0.92942211,0.93978566,,,0.93277667,
V004,2194,switch,1198,1198,3773,3762,2162,32,0.01401206,55.40000000,0.35000000,55.40110558,,0.94774706,,,1.28669261,no_prev|no_old
V004,2196,switch,433,433,3773,2046,2195,1,0.90591488,2.00000000,-2.45000000,3.16267292,0.90591488,0.93236824,0.43476080,27.93174717,0.98608734,
V004,2196,switch,1198,1198,2046,3762,2195,1,0.92599606,-2.10000000,-0.30000000,2.12132034,0.92599606,0.91992019,,,1.01492076,no_old
V004,2197,reuse,433,1198,2046,0,2196,1,0.91992019,-2.45000000,0.25000000,2.46272207,0.91992019,0.92663808,,,0.99768220,
V004,2199,switch,465,465,3394,3538,2198,1,0.77476045,-0.20000000,4.90000000,4.90407993,0.77476045,0.86272033,,,1.28704462,no_old
V004,2200,reuse,550,465,3394,0,2199,1,0.86272033,-2.95000000,2.25000000,3.71012129,0.86272033,0.91618396,,,1.10646263,
V004,2204,switch,488,488,3556,3431,2197,7,0.73616335,-5.50000000,3.05000000,6.28907783,,0.90393463,,,1.20654586,no_prev|no_old
V004,2205,reuse,486,488,3556,0,2204,1,0.90393463,-1.85000000,1.20000000,2.20510771,0.90393463,0.76553086,,,1.05584822,
V004,2208,switch,488,488,3431,3556,2207,1,0.88442205,-2.45000000,0.40000000,2.48243832,0.88442205,0.94147765,0.36674098,25.41107042,1.03425657,
V004,2209,switch,1198,1198,2066,2046,2208,1,0.42928703,21.30000000,9.65000000,23.38402232,0.42928703,0.82882047,0.72163320,9.22821760,1.06408535,
V004,2210,reuse,425,1198,2066,0,2209,1,0.82882047,4.10000000,4.20000000,5.86941224,0.82882047,0.83395982,,,1.03519718,
V004,2211,switch,425,425,2046,2066,2209,2,0.85309023,2.05000000,-4.60000000,5.03611954,,0.83726874,0.57343987,17.09597906,0.85309023,no_prev
V004,2211,switch,480,480,3826,3286,2210,1,0.87787049,1.70000000,-1.45000000,2.23439030,0.87787049,0.93929288,0.37519149,19.76575321,0.88861320,
V004,2211,switch,482,482,3286,3620,2210,1,0.91327276,-2.05000000,0.25000000,2.06518764,0.91327276,0.94596333,,,1.01672799,no_old
V004,2212,reuse,1198,425,2046,0,2211,1,0.83726874,0.40000000,-3.35000000,3.37379608,0.83726874,0.92783494,,,0.83726874,
V004,2212,reuse,480,482,3286,0,2211,1,0.94596333,-1.15000000,0.35000000,1.20208153,0.94596333,0.94375148,,,1.01910678,
V004,2216,switch,503,503,3392,3377,2208,8,0.29353432,20.95000000,-9.15000000,22.86099298,,0.93977659,,,0.55594383,no_prev|no_old
V004,2217,reuse,472,503,3392,0,2216,1,0.93977659,0.60000000,-0.75000000,0.96046864,0.93977659,0.73554817,,,0.98938843,
V004,2219,switch,469,469,3529,3518,2218,1,0.84779359,4.20000000,-0.35000000,4.21455810,0.84779359,0.94034878,,,0.98236036,no_old
V004,2220,switch,500,500,3636,3731,2219,1,0.81427596,-1.35000000,8.15000000,8.26105320,0.81427596,0.94811309,,,1.13250540,no_old
V004,2221,reuse,498,500,3636,0,2220,1,0.94811309,-0.50000000,1.65000000,1.72409396,0.94811309,0.88126245,,,1.03200075,
V004,2223,switch,469,469,3392,3518,2222,1,0.96299543,0.85000000,0.30000000,0.90138782,0.96299543,0.90422428,,,0.99351205,no_old
V004,2224,switch,500,500,3731,3636,2223,1,0.86735763,-0.05000000,-7.60000000,7.60016447,0.86735763,0.94018369,,,0.94276999,no_old
V004,2224,switch,547,547,3832,3749,,,,,,,,0.89061548,,,,no_last_seen|no_prev|no_old
V004,2224,reuse,503,469,3392,0,2223,1,0.90422428,0.60000000,2.25000000,2.32862620,0.90422428,0.95639831,,,1.10592032,
V004,2233,switch,500,500,3636,3731,2223,10,0.92270663,-1.00000000,1.50000000,1.80277564,,0.96365557,,,1.04403432,no_prev|no_old
V004,2238,switch,425,425,3842,2046,,,,,,,,0.91312257,0.48021738,19.68711508,,no_last_seen|no_prev
V004,2240,switch,1198,1198,2046,2066,2239,1,0.49624205,-11.20000000,23.40000000,25.94224354,0.49624205,0.80574129,,,1.11373766,no_old
V004,2241,reuse,425,1198,2046,0,2240,1,0.80574129,-3.65000000,6.75000000,7.67365623,0.80574129,0.86443207,,,1.02245492,
V004,2247,reuse,396,414,3150,0,2246,1,0.92133410,-0.20000000,-4.90000000,4.90407993,0.92133410,0.95331004,,,0.98865977,
V004,2251,switch,410,410,3832,3735,2250,1,0.82044265,-5.20000000,1.90000000,5.53624421,0.82044265,0.90639839,,,1.04975261,no_old
V004,2252,reuse,547,410,3832,0,2251,1,0.90639839,-2.35000000,1.65000000,2.87141080,0.90639839,0.97304616,,,1.05383809,
V004,2259,switch,400,400,2046,3543,2258,1,0.91468760,-2.30000000,-1.30000000,2.64196896,0.91468760,0.89927087,,,1.02632253,no_old
V004,2260,switch,547,547,3735,3832,2255,5,0.49958249,9.10000000,-19.95000000,21.92743715,,0.90253655,0.45239619,23.66114959,1.82033242,no_prev
V004,2260,reuse,1198,400,2046,0,2259,1,0.89927087,-2.45000000,-2.35000000,3.39484904,0.89927087,0.82889180,,,1.02102964,
V004,2261,reuse,410,547,3735,0,2260,1,0.90253655,1.80000000,2.90000000,3.41320963,0.90253655,0.98217207,,,1.05797752,
V004,2262,switch,818,818,3743,2694,2250,12,0.33158384,-15.40000000,-42.35000000,45.06309466,,,,,0.99879693,no_prev|no_next|no_old
V004,2266,switch,505,505,3857,3466,,,,,,,,0.96164699,,,,no_last_seen|no_prev|no_old
V004,2270,switch,547,547,3845,3735,2260,10,0.10608998,23.55000000,84.15000000,87.38320777,,0.85540221,0.00000000,55.20144926,0.86916897,no_prev
V004,2270,switch,548,548,3735,3743,2269,1,0.82323707,-3.90000000,-3.25000000,5.07666229,0.82323707,0.92199913,,,0.95720864,no_old
V004,2271,switch,532,532,3859,3768,2270,1,0.83741776,2.55000000,-3.75000000,4.53486494,0.83741776,0.77877957,,,0.89711750,no_old
V004,2271,reuse,547,548,3735,0,2270,1,0.92199913,-1.05000000,-2.60000000,2.80401498,0.92199913,0.80076892,,,0.96574644,
V004,2272,switch,500,500,3631,3636,2260,12,0.20874059,-5.65000000,52.00000000,52.30604650,,0.94350149,0.29962353,33.55145302,2.49141239,no_prev
V004,2273,reuse,497,500,3631,0,2272,1,0.94350149,-0.20000000,2.90000000,2.90688837,0.94350149,0.86927647,,,1.00497462,
V004,2275,switch,529,529,3743,3836,2269,6,0.38013137,-16.10000000,-26.20000000,30.75142273,,0.93990303,,,1.14350403,no_prev|no_old
V004,2276,reuse,548,529,3743,0,2275,1,0.93990303,0.65000000,-2.45000000,2.53475837,0.93990303,0.92557280,,,0.97618532,
V004,2279,switch,408,408,3845,3539,2278,1,0.89005735,2.15000000,2.90000000,3.61005540,0.89005735,0.90030288,0.41489484,23.05021692,0.97639900,
V004,2279,switch,547,547,3539,3845,2278,1,0.92670417,0.50000000,-3.70000000,3.73363094,0.92670417,0.90273147,0.41489484,23.05021692,0.96952549,
V004,2280,reuse,547,408,3845,0,2279,1,0.90030288,2.55000000,1.00000000,2.73906918,0.90030288,0.90303804,,,0.99533759,
V004,2280,reuse,408,547,3539,0,2279,1,0.90273147,-1.70000000,-2.35000000,2.90043100,0.90273147,0.80158488,,,0.98214981,
V004,2298,switch,548,548,3539,3735,2297,1,0.77374034,-3.60000000,7.40000000,8.22921624,0.77374034,,0.00000000,178.40393774,1.16271317,no_next
V004,2302,switch,410,410,3539,3832,2301,1,0.91113117,1.80000000,0.60000000,1.89736660,0.91113117,0.94225929,0.35230312,24.24319492,1.05897915,
V004,2302,switch,547,547,3832,3539,2301,1,0.70922347,6.80000000,-0.05000000,6.80018382,0.70922347,0.84670873,0.35230312,24.24319492,0.85794813,
V004,2303,reuse,547,410,3539,0,2302,1,0.94225929,1.35000000,-0.20000000,1.36473441,0.94225929,0.94050367,,,1.02078960,
V004,2303,reuse,410,547,3832,0,2302,1,0.84670873,3.75000000,0.60000000,3.79769667,0.84670873,0.95744952,,,1.04389896,
V004,2305,switch,408,408,3866,3845,2304,1,0.87141200,-0.25000000,-7.05000000,7.05443123,0.87141200,0.93408484,,,1.06611499,no_old
V004,2307,reuse,885,407,3799,0,2306,1,0.95334892,-0.05000000,-1.65000000,1.65075740,0.95334892,0.82686078,,,0.97275319,
V004,2320,switch,530,530,3768,3810,2318,2,0.73857332,4.30000000,4.70000000,6.37024332,,0.78708741,,,1.25426451,no_prev|no_old
V004,2321,reuse,532,530,3768,0,2320,1,0.78708741,-0.35000000,-6.00000000,6.01019966,0.78708741,0.88495919,,,0.79087150,
V004,2323,switch,530,530,3810,3768,2322,1,0.94765243,0.60000000,1.55000000,1.66207701,0.94765243,0.83639545,,,1.03505937,no_old
V004,2324,switch,876,876,3881,3728,2323,1,0.92460580,1.95000000,-0.30000000,1.97294197,0.92460580,0.90636188,,,0.97563036,no_old
V004,2329,switch,532,532,3845,3859,2304,25,0.00992359,18.20000000,-94.00000000,95.74570486,,0.76300196,,,0.47783130,no_prev|no_old
V004,2330,reuse,408,532,3845,0,2329,1,0.76300196,3.10000000,3.45000000,4.63815696,0.76300196,0.86306809,,,1.30419426,
V004,2332,switch,548,548,3832,3735,2317,15,0.58236586,3.40000000,-24.55000000,24.78431964,,0.82036435,,,0.95725216,no_prev|no_old
V004,2333,switch,918,918,3895,3701,,,,,,,,0.85569993,,,,no_last_seen|no_prev|no_old
V004,2335,switch,410,410,3832,3539,2334,1,0.76681967,3.00000000,-9.55000000,10.01011988,0.76681967,0.87149717,0.47971955,18.28182157,1.15990839,
V004,2335,switch,548,548,3539,3735,2334,1,0.73495131,-6.65000000,-1.15000000,6.74870358,0.73495131,0.84344709,,,0.87858797,no_old
V004,2336,reuse,547,410,3832,0,2335,1,0.87149717,1.60000000,-5.20000000,5.44058820,0.87149717,0.85803189,,,1.03388180,
V004,2336,reuse,410,548,3539,0,2335,1,0.84344709,-3.45000000,-0.65000000,3.51069794,0.84344709,0.78484534,,,0.92889460,
V004,2344,switch,402,402,3521,2042,2334,10,0.43945657,5.65000000,-16.55000000,17.48785293,,0.92793126,,,1.21356447,no_prev|no_old
V004,2345,reuse,403,402,3521,0,2344,1,0.92793126,0.60000000,-0.45000000,0.75000000,0.92793126,0.94272148,,,1.07478239,
V004,2360,switch,520,520,3605,3618,2359,1,0.92953327,-0.90000000,-0.40000000,0.98488578,0.92953327,0.62960295,,,0.98593871,no_old
V004,2361,reuse,521,520,3605,0,2360,1,0.62960295,-8.55000000,-0.05000000,8.55014620,0.62960295,0.92283006,,,1.03285680,
V004,2364,switch,547,547,3915,3832,,,,,,,,,0.66222122,19.89930903,,no_last_seen|no_prev|no_next
V004,2365,switch,1206,1206,3903,3908,2364,1,0.97220698,-0.05000000,-1.25000000,1.25099960,0.97220698,0.95801856,,,0.98252193,no_old
V004,2367,switch,527,527,3743,3557,2340,27,0.09929507,38.05000000,1.35000000,38.07394122,,0.96741712,0.31457501,23.75336818,1.11222910,no_prev
V004,2368,reuse,529,527,3743,0,2367,1,0.96741712,-0.20000000,0.70000000,0.72801099,0.96741712,0.84090471,,,1.03003569,
V004,2387,switch,548,548,3915,3539,2386,1,0.38616927,-16.85000000,-9.50000000,19.34353897,0.38616927,,,,1.55392556,no_next|no_old
V004,2388,switch,547,547,3539,3915,2383,5,0.40371583,6.85000000,-37.80000000,38.41565436,,0.77312135,,,0.63067527,no_prev|no_old
V004,2389,reuse,548,547,3539,0,2388,1,0.77312135,2.80000000,-6.65000000,7.21543484,0.77312135,0.89818379,,,0.90216972,
V004,2401,reuse,522,431,3564,0,2400,1,0.96139215,0.10000000,-0.55000000,0.55901699,0.96139215,0.87182557,,,0.96139215,
V004,2403,reuse,726,891,3924,0,2402,1,0.43689857,4.50000000,-57.35000000,57.52627660,0.43689857,0.74797561,,,1.07604039,
V004,2404,switch,408,408,3552,3866,2403,1,0.91853296,0.45000000,1.20000000,1.28160056,0.91853296,0.85128427,,,1.08508515,no_old
V004,2405,reuse,524,408,3552,0,2404,1,0.85128427,-3.95000000,0.40000000,3.97020151,0.85128427,0.87443026,,,1.01951151,
V004,2406,switch,603,603,3927,3848,2405,1,0.97294405,-0.50000000,-0.80000000,0.94339811,0.97294405,0.93169831,,,0.98770686,no_old
V004,2408,switch,726,726,3932,3924,,,,,,,,0.85981968,0.14543662,120.03383898,,no_last_seen|no_prev
V004,2413,switch,603,603,3848,3927,2412,1,0.94111895,-1.30000000,-1.55000000,2.02299283,0.94111895,0.96797790,0.28657029,38.85064350,1.00979703,
V004,2414,switch,580,580,3936,3814,,,,,,,,0.95860994,,,,no_last_seen|no_prev|no_old
V004,2414,reuse,603,631,3927,0,2413,1,0.89122844,-3.70000000,-1.35000000,3.93859112,0.89122844,0.93022009,,,1.00299554,
V004,2419,switch,1208,1208,3607,3188,2418,1,0.09787879,4.85000000,35.35000000,35.68115749,0.09787879,,,,7.04835902,no_next|no_old
V004,2422,reuse,538,597,3937,0,2421,1,0.95238174,0.40000000,-1.75000000,1.79513231,0.95238174,0.93072409,,,0.95908944,
V004,2436,switch,626,626,3944,3904,,,,,,,,0.94589788,,,,no_last_seen|no_prev|no_old
V004,2459,switch,1206,1206,3955,3903,2458,1,0.98958439,0.05000000,0.35000000,0.35355339,0.98958439,0.95527281,0.42948542,32.88677546,0.99099373,
V004,2462,reuse,1206,397,3903,0,2461,1,0.82900903,0.55000000,8.90000000,8.91697819,0.82900903,0.73903580,,,1.02683834,
V004,2472,switch,724,724,3847,3856,2471,1,0.81341180,-1.05000000,14.75000000,14.78732565,0.81341180,0.92080709,,,0.95392359,no_old
V004,2473,reuse,602,724,3847,0,2472,1,0.92080709,-0.40000000,6.10000000,6.11310069,0.92080709,0.92072906,,,0.99863307,
V004,2479,switch,449,449,3646,3643,2478,1,0.85748924,0.90000000,-4.15000000,4.24646912,0.85748924,0.74566501,0.22353067,32.32615040,0.86309479,
V004,2498,switch,597,597,3975,3937,,,,,,,,0.91963721,0.09546664,83.11161170,,no_last_seen|no_prev
V004,2498,reuse,597,621,3937,0,2497,1,0.82087093,1.40000000,-8.90000000,9.00943949,0.82087093,0.95016992,,,0.91320959,
V004,2500,switch,390,390,3972,3734,2499,1,0.82396939,-1.45000000,0.80000000,1.65604952,0.82396939,,,,0.90189151,no_next|no_old
V004,2501,switch,1206,1206,3977,3955,2500,1,0.97492711,0.10000000,-0.15000000,0.18027756,0.97492711,0.89282609,,,0.97492711,no_old
V004,2504,switch,602,602,3979,3847,,,,,,,,0.92898047,0.17535388,85.81178532,,no_last_seen|no_prev
V004,2514,reuse,390,576,3734,0,2499,15,0.00000000,-2.35000000,-162.00000000,162.01704386,,0.78079092,,,0.93555538,no_prev
V004,2519,switch,388,388,3972,3807,2518,1,0.86155175,0.10000000,11.65000000,11.65042918,0.86155175,0.93903705,,,0.98460155,no_old
V004,2519,switch,900,900,3988,3677,,,,,,,,0.94011147,,,,no_last_seen|no_prev|no_old
V004,2535,switch,448,448,3651,3646,2534,1,0.93054283,-1.80000000,-0.10000000,1.80277564,0.93054283,0.90176699,,,1.00841432,no_old
V004,2536,reuse,444,448,3651,0,2535,1,0.90176699,1.05000000,-1.95000000,2.21472346,0.90176699,0.87839158,,,0.90516901,
V004,2551,switch,440,440,3773,3711,2550,1,0.89679886,2.10000000,0.95000000,2.30488611,0.89679886,0.90331993,,,1.06981294,no_old
V004,2552,reuse,433,440,3773,0,2551,1,0.90331993,1.50000000,1.75000000,2.30488611,0.90331993,,,,1.10702749,no_next
V004,2553,switch,440,440,3711,3773,2550,3,0.98009426,-0.15000000,-0.35000000,0.38078866,,0.93949834,,,0.99871526,no_prev|no_old
V004,2553,switch,571,571,4008,3609,2552,1,0.94089599,1.60000000,-0.40000000,1.64924225,0.94089599,0.82100806,,,1.01942415,no_old
V004,2556,switch,433,433,4011,3773,,,,,,,,0.93874301,,,,no_last_seen|no_prev|no_old
V004,2565,switch,622,622,4014,3865,2564,1,0.79689047,4.75000000,4.05000000,6.24219513,0.79689047,0.86459033,,,1.07501916,no_old
V004,2574,switch,622,622,3865,4014,2567,7,0.72080035,-3.50000000,-13.80000000,14.23692383,,0.88522298,,,1.01763185,no_prev|no_old
V004,2582,switch,571,571,3609,4008,2567,15,0.59253576,-11.30000000,-8.70000000,14.26113600,,0.92232355,,,0.93630823,no_prev|no_old
V004,2583,reuse,393,568,3686,0,2582,1,0.90576455,0.50000000,-3.30000000,3.33766385,0.90576455,0.90912367,,,0.94069546,
V004,2594,switch,644,644,3959,4005,2593,1,0.96475785,1.15000000,-0.10000000,1.15433964,0.96475785,0.94508954,0.42595565,32.91371295,1.03375118,
V004,2594,switch,830,830,4005,3959,2593,1,0.90566796,-4.55000000,0.20000000,4.55439348,0.90566796,0.84927449,0.42595565,32.91371295,0.99786493,
V004,2595,reuse,830,644,3959,0,2594,1,0.94508954,2.05000000,-0.20000000,2.05973299,0.94508954,0.95343598,,,1.01318487,
V004,2595,reuse,644,830,4005,0,2594,1,0.84927449,-7.30000000,-0.55000000,7.32068986,0.84927449,0.89296224,,,1.00789029,
V004,2596,switch,622,622,3937,3865,2595,1,0.96534322,0.45000000,-1.25000000,1.32853303,0.96534322,0.89702204,,,1.00158761,no_old
V004,2597,reuse,621,622,3937,0,2596,1,0.89702204,-1.50000000,-3.60000000,3.90000000,0.89702204,0.95564497,,,0.97550990,
V004,2603,reuse,1206,615,3977,0,2602,1,0.88153367,0.75000000,3.70000000,3.77524834,0.88153367,0.95209145,,,1.02477341,
V004,2611,switch,573,573,3757,2254,2595,16,0.14943568,44.55000000,8.80000000,45.41081920,,,,,1.10274140,no_prev|no_next|no_old
V004,2611,switch,1206,1206,4041,3977,,,,,,,,0.87154926,0.18204058,17.48892507,,no_last_seen|no_prev
V004,2612,switch,573,573,2254,2254,2607,5,0.94796309,1.05000000,-1.10000000,1.52069063,,0.97710346,1.00000000,0.00000000,1.00178253,no_prev
V004,2630,reuse,601,600,4046,0,2629,1,0.63183419,3.60000000,20.60000000,20.91219740,0.63183419,0.59798533,,,1.01049869,
V004,2631,switch,583,583,3562,3787,2622,9,0.12975987,28.10000000,-89.85000000,94.14155565,,0.81475859,,,1.05838667,no_prev|no_old
V004,2632,reuse,910,583,3562,0,2631,1,0.81475859,4.15000000,-6.35000000,7.58584208,0.81475859,0.78111992,,,0.99869011,
V004,2634,switch,621,621,4053,3937,,,,,,,,0.94191063,0.37208011,18.02775638,,no_last_seen|no_prev
V004,2636,switch,600,600,4055,4046,2635,1,0.84063464,-3.50000000,-1.15000000,3.68408740,0.84063464,0.88286290,0.38042789,30.13585904,1.05542389,
V004,2636,reuse,600,601,4046,0,2635,1,0.79562136,-5.00000000,0.15000000,5.00224949,0.79562136,0.86092926,,,1.06439491,
V004,2640,switch,910,910,4060,3562,,,,,,,,0.93746019,0.04741283,105.23483264,,no_last_seen|no_prev
V004,2648,switch,1198,1198,3562,2046,2647,1,0.97380550,0.15000000,-1.20000000,1.20933866,0.97380550,0.85153133,,,1.02423913,no_old
V004,2649,switch,442,442,3619,3546,2648,1,0.93600342,-1.75000000,0.45000000,1.80693110,0.93600342,0.96546035,,,1.01019920,no_old
V004,2650,reuse,443,442,3619,0,2649,1,0.96546035,-0.95000000,-0.20000000,0.97082439,0.96546035,0.98182353,,,0.97770004,
V004,2650,reuse,583,1198,3562,0,2649,1,0.98379229,0.05000000,-0.05000000,0.07071068,0.98379229,0.65230344,,,0.98379229,
V004,2651,reuse,1198,583,3562,0,2650,1,0.65230344,13.20000000,0.45000000,13.20766823,0.65230344,0.75964203,,,0.98964141,
V004,2659,reuse,622,608,3865,0,2658,1,0.99538270,-0.05000000,0.05000000,0.07071068,0.99538270,0.96030442,,,0.99961456,
V004,2676,switch,1206,1206,4077,4041,2675,1,0.94812367,-0.45000000,-0.70000000,0.83216585,0.94812367,0.95382805,,,1.01501010,no_old
V004,2679,switch,398,398,3946,3965,2678,1,0.74536121,-6.90000000,0.80000000,6.94622199,0.74536121,0.69886706,,,1.07495944,no_old
V004,2679,switch,1206,1206,4041,4077,2675,4,0.87966962,0.05000000,-8.60000000,8.60014535,,0.94336311,,,1.01377691,no_prev|no_old
V004,2680,reuse,399,398,3946,0,2679,1,0.69886706,-4.85000000,5.30000000,7.18418402,0.69886706,0.90018144,,,1.43088730,
V004,2699,reuse,553,890,3930,0,2698,1,0.94631198,1.15000000,-0.70000000,1.34629120,0.94631198,0.96198937,,,0.94631198,
V004,2704,switch,725,725,4087,3989,2703,1,0.74823407,5.90000000,-6.10000000,8.48645980,0.74823407,0.93697015,,,0.90295082,no_old
V004,2705,switch,611,611,3834,3870,2704,1,0.90920780,-1.30000000,3.45000000,3.68680078,0.90920780,0.96735478,,,1.02481167,no_old
V004,2706,reuse,604,611,3834,0,2705,1,0.96735478,-0.50000000,-1.10000000,1.20830460,0.96735478,0.98126181,,,1.00788505,
V004,2714,switch,436,436,3619,3235,2713,1,0.89906391,0.35000000,1.20000000,1.25000000,0.89906391,,0.36643633,20.40006127,1.11226798,no_next
V004,2714,switch,594,594,3235,3259,2713,1,0.95275461,-0.70000000,-0.75000000,1.02591423,0.95275461,0.95700068,,,0.96428323,no_old
V004,2715,switch,610,610,3870,3986,2714,1,0.90770498,1.65000000,-2.45000000,2.95381110,0.90770498,0.85583014,,,1.01094617,no_old
V004,2715,reuse,436,594,3235,0,2714,1,0.95700068,-0.20000000,-1.00000000,1.01980390,0.95700068,0.98356152,,,0.95961624,
V004,2716,reuse,611,610,3870,0,2715,1,0.85583014,3.75000000,-1.10000000,3.90800461,0.85583014,0.94116844,,,1.04733519,
V004,2717,switch,622,622,4053,3937,2716,1,0.88925331,-1.10000000,-3.65000000,3.81215162,0.88925331,0.48635926,,,0.95553070,no_old
V004,2717,switch,907,907,4105,2899,,,,,,,,,,,,no_last_seen|no_prev|no_next|no_old
V004,2718,switch,622,622,3937,3937,2713,5,0.80906855,1.90000000,-7.95000000,8.17389136,,,1.00000000,0.00000000,0.85948958,no_prev|no_next
V004,2721,switch,604,604,4082,3834,2720,1,0.96586195,0.95000000,0.35000000,1.01242284,0.96586195,0.89085415,0.15421395,52.79017428,1.00681848,
V004,2722,reuse,797,604,4082,0,2721,1,0.89085415,2.80000000,-2.00000000,3.44093011,0.89085415,0.96040219,,,0.96805029,
V004,2731,switch,906,906,4107,2140,2730,1,0.91408263,1.25000000,-3.85000000,4.04783893,0.91408263,0.92246529,,,1.00868989,no_old
V004,2732,switch,598,598,3927,4040,2731,1,0.77131183,-5.50000000,-4.90000000,7.36613874,0.77131183,0.84782102,,,0.92084404,no_old
V004,2732,switch,619,619,4120,3941,,,,,,,,0.85671224,,,,no_last_seen|no_prev|no_old
V004,2733,reuse,631,598,3927,0,2732,1,0.84782102,-3.50000000,-2.75000000,4.45112345,0.84782102,0.82408927,,,0.97077363,
V004,2738,switch,792,792,4121,3030,2737,1,0.98972228,0.10000000,-0.40000000,0.41231056,0.98972228,0.97795261,,,1.00714711,no_old
V004,2740,switch,917,917,4129,4067,,,,,,,,0.94821625,,,,no_last_seen|no_prev|no_old
V004,2744,switch,725,725,3989,4087,2743,1,0.85180517,-3.70000000,3.00000000,4.76340215,0.85180517,0.92926196,,,1.00120412,no_old
V004,2746,switch,631,631,4046,3927,2745,1,0.92361660,-2.40000000,-0.50000000,2.45153013,0.92361660,0.93618181,0.13464358,42.74883039,1.03084888,
V004,2747,reuse,601,631,4046,0,2746,1,0.93618181,-1.55000000,1.15000000,1.93002591,0.93618181,0.93445424,,,1.04847174,
V004,2749,reuse,631,601,4046,0,2748,1,0.92702055,-2.25000000,-1.55000000,2.73221522,0.92702055,0.94714532,,,1.00338413,
V004,2750,switch,787,787,2140,3928,2730,20,0.59973767,11.10000000,11.45000000,15.94717843,,0.92379357,,,0.91468159,no_prev|no_old
V004,2751,reuse,906,787,2140,0,2750,1,0.92379357,1.45000000,-2.25000000,2.67675176,0.92379357,0.93738076,,,1.03012368,
V004,2761,switch,601,601,4140,4046,,,,,,,,0.84951138,0.41660282,28.05285190,,no_last_seen|no_prev
V004,2761,reuse,601,631,4046,0,2760,1,0.94821848,-1.90000000,0.10000000,1.90262976,0.94821848,0.93844065,,,1.00000000,
V004,2778,reuse,557,658,2145,0,2777,1,0.71388082,1.80000000,-21.15000000,21.22645755,0.71388082,0.80342827,,,1.07239430,
V004,2803,switch,578,578,3780,3951,2802,1,0.92077598,-1.55000000,-0.45000000,1.61400124,0.92077598,0.97807004,,,0.98050079,no_old
V004,2804,switch,840,840,4178,4171,,,,,,,,0.83658457,0.44671734,17.37080885,,no_last_seen|no_prev
V004,2804,reuse,581,578,3780,0,2803,1,0.97807004,0.30000000,-0.35000000,0.46097722,0.97807004,0.95763445,,,0.99463815,
V004,2804,reuse,595,788,3864,0,2803,1,0.94103158,0.00000000,-1.30000000,1.30000000,0.94103158,0.97805600,,,0.94103158,
V004,2806,reuse,840,839,4171,0,2805,1,0.90230511,0.65000000,-3.25000000,3.31436268,0.90230511,0.93246452,,,1.10406444,
V004,2810,switch,678,678,4180,4091,,,,,,,,0.88793886,0.21117580,71.85721954,,no_last_seen|no_prev
V004,2812,switch,625,625,4180,3871,2811,1,0.90034489,-2.35000000,0.30000000,2.36907155,0.90034489,0.90134566,0.38409898,24.21471660,1.05275929,
V004,2812,switch,678,678,3871,4091,2811,1,0.97812662,0.30000000,0.50000000,0.58309519,0.97812662,0.95936911,0.11579963,67.95588643,0.97812662,
V004,2813,reuse,625,678,3871,0,2812,1,0.95936911,0.85000000,0.25000000,0.88600226,0.95936911,0.93443330,,,0.98205124,
V004,2820,switch,619,619,4053,4120,2815,5,0.86729637,2.35000000,-3.30000000,4.05123438,,0.94964145,,,0.99645879,no_prev|no_old
V004,2821,switch,621,621,3937,4053,2820,1,0.79197215,-5.65000000,0.75000000,5.69956139,0.79197215,,0.55461301,14.03076976,0.99726193,no_next
V004,2821,reuse,621,619,4053,0,2820,1,0.94964145,1.10000000,0.55000000,1.22983739,0.94964145,0.92922480,,,1.00950223,
V004,2823,switch,575,575,3734,3974,2822,1,0.93707330,1.10000000,-0.90000000,1.42126704,0.93707330,0.89582788,0.25722623,29.05068846,0.95984000,
V004,2823,reuse,678,661,4091,0,2822,1,0.93823473,-1.15000000,-1.30000000,1.73565550,0.93823473,0.89377289,,,1.01594322,
V004,2824,reuse,576,575,3734,0,2823,1,0.89582788,0.35000000,-2.20000000,2.22766694,0.89582788,0.92411705,,,0.89582788,
V004,2828,switch,597,597,4183,3975,2826,2,0.26883784,-22.60000000,-38.25000000,44.42772220,,0.66401389,0.29351826,51.07195904,0.81166147,no_prev
V004,2832,switch,604,604,4158,4082,2831,1,0.89437633,0.20000000,1.20000000,1.21655251,0.89437633,0.91147331,,,1.11809757,no_old
V004,2838,switch,626,626,3909,3944,2837,1,0.89751177,2.40000000,-1.75000000,2.97026935,0.89751177,0.93737939,,,0.98008521,no_old
V004,2839,reuse,588,626,3909,0,2838,1,0.93737939,1.30000000,-1.30000000,1.83847763,0.93737939,0.92395260,,,0.97913732,
V004,2841,reuse,597,812,3975,0,2840,1,0.94781234,1.20000000,0.60000000,1.34164079,0.94781234,0.88564119,,,0.98126232,
V004,2845,switch,597,597,4091,4183,2844,1,0.84907536,-3.35000000,-2.15000000,3.98057785,0.84907536,0.88226625,,,1.01950308,no_old
V004,2846,reuse,661,597,4091,0,2845,1,0.88226625,-2.75000000,-1.20000000,3.00041664,0.88226625,0.73442155,,,0.98841113,
V004,2847,switch,571,571,2236,3609,2846,1,0.98524200,-0.10000000,0.85000000,0.85586214,0.98524200,0.96353825,,,1.00756014,no_old
V004,2847,switch,580,580,3806,3936,2846,1,0.97429026,0.75000000,-0.10000000,0.75663730,0.97429026,0.94172033,,,0.99361724,no_old
V004,2848,reuse,572,571,2236,0,2847,1,0.96353825,-0.65000000,-0.15000000,0.66708320,0.96353825,0.86687213,,,0.96353825,
V004,2848,reuse,582,580,3806,0,2847,1,0.94172033,1.10000000,1.65000000,1.98305320,0.94172033,0.98604382,,,1.02081911,
V004,2850,switch,572,572,3609,2236,2839,11,0.38044408,-8.25000000,-45.55000000,46.29108986,,,0.62692101,19.56846954,0.61634275,no_prev|no_next
V004,2851,switch,661,661,4200,4091,,,,,,,,0.93176308,,,,no_last_seen|no_prev|no_old
V004,2852,switch,806,806,2118,2169,2851,1,0.95037068,-0.90000000,0.95000000,1.30862523,0.95037068,0.96174414,0.51225328,22.96138062,1.00073099,
V004,2852,switch,922,922,2169,2118,2851,1,0.93520676,1.10000000,1.00000000,1.48660687,0.93520676,0.96159051,0.51225328,22.96138062,0.99666667,
V004,2853,reuse,922,806,2118,0,2852,1,0.96174414,-0.75000000,0.55000000,0.93005376,0.96174414,0.96308391,,,0.99720066,
V004,2853,reuse,806,922,2169,0,2852,1,0.96159051,-0.15000000,1.40000000,1.40801278,0.96159051,0.98666309,,,1.03312116,
V004,2861,switch,571,571,3609,2236,2860,1,0.93752271,-0.95000000,-1.65000000,1.90394328,0.93752271,0.94356618,,,0.95974125,no_old
V004,2867,switch,677,677,2704,4001,2857,10,0.65082629,-0.60000000,33.00000000,33.00545409,,0.94286036,,,0.87008659,no_prev|no_old
V004,2868,reuse,643,677,2704,0,2867,1,0.94286036,-0.70000000,-1.65000000,1.79234483,0.94286036,0.98266867,,,0.94286036,
V004,2874,switch,571,571,2236,3609,2860,14,0.33562104,-19.35000000,-27.05000000,33.25845757,,0.94595188,0.64744102,18.46733603,0.55040898,no_prev
V004,2876,switch,620,620,4208,3919,,,,,,,,0.94070352,,,,no_last_seen|no_prev|no_old
V004,2881,switch,925,925,4213,2467,,,,,,,,0.96483044,,,,no_last_seen|no_prev|no_old
V004,2886,switch,605,605,4023,4056,2885,1,0.95090208,0.35000000,-1.10000000,1.15433964,0.95090208,,,,0.96920492,no_next|no_old
V004,2886,switch,839,839,4211,4171,2885,1,0.88011820,4.50000000,0.55000000,4.53348652,0.88011820,0.88471970,,,0.98550621,no_old
V004,2888,switch,643,643,4217,2704,,,,,,,,0.96952543,0.25649915,72.72704105,,no_last_seen|no_prev
V004,2888,switch,725,725,4218,3989,,,,,,,,0.97403368,,,,no_last_seen|no_prev|no_old
V004,2892,switch,699,699,4171,4187,2885,7,0.29499541,31.05000000,12.60000000,33.50914054,,0.80304814,,,0.56769824,no_prev|no_old
V004,2893,switch,622,622,4091,3937,2892,1,0.96764624,0.45000000,0.55000000,0.71063352,0.96764624,0.97299670,,,1.03343553,no_old
V004,2893,reuse,839,699,4171,0,2892,1,0.80304814,2.80000000,7.80000000,8.28733974,0.80304814,0.82252295,,,1.24026591,
V004,2894,reuse,597,622,4091,0,2893,1,0.97299670,-0.25000000,1.10000000,1.12805142,0.97299670,0.98499740,,,1.00946970,
V004,2925,switch,618,618,4091,3593,2924,1,0.86818639,1.80000000,-3.10000000,3.58468967,0.86818639,,,,0.88481619,no_next|no_old
V004,2928,switch,622,622,3909,4091,2927,1,0.74294585,0.90000000,-11.15000000,11.18626390,0.74294585,0.67710546,,,0.83329200,no_old
V004,2929,switch,621,621,3593,4053,2917,12,0.57184369,14.90000000,1.10000000,14.94054885,,0.97927052,0.45921061,24.42877402,1.01277887,no_prev
V004,2929,switch,722,722,4237,4128,,,,,,,,0.97243617,,,,no_last_seen|no_prev|no_old
V004,2930,reuse,618,621,3593,0,2929,1,0.97927052,-0.20000000,-0.15000000,0.25000000,0.97927052,0.91099354,,,0.97927052,
V004,2934,reuse,626,622,3909,0,2933,1,0.75354924,-0.60000000,-10.75000000,10.76673117,0.75354924,0.96885421,,,0.83751084,
V004,2937,reuse,622,626,3909,0,2936,1,0.66011226,-3.70000000,14.80000000,15.25549081,0.66011226,0.83204088,,,1.30602377,
V004,2939,switch,642,642,4222,3227,2934,5,0.19776950,-24.15000000,-66.15000000,70.42048708,,,,,0.93663125,no_prev|no_next|no_old
V004,2940,switch,665,665,4243,4224,2939,1,0.96801900,-0.20000000,-1.75000000,1.76139150,0.96801900,0.93437830,0.34995769,40.13106652,1.00727513,
V004,2940,switch,667,667,4224,4243,2939,1,0.76988134,3.40000000,-3.15000000,4.63492179,0.76988134,0.83768623,0.34995769,40.13106652,1.03812435,
V004,2941,reuse,667,665,4243,0,2940,1,0.93437830,0.55000000,-3.20000000,3.24692162,0.93437830,0.94215511,,,0.99153630,
V004,2941,reuse,665,667,4224,0,2940,1,0.83768623,2.50000000,-1.65000000,2.99541316,0.83768623,0.92611819,,,1.03171881,
V004,2942,reuse,626,622,3909,0,2941,1,0.93762429,-0.40000000,-2.90000000,2.92745623,0.93762429,0.86135260,,,0.98190823,
V004,2961,switch,625,625,3829,4180,2960,1,0.96289630,0.95000000,0.15000000,0.96176920,0.96289630,0.92111624,0.53101928,16.70366726,1.00849979,
V004,2962,reuse,617,625,3829,0,2961,1,0.92111624,-2.00000000,-0.15000000,2.00561711,0.92111624,0.92717890,,,0.98388927,
V004,2964,switch,666,666,4041,4253,2963,1,0.84537681,1.10000000,-1.60000000,1.94164878,0.84537681,0.74207551,,,1.02582930,no_old
V004,2965,reuse,1206,666,4041,0,2964,1,0.74207551,2.00000000,-3.10000000,3.68917335,0.74207551,0.80099395,,,1.01172877,
V004,2968,switch,625,625,4180,3829,2967,1,0.90960557,-1.45000000,1.50000000,2.08626460,0.90960557,0.95162375,,,1.07611784,no_old
V004,2968,reuse,622,626,3909,0,2967,1,0.74740875,-4.85000000,3.85000000,6.19233397,0.74740875,0.95072107,,,1.20778025,
V004,2971,switch,626,626,3829,3909,2970,1,0.94341451,0.90000000,1.25000000,1.54029218,0.94341451,0.78089540,0.52490918,16.24145929,1.04872274,
V004,2971,reuse,626,622,3909,0,2970,1,0.83209685,2.90000000,-2.45000000,3.79637985,0.83209685,0.62439371,,,0.90186044,
V004,2972,switch,676,676,4257,4030,,,,,,,,0.95417315,,,,no_last_seen|no_prev|no_old
V004,2972,reuse,625,626,3829,0,2971,1,0.78089540,-2.80000000,7.20000000,7.72528317,0.78089540,,,,1.28058123,no_next
V004,2973,switch,626,626,3909,3829,2972,1,0.81515601,-3.90000000,2.90000000,4.86004115,0.81515601,0.86116221,,,1.12418280,no_old
V004,2974,switch,631,631,3829,4046,2972,2,0.82143904,3.75000000,5.15000000,6.37063576,,0.83559493,0.58636373,17.18793181,1.10113048,no_prev
V004,2974,reuse,622,626,3909,0,2973,1,0.86116221,-3.30000000,-1.20000000,3.51140997,0.86116221,0.69601109,,,0.94319178,
V004,2976,switch,626,626,3829,3909,2975,1,0.95581424,0.05000000,-1.35000000,1.35092561,0.95581424,0.95824564,,,0.96565088,no_old
V004,2979,switch,620,620,3909,4208,2978,1,0.86994034,1.80000000,-1.95000000,2.65377090,0.86994034,0.96852964,,,0.92614798,no_old
V004,2980,reuse,626,620,3909,0,2979,1,0.96852964,-0.30000000,-0.50000000,0.58309519,0.96852964,,,,0.98698967,no_next
V004,2981,switch,620,620,3829,3909,2980,1,0.91590494,1.00000000,-2.50000000,2.69258240,0.91590494,0.89309619,,,0.91941392,no_old
V004,2981,switch,626,626,4208,3829,2978,3,0.53435018,-14.55000000,6.45000000,15.91555843,,0.73168396,0.63411541,11.42683246,1.31801958,no_prev
V004,2982,switch,627,627,3829,3894,2981,1,0.89309619,2.75000000,-0.15000000,2.75408787,0.89309619,0.90995819,0.30343940,28.14551474,0.99501793,
V004,2982,reuse,620,626,4208,0,2981,1,0.73168396,-8.15000000,-2.35000000,8.48203985,0.73168396,0.71534448,,,0.87717095,
V004,2983,switch,620,620,3909,3909,2980,3,0.83883944,-3.70000000,-0.10000000,3.70135110,,0.81922412,1.00000000,0.00000000,1.04112188,no_prev
V004,2983,reuse,626,627,3829,0,2982,1,0.90995819,2.25000000,0.00000000,2.25000000,0.90995819,0.91172297,,,0.99001600,
V004,2986,switch,620,620,4208,3909,2985,1,0.79942861,-0.95000000,4.15000000,4.25734659,0.79942861,0.70989302,0.40738873,20.27029847,1.25089344,
V004,2986,switch,626,626,3909,4208,2985,1,0.81002267,-4.60000000,-0.05000000,4.60027173,0.81002267,0.80402402,0.40738873,20.27029847,1.03273629,
V004,2987,switch,619,619,3894,4053,2986,1,0.69110249,7.80000000,-1.95000000,8.04005597,0.69110249,0.83338714,0.14183329,33.44865468,0.91922728,
V004,2987,switch,725,725,4265,4218,,,,,,,,0.94714619,,,,no_last_seen|no_prev|no_old
V004,2987,reuse,626,620,4208,0,2986,1,0.70989302,1.20000000,-6.15000000,6.26597957,0.70989302,0.72499143,,,0.70989302,
V004,2987,reuse,620,626,3909,0,2986,1,0.80402402,-4.85000000,0.30000000,4.85926949,0.80402402,0.88564862,,,0.99193167,
V004,2988,reuse,627,619,3894,0,2987,1,0.83338714,4.10000000,-0.45000000,4.12462119,0.83338714,0.75205470,,,0.99933613,
V004,2991,switch,1206,1206,4268,4041,2990,1,0.72545170,-2.60000000,3.95000000,4.72890051,0.72545170,0.70836599,0.05872351,40.02711581,1.07298969,
V004,2993,reuse,627,631,3829,0,2992,1,0.77720881,6.35000000,1.20000000,6.46239120,0.77720881,0.87744014,,,1.05298269,
V004,2994,switch,627,627,4208,3829,2993,1,0.45999091,10.25000000,11.25000000,15.21923126,0.45999091,0.76194370,0.20371734,38.48587403,2.11544992,
V004,2995,reuse,620,627,4208,0,2994,1,0.76194370,3.35000000,5.55000000,6.48266920,0.76194370,0.96501322,,,1.31243293,
V004,2999,switch,631,631,3894,3829,2994,5,0.65196520,11.45000000,8.15000000,14.05435875,,0.96389575,0.39525573,30.55036825,1.14848054,no_prev
V004,3000,reuse,619,631,3894,0,2999,1,0.96389575,0.85000000,-0.40000000,0.93941471,0.96389575,0.89490221,,,0.97404776,
V004,3003,switch,619,619,4046,3894,3002,1,0.65332138,-6.60000000,-1.65000000,6.80312428,0.65332138,0.60537306,0.05617350,56.71106594,0.95747801,
V004,3004,reuse,631,619,4046,0,3003,1,0.60537306,-8.45000000,0.80000000,8.48778534,0.60537306,0.80181149,,,1.07397775,
V004,3005,switch,631,631,3873,3894,3004,1,0.96365453,0.90000000,0.20000000,0.92195445,0.96365453,0.60196553,,,1.00718870,no_old
V004,3006,switch,570,570,3894,3873,3004,2,0.71399247,4.95000000,-11.40000000,12.42829433,,0.72471379,0.36542383,24.85160961,0.87492486,no_prev
V004,3007,switch,570,570,3978,3873,2990,17,0.10786490,-35.90000000,25.45000000,44.00582348,,0.84136958,0.37751747,26.28730682,3.91214873,no_prev
V004,3007,reuse,570,631,3873,0,3006,1,0.65670708,8.20000000,-5.10000000,9.65660396,0.65670708,0.64743433,,,0.83324081,
V004,3008,switch,621,621,3873,3593,3007,1,0.64743433,5.35000000,-9.30000000,10.72904935,0.64743433,0.81871702,0.25292590,23.45810095,0.70406024,
V004,3008,switch,631,631,3894,3873,3007,1,0.90233974,-2.40000000,1.20000000,2.68328157,0.90233974,0.88163021,0.39513839,27.20776544,1.03330102,
V004,3008,reuse,614,570,3978,0,3007,1,0.84136958,-2.60000000,5.40000000,5.99332963,0.84136958,,,,1.13653754,no_next
V004,3009,switch,570,570,3593,3978,3008,1,0.67491520,-0.75000000,7.50000000,7.53740672,0.67491520,0.74088792,,,1.47062163,no_old
V004,3009,reuse,631,621,3873,0,3008,1,0.81871702,2.00000000,-4.10000000,4.56179789,0.81871702,0.62991103,,,0.86118828,
V004,3010,switch,570,570,3978,3978,3008,2,0.93855791,-0.60000000,1.70000000,1.80277564,,0.80745189,1.00000000,0.00000000,0.97889768,no_prev
V004,3013,switch,625,625,3686,4180,3010,3,0.82562388,4.35000000,0.30000000,4.36033256,,,,,1.02262620,no_prev|no_next|no_old
V004,3014,switch,625,625,4180,4180,3012,2,0.68680347,-7.65000000,-2.00000000,7.90711705,,,1.00000000,0.00000000,0.88984594,no_prev|no_next
V004,3016,switch,625,625,3686,4180,3013,3,0.85463541,-0.15000000,-2.40000000,2.40468293,,0.75226533,,,0.85779194,no_prev|no_old
V004,3017,reuse,568,625,3686,0,3016,1,0.75226533,-3.90000000,3.35000000,5.14125471,0.75226533,0.75186124,,,1.26325082,
V004,3018,switch,602,602,3870,3979,3017,1,0.89977413,2.25000000,-0.95000000,2.44233495,0.89977413,0.98035211,0.31189702,24.64467488,0.99125685,
V004,3019,reuse,610,602,3870,0,3018,1,0.98035211,0.00000000,-0.55000000,0.55000000,0.98035211,0.94608819,,,0.99739546,
V004,3023,switch,625,625,4029,3686,3011,12,0.28681993,14.45000000,10.35000000,17.77427917,,0.85148312,0.34146109,25.85884762,3.08643727,no_prev
V004,3024,reuse,569,625,4029,0,3023,1,0.85148312,1.90000000,2.40000000,3.06104557,0.85148312,0.83884117,,,1.15807360,
V004,3028,switch,725,725,4292,4265,,,,,,,,0.95116487,,,,no_last_seen|no_prev|no_old
V004,3043,switch,627,627,3829,4208,3023,20,0.00000000,-88.05000000,0.00000000,88.05000000,,0.87567433,,,1.03078822,no_prev|no_old
V004,3043,switch,1198,1198,3994,3562,3039,4,0.26871411,-27.45000000,-5.05000000,27.91066105,,0.82852444,,,1.30510794,no_prev|no_old
V004,3044,reuse,631,627,3829,0,3043,1,0.87567433,-1.75000000,-1.45000000,2.27266364,0.87567433,0.90234805,,,0.95649581,
V004,3044,reuse,825,1198,3994,0,3043,1,0.82852444,-4.85000000,0.00000000,4.85000000,0.82852444,0.98700505,,,0.99370802,
V004,3045,switch,725,725,4301,4292,,,,,,,,0.95386653,,,,no_last_seen|no_prev|no_old
V004,3046,switch,826,826,3994,3992,3045,1,0.96845730,0.20000000,-0.70000000,0.72801099,0.96845730,0.88809447,,,0.96845730,no_old
V004,3047,reuse,1198,826,3994,0,3046,1,0.88809447,-2.25000000,-2.60000000,3.43838625,0.88809447,0.90584245,,,1.02400480,
V004,3051,switch,628,628,3894,3886,3050,1,0.71799456,2.85000000,-7.05000000,7.60427511,0.71799456,0.89489155,0.48186486,11.99353993,0.77540430,
V004,3051,switch,725,725,4304,4301,3050,1,0.87243430,-2.60000000,-0.80000000,2.72029410,0.87243430,0.83373492,0.23038686,50.02369439,0.97159660,
V004,3051,switch,825,825,3992,3994,3045,6,0.54014120,-14.05000000,-5.05000000,14.93000335,,0.94100221,0.54601196,14.87884404,0.96860064,no_prev
V004,3052,reuse,631,628,3894,0,3051,1,0.89489155,0.40000000,-2.95000000,2.97699513,0.89489155,0.93208803,,,0.90701207,
V004,3052,reuse,826,825,3992,0,3051,1,0.94100221,-1.20000000,-0.25000000,1.22576507,0.94100221,0.96780153,,,0.97823263,
V004,3054,switch,715,715,4258,4249,3053,1,0.88710654,2.55000000,-4.75000000,5.39119653,0.88710654,0.93863770,0.50946806,53.00436303,0.96778297,
V004,3054,switch,783,783,4249,4258,3053,1,0.88535421,4.50000000,-1.50000000,4.74341649,0.88535421,0.88348170,0.50946806,53.00436303,1.01259653,
V004,3055,switch,631,631,3886,3894,3054,1,0.91995390,-0.85000000,-1.90000000,2.08146583,0.91995390,,0.37581949,16.89511764,0.92213966,no_next
V004,3055,reuse,783,715,4258,0,3054,1,0.93863770,1.55000000,-2.00000000,2.53031619,0.93863770,0.94374103,,,1.04801057,
V004,3055,reuse,715,783,4249,0,3054,1,0.88348170,4.85000000,-0.90000000,4.93279839,0.88348170,0.87301664,,,1.00217300,
V004,3058,reuse,628,631,3886,0,3055,3,0.41580535,-3.05000000,25.55000000,25.73140105,,,,,2.20739907,no_prev|no_next
V004,3060,switch,905,905,4309,3923,,,,,,,,0.93481048,,,,no_last_seen|no_prev|no_old
V004,3063,switch,631,631,4301,3886,3062,1,0.92417607,0.85000000,-2.95000000,3.07001629,0.92417607,,,,0.99192297,no_next|no_old
V004,3064,switch,825,825,4311,3992,3063,1,0.95371399,0.00000000,1.80000000,1.80000000,0.95371399,0.89104713,0.49939866,17.24420192,1.04081953,
V004,3065,switch,841,841,4133,4148,3064,1,0.90312589,2.85000000,-0.65000000,2.92318320,0.90312589,0.95801640,,,1.00686321,no_old
V004,3066,reuse,700,841,4133,0,3065,1,0.95801640,0.85000000,-1.20000000,1.47054412,0.95801640,0.69942027,,,0.99785541,
V004,3067,switch,766,766,2109,2808,3066,1,0.96913639,-0.55000000,0.15000000,0.57008771,0.96913639,0.98351337,,,0.97201030,no_old
V004,3067,switch,841,841,4148,4133,3062,5,0.63015916,13.65000000,0.95000000,13.68301867,,0.90694168,0.60137348,14.95660389,0.93718505,no_prev
V004,3067,reuse,841,700,4133,0,3066,1,0.69942027,10.15000000,-1.85000000,10.31721862,0.69942027,0.81773439,,,0.98814616,
V004,3068,reuse,834,766,2109,0,3067,1,0.98351337,-0.05000000,0.65000000,0.65192024,0.98351337,0.95202607,,,0.98351337,
V004,3069,switch,834,834,4314,2109,,,,,,,,0.81530880,0.34640705,49.11710496,,no_last_seen|no_prev
V004,3074,switch,631,631,3886,3886,3062,12,0.45175961,17.65000000,10.85000000,20.71822869,,0.93912689,1.00000000,0.00000000,1.09063600,no_prev
V004,3081,switch,631,631,3978,3886,3080,1,0.79370500,-1.30000000,5.40000000,5.55427763,0.79370500,0.89537019,0.36115787,43.30357953,1.25991394,
V004,3082,reuse,570,631,3978,0,3081,1,0.89537019,-0.90000000,3.10000000,3.22800248,0.89537019,0.97429773,,,1.11685649,
V004,3083,switch,865,865,3886,3940,3082,1,0.85360998,-3.35000000,-0.40000000,3.37379608,0.85360998,0.85319416,,,1.05917649,no_old
V004,3083,switch,904,904,4309,2149,3082,1,0.96418375,-0.70000000,-0.95000000,1.18004237,0.96418375,0.98575077,0.45832574,21.50052325,0.98119719,
V004,3083,switch,905,905,2149,4309,3082,1,0.98665484,0.05000000,0.35000000,0.35355339,0.98665484,0.97249208,0.45832574,21.50052325,0.99350816,
V004,3084,reuse,631,865,3886,0,3083,1,0.85319416,-3.25000000,-1.10000000,3.43110769,0.85319416,0.91645826,,,0.92669960,
V004,3084,reuse,905,904,4309,0,3083,1,0.98575077,-0.20000000,-0.55000000,0.58523500,0.98575077,0.98838101,,,0.98709886,
V004,3084,reuse,904,905,2149,0,3083,1,0.97249208,0.40000000,0.05000000,0.40311289,0.97249208,0.98251164,,,0.97249208,
V004,3087,switch,631,631,3886,3978,3086,1,0.90855732,-0.40000000,-4.75000000,4.76681235,0.90855732,0.94030152,0.41271378,30.65297702,0.96240503,
V004,3088,reuse,865,631,3886,0,3087,1,0.94030152,0.35000000,1.60000000,1.63783394,0.94030152,0.95458204,,,1.06348866,
V004,3096,switch,865,865,4326,3886,,,,,,,,0.97063957,0.37867563,38.62605986,,no_last_seen|no_prev
V004,3106,switch,631,631,4332,3886,3105,1,0.84463576,-1.15000000,6.40000000,6.50249952,0.84463576,0.98296230,,,1.13369229,no_old
V004,3120,switch,825,825,4340,4311,,,,,,,,0.83826736,,,,no_last_seen|no_prev|no_old
V004,3131,switch,637,637,4326,3987,3130,1,0.42447047,0.75000000,-38.15000000,38.15737150,0.42447047,0.76384678,0.05586727,44.21475998,0.60973983,
V004,3132,reuse,865,637,4326,0,3131,1,0.76384678,1.15000000,-11.00000000,11.05995027,0.76384678,0.83501065,,,0.94589696,
V004,3133,switch,865,865,3940,4326,3132,1,0.32079016,22.10000000,-23.00000000,31.89686505,0.32079016,0.66963947,0.14997264,69.85751570,1.01365803,
V004,3137,switch,904,904,2149,4309,3136,1,0.95248522,1.20000000,0.60000000,1.34164079,0.95248522,0.95731936,,,1.00554785,no_old
V004,3137,switch,905,905,4355,2149,3136,1,0.84408740,-4.95000000,-0.70000000,4.99924994,0.84408740,0.97988491,0.41703948,24.79944556,1.03157746,
V004,3137,switch,921,921,4357,3359,3136,1,0.91680976,-1.75000000,0.40000000,1.79513231,0.91680976,0.97809749,,,1.02329564,no_old
V004,3138,reuse,905,904,2149,0,3137,1,0.95731936,-1.15000000,-0.35000000,1.20208153,0.95731936,0.94959199,,,1.00037628,
V004,3142,switch,806,806,3359,2118,3136,6,0.16728224,-33.85000000,1.05000000,33.86628117,,0.94091612,0.31401755,25.65331363,1.32597360,no_prev
V004,3143,switch,921,921,2118,4357,3142,1,0.89503098,1.85000000,-1.80000000,2.58118190,0.89503098,0.84233022,0.39313521,18.38477631,0.95307226,
V004,3143,reuse,921,806,3359,0,3142,1,0.94091612,-0.60000000,1.65000000,1.75570499,0.94091612,0.94048463,,,1.06279399,
V004,3144,reuse,806,921,2118,0,3143,1,0.84233022,3.45000000,-1.30000000,3.68680078,0.84233022,0.91871824,,,0.95194221,
V004,3150,switch,631,631,3987,4332,3149,1,0.83251569,-1.70000000,5.30000000,5.56596802,0.83251569,0.80009535,,,1.19420546,no_old
V004,3151,reuse,637,631,3987,0,3150,1,0.80009535,2.00000000,-5.75000000,6.08789783,0.80009535,,,,0.80009535,no_next
V004,3152,switch,631,631,4332,3987,3151,1,0.97942610,-0.40000000,-0.25000000,0.47169906,0.97942610,0.95734547,,,0.99389180,no_old
V004,3152,switch,866,866,4368,4347,3151,1,0.86867330,2.20000000,1.70000000,2.78028775,0.86867330,0.92437771,,,0.98231497,no_old
V004,3154,switch,925,925,4069,4213,3153,1,0.94915623,-1.15000000,0.30000000,1.18848643,0.94915623,0.94700797,,,1.00782499,no_old
V004,3155,reuse,703,925,4069,0,3154,1,0.94700797,-1.15000000,-0.45000000,1.23490890,0.94700797,0.88708776,,,0.99234944,
V004,3158,switch,643,643,4024,4217,3157,1,0.87701354,-0.95000000,-4.90000000,4.99124233,0.87701354,0.96397089,,,0.91518342,no_old
V004,3159,reuse,655,643,4024,0,3158,1,0.96397089,0.50000000,-0.75000000,0.90138782,0.96397089,0.82275934,,,1.01169716,
V004,3160,switch,724,724,4369,3847,3156,4,0.67832876,-3.65000000,-14.45000000,14.90385856,,0.94024103,,,1.21861110,no_prev|no_old
V004,3161,switch,655,655,3889,4024,3147,14,0.30952348,-25.35000000,-25.15000000,35.70917249,,0.81573049,0.10197051,52.31605872,0.88307523,no_prev
V004,3162,reuse,629,655,3889,0,3161,1,0.81573049,4.25000000,-3.85000000,5.73454445,0.81573049,0.97223819,,,0.97315180,
V004,3171,switch,632,632,4332,3976,3170,1,0.89883126,-2.65000000,-0.15000000,2.65424189,0.89883126,0.95961293,0.33202085,24.40081966,0.99693342,
V004,3172,reuse,631,632,4332,0,3171,1,0.95961293,-0.95000000,0.25000000,0.98234414,0.95961293,0.88302843,,,1.01464997,
V004,3173,reuse,632,631,4332,0,3172,1,0.88302843,2.90000000,-0.70000000,2.98328678,0.88302843,0.87323398,,,0.97480799,
V004,3191,switch,925,925,4392,4069,3183,8,0.17075609,-31.50000000,-26.55000000,41.19651077,,0.92627309,0.21831578,32.43832610,0.97389377,no_prev
V004,3193,switch,655,655,4069,3889,3192,1,0.90056008,-1.65000000,-2.65000000,3.12169826,0.90056008,0.97394259,,,0.98549329,no_old
V004,3194,reuse,925,655,4069,0,3193,1,0.97394259,-0.50000000,-0.45000000,0.67268120,0.97394259,0.95760939,,,1.00628267,
V004,3197,switch,724,724,3982,4369,3187,10,0.24054154,-5.70000000,28.10000000,28.67228627,,0.92373736,,,4.15728613,no_prev|no_old
V004,3198,reuse,633,724,3982,0,3197,1,0.92373736,0.40000000,-1.60000000,1.64924225,0.92373736,0.78741826,,,0.93054391,
V004,3200,switch,891,891,4192,3924,3199,1,0.84017100,-4.30000000,-1.00000000,4.41474801,0.84017100,0.83820505,,,0.95867181,no_old
V004,3201,switch,724,724,3924,3982,3199,2,0.78874060,4.85000000,-2.50000000,5.45641824,,0.96013280,,,0.93142006,no_prev|no_old
V004,3201,switch,800,800,4375,4396,3200,1,0.76406123,6.90000000,-2.20000000,7.24223722,0.76406123,0.85706590,,,1.08213161,no_old
V004,3201,reuse,669,891,4192,0,3200,1,0.83820505,-3.95000000,-1.45000000,4.20773098,0.83820505,0.84913690,,,0.93648290,
V004,3202,switch,650,650,4021,4068,3201,1,0.97505252,0.15000000,0.30000000,0.33541020,0.97505252,0.96855336,,,1.02558578,no_old
V004,3202,reuse,891,724,3924,0,3201,1,0.96013280,-0.50000000,1.10000000,1.20830460,0.96013280,0.95078925,,,1.03959480,
V004,3202,reuse,756,800,4375,0,3201,1,0.85706590,4.25000000,-1.20000000,4.41616349,0.85706590,0.93530871,,,1.06197721,
V004,3203,switch,655,655,3889,4069,3198,5,0.60340575,-9.15000000,-7.60000000,11.89464165,,0.71461503,,,0.74704018,no_prev|no_old
V004,3203,reuse,721,650,4021,0,3202,1,0.96855336,0.05000000,0.60000000,0.60207973,0.96855336,0.95602397,,,1.03246764,
V004,3204,switch,826,826,4340,3994,3203,1,0.93819238,-1.85000000,0.10000000,1.85270073,0.93819238,0.92286769,,,1.01676982,no_old
V004,3205,switch,633,633,4369,3982,3204,1,0.89184959,-0.45000000,0.55000000,0.71063352,0.89184959,0.90042181,,,1.11296289,no_old
V004,3205,reuse,825,826,4340,0,3204,1,0.92286769,-2.45000000,-0.05000000,2.45051015,0.92286769,0.90802253,,,0.99494889,
V004,3206,switch,639,639,4332,3971,3205,1,0.34428127,19.55000000,-9.40000000,21.69245260,0.34428127,0.57251418,,,0.65905687,no_old
V004,3206,reuse,724,633,4369,0,3205,1,0.90042181,1.45000000,-0.75000000,1.63248277,0.90042181,0.93631717,,,1.00516018,
V004,3206,reuse,1206,889,4268,0,3205,1,0.80705954,-1.15000000,3.05000000,3.25960120,0.80705954,0.95153268,,,0.94662958,
V004,3207,switch,825,825,3994,4340,3202,5,0.55664912,-13.90000000,4.80000000,14.70544117,,0.90308226,0.48816854,18.49810801,1.11439722,no_prev
V004,3207,reuse,631,639,4332,0,3206,1,0.57251418,9.20000000,-3.85000000,9.97308879,0.57251418,0.84565509,,,0.81979003,
V004,3208,switch,756,756,4396,4375,3207,1,0.83626574,1.80000000,-5.35000000,5.64468777,0.83626574,0.92486630,0.22554933,38.69890179,1.19301266,
V004,3208,reuse,826,825,3994,0,3207,1,0.90308226,-1.80000000,0.75000000,1.95000000,0.90308226,0.91274095,,,1.08093023,
V004,3209,reuse,800,756,4396,0,3208,1,0.92486630,0.95000000,1.65000000,1.90394328,0.92486630,0.91424231,,,1.00880655,
V004,3210,switch,638,638,3924,3855,3209,1,0.91242103,2.25000000,-0.05000000,2.25055549,0.91242103,0.84353043,,,1.01112755,no_old
V004,3211,switch,631,631,4369,4332,3210,1,0.90828611,2.20000000,-0.50000000,2.25610283,0.90828611,,0.00000000,47.29230910,0.96625630,no_next
V004,3211,switch,724,724,4192,3924,3206,5,0.87688026,-2.50000000,1.25000000,2.79508497,,0.63531150,0.18320923,35.87366722,1.07352562,no_prev
V004,3211,reuse,724,638,3924,0,3210,1,0.84353043,-3.55000000,1.60000000,3.89390549,0.84353043,0.91477589,,,1.06080818,
V004,3212,reuse,891,724,4192,0,3211,1,0.63531150,-6.40000000,9.65000000,11.57939981,0.63531150,0.79859155,,,1.53403062,
V004,3213,switch,871,871,4021,4206,3212,1,0.27664143,8.65000000,54.25000000,54.93528010,0.27664143,,,,1.45215627,no_next|no_old
V004,3213,reuse,724,891,4192,0,3212,1,0.79859155,-3.20000000,6.25000000,7.02157390,0.79859155,0.88467878,,,1.25220458,
V004,3214,switch,826,826,3994,4340,3213,1,0.97113076,-0.85000000,-0.15000000,0.86313383,0.97113076,0.99382408,,,1.00370530,no_old
V004,3215,switch,638,638,3855,3924,3211,4,0.47748392,-16.35000000,3.50000000,16.72042165,,0.97048617,,,1.16213389,no_prev|no_old
V004,3215,reuse,825,826,3994,0,3214,1,0.99382408,0.15000000,0.10000000,0.18027756,0.99382408,0.48121695,,,0.99979441,
V004,3215,reuse,650,871,4021,0,3213,2,0.58434121,6.35000000,22.90000000,23.76410108,,0.83252657,,,1.11082671,no_prev
V004,3216,switch,655,655,4069,3889,3202,14,0.30961535,-21.70000000,-11.10000000,24.37416665,,0.73911621,,,0.70087758,no_prev|no_old
V004,3216,reuse,826,825,3994,0,3215,1,0.48121695,-16.95000000,-1.75000000,17.04009976,0.48121695,0.72069394,,,0.73755163,
V004,3220,switch,826,826,4340,3994,3216,4,0.42243688,-5.70000000,48.00000000,48.33725271,,0.85271443,0.65860678,15.23236685,0.80931816,no_prev
V004,3224,reuse,891,724,4192,0,3223,1,0.93559947,-1.70000000,-0.50000000,1.77200451,0.93559947,0.95251847,,,0.97589840,
V004,3228,reuse,802,755,4162,0,3227,1,0.92191302,0.95000000,-0.55000000,1.09772492,0.92191302,0.84228030,,,1.03239670,
V004,3236,reuse,724,891,4192,0,3235,1,0.93518649,-1.65000000,0.25000000,1.66883193,0.93518649,0.93354236,,,1.01245639,
V004,3237,reuse,891,724,4192,0,3236,1,0.93354236,-1.70000000,-0.35000000,1.73565550,0.93354236,0.87732229,,,0.98950583,
V004,3238,switch,641,641,4069,3945,3236,2,0.96218362,-0.80000000,0.40000000,0.89442719,,0.96944583,,,0.99952741,no_prev|no_old
V004,3239,reuse,655,641,4069,0,3238,1,0.96944583,-0.35000000,0.85000000,0.91923882,0.96944583,0.95062602,,,1.02719478,
V004,3242,reuse,724,891,4192,0,3241,1,0.91307178,-1.80000000,-1.10000000,2.10950231,0.91307178,0.92065614,,,0.96437179,
V004,3257,reuse,801,803,4166,0,3256,1,0.75893785,1.55000000,6.25000000,6.43933226,0.75893785,0.62490074,,,0.94539834,
V004,3263,switch,680,680,4108,4137,3262,1,0.96560085,-0.90000000,-0.15000000,0.91241438,0.96560085,0.80767579,,,1.00409399,no_old
V004,3265,switch,924,924,3750,3993,3264,1,0.90670669,-1.35000000,-3.05000000,3.33541602,0.90670669,0.96097001,,,1.06713588,no_old
V004,3265,reuse,663,680,4108,0,3264,1,0.89670884,-2.30000000,-1.20000000,2.59422435,0.89670884,0.95527424,,,0.96272709,
V004,3266,switch,673,673,3993,3750,3264,2,0.57000505,-1.95000000,-34.10000000,34.15570963,,0.77230167,0.21129713,59.08134223,0.95062753,no_prev
V004,3266,reuse,673,924,3750,0,3265,1,0.96097001,-0.65000000,0.70000000,0.95524866,0.96097001,0.85085516,,,0.96817518,
V004,3267,reuse,924,673,3993,0,3266,1,0.77230167,3.70000000,-8.70000000,9.45409964,0.77230167,0.84940008,,,0.99412197,
V004,3270,switch,638,638,4192,3855,3269,1,0.88919545,-2.85000000,-0.45000000,2.88530761,0.88919545,0.87547086,,,0.98428374,no_old
V004,3270,switch,651,651,4427,4101,3269,1,0.77703039,-4.10000000,-6.90000000,8.02620707,0.77703039,0.86429385,,,1.03944863,no_old
V004,3270,switch,891,891,4219,4192,3269,1,0.92051450,-0.50000000,-1.55000000,1.62864975,0.92051450,0.77656592,0.28489318,26.91337957,0.92351047,
V004,3271,reuse,891,638,4192,0,3270,1,0.87547086,-3.40000000,0.20000000,3.40587727,0.87547086,0.90865101,,,1.00378788,
V004,3271,reuse,672,891,4219,0,3270,1,0.77656592,-4.60000000,-1.80000000,4.93963561,0.77656592,0.85309995,,,0.89052964,
V004,3273,switch,663,663,4160,4108,3272,1,0.64458873,-10.05000000,0.85000000,10.08588122,0.64458873,0.73037138,0.29851246,23.32943420,1.04457063,
V004,3274,reuse,681,663,4160,0,3273,1,0.73037138,-7.20000000,0.95000000,7.26240318,0.73037138,0.85999384,,,1.04851024,
V004,3276,switch,681,681,4108,4160,3275,1,0.87540818,-2.75000000,0.55000000,2.80446073,0.87540818,,0.25359097,28.48898910,1.01516418,no_next
V004,3281,switch,638,638,3855,4192,3278,3,0.63626616,-9.25000000,-0.40000000,9.25864461,,0.86433780,0.25991003,27.71894659,1.08495146,no_prev
V004,3282,switch,891,891,4192,4219,3281,1,0.93892621,-1.75000000,0.00000000,1.75000000,0.93892621,0.90975456,,,1.00284380,no_old
V004,3283,switch,905,905,4436,4355,,,,,,,,0.98208074,,,,no_last_seen|no_prev|no_old
V004,3283,reuse,638,891,4192,0,3282,1,0.90975456,-2.55000000,-0.00000000,2.55000000,0.90975456,0.88887066,,,1.01929731,
V004,3284,switch,848,848,4438,4169,,,,,,,,0.91988467,,,,no_last_seen|no_prev|no_old
V004,3284,reuse,821,1200,4412,0,3257,27,0.74160416,0.65000000,-13.50000000,13.51563909,,0.86887460,,,1.02625786,no_prev
V004,3288,switch,659,659,4069,4076,3287,1,0.73184747,8.35000000,-2.80000000,8.80695748,0.73184747,,,,0.92428617,no_next|no_old
V004,3298,switch,663,663,4444,4160,,,,,,,,0.85915832,0.51742685,19.19615847,,no_last_seen|no_prev
V004,3298,switch,892,892,4069,4256,3297,1,0.96144605,-0.45000000,-0.50000000,0.67268120,0.96144605,0.83478724,0.50049801,16.72752223,0.96144605,
V004,3299,reuse,641,892,4069,0,3298,1,0.83478724,-4.60000000,-0.70000000,4.65295605,0.83478724,0.90845505,,,0.98069661,
V004,3300,reuse,680,681,4108,0,3276,24,0.00000000,-58.00000000,-10.40000000,58.92503712,,0.78815832,,,0.58364415,no_prev
V004,3301,switch,867,867,4431,4345,3300,1,0.86892734,-2.50000000,0.50000000,2.54950976,0.86892734,0.84583894,,,1.08611973,no_old
V004,3301,reuse,723,874,4161,0,3300,1,0.93219866,-1.60000000,0.05000000,1.60078106,0.93219866,0.93274801,,,1.00177429,
V004,3301,reuse,713,875,4377,0,3300,1,0.95923847,-0.45000000,-1.30000000,1.37568165,0.95923847,0.91925314,,,1.03064772,
V004,3303,switch,663,663,4160,4444,3300,3,0.68815432,-8.95000000,1.20000000,9.03008859,,0.87553387,,,1.04853445,no_prev|no_old
V004,3304,switch,867,867,4345,4431,3299,5,0.85530328,3.15000000,-3.60000000,4.78356562,,0.96602400,,,1.04271406,no_prev|no_old
V004,3307,reuse,861,860,4441,0,3302,5,0.14944485,28.00000000,72.15000000,77.39265146,,0.90555884,,,1.13356993,no_prev
V004,3308,switch,861,861,4377,4441,3307,1,0.25007741,-17.65000000,28.90000000,33.86343899,0.25007741,0.57441070,0.15918052,90.20875789,1.16719979,
V004,3309,reuse,875,861,4377,0,3308,1,0.57441070,-8.10000000,10.95000000,13.62029735,0.57441070,0.77672860,,,1.06808368,
V004,3310,switch,875,875,4446,4377,,,,,,,,0.92399473,0.06239881,50.09772949,,no_last_seen|no_prev
V004,3314,switch,894,894,4269,4203,3313,1,0.91802430,-1.25000000,0.95000000,1.57003185,0.91802430,0.96822310,,,1.08557818,no_old
V004,3315,switch,660,660,4076,4075,3287,28,0.28368762,-22.90000000,3.85000000,23.22138023,,,,,1.37619556,no_prev|no_next|no_old
V004,3315,reuse,653,894,4269,0,3314,1,0.96822310,0.30000000,1.65000000,1.67705098,0.96822310,,,,1.01911233,no_next
