seq,frame,type,gt_id_old,gt_id_new,track_id,note
V001,227,switch,5,5,11,tracker 8 -> 11 on gt 5
V001,235,switch,6,6,12,tracker 9 -> 12 on gt 6
V001,686,switch,6,6,14,tracker 12 -> 14 on gt 6
V001,690,switch,6,6,15,tracker 12 -> 15 on gt 6
V001,694,switch,4,4,16,tracker 5 -> 16 on gt 4
V001,755,switch,1,1,15,tracker 3 -> 15 on gt 1
V001,756,switch,1,1,3,tracker 3 -> 3 on gt 1
V001,764,switch,0,0,6,tracker 1 -> 6 on gt 0
V001,764,switch,3,3,1,tracker 6 -> 1 on gt 3
V001,765,reuse,3,0,6,tracker 6 matched gt 3 (last frame 761) now gt 0
V001,765,reuse,0,3,1,tracker 1 matched gt 0 (last frame 763) now gt 3
V001,798,switch,2,2,6,tracker 4 -> 6 on gt 2
V001,801,switch,2,2,1,tracker 4 -> 1 on gt 2
V001,801,switch,3,3,6,tracker 1 -> 6 on gt 3
V001,802,reuse,3,2,1,tracker 1 matched gt 3 (last frame 800) now gt 2
V001,802,reuse,0,3,6,tracker 6 matched gt 0 (last frame 786) now gt 3
V001,803,switch,3,3,4,tracker 6 -> 4 on gt 3
V001,804,reuse,2,3,4,tracker 4 matched gt 2 (last frame 797) now gt 3
V002,99,switch,3,3,19,tracker 24 -> 19 on gt 3
V002,99,switch,9,9,24,tracker 19 -> 24 on gt 9
V002,100,reuse,9,3,19,tracker 19 matched gt 9 (last frame 98) now gt 3
V002,102,reuse,3,9,24,tracker 24 matched gt 3 (last frame 98) now gt 9
V002,213,switch,0,0,26,tracker 18 -> 26 on gt 0
V002,213,switch,4,4,18,tracker 26 -> 18 on gt 4
V002,214,reuse,4,0,26,tracker 26 matched gt 4 (last frame 210) now gt 0
V002,214,reuse,0,4,18,tracker 18 matched gt 0 (last frame 212) now gt 4
V002,353,switch,8,8,27,tracker 22 -> 27 on gt 8
V002,363,switch,3,3,28,tracker 19 -> 28 on gt 3
V002,378,switch,9,9,29,tracker 24 -> 29 on gt 9
V002,392,switch,7,7,30,tracker 23 -> 30 on gt 7
V002,398,switch,4,4,31,tracker 18 -> 31 on gt 4
V003,205,switch,6,6,42,tracker 38 -> 42 on gt 6
V003,309,switch,4,4,43,tracker 36 -> 43 on gt 4
V003,377,switch,4,4,42,tracker 43 -> 42 on gt 4
V003,377,switch,6,6,43,tracker 42 -> 43 on gt 6
V003,378,reuse,6,4,42,tracker 42 matched gt 6 (last frame 376) now gt 4
V003,378,reuse,4,6,43,tracker 43 matched gt 4 (last frame 375) now gt 6
V003,390,switch,4,4,43,tracker 42 -> 43 on gt 4
V003,390,switch,6,6,42,tracker 43 -> 42 on gt 6
V003,391,reuse,6,4,43,tracker 43 matched gt 6 (last frame 389) now gt 4
V003,391,reuse,4,6,42,tracker 42 matched gt 4 (last frame 389) now gt 6
V003,453,switch,7,7,43,tracker 33 -> 43 on gt 7
V003,457,switch,7,7,44,tracker 33 -> 44 on gt 7
V003,461,switch,4,4,34,tracker 43 -> 34 on gt 4
V003,461,switch,8,8,43,tracker 34 -> 43 on gt 8
V003,462,reuse,8,4,34,tracker 34 matched gt 8 (last frame 455) now gt 4
V003,462,reuse,4,8,43,tracker 43 matched gt 4 (last frame 460) now gt 8
V003,466,switch,7,7,45,tracker 44 -> 45 on gt 7
V003,473,switch,7,7,43,tracker 45 -> 43 on gt 7
V003,473,switch,8,8,45,tracker 43 -> 45 on gt 8
V003,474,reuse,8,7,43,tracker 43 matched gt 8 (last frame 472) now gt 7
V003,474,reuse,7,8,45,tracker 45 matched gt 7 (last frame 471) now gt 8
V003,480,switch,9,9,46,tracker 40 -> 46 on gt 9
V004,235,switch,1,1,49,tracker 51 -> 49 on gt 1
V004,235,switch,8,8,51,tracker 49 -> 51 on gt 8
V004,236,reuse,8,1,49,tracker 49 matched gt 8 (last frame 234) now gt 1
V004,236,reuse,1,8,51,tracker 51 matched gt 1 (last frame 229) now gt 8
V004,386,switch,6,6,58,tracker 54 -> 58 on gt 6
V005,55,switch,3,3,67,tracker 63 -> 67 on gt 3
V005,79,switch,5,5,67,tracker 65 -> 67 on gt 5
V005,80,switch,3,3,72,tracker 67 -> 72 on gt 3
V005,80,reuse,3,5,67,tracker 67 matched gt 3 (last frame 78) now gt 5
V005,185,switch,9,9,73,tracker 69 -> 73 on gt 9
V005,249,switch,3,3,67,tracker 72 -> 67 on gt 3
V005,249,switch,5,5,72,tracker 67 -> 72 on gt 5
V005,250,reuse,5,3,67,tracker 67 matched gt 5 (last frame 248) now gt 3
V005,250,reuse,3,5,72,tracker 72 matched gt 3 (last frame 247) now gt 5
V005,261,switch,7,7,74,tracker 66 -> 74 on gt 7
V006,28,switch,11,11,98,tracker 86 -> 98 on gt 11
V006,51,switch,2,2,99,tracker 80 -> 99 on gt 2
V006,194,switch,7,7,101,tracker 77 -> 101 on gt 7
V006,205,switch,6,6,102,tracker 75 -> 102 on gt 6
V007,102,switch,3,3,108,tracker 110 -> 108 on gt 3
V007,102,switch,4,4,110,tracker 108 -> 110 on gt 4
V007,103,reuse,4,3,108,tracker 108 matched gt 4 (last frame 98) now gt 3
V007,103,reuse,3,4,110,tracker 110 matched gt 3 (last frame 101) now gt 4
V007,532,switch,7,7,106,tracker 109 -> 106 on gt 7
V007,532,switch,9,9,109,tracker 106 -> 109 on gt 9
V007,533,reuse,9,7,106,tracker 106 matched gt 9 (last frame 531) now gt 7
V007,533,reuse,7,9,109,tracker 109 matched gt 7 (last frame 531) now gt 9
V008,134,switch,5,5,124,tracker 123 -> 124 on gt 5
V008,135,reuse,4,5,124,tracker 124 matched gt 4 (last frame 133) now gt 5
V008,136,switch,5,5,123,tracker 124 -> 123 on gt 5
V008,136,reuse,5,4,124,tracker 124 matched gt 5 (last frame 135) now gt 4
V009,212,switch,0,0,148,tracker 135 -> 148 on gt 0
V009,215,switch,1,1,149,tracker 131 -> 149 on gt 1
V009,289,switch,9,9,150,tracker 144 -> 150 on gt 9
V009,305,switch,17,17,151,tracker 146 -> 151 on gt 17
V009,314,switch,8,8,152,tracker 147 -> 152 on gt 8
V009,318,switch,7,7,154,tracker 145 -> 154 on gt 7
V009,484,switch,7,7,158,tracker 154 -> 158 on gt 7
V009,486,switch,15,15,158,tracker 141 -> 158 on gt 15
V009,487,switch,3,3,160,tracker 138 -> 160 on gt 3
V009,487,reuse,7,15,158,tracker 158 matched gt 7 (last frame 485) now gt 15
V009,491,switch,7,7,165,tracker 158 -> 165 on gt 7
V009,672,switch,7,7,167,tracker 165 -> 167 on gt 7
V009,712,switch,19,19,168,tracker 155 -> 168 on gt 19
V010,74,switch,4,4,181,tracker 171 -> 181 on gt 4
V010,78,switch,3,3,182,tracker 169 -> 182 on gt 3
V010,89,switch,2,2,183,tracker 172 -> 183 on gt 2
V010,142,switch,11,11,184,tracker 180 -> 184 on gt 11
V010,196,switch,2,2,186,tracker 183 -> 186 on gt 2
V010,235,reuse,16,19,252,tracker 252 matched gt 16 (last frame 231) now gt 19
V010,236,switch,16,16,272,tracker 252 -> 272 on gt 16
V010,237,switch,1,1,276,tracker 177 -> 276 on gt 1
V010,238,switch,19,19,279,tracker 252 -> 279 on gt 19
V010,242,switch,0,0,285,tracker 178 -> 285 on gt 0
V010,280,switch,18,18,286,tracker 270 -> 286 on gt 18
V010,287,switch,17,17,286,tracker 281 -> 286 on gt 17
V010,287,switch,18,18,287,tracker 286 -> 287 on gt 18
V010,288,reuse,18,17,286,tracker 286 matched gt 18 (last frame 286) now gt 17
V010,298,switch,3,3,288,tracker 182 -> 288 on gt 3
V010,320,switch,4,4,290,tracker 181 -> 290 on gt 4
V010,320,switch,9,9,289,tracker 174 -> 289 on gt 9
V010,326,switch,6,6,291,tracker 176 -> 291 on gt 6
V010,350,switch,7,7,292,tracker 170 -> 292 on gt 7
V010,350,switch,10,10,293,tracker 179 -> 293 on gt 10
V010,403,switch,15,15,294,tracker 238 -> 294 on gt 15
V010,424,switch,19,19,295,tracker 279 -> 295 on gt 19
V010,441,switch,20,20,296,tracker 275 -> 296 on gt 20
V010,531,switch,1,1,297,tracker 276 -> 297 on gt 1
V010,535,switch,6,6,298,tracker 291 -> 298 on gt 6
V011,79,switch,10,10,326,tracker 320 -> 326 on gt 10
V011,231,switch,14,14,327,tracker 317 -> 327 on gt 14
V011,235,switch,17,17,328,tracker 301 -> 328 on gt 17
V011,235,switch,18,18,329,tracker 310 -> 329 on gt 18
V011,253,switch,1,1,330,tracker 313 -> 330 on gt 1
V011,263,switch,3,3,331,tracker 312 -> 331 on gt 3
V011,267,switch,4,4,332,tracker 314 -> 332 on gt 4
V011,375,switch,11,11,334,tracker 306 -> 334 on gt 11
V011,405,switch,14,14,335,tracker 327 -> 335 on gt 14
V011,421,switch,4,4,336,tracker 332 -> 336 on gt 4
V011,423,switch,5,5,337,tracker 316 -> 337 on gt 5
V011,554,switch,14,14,338,tracker 335 -> 338 on gt 14
V011,555,switch,17,17,339,tracker 328 -> 339 on gt 17
V011,557,switch,20,20,340,tracker 305 -> 340 on gt 20
V011,559,switch,20,20,341,tracker 305 -> 341 on gt 20
V011,562,switch,16,16,347,tracker 302 -> 347 on gt 16
V011,566,switch,7,7,355,tracker 311 -> 355 on gt 7
V011,572,switch,5,5,366,tracker 337 -> 366 on gt 5
V011,578,switch,9,9,340,tracker 303 -> 340 on gt 9
V011,583,switch,4,4,378,tracker 336 -> 378 on gt 4
V011,585,switch,0,0,380,tracker 300 -> 380 on gt 0
V011,595,switch,4,4,396,tracker 336 -> 396 on gt 4
V011,605,switch,19,19,406,tracker 304 -> 406 on gt 19
V011,662,switch,3,3,408,tracker 331 -> 408 on gt 3
V011,673,switch,18,18,409,tracker 329 -> 409 on gt 18
V011,675,switch,6,6,410,tracker 307 -> 410 on gt 6
V011,678,switch,14,14,411,tracker 338 -> 411 on gt 14
V011,715,switch,21,21,412,tracker 407 -> 412 on gt 21
V011,942,switch,3,3,413,tracker 408 -> 413 on gt 3
V011,946,switch,4,4,414,tracker 396 -> 414 on gt 4
V011,967,switch,15,15,418,tracker 315 -> 418 on gt 15
V011,968,switch,8,8,420,tracker 319 -> 420 on gt 8
V011,981,switch,13,13,434,tracker 309 -> 434 on gt 13
V011,983,switch,18,18,428,tracker 409 -> 428 on gt 18
V011,984,switch,13,13,439,tracker 309 -> 439 on gt 13
V011,998,switch,14,14,454,tracker 411 -> 454 on gt 14
V011,1013,switch,12,12,455,tracker 318 -> 455 on gt 12
V011,1037,switch,13,13,456,tracker 439 -> 456 on gt 13
V011,1038,switch,17,17,457,tracker 339 -> 457 on gt 17
V011,1053,switch,9,9,458,tracker 340 -> 458 on gt 9
V011,1094,switch,9,9,459,tracker 458 -> 459 on gt 9
V011,1124,switch,0,0,461,tracker 380 -> 461 on gt 0
V011,1133,switch,16,16,462,tracker 347 -> 462 on gt 16
V011,1163,switch,3,3,341,tracker 413 -> 341 on gt 3
V011,1163,switch,20,20,413,tracker 341 -> 413 on gt 20
V011,1164,reuse,20,3,341,tracker 341 matched gt 20 (last frame 1160) now gt 3
V011,1164,reuse,3,20,413,tracker 413 matched gt 3 (last frame 1162) now gt 20
V012,9,switch,7,7,478,tracker 470 -> 478 on gt 7
V012,15,switch,8,8,486,tracker 483 -> 486 on gt 8
V012,106,switch,1,1,500,tracker 466 -> 500 on gt 1
V012,116,switch,6,6,501,tracker 498 -> 501 on gt 6
V012,131,switch,0,0,502,tracker 467 -> 502 on gt 0
V012,256,switch,7,7,510,tracker 478 -> 510 on gt 7
V012,302,switch,12,12,511,tracker 504 -> 511 on gt 12
V012,306,switch,15,15,512,tracker 507 -> 512 on gt 15
V012,355,switch,17,17,513,tracker 509 -> 513 on gt 17
V012,365,switch,4,4,514,tracker 468 -> 514 on gt 4
V012,422,switch,9,9,516,tracker 493 -> 516 on gt 9
V012,451,switch,13,13,517,tracker 506 -> 517 on gt 13
V012,460,switch,16,16,518,tracker 508 -> 518 on gt 16
V012,463,switch,17,17,519,tracker 513 -> 519 on gt 17
V012,511,switch,9,9,520,tracker 516 -> 520 on gt 9
V013,94,switch,17,17,538,tracker 521 -> 538 on gt 17
V013,263,switch,7,7,543,tracker 529 -> 543 on gt 7
V013,279,switch,9,9,545,tracker 526 -> 545 on gt 9
V013,280,switch,10,10,544,tracker 533 -> 544 on gt 10
V013,293,switch,19,19,546,tracker 542 -> 546 on gt 19
V013,360,switch,2,2,547,tracker 522 -> 547 on gt 2
V013,362,switch,9,9,548,tracker 545 -> 548 on gt 9
V013,367,switch,7,7,552,tracker 543 -> 552 on gt 7
V013,370,switch,8,8,548,tracker 531 -> 548 on gt 8
V013,375,switch,8,8,567,tracker 531 -> 567 on gt 8
V013,377,switch,6,6,571,tracker 536 -> 571 on gt 6
V013,381,switch,3,3,578,tracker 535 -> 578 on gt 3
V013,382,switch,4,4,560,tracker 527 -> 560 on gt 4
V013,385,switch,1,1,560,tracker 528 -> 560 on gt 1
V013,389,switch,0,0,599,tracker 523 -> 599 on gt 0
V013,392,switch,1,1,613,tracker 528 -> 613 on gt 1
V013,405,switch,5,5,654,tracker 534 -> 654 on gt 5
V013,405,switch,9,9,653,tracker 545 -> 653 on gt 9
V013,406,switch,4,4,655,tracker 527 -> 655 on gt 4
V013,410,switch,8,8,657,tracker 567 -> 657 on gt 8
V013,410,switch,11,11,656,tracker 524 -> 656 on gt 11
V013,411,switch,0,0,658,tracker 599 -> 658 on gt 0
V013,412,switch,1,1,661,tracker 613 -> 661 on gt 1
V013,412,switch,6,6,660,tracker 571 -> 660 on gt 6
V013,412,switch,7,7,659,tracker 552 -> 659 on gt 7
V013,412,switch,12,12,662,tracker 530 -> 662 on gt 12
V013,415,switch,15,15,664,tracker 539 -> 664 on gt 15
V013,418,switch,2,2,552,tracker 547 -> 552 on gt 2
V013,418,switch,4,4,613,tracker 655 -> 613 on gt 4
V013,419,reuse,7,2,552,tracker 552 matched gt 7 (last frame 410) now gt 2
V013,420,switch,4,4,668,tracker 655 -> 668 on gt 4
V013,420,switch,6,6,613,tracker 660 -> 613 on gt 6
V013,421,switch,2,2,670,tracker 552 -> 670 on gt 2
V013,421,switch,4,4,599,tracker 655 -> 599 on gt 4
V013,421,switch,6,6,655,tracker 660 -> 655 on gt 6
V013,422,switch,6,6,668,tracker 660 -> 668 on gt 6
V013,422,switch,9,9,567,tracker 653 -> 567 on gt 9
V013,423,switch,4,4,673,tracker 655 -> 673 on gt 4
V013,423,switch,6,6,599,tracker 660 -> 599 on gt 6
V013,424,switch,6,6,673,tracker 660 -> 673 on gt 6
V013,424,switch,13,13,676,tracker 525 -> 676 on gt 13
V013,425,switch,6,6,678,tracker 660 -> 678 on gt 6
V013,426,switch,4,4,682,tracker 655 -> 682 on gt 4
V013,427,switch,6,6,682,tracker 678 -> 682 on gt 6
V013,429,switch,6,6,691,tracker 678 -> 691 on gt 6
V013,430,switch,4,4,694,tracker 655 -> 694 on gt 4
V013,430,switch,20,20,695,tracker 541 -> 695 on gt 20
V013,432,switch,16,16,530,tracker 540 -> 530 on gt 16
V013,432,switch,20,20,698,tracker 541 -> 698 on gt 20
V013,433,switch,6,6,705,tracker 678 -> 705 on gt 6
V013,433,switch,9,9,703,tracker 653 -> 703 on gt 9
V013,433,reuse,12,16,530,tracker 530 matched gt 12 (last frame 410) now gt 16
V013,435,switch,16,16,707,tracker 530 -> 707 on gt 16
V013,443,switch,17,17,663,tracker 538 -> 663 on gt 17
V013,443,switch,18,18,719,tracker 537 -> 719 on gt 18
V013,446,switch,14,14,726,tracker 532 -> 726 on gt 14
V013,447,switch,17,17,728,tracker 538 -> 728 on gt 17
V013,448,switch,14,14,729,tracker 532 -> 729 on gt 14
V013,449,switch,10,10,662,tracker 544 -> 662 on gt 10
V013,450,reuse,12,10,662,tracker 662 matched gt 12 (last frame 448) now gt 10
V013,453,switch,12,12,730,tracker 662 -> 730 on gt 12
V013,454,switch,6,6,694,tracker 705 -> 694 on gt 6
V013,455,switch,4,4,732,tracker 694 -> 732 on gt 4
V013,455,switch,10,10,733,tracker 662 -> 733 on gt 10
V013,455,reuse,4,6,694,tracker 694 matched gt 4 (last frame 453) now gt 6
V013,458,switch,6,6,732,tracker 694 -> 732 on gt 6
V013,458,switch,7,7,734,tracker 659 -> 734 on gt 7
V013,458,switch,8,8,736,tracker 657 -> 736 on gt 8
V013,459,switch,11,11,737,tracker 656 -> 737 on gt 11
V013,459,switch,13,13,738,tracker 676 -> 738 on gt 13
V013,459,switch,17,17,719,tracker 728 -> 719 on gt 17
V013,459,reuse,4,6,732,tracker 732 matched gt 4 (last frame 457) now gt 6
V013,460,switch,18,18,740,tracker 719 -> 740 on gt 18
V013,461,switch,9,9,742,tracker 703 -> 742 on gt 9
V013,461,switch,17,17,744,tracker 728 -> 744 on gt 17
V013,461,switch,20,20,743,tracker 698 -> 743 on gt 20
V013,463,switch,14,14,726,tracker 729 -> 726 on gt 14
V013,464,switch,3,3,751,tracker 578 -> 751 on gt 3
V013,466,reuse,6,4,732,tracker 732 matched gt 6 (last frame 465) now gt 4
V013,467,reuse,4,6,732,tracker 732 matched gt 4 (last frame 466) now gt 6
V013,468,switch,4,4,761,tracker 732 -> 761 on gt 4
V013,469,switch,1,1,694,tracker 661 -> 694 on gt 1
V013,472,switch,1,1,771,tracker 661 -> 771 on gt 1
V013,475,switch,0,0,659,tracker 658 -> 659 on gt 0
V013,475,switch,14,14,719,tracker 726 -> 719 on gt 14
V013,476,switch,5,5,780,tracker 654 -> 780 on gt 5
V013,476,reuse,7,0,659,tracker 659 matched gt 7 (last frame 456) now gt 0
V013,477,switch,14,14,728,tracker 726 -> 728 on gt 14
V013,478,switch,0,0,782,tracker 659 -> 782 on gt 0
V013,479,switch,14,14,783,tracker 726 -> 783 on gt 14
V013,488,switch,14,14,795,tracker 726 -> 795 on gt 14
V013,493,switch,4,4,801,tracker 761 -> 801 on gt 4
V014,130,switch,15,15,818,tracker 817 -> 818 on gt 15
V014,139,switch,14,14,819,tracker 816 -> 819 on gt 14
V014,290,switch,0,0,822,tracker 802 -> 822 on gt 0
V014,375,switch,14,14,823,tracker 819 -> 823 on gt 14
V014,505,switch,14,14,824,tracker 823 -> 824 on gt 14
V014,535,switch,15,15,825,tracker 818 -> 825 on gt 15
V015,131,switch,8,8,834,tracker 833 -> 834 on gt 8
V015,132,switch,9,9,832,tracker 834 -> 832 on gt 9
V015,132,reuse,9,8,834,tracker 834 matched gt 9 (last frame 129) now gt 8
V015,133,switch,6,6,833,tracker 832 -> 833 on gt 6
V015,133,reuse,6,9,832,tracker 832 matched gt 6 (last frame 131) now gt 9
V015,134,reuse,8,6,833,tracker 833 matched gt 8 (last frame 130) now gt 6
V015,235,switch,2,2,836,tracker 829 -> 836 on gt 2
V015,245,switch,4,4,836,tracker 827 -> 836 on gt 4
V015,247,switch,4,4,827,tracker 827 -> 827 on gt 4
V015,305,switch,6,6,837,tracker 833 -> 837 on gt 6
V015,309,switch,9,9,838,tracker 832 -> 838 on gt 9
V015,371,switch,5,5,834,tracker 826 -> 834 on gt 5
V015,371,switch,8,8,826,tracker 834 -> 826 on gt 8
V015,372,reuse,8,5,834,tracker 834 matched gt 8 (last frame 370) now gt 5
V015,372,reuse,5,8,826,tracker 826 matched gt 5 (last frame 364) now gt 8
V015,651,switch,3,3,836,tracker 830 -> 836 on gt 3
V015,652,reuse,2,3,836,tracker 836 matched gt 2 (last frame 648) now gt 3
V015,654,switch,2,2,830,tracker 836 -> 830 on gt 2
V015,655,reuse,3,2,830,tracker 830 matched gt 3 (last frame 647) now gt 2
V015,669,switch,5,5,837,tracker 834 -> 837 on gt 5
V015,669,switch,6,6,834,tracker 837 -> 834 on gt 6
V015,670,reuse,6,5,837,tracker 837 matched gt 6 (last frame 668) now gt 5
V015,670,reuse,5,6,834,tracker 834 matched gt 5 (last frame 668) now gt 6
V015,692,switch,0,0,841,tracker 831 -> 841 on gt 0
V015,714,switch,4,4,842,tracker 827 -> 842 on gt 4
V015,715,switch,1,1,843,tracker 828 -> 843 on gt 1
V015,748,switch,8,8,836,tracker 826 -> 836 on gt 8
V015,749,reuse,3,8,836,tracker 836 matched gt 3 (last frame 747) now gt 8
V015,751,reuse,8,3,836,tracker 836 matched gt 8 (last frame 750) now gt 3
V015,753,reuse,3,8,836,tracker 836 matched gt 3 (last frame 752) now gt 8
V015,756,switch,3,3,844,tracker 836 -> 844 on gt 3
V015,798,switch,0,0,845,tracker 841 -> 845 on gt 0
V016,29,switch,8,8,855,tracker 854 -> 855 on gt 8
V016,34,reuse,8,9,854,tracker 854 matched gt 8 (last frame 25) now gt 9
V016,305,switch,8,8,858,tracker 855 -> 858 on gt 8
V016,336,switch,3,3,859,tracker 849 -> 859 on gt 3
V016,346,switch,7,7,860,tracker 853 -> 860 on gt 7
V016,681,switch,6,6,863,tracker 852 -> 863 on gt 6
V016,710,switch,6,6,864,tracker 863 -> 864 on gt 6
V016,754,switch,4,4,848,tracker 846 -> 848 on gt 4
V016,755,switch,1,1,846,tracker 848 -> 846 on gt 1
V016,755,reuse,1,4,848,tracker 848 matched gt 1 (last frame 753) now gt 4
V016,756,reuse,4,1,846,tracker 846 matched gt 4 (last frame 746) now gt 1
V016,763,switch,4,4,846,tracker 848 -> 846 on gt 4
V016,766,switch,4,4,848,tracker 848 -> 848 on gt 4
V016,769,switch,1,1,858,tracker 846 -> 858 on gt 1
V016,769,switch,8,8,846,tracker 858 -> 846 on gt 8
V016,770,reuse,8,1,858,tracker 858 matched gt 8 (last frame 768) now gt 1
V016,770,reuse,1,8,846,tracker 846 matched gt 1 (last frame 766) now gt 8
V016,798,switch,5,5,867,tracker 851 -> 867 on gt 5
V016,834,switch,3,3,868,tracker 859 -> 868 on gt 3
V016,860,switch,5,5,869,tracker 867 -> 869 on gt 5
V016,864,switch,0,0,870,tracker 850 -> 870 on gt 0
V016,867,switch,0,0,869,tracker 870 -> 869 on gt 0
V016,867,switch,5,5,870,tracker 869 -> 870 on gt 5
V016,868,reuse,5,0,869,tracker 869 matched gt 5 (last frame 864) now gt 0
V016,868,reuse,0,5,870,tracker 870 matched gt 0 (last frame 866) now gt 5
V016,927,switch,9,9,872,tracker 854 -> 872 on gt 9
V016,937,switch,7,7,873,tracker 860 -> 873 on gt 7
V016,962,switch,5,5,874,tracker 870 -> 874 on gt 5
V016,995,switch,2,2,873,tracker 847 -> 873 on gt 2
V016,995,switch,7,7,847,tracker 873 -> 847 on gt 7
V016,996,reuse,7,2,873,tracker 873 matched gt 7 (last frame 994) now gt 2
V016,996,reuse,2,7,847,tracker 847 matched gt 2 (last frame 993) now gt 7
V016,1005,switch,8,8,875,tracker 846 -> 875 on gt 8
V016,1020,switch,0,0,876,tracker 869 -> 876 on gt 0
V017,143,switch,1,1,887,tracker 885 -> 887 on gt 1
V017,143,switch,7,7,885,tracker 887 -> 885 on gt 7
V017,144,reuse,7,1,887,tracker 887 matched gt 7 (last frame 142) now gt 1
V017,144,reuse,1,7,885,tracker 885 matched gt 1 (last frame 142) now gt 7
V017,168,switch,1,1,890,tracker 887 -> 890 on gt 1
V017,170,switch,1,1,881,tracker 887 -> 881 on gt 1
V017,170,switch,6,6,890,tracker 881 -> 890 on gt 6
V017,171,reuse,6,1,881,tracker 881 matched gt 6 (last frame 169) now gt 1
V017,250,switch,2,2,891,tracker 878 -> 891 on gt 2
V017,300,switch,1,1,892,tracker 881 -> 892 on gt 1
V017,320,switch,3,3,893,tracker 886 -> 893 on gt 3
V017,371,switch,2,2,894,tracker 891 -> 894 on gt 2
V017,387,switch,8,8,895,tracker 882 -> 895 on gt 8
V017,469,switch,9,9,897,tracker 883 -> 897 on gt 9
V017,581,switch,4,4,890,tracker 884 -> 890 on gt 4
V017,581,switch,6,6,884,tracker 890 -> 884 on gt 6
V017,582,reuse,6,4,890,tracker 890 matched gt 6 (last frame 578) now gt 4
V017,582,reuse,4,6,884,tracker 884 matched gt 4 (last frame 580) now gt 6
V017,737,switch,9,9,898,tracker 897 -> 898 on gt 9
V017,740,switch,6,6,899,tracker 884 -> 899 on gt 6
V017,748,switch,8,8,900,tracker 895 -> 900 on gt 8
V017,755,switch,3,3,901,tracker 893 -> 901 on gt 3
V017,759,switch,5,5,902,tracker 880 -> 902 on gt 5
V017,775,switch,7,7,903,tracker 885 -> 903 on gt 7
V017,846,switch,1,1,904,tracker 892 -> 904 on gt 1
V017,908,switch,6,6,900,tracker 899 -> 900 on gt 6
V017,908,switch,8,8,899,tracker 900 -> 899 on gt 8
V017,909,reuse,8,6,900,tracker 900 matched gt 8 (last frame 907) now gt 6
V017,909,reuse,6,8,899,tracker 899 matched gt 6 (last frame 907) now gt 8
V017,978,switch,1,1,905,tracker 904 -> 905 on gt 1
V017,1022,switch,4,4,906,tracker 890 -> 906 on gt 4
V017,1022,switch,5,5,907,tracker 902 -> 907 on gt 5
V017,1032,switch,2,2,908,tracker 894 -> 908 on gt 2
V017,1032,switch,3,3,909,tracker 901 -> 909 on gt 3
V017,1035,switch,2,2,910,tracker 908 -> 910 on gt 2
V017,1040,switch,7,7,911,tracker 903 -> 911 on gt 7
V017,1043,switch,0,0,916,tracker 879 -> 916 on gt 0
V017,1044,switch,2,2,906,tracker 910 -> 906 on gt 2
V017,1045,switch,0,0,919,tracker 879 -> 919 on gt 0
V017,1045,switch,4,4,918,tracker 906 -> 918 on gt 4
V017,1045,reuse,4,2,906,tracker 906 matched gt 4 (last frame 1043) now gt 2
V018,232,switch,7,7,930,tracker 922 -> 930 on gt 7
V018,245,switch,6,6,931,tracker 926 -> 931 on gt 6
V018,248,switch,8,8,932,tracker 929 -> 932 on gt 8
V018,359,switch,1,1,930,tracker 925 -> 930 on gt 1
V018,360,reuse,7,1,930,tracker 930 matched gt 7 (last frame 358) now gt 1
V018,362,switch,7,7,925,tracker 930 -> 925 on gt 7
V018,363,reuse,1,7,925,tracker 925 matched gt 1 (last frame 357) now gt 7
V018,380,switch,2,2,927,tracker 924 -> 927 on gt 2
V018,380,switch,5,5,924,tracker 927 -> 924 on gt 5
V018,381,reuse,5,2,927,tracker 927 matched gt 5 (last frame 379) now gt 2
V018,381,reuse,2,5,924,tracker 924 matched gt 2 (last frame 379) now gt 5
V018,471,switch,9,9,935,tracker 928 -> 935 on gt 9
V018,503,switch,2,2,936,tracker 927 -> 936 on gt 2
V018,514,switch,8,8,937,tracker 932 -> 937 on gt 8
V018,523,switch,0,0,938,tracker 920 -> 938 on gt 0
V018,534,switch,6,6,939,tracker 931 -> 939 on gt 6
V018,537,switch,4,4,940,tracker 923 -> 940 on gt 4
V019,278,switch,1,1,951,tracker 943 -> 951 on gt 1
V019,279,reuse,9,1,951,tracker 951 matched gt 9 (last frame 277) now gt 1
V019,281,switch,9,9,949,tracker 951 -> 949 on gt 9
V019,282,switch,7,7,952,tracker 949 -> 952 on gt 7
V019,282,reuse,7,9,949,tracker 949 matched gt 7 (last frame 280) now gt 9
V019,296,switch,7,7,949,tracker 952 -> 949 on gt 7
V019,296,switch,9,9,952,tracker 949 -> 952 on gt 9
V019,297,reuse,7,9,952,tracker 952 matched gt 7 (last frame 292) now gt 9
V019,300,reuse,9,7,949,tracker 949 matched gt 9 (last frame 295) now gt 7
V019,328,switch,7,7,950,tracker 949 -> 950 on gt 7
V019,329,reuse,8,7,950,tracker 950 matched gt 8 (last frame 327) now gt 7
V019,341,switch,6,6,949,tracker 948 -> 949 on gt 6
V019,342,reuse,7,6,949,tracker 949 matched gt 7 (last frame 322) now gt 6
V019,343,switch,8,8,948,tracker 950 -> 948 on gt 8
V019,354,reuse,6,8,948,tracker 948 matched gt 6 (last frame 340) now gt 8
V019,388,switch,4,4,953,tracker 946 -> 953 on gt 4
V019,408,switch,2,2,954,tracker 945 -> 954 on gt 2
V019,447,switch,0,0,955,tracker 942 -> 955 on gt 0
V019,456,switch,1,1,956,tracker 951 -> 956 on gt 1
V019,477,switch,0,0,953,tracker 955 -> 953 on gt 0
V019,478,switch,0,0,955,tracker 955 -> 955 on gt 0
V019,600,switch,7,7,957,tracker 950 -> 957 on gt 7
V019,606,switch,6,6,958,tracker 949 -> 958 on gt 6
V019,616,switch,9,9,959,tracker 952 -> 959 on gt 9
V019,628,switch,3,3,960,tracker 944 -> 960 on gt 3
V019,639,switch,1,1,961,tracker 956 -> 961 on gt 1
V019,666,switch,9,9,962,tracker 959 -> 962 on gt 9
V019,682,switch,8,8,963,tracker 948 -> 963 on gt 8
V019,707,switch,0,0,960,tracker 955 -> 960 on gt 0
V019,707,switch,3,3,955,tracker 960 -> 955 on gt 3
V019,708,reuse,3,0,960,tracker 960 matched gt 3 (last frame 706) now gt 0
V019,708,reuse,0,3,955,tracker 955 matched gt 0 (last frame 706) now gt 3
V019,751,switch,3,3,958,tracker 955 -> 958 on gt 3
V019,751,switch,6,6,955,tracker 958 -> 955 on gt 6
V019,752,reuse,6,3,958,tracker 958 matched gt 6 (last frame 749) now gt 3
V019,752,reuse,3,6,955,tracker 955 matched gt 3 (last frame 750) now gt 6
V019,765,switch,2,2,964,tracker 954 -> 964 on gt 2
V019,821,switch,6,6,965,tracker 955 -> 965 on gt 6
V019,824,switch,5,5,965,tracker 947 -> 965 on gt 5
V019,824,switch,6,6,947,tracker 965 -> 947 on gt 6
V019,825,reuse,6,5,965,tracker 965 matched gt 6 (last frame 823) now gt 5
V019,825,reuse,5,6,947,tracker 947 matched gt 5 (last frame 822) now gt 6
V019,940,switch,9,9,967,tracker 962 -> 967 on gt 9
V019,963,switch,2,2,968,tracker 964 -> 968 on gt 2
V019,983,switch,3,3,969,tracker 958 -> 969 on gt 3
V019,987,switch,0,0,970,tracker 960 -> 970 on gt 0
V019,1327,switch,3,3,972,tracker 969 -> 972 on gt 3
V019,1376,switch,0,0,972,tracker 970 -> 972 on gt 0
V019,1376,switch,3,3,970,tracker 972 -> 970 on gt 3
V019,1377,reuse,3,0,972,tracker 972 matched gt 3 (last frame 1375) now gt 0
V019,1377,reuse,0,3,970,tracker 970 matched gt 0 (last frame 1375) now gt 3
V019,1440,switch,3,3,975,tracker 970 -> 975 on gt 3
V019,1441,switch,0,0,957,tracker 972 -> 957 on gt 0
V019,1441,switch,7,7,972,tracker 957 -> 972 on gt 7
V019,1442,reuse,7,0,957,tracker 957 matched gt 7 (last frame 1440) now gt 0
V019,1442,reuse,0,7,972,tracker 972 matched gt 0 (last frame 1438) now gt 7
V019,1469,switch,1,1,976,tracker 961 -> 976 on gt 1
V019,1571,switch,4,4,947,tracker 953 -> 947 on gt 4
V019,1571,switch,6,6,953,tracker 947 -> 953 on gt 6
V019,1572,reuse,6,4,947,tracker 947 matched gt 6 (last frame 1569) now gt 4
V019,1572,reuse,4,6,953,tracker 953 matched gt 4 (last frame 1570) now gt 6
V019,1619,switch,2,2,979,tracker 968 -> 979 on gt 2
V019,1656,switch,5,5,980,tracker 965 -> 980 on gt 5
V019,1659,switch,9,9,981,tracker 967 -> 981 on gt 9
V019,1739,switch,6,6,982,tracker 953 -> 982 on gt 6
V019,1745,switch,0,0,983,tracker 957 -> 983 on gt 0
V020,136,switch,1,1,994,tracker 987 -> 994 on gt 1
V020,204,switch,1,1,995,tracker 994 -> 995 on gt 1
V020,234,switch,1,1,996,tracker 995 -> 996 on gt 1
V020,285,switch,1,1,993,tracker 996 -> 993 on gt 1
V020,285,switch,9,9,996,tracker 993 -> 996 on gt 9
V020,286,reuse,9,1,993,tracker 993 matched gt 9 (last frame 284) now gt 1
V020,286,reuse,1,9,996,tracker 996 matched gt 1 (last frame 283) now gt 9
V020,407,switch,1,1,997,tracker 993 -> 997 on gt 1
V020,411,switch,2,2,998,tracker 986 -> 998 on gt 2
V020,447,switch,0,0,999,tracker 984 -> 999 on gt 0
V020,454,switch,5,5,1000,tracker 989 -> 1000 on gt 5
V020,470,switch,4,4,1001,tracker 988 -> 1001 on gt 4
V020,645,switch,9,9,1005,tracker 996 -> 1005 on gt 9
V021,104,switch,3,3,1016,tracker 1014 -> 1016 on gt 3
V021,118,switch,9,9,1017,tracker 1007 -> 1017 on gt 9
V021,209,switch,0,0,1019,tracker 1013 -> 1019 on gt 0
V021,210,switch,1,1,1020,tracker 1011 -> 1020 on gt 1
V021,238,switch,4,4,1009,tracker 1008 -> 1009 on gt 4
V021,238,switch,6,6,1008,tracker 1009 -> 1008 on gt 6
V021,239,reuse,6,4,1009,tracker 1009 matched gt 6 (last frame 236) now gt 4
V021,239,reuse,4,6,1008,tracker 1008 matched gt 4 (last frame 237) now gt 6
V021,288,switch,1,1,1021,tracker 1020 -> 1021 on gt 1
V021,305,switch,8,8,1022,tracker 1015 -> 1022 on gt 8
V021,310,switch,0,0,1023,tracker 1019 -> 1023 on gt 0
V021,313,switch,2,2,1024,tracker 1010 -> 1024 on gt 2
V021,340,switch,3,3,1025,tracker 1016 -> 1025 on gt 3
V021,346,switch,6,6,1026,tracker 1008 -> 1026 on gt 6
V021,477,switch,3,3,1026,tracker 1025 -> 1026 on gt 3
V021,477,switch,6,6,1025,tracker 1026 -> 1025 on gt 6
V021,478,reuse,6,3,1026,tracker 1026 matched gt 6 (last frame 476) now gt 3
V021,478,reuse,3,6,1025,tracker 1025 matched gt 3 (last frame 475) now gt 6
V021,509,switch,7,7,1022,tracker 1006 -> 1022 on gt 7
V021,509,switch,8,8,1006,tracker 1022 -> 1006 on gt 8
V021,510,reuse,8,7,1022,tracker 1022 matched gt 8 (last frame 508) now gt 7
V021,510,reuse,7,8,1006,tracker 1006 matched gt 7 (last frame 507) now gt 8
V021,583,switch,7,7,1006,tracker 1022 -> 1006 on gt 7
V021,583,switch,8,8,1022,tracker 1006 -> 1022 on gt 8
V021,584,reuse,8,7,1006,tracker 1006 matched gt 8 (last frame 582) now gt 7
V021,584,reuse,7,8,1022,tracker 1022 matched gt 7 (last frame 575) now gt 8
V021,688,switch,5,5,1027,tracker 1012 -> 1027 on gt 5
V021,728,switch,9,9,1028,tracker 1017 -> 1028 on gt 9
V021,776,switch,4,4,1029,tracker 1009 -> 1029 on gt 4
V021,813,switch,6,6,1023,tracker 1025 -> 1023 on gt 6
V021,814,reuse,0,6,1023,tracker 1023 matched gt 0 (last frame 812) now gt 6
V021,821,switch,6,6,1025,tracker 1023 -> 1025 on gt 6
V021,823,switch,6,6,1023,tracker 1025 -> 1023 on gt 6
V021,828,switch,0,0,1027,tracker 1023 -> 1027 on gt 0
V021,829,switch,5,5,1030,tracker 1027 -> 1030 on gt 5
V021,829,reuse,5,0,1027,tracker 1027 matched gt 5 (last frame 827) now gt 0
V022,51,switch,5,5,1041,tracker 1040 -> 1041 on gt 5
V022,334,switch,6,6,1043,tracker 1036 -> 1043 on gt 6
V022,345,switch,9,9,1044,tracker 1033 -> 1044 on gt 9
V022,512,switch,4,4,1034,tracker 1037 -> 1034 on gt 4
V022,512,switch,7,7,1037,tracker 1034 -> 1037 on gt 7
V022,513,reuse,7,4,1034,tracker 1034 matched gt 7 (last frame 511) now gt 4
V022,513,reuse,4,7,1037,tracker 1037 matched gt 4 (last frame 511) now gt 7
V022,561,switch,3,3,1046,tracker 1038 -> 1046 on gt 3
V022,590,switch,0,0,1047,tracker 1031 -> 1047 on gt 0
V022,590,switch,3,3,1048,tracker 1046 -> 1048 on gt 3
V022,599,switch,1,1,1049,tracker 1035 -> 1049 on gt 1
V022,637,switch,1,1,1044,tracker 1049 -> 1044 on gt 1
V022,637,switch,9,9,1049,tracker 1044 -> 1049 on gt 9
V022,638,reuse,9,1,1044,tracker 1044 matched gt 9 (last frame 636) now gt 1
V022,638,reuse,1,9,1049,tracker 1049 matched gt 1 (last frame 636) now gt 9
V022,684,switch,3,3,1037,tracker 1048 -> 1037 on gt 3
V022,684,switch,7,7,1048,tracker 1037 -> 1048 on gt 7
V022,685,reuse,7,3,1037,tracker 1037 matched gt 7 (last frame 683) now gt 3
V022,685,reuse,3,7,1048,tracker 1048 matched gt 3 (last frame 682) now gt 7
V023,214,switch,0,0,1062,tracker 1056 -> 1062 on gt 0
V023,221,switch,6,6,1063,tracker 1053 -> 1063 on gt 6
V023,228,switch,5,5,1064,tracker 1055 -> 1064 on gt 5
V023,270,switch,2,2,1054,tracker 1057 -> 1054 on gt 2
V023,271,reuse,9,2,1054,tracker 1054 matched gt 9 (last frame 269) now gt 2
V023,276,switch,9,9,1057,tracker 1054 -> 1057 on gt 9
V023,277,reuse,2,9,1057,tracker 1057 matched gt 2 (last frame 268) now gt 9
V023,296,switch,0,0,1054,tracker 1062 -> 1054 on gt 0
V023,296,switch,2,2,1062,tracker 1054 -> 1062 on gt 2
V023,297,reuse,2,0,1054,tracker 1054 matched gt 2 (last frame 288) now gt 0
V023,297,reuse,0,2,1062,tracker 1062 matched gt 0 (last frame 295) now gt 2
V023,299,switch,2,2,1057,tracker 1062 -> 1057 on gt 2
V023,299,switch,9,9,1062,tracker 1057 -> 1062 on gt 9
V023,300,reuse,9,2,1057,tracker 1057 matched gt 9 (last frame 298) now gt 2
V023,300,reuse,2,9,1062,tracker 1062 matched gt 2 (last frame 298) now gt 9
V023,322,switch,4,4,1067,tracker 1060 -> 1067 on gt 4
V023,357,switch,3,3,1069,tracker 1059 -> 1069 on gt 3
V023,413,switch,5,5,1052,tracker 1064 -> 1052 on gt 5
V023,413,switch,7,7,1064,tracker 1052 -> 1064 on gt 7
V023,414,reuse,7,5,1052,tracker 1052 matched gt 7 (last frame 412) now gt 5
V023,414,reuse,5,7,1064,tracker 1064 matched gt 5 (last frame 412) now gt 7
V023,491,switch,7,7,1062,tracker 1064 -> 1062 on gt 7
V023,492,reuse,9,7,1062,tracker 1062 matched gt 9 (last frame 489) now gt 7
V023,495,reuse,7,9,1062,tracker 1062 matched gt 7 (last frame 494) now gt 9
V023,500,switch,7,7,1064,tracker 1062 -> 1064 on gt 7
V023,512,switch,6,6,1064,tracker 1063 -> 1064 on gt 6
V023,512,switch,7,7,1063,tracker 1064 -> 1063 on gt 7
V023,513,reuse,7,6,1064,tracker 1064 matched gt 7 (last frame 511) now gt 6
V023,513,reuse,6,7,1063,tracker 1063 matched gt 6 (last frame 511) now gt 7
V024,233,switch,5,5,1072,tracker 1070 -> 1072 on gt 5
V024,237,switch,1,1,1070,tracker 1072 -> 1070 on gt 1
V024,237,reuse,1,5,1072,tracker 1072 matched gt 1 (last frame 236) now gt 5
V024,238,reuse,5,1,1070,tracker 1070 matched gt 5 (last frame 232) now gt 1
V024,332,switch,1,1,1080,tracker 1070 -> 1080 on gt 1
V024,334,switch,4,4,1081,tracker 1079 -> 1081 on gt 4
V024,344,switch,0,0,1082,tracker 1074 -> 1082 on gt 0
V024,368,switch,2,2,1083,tracker 1073 -> 1083 on gt 2
V024,369,switch,7,7,1084,tracker 1071 -> 1084 on gt 7
V024,371,switch,6,6,1085,tracker 1075 -> 1085 on gt 6
V024,377,switch,3,3,1086,tracker 1077 -> 1086 on gt 3
V024,586,switch,9,9,1087,tracker 1076 -> 1087 on gt 9
V024,589,switch,1,1,1084,tracker 1080 -> 1084 on gt 1
V024,589,switch,7,7,1088,tracker 1084 -> 1088 on gt 7
V024,590,reuse,7,1,1084,tracker 1084 matched gt 7 (last frame 588) now gt 1
V024,638,switch,9,9,1082,tracker 1087 -> 1082 on gt 9
V024,641,switch,0,0,1089,tracker 1082 -> 1089 on gt 0
V024,641,reuse,0,9,1082,tracker 1082 matched gt 0 (last frame 640) now gt 9
V024,766,switch,1,1,1090,tracker 1084 -> 1090 on gt 1
V024,767,switch,9,9,1091,tracker 1082 -> 1091 on gt 9
V024,794,switch,6,6,1092,tracker 1085 -> 1092 on gt 6
V024,806,switch,5,5,1093,tracker 1072 -> 1093 on gt 5
V024,810,switch,7,7,1094,tracker 1088 -> 1094 on gt 7
V024,867,switch,8,8,1095,tracker 1078 -> 1095 on gt 8
V024,874,switch,3,3,1096,tracker 1086 -> 1096 on gt 3
V025,102,switch,1,1,1107,tracker 1098 -> 1107 on gt 1
V025,153,switch,2,2,1108,tracker 1097 -> 1108 on gt 2
V025,419,switch,5,5,1111,tracker 1100 -> 1111 on gt 5
V025,421,switch,1,1,1112,tracker 1107 -> 1112 on gt 1
V025,429,switch,6,6,1113,tracker 1104 -> 1113 on gt 6
V025,454,switch,2,2,1114,tracker 1108 -> 1114 on gt 2
V025,463,switch,0,0,1115,tracker 1099 -> 1115 on gt 0
V025,676,switch,1,1,1106,tracker 1112 -> 1106 on gt 1
V025,676,switch,9,9,1112,tracker 1106 -> 1112 on gt 9
V025,677,reuse,9,1,1106,tracker 1106 matched gt 9 (last frame 675) now gt 1
V025,677,reuse,1,9,1112,tracker 1112 matched gt 1 (last frame 675) now gt 9
V025,719,switch,8,8,1113,tracker 1105 -> 1113 on gt 8
V025,721,switch,8,8,1116,tracker 1105 -> 1116 on gt 8
V026,93,switch,3,3,1121,tracker 1119 -> 1121 on gt 3
V026,93,switch,4,4,1119,tracker 1124 -> 1119 on gt 4
V026,94,switch,2,2,1127,tracker 1121 -> 1127 on gt 2
V026,94,switch,9,9,1125,tracker 1122 -> 1125 on gt 9
V026,94,reuse,2,3,1121,tracker 1121 matched gt 2 (last frame 92) now gt 3
V026,94,reuse,3,4,1119,tracker 1119 matched gt 3 (last frame 92) now gt 4
V026,118,switch,5,5,1118,tracker 1120 -> 1118 on gt 5
V026,118,switch,6,6,1120,tracker 1118 -> 1120 on gt 6
V026,119,reuse,6,5,1118,tracker 1118 matched gt 6 (last frame 115) now gt 5
V026,119,reuse,5,6,1120,tracker 1120 matched gt 5 (last frame 117) now gt 6
V026,176,switch,9,9,1140,tracker 1125 -> 1140 on gt 9
V026,178,switch,4,4,1139,tracker 1119 -> 1139 on gt 4
V026,204,switch,3,3,1139,tracker 1121 -> 1139 on gt 3
V026,204,switch,4,4,1121,tracker 1139 -> 1121 on gt 4
V026,205,reuse,4,3,1139,tracker 1139 matched gt 4 (last frame 202) now gt 3
V026,205,reuse,3,4,1121,tracker 1121 matched gt 3 (last frame 203) now gt 4
V027,64,switch,1,1,1159,tracker 1149 -> 1159 on gt 1
V027,231,switch,6,6,1161,tracker 1150 -> 1161 on gt 6
V028,4,switch,5,5,1167,tracker 1169 -> 1167 on gt 5
V028,10,switch,11,11,1182,tracker 1179 -> 1182 on gt 11
V028,13,switch,3,3,1185,tracker 1167 -> 1185 on gt 3
V028,18,reuse,3,5,1167,tracker 1167 matched gt 3 (last frame 2) now gt 5
V028,21,switch,7,7,1169,tracker 1165 -> 1169 on gt 7
V028,22,reuse,5,7,1169,tracker 1169 matched gt 5 (last frame 3) now gt 7
V028,27,switch,4,4,1167,tracker 1163 -> 1167 on gt 4
V028,27,switch,5,5,1165,tracker 1167 -> 1165 on gt 5
V028,28,reuse,5,4,1167,tracker 1167 matched gt 5 (last frame 20) now gt 4
V028,28,reuse,7,5,1165,tracker 1165 matched gt 7 (last frame 20) now gt 5
V028,37,switch,0,0,1186,tracker 1168 -> 1186 on gt 0
V028,111,switch,1,1,1165,tracker 1162 -> 1165 on gt 1
V028,112,reuse,5,1,1165,tracker 1165 matched gt 5 (last frame 110) now gt 1
V028,113,switch,1,1,1162,tracker 1165 -> 1162 on gt 1
V028,113,reuse,1,5,1165,tracker 1165 matched gt 1 (last frame 112) now gt 5
V028,322,switch,1,1,1167,tracker 1162 -> 1167 on gt 1
V028,322,switch,4,4,1162,tracker 1167 -> 1162 on gt 4
V028,323,reuse,4,1,1167,tracker 1167 matched gt 4 (last frame 321) now gt 1
V028,323,reuse,1,4,1162,tracker 1162 matched gt 1 (last frame 321) now gt 4
V028,458,switch,3,3,1188,tracker 1185 -> 1188 on gt 3
V028,471,switch,3,3,1162,tracker 1188 -> 1162 on gt 3
V028,471,switch,4,4,1188,tracker 1162 -> 1188 on gt 4
V028,472,reuse,4,3,1162,tracker 1162 matched gt 4 (last frame 470) now gt 3
V028,472,reuse,3,4,1188,tracker 1188 matched gt 3 (last frame 469) now gt 4
V028,498,switch,6,6,1166,tracker 1170 -> 1166 on gt 6
V028,498,switch,8,8,1170,tracker 1166 -> 1170 on gt 8
V028,499,reuse,8,6,1166,tracker 1166 matched gt 8 (last frame 497) now gt 6
V028,499,reuse,6,8,1170,tracker 1170 matched gt 6 (last frame 495) now gt 8
V029,147,switch,0,0,1216,tracker 1192 -> 1216 on gt 0
V029,158,switch,4,4,1191,tracker 1195 -> 1191 on gt 4
V029,159,switch,2,2,1217,tracker 1191 -> 1217 on gt 2
V029,159,reuse,2,4,1191,tracker 1191 matched gt 2 (last frame 157) now gt 4
V029,176,switch,0,0,1218,tracker 1192 -> 1218 on gt 0
V029,177,switch,11,11,1219,tracker 1194 -> 1219 on gt 11
V029,205,switch,4,4,1220,tracker 1191 -> 1220 on gt 4
V029,210,switch,2,2,1220,tracker 1217 -> 1220 on gt 2
V029,210,switch,4,4,1217,tracker 1220 -> 1217 on gt 4
V029,211,reuse,4,2,1220,tracker 1220 matched gt 4 (last frame 208) now gt 2
V029,211,reuse,2,4,1217,tracker 1217 matched gt 2 (last frame 209) now gt 4
V029,215,switch,8,8,1221,tracker 1199 -> 1221 on gt 8
V030,28,switch,3,3,1232,tracker 1229 -> 1232 on gt 3
V030,29,switch,4,4,1229,tracker 1225 -> 1229 on gt 4
V030,29,reuse,5,3,1232,tracker 1232 matched gt 5 (last frame 27) now gt 3
V030,30,reuse,3,4,1229,tracker 1229 matched gt 3 (last frame 27) now gt 4
V030,36,switch,5,5,1241,tracker 1232 -> 1241 on gt 5
V030,57,switch,3,3,1225,tracker 1232 -> 1225 on gt 3
V030,58,reuse,4,3,1225,tracker 1225 matched gt 4 (last frame 28) now gt 3
V030,95,switch,1,1,1242,tracker 1226 -> 1242 on gt 1
V030,109,switch,2,2,1243,tracker 1224 -> 1243 on gt 2
V030,113,switch,0,0,1244,tracker 1222 -> 1244 on gt 0
V030,149,switch,4,4,1241,tracker 1229 -> 1241 on gt 4
V030,150,reuse,5,4,1241,tracker 1241 matched gt 5 (last frame 148) now gt 4
V030,154,switch,5,5,1225,tracker 1241 -> 1225 on gt 5
V030,155,reuse,3,5,1225,tracker 1225 matched gt 3 (last frame 153) now gt 5
V030,165,switch,3,3,1245,tracker 1225 -> 1245 on gt 3
V030,216,switch,11,11,1248,tracker 1230 -> 1248 on gt 11
V030,315,switch,0,0,1249,tracker 1244 -> 1249 on gt 0
V030,322,switch,2,2,1250,tracker 1243 -> 1250 on gt 2
V030,333,switch,4,4,1225,tracker 1241 -> 1225 on gt 4
V030,333,switch,5,5,1241,tracker 1225 -> 1241 on gt 5
V030,334,reuse,5,4,1225,tracker 1225 matched gt 5 (last frame 332) now gt 4
V030,334,reuse,4,5,1241,tracker 1241 matched gt 4 (last frame 332) now gt 5
V031,26,reuse,10,11,1262,tracker 1262 matched gt 10 (last frame 25) now gt 11
V031,28,switch,11,11,1264,tracker 1262 -> 1264 on gt 11
V031,30,switch,10,10,1266,tracker 1262 -> 1266 on gt 10
V031,32,switch,4,4,1256,tracker 1258 -> 1256 on gt 4
V031,32,switch,11,11,1266,tracker 1264 -> 1266 on gt 11
V031,33,switch,2,2,1273,tracker 1253 -> 1273 on gt 2
V031,33,switch,3,3,1267,tracker 1256 -> 1267 on gt 3
V031,33,switch,5,5,1271,tracker 1257 -> 1271 on gt 5
V031,33,switch,8,8,1270,tracker 1260 -> 1270 on gt 8
V031,33,reuse,3,4,1256,tracker 1256 matched gt 3 (last frame 31) now gt 4
V031,33,reuse,10,11,1266,tracker 1266 matched gt 10 (last frame 31) now gt 11
V031,35,switch,9,9,1277,tracker 1261 -> 1277 on gt 9
V031,38,switch,10,10,1284,tracker 1266 -> 1284 on gt 10
V031,42,switch,1,1,1289,tracker 1254 -> 1289 on gt 1
V031,47,switch,2,2,1254,tracker 1273 -> 1254 on gt 2
V031,48,reuse,1,2,1254,tracker 1254 matched gt 1 (last frame 31) now gt 2
V031,51,switch,1,1,1273,tracker 1289 -> 1273 on gt 1
V031,52,switch,4,4,1258,tracker 1256 -> 1258 on gt 4
V031,52,reuse,2,1,1273,tracker 1273 matched gt 2 (last frame 46) now gt 1
V031,53,switch,5,5,1257,tracker 1271 -> 1257 on gt 5
V031,55,switch,1,1,1290,tracker 1273 -> 1290 on gt 1
V031,55,switch,5,5,1258,tracker 1257 -> 1258 on gt 5
V031,56,switch,4,4,1291,tracker 1258 -> 1291 on gt 4
V031,56,reuse,4,5,1258,tracker 1258 matched gt 4 (last frame 54) now gt 5
V031,60,switch,0,0,1289,tracker 1255 -> 1289 on gt 0
V031,60,switch,2,2,1256,tracker 1254 -> 1256 on gt 2
V031,60,switch,7,7,1260,tracker 1259 -> 1260 on gt 7
V031,61,switch,2,2,1271,tracker 1254 -> 1271 on gt 2
V031,61,switch,7,7,1259,tracker 1259 -> 1259 on gt 7
V031,61,reuse,1,0,1289,tracker 1289 matched gt 1 (last frame 50) now gt 0
V031,62,switch,0,0,1253,tracker 1289 -> 1253 on gt 0
V031,62,reuse,5,2,1271,tracker 1271 matched gt 5 (last frame 52) now gt 2
V031,63,switch,4,4,1260,tracker 1291 -> 1260 on gt 4
V031,63,reuse,2,0,1253,tracker 1253 matched gt 2 (last frame 31) now gt 0
V031,64,switch,4,4,1291,tracker 1291 -> 1291 on gt 4
V031,167,switch,9,9,1292,tracker 1277 -> 1292 on gt 9
V031,169,switch,5,5,1277,tracker 1258 -> 1277 on gt 5
V031,170,reuse,9,5,1277,tracker 1277 matched gt 9 (last frame 163) now gt 5
V031,172,switch,5,5,1270,tracker 1277 -> 1270 on gt 5
V031,172,switch,8,8,1293,tracker 1270 -> 1293 on gt 8
V031,173,reuse,8,5,1270,tracker 1270 matched gt 8 (last frame 167) now gt 5
V031,181,switch,8,8,1292,tracker 1293 -> 1292 on gt 8
V031,181,switch,9,9,1293,tracker 1292 -> 1293 on gt 9
V031,182,reuse,9,8,1292,tracker 1292 matched gt 9 (last frame 178) now gt 8
V031,182,reuse,8,9,1293,tracker 1293 matched gt 8 (last frame 180) now gt 9
V032,152,switch,4,4,1299,tracker 1296 -> 1299 on gt 4
V032,153,switch,5,5,1296,tracker 1299 -> 1296 on gt 5
V032,153,reuse,5,4,1299,tracker 1299 matched gt 5 (last frame 151) now gt 4
V032,154,reuse,4,5,1296,tracker 1296 matched gt 4 (last frame 149) now gt 5
V032,166,switch,4,4,1306,tracker 1299 -> 1306 on gt 4
V032,262,switch,6,6,1308,tracker 1294 -> 1308 on gt 6
V032,270,switch,7,7,1310,tracker 1301 -> 1310 on gt 7
V032,278,switch,6,6,1310,tracker 1308 -> 1310 on gt 6
V032,278,switch,7,7,1308,tracker 1301 -> 1308 on gt 7
V032,279,reuse,6,7,1308,tracker 1308 matched gt 6 (last frame 277) now gt 7
V032,446,switch,6,6,1308,tracker 1310 -> 1308 on gt 6
V032,446,switch,7,7,1310,tracker 1308 -> 1310 on gt 7
V032,447,reuse,7,6,1308,tracker 1308 matched gt 7 (last frame 445) now gt 6
V032,447,reuse,6,7,1310,tracker 1310 matched gt 6 (last frame 445) now gt 7
V033,138,switch,5,5,1314,tracker 1312 -> 1314 on gt 5
V033,145,switch,5,5,1312,tracker 1312 -> 1312 on gt 5
V033,147,switch,5,5,1316,tracker 1312 -> 1316 on gt 5
V033,148,reuse,4,5,1316,tracker 1316 matched gt 4 (last frame 145) now gt 5
V033,150,switch,3,3,1312,tracker 1314 -> 1312 on gt 3
V033,150,switch,4,4,1314,tracker 1316 -> 1314 on gt 4
V033,151,reuse,5,3,1312,tracker 1312 matched gt 5 (last frame 146) now gt 3
V033,151,reuse,3,4,1314,tracker 1314 matched gt 3 (last frame 149) now gt 4
V033,158,switch,8,8,1323,tracker 1319 -> 1323 on gt 8
V034,73,switch,4,4,1330,tracker 1329 -> 1330 on gt 4
V034,74,switch,5,5,1336,tracker 1330 -> 1336 on gt 5
V034,74,reuse,5,4,1330,tracker 1330 matched gt 5 (last frame 72) now gt 4
V034,147,switch,3,3,1337,tracker 1327 -> 1337 on gt 3
V034,201,switch,6,6,1338,tracker 1324 -> 1338 on gt 6
V034,203,switch,8,8,1324,tracker 1334 -> 1324 on gt 8
V034,204,reuse,6,8,1324,tracker 1324 matched gt 6 (last frame 200) now gt 8
V034,229,switch,3,3,1334,tracker 1337 -> 1334 on gt 3
V034,230,reuse,8,3,1334,tracker 1334 matched gt 8 (last frame 202) now gt 3
V035,210,switch,6,6,1341,tracker 1346 -> 1341 on gt 6
V035,210,switch,11,11,1346,tracker 1341 -> 1346 on gt 11
V035,211,reuse,11,6,1341,tracker 1341 matched gt 11 (last frame 206) now gt 6
V035,211,reuse,6,11,1346,tracker 1346 matched gt 6 (last frame 209) now gt 11
V036,36,switch,0,0,1364,tracker 1356 -> 1364 on gt 0
V037,129,switch,2,2,1379,tracker 1373 -> 1379 on gt 2
V037,132,switch,9,9,1380,tracker 1366 -> 1380 on gt 9
V037,137,switch,5,5,1381,tracker 1372 -> 1381 on gt 5
V037,158,switch,12,12,1382,tracker 1377 -> 1382 on gt 12
V037,309,switch,7,7,1384,tracker 1368 -> 1384 on gt 7
V037,439,switch,10,10,1387,tracker 1375 -> 1387 on gt 10
V037,454,switch,11,11,1388,tracker 1369 -> 1388 on gt 11
V037,498,switch,8,8,1389,tracker 1371 -> 1389 on gt 8
V037,523,switch,10,10,1393,tracker 1387 -> 1393 on gt 10
V037,585,switch,10,10,1394,tracker 1393 -> 1394 on gt 10
V038,213,switch,11,11,1413,tracker 1406 -> 1413 on gt 11
V038,237,switch,8,8,1414,tracker 1412 -> 1414 on gt 8
V038,243,switch,12,12,1415,tracker 1405 -> 1415 on gt 12
V038,248,switch,7,7,1416,tracker 1402 -> 1416 on gt 7
V038,304,switch,13,13,1418,tracker 1404 -> 1418 on gt 13
V038,340,switch,3,3,1419,tracker 1399 -> 1419 on gt 3
V038,410,switch,3,3,1420,tracker 1419 -> 1420 on gt 3
V038,460,switch,14,14,1421,tracker 1417 -> 1421 on gt 14
V038,479,switch,5,5,1422,tracker 1411 -> 1422 on gt 5
V038,485,switch,10,10,1423,tracker 1407 -> 1423 on gt 10
V038,508,switch,9,9,1425,tracker 1400 -> 1425 on gt 9
V038,534,switch,11,11,1431,tracker 1413 -> 1431 on gt 11
V038,538,switch,11,11,1433,tracker 1413 -> 1433 on gt 11
V038,543,switch,12,12,1434,tracker 1415 -> 1434 on gt 12
V038,550,switch,11,11,1431,tracker 1433 -> 1431 on gt 11
V038,554,switch,11,11,1435,tracker 1431 -> 1435 on gt 11
V038,555,switch,6,6,1436,tracker 1410 -> 1436 on gt 6
V038,557,switch,2,2,1437,tracker 1408 -> 1437 on gt 2
V038,562,switch,11,11,1439,tracker 1435 -> 1439 on gt 11
V038,566,switch,11,11,1440,tracker 1435 -> 1440 on gt 11
V038,575,switch,4,4,1441,tracker 1409 -> 1441 on gt 4
V038,592,switch,5,5,1442,tracker 1422 -> 1442 on gt 5
V038,598,switch,1,1,1443,tracker 1403 -> 1443 on gt 1
V038,609,switch,0,0,1444,tracker 1401 -> 1444 on gt 0
V038,729,switch,12,12,1445,tracker 1434 -> 1445 on gt 12
V038,734,switch,7,7,1446,tracker 1416 -> 1446 on gt 7
V038,744,switch,13,13,1447,tracker 1418 -> 1447 on gt 13
V038,770,switch,14,14,1448,tracker 1421 -> 1448 on gt 14
V038,891,switch,16,16,1449,tracker 1426 -> 1449 on gt 16
V038,922,switch,2,2,1440,tracker 1437 -> 1440 on gt 2
V038,922,switch,11,11,1437,tracker 1440 -> 1437 on gt 11
V038,923,reuse,11,2,1440,tracker 1440 matched gt 11 (last frame 920) now gt 2
V038,923,reuse,2,11,1437,tracker 1437 matched gt 2 (last frame 921) now gt 11
V038,964,switch,0,0,1450,tracker 1444 -> 1450 on gt 0
V038,1025,switch,16,16,1452,tracker 1449 -> 1452 on gt 16
V038,1032,switch,9,9,1453,tracker 1425 -> 1453 on gt 9
V038,1033,switch,17,17,1454,tracker 1430 -> 1454 on gt 17
V038,1035,switch,17,17,1457,tracker 1430 -> 1457 on gt 17
V038,1039,switch,3,3,1470,tracker 1420 -> 1470 on gt 3
V038,1044,switch,18,18,1483,tracker 1432 -> 1483 on gt 18
V038,1046,switch,5,5,1489,tracker 1442 -> 1489 on gt 5
V038,1049,switch,12,12,1505,tracker 1445 -> 1505 on gt 12
V038,1050,switch,12,12,1508,tracker 1445 -> 1508 on gt 12
V038,1051,switch,12,12,1511,tracker 1445 -> 1511 on gt 12
V038,1067,switch,15,15,1552,tracker 1424 -> 1552 on gt 15
V038,1069,switch,10,10,1556,tracker 1423 -> 1556 on gt 10
V038,1069,switch,15,15,1555,tracker 1424 -> 1555 on gt 15
V038,1071,switch,17,17,1552,tracker 1457 -> 1552 on gt 17
V038,1077,switch,15,15,1457,tracker 1555 -> 1457 on gt 15
V038,1078,switch,15,15,1555,tracker 1555 -> 1555 on gt 15
V038,1106,switch,13,13,1557,tracker 1447 -> 1557 on gt 13
V038,1135,switch,14,14,1558,tracker 1448 -> 1558 on gt 14
V038,1142,switch,12,12,1559,tracker 1445 -> 1559 on gt 12
V038,1162,switch,7,7,1560,tracker 1446 -> 1560 on gt 7
V038,1272,switch,7,7,1562,tracker 1560 -> 1562 on gt 7
V038,1310,switch,8,8,1563,tracker 1414 -> 1563 on gt 8
V039,2,switch,8,8,1572,tracker 1575 -> 1572 on gt 8
V039,3,switch,6,6,1575,tracker 1571 -> 1575 on gt 6
V039,3,reuse,7,8,1572,tracker 1572 matched gt 7 (last frame 1) now gt 8
V039,9,switch,8,8,1593,tracker 1572 -> 1593 on gt 8
V039,9,reuse,8,7,1572,tracker 1572 matched gt 8 (last frame 8) now gt 7
V039,11,switch,6,6,1602,tracker 1571 -> 1602 on gt 6
V039,13,switch,9,9,1607,tracker 1573 -> 1607 on gt 9
V039,14,switch,2,2,1609,tracker 1574 -> 1609 on gt 2
V039,180,switch,6,6,1611,tracker 1602 -> 1611 on gt 6
V039,222,switch,7,7,1612,tracker 1572 -> 1612 on gt 7
V039,318,switch,8,8,1615,tracker 1593 -> 1615 on gt 8
V039,349,switch,11,11,1618,tracker 1569 -> 1618 on gt 11
V039,360,switch,12,12,1620,tracker 1610 -> 1620 on gt 12
V039,476,switch,12,12,1623,tracker 1620 -> 1623 on gt 12
V039,543,switch,3,3,1624,tracker 1565 -> 1624 on gt 3
V039,562,switch,15,15,1626,tracker 1616 -> 1626 on gt 15
V039,582,switch,19,19,1627,tracker 1622 -> 1627 on gt 19
V039,635,switch,13,13,1628,tracker 1613 -> 1628 on gt 13
V039,703,switch,5,5,1629,tracker 1570 -> 1629 on gt 5
V039,706,switch,6,6,1623,tracker 1611 -> 1623 on gt 6
V039,706,switch,12,12,1614,tracker 1623 -> 1614 on gt 12
V039,707,switch,11,11,1621,tracker 1618 -> 1621 on gt 11
V039,707,reuse,12,6,1623,tracker 1623 matched gt 12 (last frame 705) now gt 6
V039,707,reuse,14,12,1614,tracker 1614 matched gt 14 (last frame 705) now gt 12
V039,708,switch,18,18,1631,tracker 1621 -> 1631 on gt 18
V039,708,reuse,18,11,1621,tracker 1621 matched gt 18 (last frame 706) now gt 11
V039,709,switch,11,11,1631,tracker 1621 -> 1631 on gt 11
V039,709,switch,12,12,1633,tracker 1614 -> 1633 on gt 12
V039,710,switch,12,12,1635,tracker 1614 -> 1635 on gt 12
V039,710,switch,18,18,1634,tracker 1621 -> 1634 on gt 18
V039,711,switch,11,11,1634,tracker 1631 -> 1634 on gt 11
V039,711,switch,12,12,1636,tracker 1614 -> 1636 on gt 12
V039,712,switch,12,12,1638,tracker 1614 -> 1638 on gt 12
V039,712,switch,18,18,1637,tracker 1621 -> 1637 on gt 18
V039,713,switch,11,11,1637,tracker 1634 -> 1637 on gt 11
V039,713,switch,12,12,1639,tracker 1614 -> 1639 on gt 12
V039,713,switch,14,14,1618,tracker 1614 -> 1618 on gt 14
V039,714,switch,12,12,1618,tracker 1614 -> 1618 on gt 12
V039,714,switch,18,18,1640,tracker 1621 -> 1640 on gt 18
V039,715,switch,11,11,1640,tracker 1637 -> 1640 on gt 11
V039,715,switch,14,14,1621,tracker 1614 -> 1621 on gt 14
V039,715,reuse,11,12,1618,tracker 1618 matched gt 11 (last frame 706) now gt 12
V039,716,switch,12,12,1621,tracker 1618 -> 1621 on gt 12
V039,716,switch,14,14,1631,tracker 1614 -> 1631 on gt 14
V039,717,switch,18,18,1643,tracker 1621 -> 1643 on gt 18
V039,717,reuse,11,12,1621,tracker 1621 matched gt 11 (last frame 708) now gt 12
V039,717,reuse,11,14,1631,tracker 1631 matched gt 11 (last frame 710) now gt 14
V039,718,switch,12,12,1631,tracker 1621 -> 1631 on gt 12
V039,719,switch,14,14,1634,tracker 1631 -> 1634 on gt 14
V039,719,reuse,14,12,1631,tracker 1631 matched gt 14 (last frame 717) now gt 12
V039,720,reuse,11,14,1634,tracker 1634 matched gt 11 (last frame 712) now gt 14
V039,721,switch,9,9,1647,tracker 1607 -> 1647 on gt 9
V039,725,switch,3,3,1648,tracker 1624 -> 1648 on gt 3
V039,726,switch,14,14,1637,tracker 1634 -> 1637 on gt 14
V039,727,switch,3,3,1649,tracker 1624 -> 1649 on gt 3
V039,727,reuse,11,14,1637,tracker 1637 matched gt 11 (last frame 714) now gt 14
V039,730,switch,11,11,1650,tracker 1640 -> 1650 on gt 11
V039,738,switch,4,4,1638,tracker 1568 -> 1638 on gt 4
V039,738,switch,11,11,1651,tracker 1650 -> 1651 on gt 11
V039,738,switch,18,18,1650,tracker 1643 -> 1650 on gt 18
V039,739,reuse,11,18,1650,tracker 1650 matched gt 11 (last frame 737) now gt 18
V039,740,switch,12,12,1652,tracker 1631 -> 1652 on gt 12
V039,740,switch,14,14,1617,tracker 1637 -> 1617 on gt 14
V039,740,switch,16,16,1615,tracker 1617 -> 1615 on gt 16
V039,741,switch,8,8,1653,tracker 1615 -> 1653 on gt 8
V039,741,switch,19,19,1655,tracker 1627 -> 1655 on gt 19
V039,741,reuse,16,14,1617,tracker 1617 matched gt 16 (last frame 739) now gt 14
V039,741,reuse,8,16,1615,tracker 1615 matched gt 8 (last frame 739) now gt 16
V039,742,switch,9,9,1658,tracker 1647 -> 1658 on gt 9
V039,742,switch,14,14,1615,tracker 1617 -> 1615 on gt 14
V039,742,switch,17,17,1656,tracker 1619 -> 1656 on gt 17
V039,743,switch,2,2,1647,tracker 1609 -> 1647 on gt 2
V039,743,switch,14,14,1659,tracker 1617 -> 1659 on gt 14
V039,744,switch,16,16,1662,tracker 1615 -> 1662 on gt 16
V039,745,switch,5,5,1664,tracker 1629 -> 1664 on gt 5
V039,745,switch,19,19,1643,tracker 1627 -> 1643 on gt 19
V039,746,switch,3,3,1648,tracker 1649 -> 1648 on gt 3
V039,746,switch,19,19,1655,tracker 1627 -> 1655 on gt 19
V039,747,switch,17,17,1669,tracker 1656 -> 1669 on gt 17
V039,747,switch,18,18,1637,tracker 1650 -> 1637 on gt 18
V039,748,switch,18,18,1615,tracker 1650 -> 1615 on gt 18
V039,754,switch,2,2,1683,tracker 1609 -> 1683 on gt 2
V039,755,switch,6,6,1647,tracker 1623 -> 1647 on gt 6
V039,755,switch,18,18,1687,tracker 1650 -> 1687 on gt 18
V039,756,switch,6,6,1623,tracker 1623 -> 1623 on gt 6
V039,756,switch,13,13,1688,tracker 1628 -> 1688 on gt 13
V039,811,switch,4,4,1690,tracker 1638 -> 1690 on gt 4
V039,811,switch,8,8,1689,tracker 1653 -> 1689 on gt 8
V039,812,switch,16,16,1689,tracker 1662 -> 1689 on gt 16
V039,813,switch,8,8,1691,tracker 1653 -> 1691 on gt 8
V039,814,switch,16,16,1691,tracker 1689 -> 1691 on gt 16
V039,815,switch,8,8,1692,tracker 1653 -> 1692 on gt 8
V039,816,switch,16,16,1692,tracker 1691 -> 1692 on gt 16
V039,817,switch,8,8,1693,tracker 1653 -> 1693 on gt 8
V039,817,switch,15,15,1653,tracker 1626 -> 1653 on gt 15
V039,818,switch,15,15,1662,tracker 1626 -> 1662 on gt 15
V039,818,switch,16,16,1693,tracker 1692 -> 1693 on gt 16
V039,819,switch,8,8,1694,tracker 1653 -> 1694 on gt 8
V039,819,switch,15,15,1689,tracker 1626 -> 1689 on gt 15
V039,820,switch,15,15,1691,tracker 1626 -> 1691 on gt 15
V039,820,switch,16,16,1694,tracker 1693 -> 1694 on gt 16
V039,821,switch,8,8,1696,tracker 1653 -> 1696 on gt 8
V039,821,switch,15,15,1692,tracker 1626 -> 1692 on gt 15
V039,822,switch,16,16,1696,tracker 1694 -> 1696 on gt 16
V039,822,reuse,16,15,1692,tracker 1692 matched gt 16 (last frame 817) now gt 15
V039,823,switch,8,8,1699,tracker 1653 -> 1699 on gt 8
V039,823,switch,12,12,1700,tracker 1652 -> 1700 on gt 12
V039,826,switch,5,5,1701,tracker 1664 -> 1701 on gt 5
V039,827,switch,6,6,1702,tracker 1623 -> 1702 on gt 6
V039,829,switch,5,5,1704,tracker 1664 -> 1704 on gt 5
V039,833,switch,2,2,1705,tracker 1683 -> 1705 on gt 2
V039,836,switch,9,9,1706,tracker 1658 -> 1706 on gt 9
V039,839,switch,1,1,1707,tracker 1566 -> 1707 on gt 1
V039,843,switch,3,3,1701,tracker 1648 -> 1701 on gt 3
V039,845,switch,10,10,1701,tracker 1594 -> 1701 on gt 10
V039,850,switch,3,3,1719,tracker 1648 -> 1719 on gt 3
V039,851,switch,5,5,1721,tracker 1704 -> 1721 on gt 5
V039,867,switch,3,3,1722,tracker 1719 -> 1722 on gt 3
V040,266,switch,17,17,1738,tracker 1731 -> 1738 on gt 17
V040,455,switch,17,17,1726,tracker 1738 -> 1726 on gt 17
V040,455,switch,18,18,1738,tracker 1726 -> 1738 on gt 18
V040,456,reuse,18,17,1726,tracker 1726 matched gt 18 (last frame 451) now gt 17
V040,456,reuse,17,18,1738,tracker 1738 matched gt 17 (last frame 454) now gt 18
V040,462,switch,7,7,1742,tracker 1737 -> 1742 on gt 7
V040,464,switch,3,3,1734,tracker 1732 -> 1734 on gt 3
V040,465,switch,5,5,1743,tracker 1734 -> 1743 on gt 5
V040,465,reuse,5,3,1734,tracker 1734 matched gt 5 (last frame 463) now gt 3
V040,486,switch,3,3,1743,tracker 1734 -> 1743 on gt 3
V040,486,switch,5,5,1734,tracker 1743 -> 1734 on gt 5
V040,487,reuse,5,3,1743,tracker 1743 matched gt 5 (last frame 485) now gt 3
V040,487,reuse,3,5,1734,tracker 1734 matched gt 3 (last frame 485) now gt 5
V040,537,switch,0,0,1725,tracker 1723 -> 1725 on gt 0
V040,537,switch,4,4,1723,tracker 1725 -> 1723 on gt 4
V040,538,reuse,4,0,1725,tracker 1725 matched gt 4 (last frame 534) now gt 0
V040,538,reuse,0,4,1723,tracker 1723 matched gt 0 (last frame 536) now gt 4
V040,575,switch,16,16,1744,tracker 1730 -> 1744 on gt 16
V040,579,switch,20,20,1745,tracker 1733 -> 1745 on gt 20
V040,689,switch,9,9,1725,tracker 1729 -> 1725 on gt 9
V040,689,switch,20,20,1734,tracker 1745 -> 1734 on gt 20
V040,690,switch,0,0,1747,tracker 1725 -> 1747 on gt 0
V040,690,switch,5,5,1746,tracker 1734 -> 1746 on gt 5
V040,690,reuse,0,9,1725,tracker 1725 matched gt 0 (last frame 688) now gt 9
V040,690,reuse,5,20,1734,tracker 1734 matched gt 5 (last frame 688) now gt 20
V040,691,switch,9,9,1747,tracker 1725 -> 1747 on gt 9
V040,692,switch,0,0,1748,tracker 1725 -> 1748 on gt 0
V040,694,switch,9,9,1748,tracker 1747 -> 1748 on gt 9
V040,695,switch,0,0,1749,tracker 1748 -> 1749 on gt 0
V040,695,switch,16,16,1750,tracker 1744 -> 1750 on gt 16
V040,695,reuse,0,9,1748,tracker 1748 matched gt 0 (last frame 693) now gt 9
V040,696,switch,9,9,1749,tracker 1748 -> 1749 on gt 9
V040,697,switch,0,0,1751,tracker 1748 -> 1751 on gt 0
V040,699,switch,2,2,1743,tracker 1736 -> 1743 on gt 2
V040,699,switch,9,9,1751,tracker 1749 -> 1751 on gt 9
V040,699,switch,20,20,1746,tracker 1734 -> 1746 on gt 20
V040,700,switch,0,0,1754,tracker 1751 -> 1754 on gt 0
V040,700,switch,18,18,1752,tracker 1738 -> 1752 on gt 18
V040,700,reuse,3,2,1743,tracker 1743 matched gt 3 (last frame 698) now gt 2
V040,700,reuse,0,9,1751,tracker 1751 matched gt 0 (last frame 698) now gt 9
V040,700,reuse,5,20,1746,tracker 1746 matched gt 5 (last frame 698) now gt 20
V040,701,switch,3,3,1757,tracker 1743 -> 1757 on gt 3
V040,701,switch,9,9,1754,tracker 1751 -> 1754 on gt 9
V040,701,switch,18,18,1745,tracker 1738 -> 1745 on gt 18
V040,702,switch,0,0,1761,tracker 1751 -> 1761 on gt 0
V040,702,switch,2,2,1757,tracker 1743 -> 1757 on gt 2
V040,702,reuse,20,18,1745,tracker 1745 matched gt 20 (last frame 688) now gt 18
V040,703,switch,3,3,1765,tracker 1743 -> 1765 on gt 3
V040,703,switch,5,5,1766,tracker 1746 -> 1766 on gt 5
V040,703,switch,15,15,1764,tracker 1728 -> 1764 on gt 15
V040,703,switch,16,16,1767,tracker 1750 -> 1767 on gt 16
V040,704,switch,2,2,1765,tracker 1757 -> 1765 on gt 2
V040,704,switch,4,4,1746,tracker 1723 -> 1746 on gt 4
V040,704,switch,6,6,1747,tracker 1724 -> 1747 on gt 6
V040,704,switch,9,9,1761,tracker 1754 -> 1761 on gt 9
V040,704,switch,19,19,1723,tracker 1727 -> 1723 on gt 19
V040,704,switch,20,20,1766,tracker 1746 -> 1766 on gt 20
V040,705,switch,0,0,1773,tracker 1761 -> 1773 on gt 0
V040,705,switch,17,17,1769,tracker 1726 -> 1769 on gt 17
V040,705,switch,18,18,1768,tracker 1745 -> 1768 on gt 18
V040,705,reuse,20,4,1746,tracker 1746 matched gt 20 (last frame 703) now gt 4
V040,705,reuse,9,6,1747,tracker 1747 matched gt 9 (last frame 693) now gt 6
V040,705,reuse,0,9,1761,tracker 1761 matched gt 0 (last frame 703) now gt 9
V040,705,reuse,4,19,1723,tracker 1723 matched gt 4 (last frame 703) now gt 19
V040,706,switch,9,9,1773,tracker 1761 -> 1773 on gt 9
V040,706,switch,15,15,1775,tracker 1728 -> 1775 on gt 15
V040,706,switch,16,16,1766,tracker 1750 -> 1766 on gt 16
V040,706,switch,20,20,1776,tracker 1766 -> 1776 on gt 20
V040,707,switch,5,5,1736,tracker 1746 -> 1736 on gt 5
V040,707,reuse,20,16,1766,tracker 1766 matched gt 20 (last frame 705) now gt 16
V040,708,switch,2,2,1783,tracker 1765 -> 1783 on gt 2
V040,708,switch,9,9,1761,tracker 1773 -> 1761 on gt 9
V040,708,reuse,9,0,1773,tracker 1773 matched gt 9 (last frame 707) now gt 0
V040,708,reuse,2,3,1765,tracker 1765 matched gt 2 (last frame 707) now gt 3
V040,708,reuse,2,5,1736,tracker 1736 matched gt 2 (last frame 698) now gt 5
V040,709,switch,2,2,1765,tracker 1765 -> 1765 on gt 2
V040,709,switch,4,4,1776,tracker 1746 -> 1776 on gt 4
V040,709,switch,5,5,1757,tracker 1736 -> 1757 on gt 5
V040,709,switch,9,9,1773,tracker 1773 -> 1773 on gt 9
V040,709,switch,17,17,1729,tracker 1769 -> 1729 on gt 17
V040,709,switch,19,19,1746,tracker 1723 -> 1746 on gt 19
V040,709,switch,20,20,1736,tracker 1776 -> 1736 on gt 20
V040,710,switch,5,5,1743,tracker 1736 -> 1743 on gt 5
V040,710,switch,6,6,1784,tracker 1747 -> 1784 on gt 6
V040,710,switch,15,15,1752,tracker 1775 -> 1752 on gt 15
V040,710,switch,18,18,1734,tracker 1768 -> 1734 on gt 18
V040,710,reuse,3,2,1765,tracker 1765 matched gt 3 (last frame 708) now gt 2
V040,710,reuse,20,4,1776,tracker 1776 matched gt 20 (last frame 708) now gt 4
V040,710,reuse,0,9,1773,tracker 1773 matched gt 0 (last frame 708) now gt 9
V040,710,reuse,9,17,1729,tracker 1729 matched gt 9 (last frame 688) now gt 17
V040,710,reuse,4,19,1746,tracker 1746 matched gt 4 (last frame 708) now gt 19
V040,710,reuse,5,20,1736,tracker 1736 matched gt 5 (last frame 708) now gt 20
V040,711,switch,0,0,1791,tracker 1773 -> 1791 on gt 0
V040,711,switch,16,16,1736,tracker 1766 -> 1736 on gt 16
V040,711,switch,17,17,1725,tracker 1729 -> 1725 on gt 17
V040,711,switch,20,20,1757,tracker 1736 -> 1757 on gt 20
V040,711,reuse,2,5,1743,tracker 1743 matched gt 2 (last frame 701) now gt 5
V040,711,reuse,20,18,1734,tracker 1734 matched gt 20 (last frame 698) now gt 18
V040,712,switch,10,10,1793,tracker 1739 -> 1793 on gt 10
V040,712,switch,15,15,1745,tracker 1752 -> 1745 on gt 15
V040,712,reuse,20,16,1736,tracker 1736 matched gt 20 (last frame 710) now gt 16
V040,712,reuse,9,17,1725,tracker 1725 matched gt 9 (last frame 690) now gt 17
V040,712,reuse,2,20,1757,tracker 1757 matched gt 2 (last frame 703) now gt 20
V040,713,switch,2,2,1795,tracker 1765 -> 1795 on gt 2
V040,713,reuse,2,3,1765,tracker 1765 matched gt 2 (last frame 712) now gt 3
V040,713,reuse,18,15,1745,tracker 1745 matched gt 18 (last frame 703) now gt 15
V040,714,switch,2,2,1765,tracker 1765 -> 1765 on gt 2
V040,714,switch,6,6,1754,tracker 1784 -> 1754 on gt 6
V040,714,switch,11,11,1793,tracker 1740 -> 1793 on gt 11
V040,714,switch,15,15,1738,tracker 1745 -> 1738 on gt 15
V040,714,switch,20,20,1743,tracker 1757 -> 1743 on gt 20
V040,715,switch,3,3,1800,tracker 1765 -> 1800 on gt 3
V040,715,switch,10,10,1798,tracker 1793 -> 1798 on gt 10
V040,715,switch,17,17,1796,tracker 1725 -> 1796 on gt 17
V040,715,reuse,3,2,1765,tracker 1765 matched gt 3 (last frame 713) now gt 2
V040,715,reuse,9,6,1754,tracker 1754 matched gt 9 (last frame 703) now gt 6
V040,715,reuse,10,11,1793,tracker 1793 matched gt 10 (last frame 713) now gt 11
V040,715,reuse,18,15,1738,tracker 1738 matched gt 18 (last frame 698) now gt 15
V040,715,reuse,5,20,1743,tracker 1743 matched gt 5 (last frame 713) now gt 20
V040,716,switch,11,11,1798,tracker 1793 -> 1798 on gt 11
V040,717,switch,5,5,1795,tracker 1743 -> 1795 on gt 5
V040,717,switch,10,10,1806,tracker 1793 -> 1806 on gt 10
V040,717,switch,17,17,1749,tracker 1725 -> 1749 on gt 17
V040,717,switch,18,18,1805,tracker 1734 -> 1805 on gt 18
V040,718,switch,16,16,1810,tracker 1736 -> 1810 on gt 16
V040,718,reuse,9,17,1749,tracker 1749 matched gt 9 (last frame 698) now gt 17
V040,719,switch,2,2,1800,tracker 1765 -> 1800 on gt 2
V040,719,switch,11,11,1806,tracker 1798 -> 1806 on gt 11
V040,719,switch,16,16,1743,tracker 1736 -> 1743 on gt 16
V040,719,switch,17,17,1748,tracker 1749 -> 1748 on gt 17
V040,719,switch,20,20,1795,tracker 1743 -> 1795 on gt 20
V040,720,switch,3,3,1815,tracker 1800 -> 1815 on gt 3
V040,720,switch,5,5,1812,tracker 1795 -> 1812 on gt 5
V040,720,switch,10,10,1814,tracker 1806 -> 1814 on gt 10
V040,720,switch,12,12,1813,tracker 1741 -> 1813 on gt 12
V040,720,switch,18,18,1811,tracker 1805 -> 1811 on gt 18
V040,720,reuse,3,2,1800,tracker 1800 matched gt 3 (last frame 718) now gt 2
V040,720,reuse,10,11,1806,tracker 1806 matched gt 10 (last frame 718) now gt 11
V040,720,reuse,20,16,1743,tracker 1743 matched gt 20 (last frame 718) now gt 16
V040,720,reuse,9,17,1748,tracker 1748 matched gt 9 (last frame 695) now gt 17
V040,720,reuse,5,20,1795,tracker 1795 matched gt 5 (last frame 718) now gt 20
V040,721,switch,2,2,1815,tracker 1800 -> 1815 on gt 2
V040,722,switch,2,2,1800,tracker 1800 -> 1800 on gt 2
V040,722,switch,3,3,1816,tracker 1800 -> 1816 on gt 3
V040,723,switch,2,2,1765,tracker 1800 -> 1765 on gt 2
V040,724,switch,2,2,1800,tracker 1800 -> 1800 on gt 2
V040,724,switch,16,16,1795,tracker 1743 -> 1795 on gt 16
V040,724,switch,18,18,1783,tracker 1811 -> 1783 on gt 18
V040,725,switch,3,3,1818,tracker 1816 -> 1818 on gt 3
V040,725,switch,20,20,1817,tracker 1795 -> 1817 on gt 20
V040,725,reuse,20,16,1795,tracker 1795 matched gt 20 (last frame 723) now gt 16
V040,728,switch,5,5,1815,tracker 1812 -> 1815 on gt 5
V040,729,switch,2,2,1765,tracker 1800 -> 1765 on gt 2
V040,729,switch,5,5,1812,tracker 1812 -> 1812 on gt 5
V040,733,switch,2,2,1800,tracker 1765 -> 1800 on gt 2
V040,733,switch,3,3,1765,tracker 1818 -> 1765 on gt 3
V040,733,switch,20,20,1815,tracker 1817 -> 1815 on gt 20
V040,734,switch,3,3,1818,tracker 1818 -> 1818 on gt 3
V040,734,switch,13,13,1764,tracker 1760 -> 1764 on gt 13
V040,734,switch,16,16,1815,tracker 1795 -> 1815 on gt 16
V040,734,switch,20,20,1817,tracker 1817 -> 1817 on gt 20
V040,735,switch,3,3,1765,tracker 1818 -> 1765 on gt 3
V040,736,switch,16,16,1795,tracker 1815 -> 1795 on gt 16
V040,736,reuse,2,3,1765,tracker 1765 matched gt 2 (last frame 732) now gt 3
V040,738,switch,3,3,1800,tracker 1765 -> 1800 on gt 3
V040,739,reuse,13,14,1760,tracker 1760 matched gt 13 (last frame 733) now gt 14
V040,745,switch,14,14,1821,tracker 1760 -> 1821 on gt 14
V041,12,switch,11,11,1839,tracker 1835 -> 1839 on gt 11
V041,20,switch,13,13,1835,tracker 1836 -> 1835 on gt 13
V041,21,reuse,11,13,1835,tracker 1835 matched gt 11 (last frame 10) now gt 13
V041,90,switch,4,4,1844,tracker 1829 -> 1844 on gt 4
V041,95,switch,2,2,1845,tracker 1826 -> 1845 on gt 2
V041,150,switch,14,14,1843,tracker 1838 -> 1843 on gt 14
V041,150,switch,19,19,1846,tracker 1843 -> 1846 on gt 19
V041,151,reuse,19,14,1843,tracker 1843 matched gt 19 (last frame 149) now gt 14
V041,213,switch,2,2,1847,tracker 1845 -> 1847 on gt 2
V041,214,switch,8,8,1848,tracker 1832 -> 1848 on gt 8
V041,225,switch,0,0,1849,tracker 1825 -> 1849 on gt 0
V041,260,switch,1,1,1850,tracker 1830 -> 1850 on gt 1
V041,271,switch,3,3,1851,tracker 1833 -> 1851 on gt 3
V041,445,switch,6,6,1853,tracker 1828 -> 1853 on gt 6
V041,461,switch,8,8,1855,tracker 1848 -> 1855 on gt 8
V041,461,switch,9,9,1854,tracker 1827 -> 1854 on gt 9
V041,464,switch,9,9,1855,tracker 1854 -> 1855 on gt 9
V041,465,switch,8,8,1856,tracker 1855 -> 1856 on gt 8
V041,465,reuse,8,9,1855,tracker 1855 matched gt 8 (last frame 463) now gt 9
V041,466,switch,7,7,1857,tracker 1824 -> 1857 on gt 7
V041,505,switch,5,5,1858,tracker 1831 -> 1858 on gt 5
V041,505,switch,13,13,1859,tracker 1835 -> 1859 on gt 13
V041,508,switch,4,4,1866,tracker 1844 -> 1866 on gt 4
V041,508,switch,8,8,1867,tracker 1856 -> 1867 on gt 8
V041,510,switch,5,5,1873,tracker 1858 -> 1873 on gt 5
V041,510,switch,19,19,1871,tracker 1846 -> 1871 on gt 19
V041,513,switch,0,0,1889,tracker 1849 -> 1889 on gt 0
V041,513,switch,2,2,1890,tracker 1847 -> 1890 on gt 2
V041,513,switch,4,4,1892,tracker 1844 -> 1892 on gt 4
V041,513,switch,6,6,1887,tracker 1853 -> 1887 on gt 6
V041,513,switch,8,8,1891,tracker 1856 -> 1891 on gt 8
V041,513,switch,14,14,1888,tracker 1843 -> 1888 on gt 14
V041,515,switch,6,6,1894,tracker 1853 -> 1894 on gt 6
V041,515,switch,11,11,1898,tracker 1839 -> 1898 on gt 11
V041,515,switch,14,14,1893,tracker 1843 -> 1893 on gt 14
V041,518,switch,0,0,1909,tracker 1849 -> 1909 on gt 0
V041,518,switch,2,2,1908,tracker 1847 -> 1908 on gt 2
V041,518,switch,4,4,1911,tracker 1844 -> 1911 on gt 4
V041,518,switch,8,8,1910,tracker 1856 -> 1910 on gt 8
V041,519,switch,12,12,1888,tracker 1837 -> 1888 on gt 12
V041,520,switch,17,17,1912,tracker 1841 -> 1912 on gt 17
V041,523,switch,0,0,1926,tracker 1849 -> 1926 on gt 0
V041,523,switch,2,2,1925,tracker 1847 -> 1925 on gt 2
V041,523,switch,4,4,1928,tracker 1844 -> 1928 on gt 4
V041,523,switch,8,8,1927,tracker 1856 -> 1927 on gt 8
V041,524,switch,14,14,1858,tracker 1893 -> 1858 on gt 14
V041,525,switch,0,0,1930,tracker 1849 -> 1930 on gt 0
V041,525,switch,8,8,1866,tracker 1856 -> 1866 on gt 8
V041,525,switch,12,12,1929,tracker 1888 -> 1929 on gt 12
V041,525,reuse,5,14,1858,tracker 1858 matched gt 5 (last frame 508) now gt 14
V041,527,switch,10,10,1934,tracker 1834 -> 1934 on gt 10
V041,528,switch,4,4,1937,tracker 1844 -> 1937 on gt 4
V041,528,switch,8,8,1936,tracker 1866 -> 1936 on gt 8
V041,528,switch,14,14,1893,tracker 1858 -> 1893 on gt 14
V041,529,switch,14,14,1858,tracker 1858 -> 1858 on gt 14
V041,529,switch,16,16,1934,tracker 1840 -> 1934 on gt 16
V041,530,switch,10,10,1938,tracker 1934 -> 1938 on gt 10
V041,530,reuse,10,16,1934,tracker 1934 matched gt 10 (last frame 528) now gt 16
V041,531,switch,8,8,1892,tracker 1866 -> 1892 on gt 8
V041,533,switch,4,4,1944,tracker 1844 -> 1944 on gt 4
V041,533,switch,14,14,1893,tracker 1858 -> 1893 on gt 14
V041,533,switch,18,18,1868,tracker 1842 -> 1868 on gt 18
V041,534,switch,14,14,1858,tracker 1858 -> 1858 on gt 14
V041,537,switch,8,8,1947,tracker 1892 -> 1947 on gt 8
V041,539,switch,8,8,1911,tracker 1947 -> 1911 on gt 8
V041,543,switch,9,9,1892,tracker 1855 -> 1892 on gt 9
V041,544,switch,9,9,1855,tracker 1855 -> 1855 on gt 9
V041,545,switch,8,8,1948,tracker 1911 -> 1948 on gt 8
V041,548,switch,9,9,1947,tracker 1855 -> 1947 on gt 9
V041,549,switch,9,9,1855,tracker 1855 -> 1855 on gt 9
V041,563,switch,5,5,1893,tracker 1873 -> 1893 on gt 5
V041,564,reuse,14,5,1893,tracker 1893 matched gt 14 (last frame 523) now gt 5
V041,571,switch,8,8,1911,tracker 1948 -> 1911 on gt 8
V041,574,switch,9,9,1892,tracker 1855 -> 1892 on gt 9
V041,575,switch,8,8,1949,tracker 1911 -> 1949 on gt 8
V041,575,switch,9,9,1947,tracker 1855 -> 1947 on gt 9
V041,576,reuse,8,9,1947,tracker 1947 matched gt 8 (last frame 538) now gt 9
V041,589,switch,8,8,1892,tracker 1949 -> 1892 on gt 8
V041,591,switch,0,0,1950,tracker 1930 -> 1950 on gt 0
V041,591,switch,8,8,1949,tracker 1892 -> 1949 on gt 8
V041,687,switch,10,10,1951,tracker 1938 -> 1951 on gt 10
V041,765,switch,17,17,1868,tracker 1912 -> 1868 on gt 17
V041,765,switch,18,18,1912,tracker 1868 -> 1912 on gt 18
V041,766,reuse,18,17,1868,tracker 1868 matched gt 18 (last frame 764) now gt 17
V041,766,reuse,17,18,1912,tracker 1912 matched gt 17 (last frame 763) now gt 18
V041,776,switch,8,8,1952,tracker 1949 -> 1952 on gt 8
V041,796,switch,5,5,1953,tracker 1893 -> 1953 on gt 5
V041,838,switch,19,19,1954,tracker 1871 -> 1954 on gt 19
V041,884,switch,0,0,1955,tracker 1950 -> 1955 on gt 0
V041,896,switch,4,4,1956,tracker 1844 -> 1956 on gt 4
V041,969,switch,18,18,1957,tracker 1912 -> 1957 on gt 18
V041,975,switch,18,18,1912,tracker 1957 -> 1912 on gt 18
V042,4,switch,2,2,1969,tracker 1966 -> 1969 on gt 2
V042,5,switch,5,5,1971,tracker 1965 -> 1971 on gt 5
V042,5,switch,7,7,1973,tracker 1969 -> 1973 on gt 7
V042,5,switch,8,8,1972,tracker 1963 -> 1972 on gt 8
V042,5,switch,10,10,1963,tracker 1970 -> 1963 on gt 10
V042,5,reuse,7,2,1969,tracker 1969 matched gt 7 (last frame 3) now gt 2
V042,6,reuse,8,10,1963,tracker 1963 matched gt 8 (last frame 3) now gt 10
V042,24,switch,6,6,1965,tracker 1960 -> 1965 on gt 6
V042,25,reuse,5,6,1965,tracker 1965 matched gt 5 (last frame 3) now gt 6
V042,49,switch,8,8,1963,tracker 1972 -> 1963 on gt 8
V042,49,switch,10,10,1972,tracker 1963 -> 1972 on gt 10
V042,50,switch,11,11,1976,tracker 1975 -> 1976 on gt 11
V042,50,reuse,10,8,1963,tracker 1963 matched gt 10 (last frame 48) now gt 8
V042,50,reuse,8,10,1972,tracker 1972 matched gt 8 (last frame 48) now gt 10
V042,94,switch,10,10,1963,tracker 1972 -> 1963 on gt 10
V042,95,switch,18,18,1978,tracker 1959 -> 1978 on gt 18
V042,95,reuse,8,10,1963,tracker 1963 matched gt 8 (last frame 93) now gt 10
V042,96,switch,20,20,1985,tracker 1968 -> 1985 on gt 20
V042,98,switch,0,0,1993,tracker 1962 -> 1993 on gt 0
V042,98,switch,8,8,1990,tracker 1963 -> 1990 on gt 8
V042,98,switch,12,12,1991,tracker 1977 -> 1991 on gt 12
V042,98,switch,19,19,1992,tracker 1986 -> 1992 on gt 19
V042,99,switch,8,8,1962,tracker 1963 -> 1962 on gt 8
V042,99,switch,10,10,1990,tracker 1963 -> 1990 on gt 10
V042,100,switch,19,19,1997,tracker 1986 -> 1997 on gt 19
V042,100,reuse,0,8,1962,tracker 1962 matched gt 0 (last frame 93) now gt 8
V042,101,switch,0,0,1999,tracker 1962 -> 1999 on gt 0
V042,101,switch,8,8,1993,tracker 1962 -> 1993 on gt 8
V042,103,switch,8,8,2001,tracker 1962 -> 2001 on gt 8
V042,103,switch,12,12,2002,tracker 1977 -> 2002 on gt 12
V042,105,switch,10,10,2001,tracker 1990 -> 2001 on gt 10
V042,105,switch,15,15,2004,tracker 1992 -> 2004 on gt 15
V042,105,switch,19,19,2007,tracker 1997 -> 2007 on gt 19
V042,107,switch,8,8,1999,tracker 1962 -> 1999 on gt 8
V042,108,switch,12,12,2013,tracker 1977 -> 2013 on gt 12
V042,108,reuse,0,8,1999,tracker 1999 matched gt 0 (last frame 103) now gt 8
V042,109,switch,8,8,2003,tracker 1999 -> 2003 on gt 8
V042,109,switch,10,10,1999,tracker 2001 -> 1999 on gt 10
V042,110,switch,12,12,2015,tracker 1977 -> 2015 on gt 12
V042,110,switch,16,16,2014,tracker 2012 -> 2014 on gt 16
V042,110,reuse,8,10,1999,tracker 1999 matched gt 8 (last frame 108) now gt 10
V042,132,switch,19,19,1997,tracker 2007 -> 1997 on gt 19
V042,180,switch,8,8,2016,tracker 1999 -> 2016 on gt 8
V042,195,switch,10,10,2017,tracker 1999 -> 2017 on gt 10
V042,236,switch,18,18,2018,tracker 1959 -> 2018 on gt 18
V042,263,switch,0,0,2019,tracker 1999 -> 2019 on gt 0
V042,285,switch,9,9,2020,tracker 1958 -> 2020 on gt 9
V042,296,switch,17,17,2021,tracker 1974 -> 2021 on gt 17
V042,307,switch,11,11,2022,tracker 1976 -> 2022 on gt 11
V042,337,switch,19,19,2023,tracker 1997 -> 2023 on gt 19
V042,344,switch,13,13,2024,tracker 1995 -> 2024 on gt 13
V042,350,switch,20,20,2025,tracker 1985 -> 2025 on gt 20
V042,361,switch,1,1,2026,tracker 1961 -> 2026 on gt 1
V042,365,switch,1,1,2027,tracker 2026 -> 2027 on gt 1
V042,369,switch,15,15,2028,tracker 2004 -> 2028 on gt 15
V042,370,switch,16,16,2029,tracker 2014 -> 2029 on gt 16
V043,2,switch,6,6,2039,tracker 2045 -> 2039 on gt 6
V043,2,switch,7,7,2044,tracker 2039 -> 2044 on gt 7
V043,2,switch,11,11,2041,tracker 2044 -> 2041 on gt 11
V043,2,switch,13,13,2042,tracker 2041 -> 2042 on gt 13
V043,2,switch,16,16,2045,tracker 2043 -> 2045 on gt 16
V043,3,switch,8,8,2043,tracker 2037 -> 2043 on gt 8
V043,3,reuse,7,6,2039,tracker 2039 matched gt 7 (last frame 1) now gt 6
V043,3,reuse,11,7,2044,tracker 2044 matched gt 11 (last frame 1) now gt 7
V043,3,reuse,13,11,2041,tracker 2041 matched gt 13 (last frame 1) now gt 11
V043,3,reuse,6,16,2045,tracker 2045 matched gt 6 (last frame 1) now gt 16
V043,4,switch,6,6,2044,tracker 2039 -> 2044 on gt 6
V043,4,switch,7,7,2041,tracker 2044 -> 2041 on gt 7
V043,4,switch,16,16,2039,tracker 2045 -> 2039 on gt 16
V043,4,reuse,16,8,2043,tracker 2043 matched gt 16 (last frame 1) now gt 8
V043,5,switch,11,11,2047,tracker 2041 -> 2047 on gt 11
V043,5,reuse,7,6,2044,tracker 2044 matched gt 7 (last frame 3) now gt 6
V043,5,reuse,11,7,2041,tracker 2041 matched gt 11 (last frame 3) now gt 7
V043,5,reuse,6,16,2039,tracker 2039 matched gt 6 (last frame 3) now gt 16
V043,6,switch,3,3,2032,tracker 2040 -> 2032 on gt 3
V043,6,switch,7,7,2047,tracker 2041 -> 2047 on gt 7
V043,6,switch,8,8,2039,tracker 2043 -> 2039 on gt 8
V043,6,switch,11,11,2042,tracker 2041 -> 2042 on gt 11
V043,6,switch,16,16,2044,tracker 2039 -> 2044 on gt 16
V043,6,switch,17,17,2040,tracker 2046 -> 2040 on gt 17
V043,6,reuse,17,4,2046,tracker 2046 matched gt 17 (last frame 5) now gt 4
V043,6,reuse,7,18,2041,tracker 2041 matched gt 7 (last frame 5) now gt 18
V043,7,switch,2,2,2048,tracker 2032 -> 2048 on gt 2
V043,7,switch,7,7,2042,tracker 2041 -> 2042 on gt 7
V043,7,switch,8,8,2044,tracker 2043 -> 2044 on gt 8
V043,7,reuse,2,3,2032,tracker 2032 matched gt 2 (last frame 5) now gt 3
V043,7,reuse,3,17,2040,tracker 2040 matched gt 3 (last frame 5) now gt 17
V043,8,switch,4,4,2051,tracker 2046 -> 2051 on gt 4
V043,8,switch,6,6,2047,tracker 2044 -> 2047 on gt 6
V043,8,switch,13,13,2046,tracker 2042 -> 2046 on gt 13
V043,8,reuse,13,7,2042,tracker 2042 matched gt 13 (last frame 5) now gt 7
V043,8,reuse,6,8,2044,tracker 2044 matched gt 6 (last frame 5) now gt 8
V043,9,switch,7,7,2051,tracker 2042 -> 2051 on gt 7
V043,9,switch,8,8,2041,tracker 2044 -> 2041 on gt 8
V043,9,switch,16,16,2047,tracker 2039 -> 2047 on gt 16
V043,9,reuse,4,13,2046,tracker 2046 matched gt 4 (last frame 7) now gt 13
V043,10,switch,4,4,2052,tracker 2046 -> 2052 on gt 4
V043,10,switch,6,6,2053,tracker 2044 -> 2053 on gt 6
V043,10,reuse,18,8,2041,tracker 2041 matched gt 18 (last frame 8) now gt 8
V043,11,switch,4,4,2040,tracker 2046 -> 2040 on gt 4
V043,11,switch,5,5,2042,tracker 2038 -> 2042 on gt 5
V043,11,switch,6,6,2051,tracker 2044 -> 2051 on gt 6
V043,11,switch,7,7,2052,tracker 2051 -> 2052 on gt 7
V043,11,switch,8,8,2053,tracker 2041 -> 2053 on gt 8
V043,11,switch,9,9,2037,tracker 2035 -> 2037 on gt 9
V043,11,switch,16,16,2038,tracker 2047 -> 2038 on gt 16
V043,11,switch,17,17,2032,tracker 2040 -> 2032 on gt 17
V043,12,switch,3,3,2054,tracker 2032 -> 2054 on gt 3
V043,12,switch,9,9,2045,tracker 2035 -> 2045 on gt 9
V043,12,switch,13,13,2055,tracker 2046 -> 2055 on gt 13
V043,12,reuse,17,4,2040,tracker 2040 matched gt 17 (last frame 10) now gt 4
V043,12,reuse,7,5,2042,tracker 2042 matched gt 7 (last frame 8) now gt 5
V043,12,reuse,7,6,2051,tracker 2051 matched gt 7 (last frame 10) now gt 6
V043,12,reuse,5,16,2038,tracker 2038 matched gt 5 (last frame 10) now gt 16
V043,12,reuse,3,17,2032,tracker 2032 matched gt 3 (last frame 10) now gt 17
V043,13,switch,4,4,2032,tracker 2040 -> 2032 on gt 4
V043,13,switch,5,5,2046,tracker 2042 -> 2046 on gt 5
V043,13,switch,6,6,2042,tracker 2051 -> 2042 on gt 6
V043,13,switch,8,8,2051,tracker 2053 -> 2051 on gt 8
V043,13,switch,9,9,2039,tracker 2035 -> 2039 on gt 9
V043,13,switch,13,13,2040,tracker 2046 -> 2040 on gt 13
V043,13,switch,17,17,2054,tracker 2032 -> 2054 on gt 17
V043,14,switch,3,3,2057,tracker 2032 -> 2057 on gt 3
V043,14,switch,9,9,2044,tracker 2035 -> 2044 on gt 9
V043,14,reuse,17,4,2032,tracker 2032 matched gt 17 (last frame 12) now gt 4
V043,14,reuse,13,5,2046,tracker 2046 matched gt 13 (last frame 10) now gt 5
V043,14,reuse,5,6,2042,tracker 2042 matched gt 5 (last frame 12) now gt 6
V043,14,reuse,6,8,2051,tracker 2051 matched gt 6 (last frame 12) now gt 8
V043,14,reuse,4,13,2040,tracker 2040 matched gt 4 (last frame 12) now gt 13
V043,15,switch,4,4,2054,tracker 2032 -> 2054 on gt 4
V043,15,switch,17,17,2032,tracker 2032 -> 2032 on gt 17
V043,15,reuse,8,9,2044,tracker 2044 matched gt 8 (last frame 8) now gt 9
V043,16,switch,4,4,2057,tracker 2032 -> 2057 on gt 4
V043,16,switch,5,5,2052,tracker 2046 -> 2052 on gt 5
V043,16,switch,6,6,2055,tracker 2042 -> 2055 on gt 6
V043,16,switch,7,7,2054,tracker 2052 -> 2054 on gt 7
V043,16,switch,8,8,2042,tracker 2051 -> 2042 on gt 8
V043,16,switch,9,9,2047,tracker 2044 -> 2047 on gt 9
V043,16,switch,11,11,2032,tracker 2041 -> 2032 on gt 11
V043,17,switch,4,4,2060,tracker 2032 -> 2060 on gt 4
V043,17,switch,6,6,2046,tracker 2042 -> 2046 on gt 6
V043,17,switch,17,17,2061,tracker 2032 -> 2061 on gt 17
V043,17,reuse,7,5,2052,tracker 2052 matched gt 7 (last frame 15) now gt 5
V043,17,reuse,6,8,2042,tracker 2042 matched gt 6 (last frame 15) now gt 8
V043,17,reuse,16,9,2047,tracker 2047 matched gt 16 (last frame 10) now gt 9
V043,17,reuse,4,11,2032,tracker 2032 matched gt 4 (last frame 14) now gt 11
V043,18,switch,3,3,2063,tracker 2057 -> 2063 on gt 3
V043,18,switch,18,18,2042,tracker 2041 -> 2042 on gt 18
V043,18,reuse,5,6,2046,tracker 2046 matched gt 5 (last frame 15) now gt 6
V043,19,switch,4,4,2063,tracker 2060 -> 2063 on gt 4
V043,19,switch,6,6,2054,tracker 2046 -> 2054 on gt 6
V043,19,switch,7,7,2032,tracker 2052 -> 2032 on gt 7
V043,19,switch,8,8,2046,tracker 2042 -> 2046 on gt 8
V043,19,switch,11,11,2061,tracker 2032 -> 2061 on gt 11
V043,19,switch,14,14,2064,tracker 2058 -> 2064 on gt 14
V043,19,reuse,8,18,2042,tracker 2042 matched gt 8 (last frame 17) now gt 18
V043,20,switch,3,3,2066,tracker 2057 -> 2066 on gt 3
V043,20,switch,12,12,2053,tracker 2033 -> 2053 on gt 12
V043,20,reuse,11,7,2032,tracker 2032 matched gt 11 (last frame 18) now gt 7
V043,20,reuse,6,8,2046,tracker 2046 matched gt 6 (last frame 18) now gt 8
V043,20,reuse,17,11,2061,tracker 2061 matched gt 17 (last frame 18) now gt 11
V043,21,switch,5,5,2032,tracker 2052 -> 2032 on gt 5
V043,21,switch,6,6,2052,tracker 2054 -> 2052 on gt 6
V043,21,switch,7,7,2063,tracker 2032 -> 2063 on gt 7
V043,21,switch,9,9,2051,tracker 2047 -> 2051 on gt 9
V043,21,switch,11,11,2066,tracker 2061 -> 2066 on gt 11
V043,21,switch,12,12,2033,tracker 2033 -> 2033 on gt 12
V043,21,switch,13,13,2061,tracker 2040 -> 2061 on gt 13
V043,21,switch,18,18,2054,tracker 2042 -> 2054 on gt 18
V043,22,switch,7,7,2066,tracker 2032 -> 2066 on gt 7
V043,22,switch,11,11,2068,tracker 2061 -> 2068 on gt 11
V043,22,switch,14,14,2067,tracker 2064 -> 2067 on gt 14
V043,22,switch,18,18,2046,tracker 2042 -> 2046 on gt 18
V043,22,reuse,7,5,2032,tracker 2032 matched gt 7 (last frame 20) now gt 5
V043,22,reuse,5,6,2052,tracker 2052 matched gt 5 (last frame 20) now gt 6
V043,22,reuse,8,9,2051,tracker 2051 matched gt 8 (last frame 15) now gt 9
V043,22,reuse,11,13,2061,tracker 2061 matched gt 11 (last frame 20) now gt 13
V043,23,switch,3,3,2070,tracker 2057 -> 2070 on gt 3
V043,23,switch,5,5,2060,tracker 2032 -> 2060 on gt 5
V043,23,switch,8,8,2057,tracker 2046 -> 2057 on gt 8
V043,23,reuse,8,18,2046,tracker 2046 matched gt 8 (last frame 20) now gt 18
V043,24,switch,8,8,2063,tracker 2046 -> 2063 on gt 8
V043,24,switch,11,11,2070,tracker 2068 -> 2070 on gt 11
V043,24,switch,13,13,2068,tracker 2061 -> 2068 on gt 13
V043,24,reuse,13,17,2061,tracker 2061 matched gt 13 (last frame 23) now gt 17
V043,25,switch,3,3,2071,tracker 2057 -> 2071 on gt 3
V043,25,switch,10,10,2043,tracker 2034 -> 2043 on gt 10
V043,25,switch,12,12,2055,tracker 2033 -> 2055 on gt 12
V043,25,switch,16,16,2054,tracker 2038 -> 2054 on gt 16
V043,25,switch,17,17,2040,tracker 2061 -> 2040 on gt 17
V043,25,reuse,4,8,2063,tracker 2063 matched gt 4 (last frame 20) now gt 8
V043,25,reuse,11,13,2068,tracker 2068 matched gt 11 (last frame 23) now gt 13
V043,26,switch,6,6,2063,tracker 2052 -> 2063 on gt 6
V043,26,switch,7,7,2068,tracker 2066 -> 2068 on gt 7
V043,26,switch,8,8,2060,tracker 2063 -> 2060 on gt 8
V043,26,switch,10,10,2034,tracker 2034 -> 2034 on gt 10
V043,26,switch,12,12,2033,tracker 2033 -> 2033 on gt 12
V043,26,switch,13,13,2071,tracker 2068 -> 2071 on gt 13
V043,26,switch,16,16,2038,tracker 2038 -> 2038 on gt 16
V043,26,switch,18,18,2052,tracker 2046 -> 2052 on gt 18
V043,26,reuse,13,17,2040,tracker 2040 matched gt 13 (last frame 20) now gt 17
V043,27,switch,3,3,2074,tracker 2057 -> 2074 on gt 3
V043,27,switch,7,7,2070,tracker 2066 -> 2070 on gt 7
V043,27,switch,9,9,2054,tracker 2051 -> 2054 on gt 9
V043,27,switch,18,18,2063,tracker 2046 -> 2063 on gt 18
V043,27,reuse,4,8,2060,tracker 2060 matched gt 4 (last frame 18) now gt 8
V043,28,switch,6,6,2060,tracker 2052 -> 2060 on gt 6
V043,28,switch,8,8,2032,tracker 2060 -> 2032 on gt 8
V043,28,switch,11,11,2076,tracker 2070 -> 2076 on gt 11
V043,28,switch,18,18,2052,tracker 2046 -> 2052 on gt 18
V043,28,reuse,11,7,2070,tracker 2070 matched gt 11 (last frame 26) now gt 7
V043,28,reuse,6,9,2054,tracker 2054 matched gt 6 (last frame 20) now gt 9
V043,29,reuse,8,6,2060,tracker 2060 matched gt 8 (last frame 27) now gt 6
V043,29,reuse,5,8,2032,tracker 2032 matched gt 5 (last frame 22) now gt 8
V043,29,reuse,6,18,2052,tracker 2052 matched gt 6 (last frame 25) now gt 18
V043,31,switch,5,5,2074,tracker 2032 -> 2074 on gt 5
V043,31,switch,7,7,2076,tracker 2070 -> 2076 on gt 7
V043,31,switch,18,18,2060,tracker 2052 -> 2060 on gt 18
V043,32,switch,6,6,2032,tracker 2060 -> 2032 on gt 6
V043,32,switch,8,8,2061,tracker 2032 -> 2061 on gt 8
V043,32,reuse,3,5,2074,tracker 2074 matched gt 3 (last frame 30) now gt 5
V043,32,reuse,11,7,2076,tracker 2076 matched gt 11 (last frame 30) now gt 7
V043,32,reuse,6,18,2060,tracker 2060 matched gt 6 (last frame 30) now gt 18
V043,33,reuse,8,6,2032,tracker 2032 matched gt 8 (last frame 31) now gt 6
V043,33,reuse,17,8,2061,tracker 2061 matched gt 17 (last frame 24) now gt 8
V043,35,switch,3,3,2078,tracker 2074 -> 2078 on gt 3
V043,35,switch,11,11,2079,tracker 2076 -> 2079 on gt 11
V043,35,switch,12,12,2042,tracker 2033 -> 2042 on gt 12
V043,36,switch,5,5,2071,tracker 2074 -> 2071 on gt 5
V043,36,switch,7,7,2079,tracker 2076 -> 2079 on gt 7
V043,36,switch,9,9,2063,tracker 2054 -> 2063 on gt 9
V043,36,switch,11,11,2074,tracker 2076 -> 2074 on gt 11
V043,36,switch,12,12,2033,tracker 2033 -> 2033 on gt 12
V043,37,switch,7,7,2076,tracker 2076 -> 2076 on gt 7
V043,37,switch,17,17,2080,tracker 2040 -> 2080 on gt 17
V043,37,reuse,13,5,2071,tracker 2071 matched gt 13 (last frame 35) now gt 5
V043,37,reuse,8,9,2063,tracker 2063 matched gt 8 (last frame 25) now gt 9
V043,37,reuse,5,11,2074,tracker 2074 matched gt 5 (last frame 35) now gt 11
V043,38,reuse,5,13,2071,tracker 2071 matched gt 5 (last frame 37) now gt 13
V043,39,switch,2,2,2071,tracker 2048 -> 2071 on gt 2
V043,39,switch,13,13,2048,tracker 2071 -> 2048 on gt 13
V043,40,switch,6,6,2060,tracker 2032 -> 2060 on gt 6
V043,40,switch,12,12,2042,tracker 2033 -> 2042 on gt 12
V043,40,switch,18,18,2052,tracker 2060 -> 2052 on gt 18
V043,40,reuse,13,2,2071,tracker 2071 matched gt 13 (last frame 38) now gt 2
V043,40,reuse,2,13,2048,tracker 2048 matched gt 2 (last frame 38) now gt 13
V043,41,reuse,18,6,2060,tracker 2060 matched gt 18 (last frame 39) now gt 6
V043,41,reuse,18,12,2042,tracker 2042 matched gt 18 (last frame 20) now gt 12
V043,44,switch,2,2,2082,tracker 2071 -> 2082 on gt 2
V043,44,switch,4,4,2083,tracker 2063 -> 2083 on gt 4
V043,44,reuse,2,5,2071,tracker 2071 matched gt 2 (last frame 43) now gt 5
V043,45,switch,6,6,2046,tracker 2060 -> 2046 on gt 6
V043,45,switch,8,8,2032,tracker 2061 -> 2032 on gt 8
V043,46,switch,9,9,2054,tracker 2063 -> 2054 on gt 9
V043,46,switch,18,18,2033,tracker 2052 -> 2033 on gt 18
V043,46,reuse,18,6,2046,tracker 2046 matched gt 18 (last frame 25) now gt 6
V043,46,reuse,6,8,2032,tracker 2032 matched gt 6 (last frame 39) now gt 8
V043,47,reuse,12,18,2033,tracker 2033 matched gt 12 (last frame 39) now gt 18
V043,48,switch,11,11,2061,tracker 2074 -> 2061 on gt 11
V043,49,switch,8,8,2060,tracker 2032 -> 2060 on gt 8
V043,49,reuse,8,11,2061,tracker 2061 matched gt 8 (last frame 44) now gt 11
V043,50,switch,8,8,2052,tracker 2032 -> 2052 on gt 8
V043,51,switch,11,11,2032,tracker 2061 -> 2032 on gt 11
V043,51,reuse,18,8,2052,tracker 2052 matched gt 18 (last frame 45) now gt 8
V043,52,reuse,8,11,2032,tracker 2032 matched gt 8 (last frame 48) now gt 11
V043,53,switch,12,12,2063,tracker 2042 -> 2063 on gt 12
V043,54,reuse,9,12,2063,tracker 2063 matched gt 9 (last frame 45) now gt 12
V043,56,switch,4,4,2061,tracker 2083 -> 2061 on gt 4
V043,57,reuse,11,4,2061,tracker 2061 matched gt 11 (last frame 50) now gt 4
V043,64,switch,2,2,2078,tracker 2082 -> 2078 on gt 2
V043,64,switch,3,3,2082,tracker 2078 -> 2082 on gt 3
V043,65,reuse,3,2,2078,tracker 2078 matched gt 3 (last frame 60) now gt 2
V043,65,reuse,2,3,2082,tracker 2082 matched gt 2 (last frame 63) now gt 3
V043,66,switch,12,12,2080,tracker 2063 -> 2080 on gt 12
V043,66,switch,17,17,2063,tracker 2080 -> 2063 on gt 17
V043,67,reuse,17,12,2080,tracker 2080 matched gt 17 (last frame 65) now gt 12
V043,67,reuse,12,17,2063,tracker 2063 matched gt 12 (last frame 63) now gt 17
V043,88,switch,0,0,2085,tracker 2036 -> 2085 on gt 0
V043,142,switch,16,16,2086,tracker 2038 -> 2086 on gt 16
V043,143,switch,14,14,2087,tracker 2067 -> 2087 on gt 14
V043,145,switch,15,15,2088,tracker 2069 -> 2088 on gt 15
V043,146,switch,12,12,2038,tracker 2080 -> 2038 on gt 12
V043,147,switch,16,16,2089,tracker 2086 -> 2089 on gt 16
V043,147,reuse,16,12,2038,tracker 2038 matched gt 16 (last frame 140) now gt 12
V043,151,switch,12,12,2086,tracker 2038 -> 2086 on gt 12
V043,152,reuse,16,12,2086,tracker 2086 matched gt 16 (last frame 145) now gt 12
V043,160,switch,20,20,2092,tracker 2090 -> 2092 on gt 20
V043,162,switch,20,20,2094,tracker 2090 -> 2094 on gt 20
V043,176,switch,9,9,2063,tracker 2054 -> 2063 on gt 9
V043,177,switch,12,12,2080,tracker 2086 -> 2080 on gt 12
V043,177,switch,17,17,2095,tracker 2063 -> 2095 on gt 17
V043,177,reuse,17,9,2063,tracker 2063 matched gt 17 (last frame 175) now gt 9
V043,179,switch,4,4,2054,tracker 2061 -> 2054 on gt 4
V043,180,reuse,9,4,2054,tracker 2054 matched gt 9 (last frame 175) now gt 4
V043,182,switch,4,4,2096,tracker 2054 -> 2096 on gt 4
V043,182,switch,12,12,2097,tracker 2080 -> 2097 on gt 12
V043,186,switch,6,6,2061,tracker 2046 -> 2061 on gt 6
V043,186,switch,16,16,2086,tracker 2089 -> 2086 on gt 16
V043,187,reuse,4,6,2061,tracker 2061 matched gt 4 (last frame 178) now gt 6
V043,187,reuse,12,16,2086,tracker 2086 matched gt 12 (last frame 176) now gt 16
V043,188,switch,8,8,2054,tracker 2052 -> 2054 on gt 8
V043,189,switch,8,8,2052,tracker 2052 -> 2052 on gt 8
V043,191,switch,8,8,2046,tracker 2052 -> 2046 on gt 8
V043,192,switch,16,16,2098,tracker 2086 -> 2098 on gt 16
V043,192,reuse,6,8,2046,tracker 2046 matched gt 6 (last frame 185) now gt 8
V043,204,switch,13,13,2099,tracker 2048 -> 2099 on gt 13
V043,207,switch,13,13,2100,tracker 2099 -> 2100 on gt 13
V043,271,switch,9,9,2033,tracker 2063 -> 2033 on gt 9
V043,271,switch,17,17,2063,tracker 2095 -> 2063 on gt 17
V043,272,switch,18,18,2101,tracker 2033 -> 2101 on gt 18
V043,272,reuse,18,9,2033,tracker 2033 matched gt 18 (last frame 270) now gt 9
V043,272,reuse,9,17,2063,tracker 2063 matched gt 9 (last frame 270) now gt 17
V043,276,switch,9,9,2101,tracker 2033 -> 2101 on gt 9
V043,277,switch,2,2,2103,tracker 2078 -> 2103 on gt 2
V043,277,switch,18,18,2102,tracker 2101 -> 2102 on gt 18
V043,277,reuse,18,9,2101,tracker 2101 matched gt 18 (last frame 275) now gt 9
V043,278,switch,9,9,2102,tracker 2101 -> 2102 on gt 9
V043,279,switch,18,18,2104,tracker 2101 -> 2104 on gt 18
V043,281,switch,17,17,2104,tracker 2063 -> 2104 on gt 17
V043,282,switch,18,18,2105,tracker 2104 -> 2105 on gt 18
V043,282,reuse,18,17,2104,tracker 2104 matched gt 18 (last frame 280) now gt 17
V043,287,switch,9,9,2107,tracker 2102 -> 2107 on gt 9
V043,302,switch,11,11,2108,tracker 2032 -> 2108 on gt 11
V043,323,switch,20,20,2109,tracker 2094 -> 2109 on gt 20
V043,328,switch,15,15,2110,tracker 2088 -> 2110 on gt 15
V043,332,switch,15,15,2111,tracker 2110 -> 2111 on gt 15
V043,337,switch,14,14,2112,tracker 2087 -> 2112 on gt 14
V043,407,switch,3,3,2114,tracker 2082 -> 2114 on gt 3
V043,431,switch,6,6,2098,tracker 2061 -> 2098 on gt 6
V043,431,switch,17,17,2076,tracker 2104 -> 2076 on gt 17
V043,431,switch,18,18,2046,tracker 2105 -> 2046 on gt 18
V043,432,switch,4,4,2115,tracker 2096 -> 2115 on gt 4
V043,432,switch,7,7,2117,tracker 2076 -> 2117 on gt 7
V043,432,switch,14,14,2120,tracker 2112 -> 2120 on gt 14
V043,432,reuse,16,6,2098,tracker 2098 matched gt 16 (last frame 430) now gt 6
V043,432,reuse,7,17,2076,tracker 2076 matched gt 7 (last frame 430) now gt 17
V043,432,reuse,8,18,2046,tracker 2046 matched gt 8 (last frame 430) now gt 18
V043,435,switch,8,8,2129,tracker 2046 -> 2129 on gt 8
V043,435,switch,9,9,2128,tracker 2107 -> 2128 on gt 9
V043,435,switch,16,16,2127,tracker 2098 -> 2127 on gt 16
V043,436,switch,4,4,2105,tracker 2115 -> 2105 on gt 4
V043,436,switch,18,18,2129,tracker 2046 -> 2129 on gt 18
V043,437,switch,6,6,2132,tracker 2098 -> 2132 on gt 6
V043,437,switch,8,8,2061,tracker 2046 -> 2061 on gt 8
V043,437,switch,9,9,2130,tracker 2107 -> 2130 on gt 9
V043,437,reuse,18,4,2105,tracker 2105 matched gt 18 (last frame 430) now gt 4
V043,438,reuse,6,8,2061,tracker 2061 matched gt 6 (last frame 430) now gt 8
V043,440,switch,16,16,2134,tracker 2098 -> 2134 on gt 16
V043,441,switch,8,8,2127,tracker 2061 -> 2127 on gt 8
V043,441,switch,18,18,2061,tracker 2129 -> 2061 on gt 18
V043,442,reuse,8,18,2061,tracker 2061 matched gt 8 (last frame 440) now gt 18
V043,449,switch,12,12,2107,tracker 2097 -> 2107 on gt 12
V043,450,switch,10,10,2097,tracker 2034 -> 2097 on gt 10
V043,450,reuse,9,12,2107,tracker 2107 matched gt 9 (last frame 430) now gt 12
V043,451,switch,12,12,2128,tracker 2107 -> 2128 on gt 12
V043,451,reuse,12,10,2097,tracker 2097 matched gt 12 (last frame 448) now gt 10
V043,455,switch,18,18,2134,tracker 2061 -> 2134 on gt 18
V043,457,switch,4,4,2115,tracker 2105 -> 2115 on gt 4
V043,473,switch,10,10,2107,tracker 2097 -> 2107 on gt 10
V043,474,reuse,12,10,2107,tracker 2107 matched gt 12 (last frame 450) now gt 10
V043,499,switch,8,8,2136,tracker 2127 -> 2136 on gt 8
V043,508,switch,0,0,2137,tracker 2085 -> 2137 on gt 0
V043,513,switch,16,16,2138,tracker 2098 -> 2138 on gt 16
V043,522,switch,19,19,2139,tracker 2084 -> 2139 on gt 19
V043,546,switch,6,6,2140,tracker 2132 -> 2140 on gt 6
V043,565,switch,11,11,2141,tracker 2108 -> 2141 on gt 11
V043,609,switch,5,5,2142,tracker 2071 -> 2142 on gt 5
V043,612,switch,5,5,2143,tracker 2142 -> 2143 on gt 5
V043,623,switch,18,18,2142,tracker 2134 -> 2142 on gt 18
V043,624,reuse,5,18,2142,tracker 2142 matched gt 5 (last frame 610) now gt 18
V043,632,switch,3,3,2144,tracker 2114 -> 2144 on gt 3
V043,648,switch,19,19,2145,tracker 2139 -> 2145 on gt 19
V043,673,switch,14,14,2146,tracker 2120 -> 2146 on gt 14
V043,687,switch,2,2,2147,tracker 2103 -> 2147 on gt 2
V043,722,switch,5,5,2148,tracker 2143 -> 2148 on gt 5
V043,751,switch,8,8,2138,tracker 2136 -> 2138 on gt 8
V043,751,switch,16,16,2136,tracker 2138 -> 2136 on gt 16
V043,752,switch,18,18,2150,tracker 2142 -> 2150 on gt 18
V043,752,reuse,16,8,2138,tracker 2138 matched gt 16 (last frame 750) now gt 8
V043,752,reuse,8,16,2136,tracker 2136 matched gt 8 (last frame 748) now gt 16
V043,754,switch,1,1,2152,tracker 2031 -> 2152 on gt 1
V043,756,switch,3,3,2150,tracker 2144 -> 2150 on gt 3
V043,757,switch,1,1,2154,tracker 2152 -> 2154 on gt 1
V043,757,switch,18,18,2153,tracker 2150 -> 2153 on gt 18
V043,761,reuse,18,3,2150,tracker 2150 matched gt 18 (last frame 753) now gt 3
V043,766,switch,3,3,2153,tracker 2150 -> 2153 on gt 3
V043,767,switch,18,18,2156,tracker 2153 -> 2156 on gt 18
V043,767,switch,19,19,2155,tracker 2145 -> 2155 on gt 19
V043,767,reuse,18,3,2153,tracker 2153 matched gt 18 (last frame 765) now gt 3
V043,771,switch,3,3,2156,tracker 2153 -> 2156 on gt 3
V043,772,switch,18,18,2157,tracker 2156 -> 2157 on gt 18
V043,772,reuse,18,3,2156,tracker 2156 matched gt 18 (last frame 770) now gt 3
V043,773,switch,13,13,2158,tracker 2100 -> 2158 on gt 13
V043,792,switch,15,15,2159,tracker 2111 -> 2159 on gt 15
V043,802,switch,3,3,2153,tracker 2156 -> 2153 on gt 3
V043,853,switch,12,12,2161,tracker 2128 -> 2161 on gt 12
V043,859,switch,12,12,2115,tracker 2161 -> 2115 on gt 12
V043,861,switch,12,12,2161,tracker 2161 -> 2161 on gt 12
V043,867,switch,16,16,2140,tracker 2136 -> 2140 on gt 16
V043,868,reuse,6,16,2140,tracker 2140 matched gt 6 (last frame 866) now gt 16
V043,870,switch,6,6,2162,tracker 2140 -> 2162 on gt 6
V043,871,switch,6,6,2138,tracker 2140 -> 2138 on gt 6
V043,871,switch,8,8,2162,tracker 2138 -> 2162 on gt 8
V043,872,reuse,8,6,2138,tracker 2138 matched gt 8 (last frame 870) now gt 6
V044,40,switch,14,14,2173,tracker 2172 -> 2173 on gt 14
V044,44,switch,0,0,2166,tracker 2165 -> 2166 on gt 0
V044,45,switch,3,3,2175,tracker 2174 -> 2175 on gt 3
V044,45,switch,10,10,2176,tracker 2166 -> 2176 on gt 10
V044,45,reuse,10,0,2166,tracker 2166 matched gt 10 (last frame 43) now gt 0
V044,49,switch,0,0,2176,tracker 2166 -> 2176 on gt 0
V044,50,switch,10,10,2177,tracker 2176 -> 2177 on gt 10
V044,50,reuse,10,0,2176,tracker 2176 matched gt 10 (last frame 48) now gt 0
V044,69,switch,10,10,2166,tracker 2177 -> 2166 on gt 10
V044,70,reuse,0,10,2166,tracker 2166 matched gt 0 (last frame 48) now gt 10
V044,113,switch,14,14,2183,tracker 2173 -> 2183 on gt 14
V044,115,switch,4,4,2184,tracker 2182 -> 2184 on gt 4
V044,115,switch,14,14,2185,tracker 2173 -> 2185 on gt 14
V044,125,switch,16,16,2188,tracker 2186 -> 2188 on gt 16
V044,160,switch,6,6,2191,tracker 2190 -> 2191 on gt 6
V044,173,switch,17,17,2196,tracker 2192 -> 2196 on gt 17
V044,177,reuse,6,7,2190,tracker 2190 matched gt 6 (last frame 158) now gt 7
V044,178,switch,17,17,2201,tracker 2192 -> 2201 on gt 17
V044,182,switch,17,17,2205,tracker 2192 -> 2205 on gt 17
V044,185,switch,17,17,2208,tracker 2205 -> 2208 on gt 17
V044,208,switch,2,2,2210,tracker 2167 -> 2210 on gt 2
V044,368,switch,9,9,2211,tracker 2209 -> 2211 on gt 9
V044,388,switch,19,19,2212,tracker 2207 -> 2212 on gt 19
V044,447,switch,15,15,2213,tracker 2178 -> 2213 on gt 15
V045,5,switch,8,8,2235,tracker 2232 -> 2235 on gt 8
V045,5,switch,10,10,2236,tracker 2233 -> 2236 on gt 10
V045,15,switch,9,9,2235,tracker 2231 -> 2235 on gt 9
V045,16,reuse,8,9,2235,tracker 2235 matched gt 8 (last frame 14) now gt 9
V045,18,switch,8,8,2231,tracker 2235 -> 2231 on gt 8
V045,19,reuse,9,8,2231,tracker 2231 matched gt 9 (last frame 13) now gt 8
V045,30,switch,9,9,2232,tracker 2235 -> 2232 on gt 9
V045,31,reuse,8,9,2232,tracker 2232 matched gt 8 (last frame 3) now gt 9
V045,60,switch,9,9,2226,tracker 2232 -> 2226 on gt 9
V045,60,switch,17,17,2227,tracker 2229 -> 2227 on gt 17
V045,61,switch,11,11,2241,tracker 2226 -> 2241 on gt 11
V045,61,switch,14,14,2242,tracker 2219 -> 2242 on gt 14
V045,61,switch,16,16,2240,tracker 2227 -> 2240 on gt 16
V045,61,switch,19,19,2239,tracker 2224 -> 2239 on gt 19
V045,61,reuse,11,9,2226,tracker 2226 matched gt 11 (last frame 59) now gt 9
V045,61,reuse,16,17,2227,tracker 2227 matched gt 16 (last frame 59) now gt 17
V045,67,switch,20,20,2244,tracker 2223 -> 2244 on gt 20
V045,71,switch,17,17,2249,tracker 2227 -> 2249 on gt 17
V045,110,switch,16,16,2249,tracker 2240 -> 2249 on gt 16
V045,111,switch,17,17,2250,tracker 2249 -> 2250 on gt 17
V045,111,reuse,17,16,2249,tracker 2249 matched gt 17 (last frame 109) now gt 16
V045,115,switch,16,16,2250,tracker 2249 -> 2250 on gt 16
V045,116,switch,17,17,2251,tracker 2250 -> 2251 on gt 17
V045,116,reuse,17,16,2250,tracker 2250 matched gt 17 (last frame 114) now gt 16
V045,120,switch,16,16,2251,tracker 2250 -> 2251 on gt 16
V045,121,switch,17,17,2252,tracker 2251 -> 2252 on gt 17
V045,121,reuse,17,16,2251,tracker 2251 matched gt 17 (last frame 119) now gt 16
V045,125,switch,16,16,2252,tracker 2251 -> 2252 on gt 16
V045,126,switch,0,0,2253,tracker 2234 -> 2253 on gt 0
V045,126,reuse,17,16,2252,tracker 2252 matched gt 17 (last frame 124) now gt 16
V045,127,switch,17,17,2255,tracker 2252 -> 2255 on gt 17
V045,130,switch,16,16,2255,tracker 2252 -> 2255 on gt 16
V045,131,switch,17,17,2256,tracker 2255 -> 2256 on gt 17
V045,131,reuse,17,16,2255,tracker 2255 matched gt 17 (last frame 129) now gt 16
V045,143,switch,16,16,2264,tracker 2255 -> 2264 on gt 16
V045,146,switch,16,16,2265,tracker 2264 -> 2265 on gt 16
V045,151,switch,16,16,2267,tracker 2265 -> 2267 on gt 16
V045,154,switch,8,8,2222,tracker 2231 -> 2222 on gt 8
V045,155,reuse,6,8,2222,tracker 2222 matched gt 6 (last frame 153) now gt 8
V045,157,switch,6,6,2231,tracker 2222 -> 2231 on gt 6
V045,158,reuse,8,6,2231,tracker 2231 matched gt 8 (last frame 150) now gt 6
V045,160,switch,10,10,2222,tracker 2236 -> 2222 on gt 10
V045,161,switch,17,17,2252,tracker 2256 -> 2252 on gt 17
V045,161,reuse,8,10,2222,tracker 2222 matched gt 8 (last frame 159) now gt 10
V045,162,reuse,16,17,2252,tracker 2252 matched gt 16 (last frame 129) now gt 17
V045,164,switch,17,17,2268,tracker 2252 -> 2268 on gt 17
V045,165,switch,10,10,2231,tracker 2222 -> 2231 on gt 10
V045,166,switch,6,6,2271,tracker 2231 -> 2271 on gt 6
V045,166,switch,8,8,2272,tracker 2222 -> 2272 on gt 8
V045,166,switch,14,14,2270,tracker 2242 -> 2270 on gt 14
V045,166,switch,17,17,2269,tracker 2252 -> 2269 on gt 17
V045,166,reuse,6,10,2231,tracker 2231 matched gt 6 (last frame 164) now gt 10
V045,169,switch,16,16,2273,tracker 2267 -> 2273 on gt 16
V045,171,switch,2,2,2274,tracker 2225 -> 2274 on gt 2
V045,171,switch,12,12,2275,tracker 2220 -> 2275 on gt 12
V045,171,switch,16,16,2276,tracker 2267 -> 2276 on gt 16
V045,171,switch,17,17,2277,tracker 2269 -> 2277 on gt 17
V045,176,switch,19,19,2278,tracker 2239 -> 2278 on gt 19
V045,178,switch,17,17,2269,tracker 2277 -> 2269 on gt 17
V045,179,switch,0,0,2279,tracker 2253 -> 2279 on gt 0
V045,187,switch,1,1,2280,tracker 2221 -> 2280 on gt 1
V045,192,switch,15,15,2281,tracker 2218 -> 2281 on gt 15
V045,194,switch,20,20,2282,tracker 2244 -> 2282 on gt 20
V045,225,switch,18,18,2283,tracker 2214 -> 2283 on gt 18
V046,4,switch,7,7,2293,tracker 2290 -> 2293 on gt 7
V046,4,reuse,7,8,2290,tracker 2290 matched gt 7 (last frame 3) now gt 8
V046,89,switch,5,5,2290,tracker 2288 -> 2290 on gt 5
V046,90,reuse,8,5,2290,tracker 2290 matched gt 8 (last frame 88) now gt 5
V046,92,switch,8,8,2288,tracker 2290 -> 2288 on gt 8
V046,93,reuse,5,8,2288,tracker 2288 matched gt 5 (last frame 88) now gt 8
V046,103,switch,7,7,2288,tracker 2293 -> 2288 on gt 7
V046,104,reuse,8,7,2288,tracker 2288 matched gt 8 (last frame 102) now gt 7
V046,107,switch,2,2,2296,tracker 2287 -> 2296 on gt 2
V046,111,switch,4,4,2297,tracker 2291 -> 2297 on gt 4
V046,111,switch,8,8,2298,tracker 2288 -> 2298 on gt 8
V046,545,switch,3,3,2288,tracker 2289 -> 2288 on gt 3
V046,545,switch,7,7,2289,tracker 2288 -> 2289 on gt 7
V046,546,reuse,7,3,2288,tracker 2288 matched gt 7 (last frame 542) now gt 3
V046,546,reuse,3,7,2289,tracker 2289 matched gt 3 (last frame 544) now gt 7
V046,872,switch,9,9,2299,tracker 2294 -> 2299 on gt 9
V046,883,switch,4,4,2300,tracker 2297 -> 2300 on gt 4
V046,885,switch,8,8,2301,tracker 2298 -> 2301 on gt 8
V046,1002,switch,6,6,2302,tracker 2292 -> 2302 on gt 6
V047,714,switch,4,4,2313,tracker 2312 -> 2313 on gt 4
V047,888,switch,6,6,2318,tracker 2310 -> 2318 on gt 6
V047,908,switch,8,8,2319,tracker 2308 -> 2319 on gt 8
V047,922,switch,9,9,2320,tracker 2303 -> 2320 on gt 9
V047,926,switch,7,7,2321,tracker 2306 -> 2321 on gt 7
V047,1009,switch,5,5,2322,tracker 2311 -> 2322 on gt 5
V047,1101,switch,3,3,2318,tracker 2304 -> 2318 on gt 3
V047,1102,switch,1,1,2325,tracker 2305 -> 2325 on gt 1
V047,1102,switch,8,8,2323,tracker 2319 -> 2323 on gt 8
V047,1102,reuse,6,3,2318,tracker 2318 matched gt 6 (last frame 1100) now gt 3
V047,1107,switch,3,3,2331,tracker 2318 -> 2331 on gt 3
V047,1109,switch,8,8,2337,tracker 2323 -> 2337 on gt 8
V047,1112,switch,2,2,2346,tracker 2307 -> 2346 on gt 2
V047,1112,switch,6,6,2345,tracker 2318 -> 2345 on gt 6
V047,1112,switch,8,8,2344,tracker 2337 -> 2344 on gt 8
V047,1117,switch,1,1,2323,tracker 2325 -> 2323 on gt 1
V047,1118,switch,2,2,2325,tracker 2346 -> 2325 on gt 2
V047,1118,switch,8,8,2337,tracker 2344 -> 2337 on gt 8
V047,1118,reuse,8,1,2323,tracker 2323 matched gt 8 (last frame 1105) now gt 1
V047,1119,reuse,1,2,2325,tracker 2325 matched gt 1 (last frame 1116) now gt 2
V047,1120,switch,1,1,2307,tracker 2323 -> 2307 on gt 1
V047,1120,switch,2,2,2323,tracker 2325 -> 2323 on gt 2
V047,1121,reuse,2,1,2307,tracker 2307 matched gt 2 (last frame 1103) now gt 1
V047,1121,reuse,1,2,2323,tracker 2323 matched gt 1 (last frame 1119) now gt 2
V047,1122,switch,2,2,2307,tracker 2323 -> 2307 on gt 2
V047,1123,switch,1,1,2347,tracker 2307 -> 2347 on gt 1
V047,1123,reuse,1,2,2307,tracker 2307 matched gt 1 (last frame 1121) now gt 2
V048,59,switch,0,0,2351,tracker 2349 -> 2351 on gt 0
V048,59,switch,1,1,2349,tracker 2351 -> 2349 on gt 1
V048,60,reuse,1,0,2351,tracker 2351 matched gt 1 (last frame 58) now gt 0
V048,60,reuse,0,1,2349,tracker 2349 matched gt 0 (last frame 58) now gt 1
V048,216,switch,0,0,2349,tracker 2351 -> 2349 on gt 0
V048,216,switch,1,1,2351,tracker 2349 -> 2351 on gt 1
V048,217,reuse,1,0,2349,tracker 2349 matched gt 1 (last frame 214) now gt 0
V048,217,reuse,0,1,2351,tracker 2351 matched gt 0 (last frame 215) now gt 1
V048,332,switch,7,7,2353,tracker 2350 -> 2353 on gt 7
V048,333,reuse,2,7,2353,tracker 2353 matched gt 2 (last frame 331) now gt 7
V048,334,switch,2,2,2350,tracker 2353 -> 2350 on gt 2
V048,335,reuse,7,2,2350,tracker 2350 matched gt 7 (last frame 330) now gt 2
V048,349,switch,5,5,2360,tracker 2352 -> 2360 on gt 5
V048,389,switch,4,4,2361,tracker 2355 -> 2361 on gt 4
V048,402,switch,6,6,2362,tracker 2354 -> 2362 on gt 6
V048,404,switch,8,8,2363,tracker 2358 -> 2363 on gt 8
V048,554,switch,0,0,2350,tracker 2349 -> 2350 on gt 0
V048,555,reuse,2,0,2350,tracker 2350 matched gt 2 (last frame 553) now gt 0
V048,578,switch,2,2,2349,tracker 2350 -> 2349 on gt 2
V048,581,reuse,0,2,2349,tracker 2349 matched gt 0 (last frame 553) now gt 2
V049,52,switch,4,4,2374,tracker 2369 -> 2374 on gt 4
V049,54,switch,9,9,2375,tracker 2373 -> 2375 on gt 9
V049,115,switch,1,1,2372,tracker 2367 -> 2372 on gt 1
V049,115,switch,8,8,2367,tracker 2372 -> 2367 on gt 8
V049,116,reuse,8,1,2372,tracker 2372 matched gt 8 (last frame 109) now gt 1
V049,116,reuse,1,8,2367,tracker 2367 matched gt 1 (last frame 114) now gt 8
V049,236,switch,8,8,2377,tracker 2367 -> 2377 on gt 8
V049,237,switch,7,7,2377,tracker 2371 -> 2377 on gt 7
V049,238,switch,8,8,2371,tracker 2367 -> 2371 on gt 8
V049,239,reuse,7,8,2371,tracker 2371 matched gt 7 (last frame 236) now gt 8
V049,288,switch,0,0,2379,tracker 2370 -> 2379 on gt 0
V049,288,switch,3,3,2380,tracker 2364 -> 2380 on gt 3
V049,304,switch,5,5,2381,tracker 2366 -> 2381 on gt 5
V049,445,switch,1,1,2377,tracker 2372 -> 2377 on gt 1
V049,445,switch,7,7,2372,tracker 2377 -> 2372 on gt 7
V049,446,reuse,7,1,2377,tracker 2377 matched gt 7 (last frame 444) now gt 1
V049,446,reuse,1,7,2372,tracker 2372 matched gt 1 (last frame 444) now gt 7
V049,584,switch,2,2,2372,tracker 2368 -> 2372 on gt 2
V049,584,switch,7,7,2368,tracker 2372 -> 2368 on gt 7
V049,585,reuse,7,2,2372,tracker 2372 matched gt 7 (last frame 583) now gt 2
V049,585,reuse,2,7,2368,tracker 2368 matched gt 2 (last frame 583) now gt 7
V049,706,switch,0,0,2382,tracker 2379 -> 2382 on gt 0
V050,462,switch,2,2,2390,tracker 2384 -> 2390 on gt 2
V050,462,switch,8,8,2384,tracker 2390 -> 2384 on gt 8
V050,463,reuse,8,2,2390,tracker 2390 matched gt 8 (last frame 461) now gt 2
V050,463,reuse,2,8,2384,tracker 2384 matched gt 2 (last frame 458) now gt 8
V050,574,switch,2,2,2384,tracker 2390 -> 2384 on gt 2
V050,574,switch,8,8,2390,tracker 2384 -> 2390 on gt 8
V050,575,reuse,8,2,2384,tracker 2384 matched gt 8 (last frame 573) now gt 2
V050,575,reuse,2,8,2390,tracker 2390 matched gt 2 (last frame 571) now gt 8
V050,875,switch,2,2,2393,tracker 2384 -> 2393 on gt 2
V051,387,switch,0,0,2404,tracker 2398 -> 2404 on gt 0
V051,389,switch,2,2,2398,tracker 2396 -> 2398 on gt 2
V051,390,reuse,0,2,2398,tracker 2398 matched gt 0 (last frame 376) now gt 2
V051,404,switch,2,2,2402,tracker 2398 -> 2402 on gt 2
V051,404,switch,7,7,2398,tracker 2402 -> 2398 on gt 7
V051,405,reuse,7,2,2402,tracker 2402 matched gt 7 (last frame 403) now gt 2
V051,405,reuse,2,7,2398,tracker 2398 matched gt 2 (last frame 403) now gt 7
V051,459,switch,1,1,2405,tracker 2401 -> 2405 on gt 1
V051,465,switch,5,5,2406,tracker 2403 -> 2406 on gt 5
V051,475,switch,8,8,2407,tracker 2394 -> 2407 on gt 8
V051,492,switch,9,9,2408,tracker 2397 -> 2408 on gt 9
V051,712,switch,0,0,2399,tracker 2404 -> 2399 on gt 0
V051,713,reuse,3,0,2399,tracker 2399 matched gt 3 (last frame 711) now gt 0
V051,714,switch,5,5,2400,tracker 2406 -> 2400 on gt 5
V051,714,switch,6,6,2406,tracker 2400 -> 2406 on gt 6
V051,715,reuse,6,5,2400,tracker 2400 matched gt 6 (last frame 713) now gt 5
V051,715,reuse,5,6,2406,tracker 2406 matched gt 5 (last frame 713) now gt 6
V052,16,switch,2,2,2409,tracker 2413 -> 2409 on gt 2
V052,16,switch,4,4,2411,tracker 2412 -> 2411 on gt 4
V052,16,switch,5,5,2412,tracker 2410 -> 2412 on gt 5
V052,16,switch,7,7,2415,tracker 2416 -> 2415 on gt 7
V052,17,switch,6,6,2420,tracker 2415 -> 2420 on gt 6
V052,17,switch,8,8,2418,tracker 2417 -> 2418 on gt 8
V052,17,reuse,0,2,2409,tracker 2409 matched gt 0 (last frame 15) now gt 2
V052,17,reuse,3,4,2411,tracker 2411 matched gt 3 (last frame 15) now gt 4
V052,17,reuse,4,5,2412,tracker 2412 matched gt 4 (last frame 15) now gt 5
V052,17,reuse,6,7,2415,tracker 2415 matched gt 6 (last frame 15) now gt 7
V052,18,switch,4,4,2423,tracker 2411 -> 2423 on gt 4
V052,18,switch,5,5,2411,tracker 2412 -> 2411 on gt 5
V052,19,switch,4,4,2426,tracker 2411 -> 2426 on gt 4
V052,19,switch,5,5,2423,tracker 2412 -> 2423 on gt 5
V052,20,switch,4,4,2428,tracker 2411 -> 2428 on gt 4
V052,20,switch,5,5,2426,tracker 2412 -> 2426 on gt 5
V052,20,switch,9,9,2417,tracker 2425 -> 2417 on gt 9
V052,21,switch,2,2,2429,tracker 2409 -> 2429 on gt 2
V052,21,switch,5,5,2428,tracker 2412 -> 2428 on gt 5
V052,21,switch,6,6,2410,tracker 2420 -> 2410 on gt 6
V052,21,reuse,8,10,2417,tracker 2417 matched gt 8 (last frame 15) now gt 10
V052,22,switch,1,1,2437,tracker 2414 -> 2437 on gt 1
V052,22,switch,4,4,2435,tracker 2411 -> 2435 on gt 4
V052,22,switch,9,9,2433,tracker 2425 -> 2433 on gt 9
V052,22,reuse,5,6,2410,tracker 2410 matched gt 5 (last frame 15) now gt 6
V052,23,switch,4,4,2440,tracker 2411 -> 2440 on gt 4
V052,23,switch,5,5,2435,tracker 2428 -> 2435 on gt 5
V052,23,switch,6,6,2423,tracker 2410 -> 2423 on gt 6
V052,24,switch,4,4,2443,tracker 2411 -> 2443 on gt 4
V052,24,switch,5,5,2440,tracker 2428 -> 2440 on gt 5
V052,24,switch,6,6,2426,tracker 2410 -> 2426 on gt 6
V052,25,switch,4,4,2446,tracker 2411 -> 2446 on gt 4
V052,25,switch,5,5,2443,tracker 2428 -> 2443 on gt 5
V052,25,switch,6,6,2412,tracker 2410 -> 2412 on gt 6
V052,26,switch,4,4,2449,tracker 2411 -> 2449 on gt 4
V052,26,switch,5,5,2446,tracker 2428 -> 2446 on gt 5
V052,26,switch,6,6,2411,tracker 2410 -> 2411 on gt 6
V052,27,switch,0,0,2451,tracker 2409 -> 2451 on gt 0
V052,27,switch,2,2,2450,tracker 2409 -> 2450 on gt 2
V052,27,switch,4,4,2452,tracker 2411 -> 2452 on gt 4
V052,27,switch,5,5,2449,tracker 2428 -> 2449 on gt 5
V052,27,reuse,4,6,2411,tracker 2411 matched gt 4 (last frame 17) now gt 6
V052,28,switch,3,3,2453,tracker 2411 -> 2453 on gt 3
V052,28,switch,5,5,2452,tracker 2428 -> 2452 on gt 5
V052,29,switch,4,4,2453,tracker 2411 -> 2453 on gt 4
V052,30,switch,3,3,2455,tracker 2411 -> 2455 on gt 3
V052,31,switch,3,3,2413,tracker 2411 -> 2413 on gt 3
V052,31,switch,5,5,2455,tracker 2452 -> 2455 on gt 5
V052,32,switch,4,4,2429,tracker 2453 -> 2429 on gt 4
V052,32,reuse,2,3,2413,tracker 2413 matched gt 2 (last frame 15) now gt 3
V052,44,switch,3,3,2428,tracker 2413 -> 2428 on gt 3
V052,45,reuse,5,3,2428,tracker 2428 matched gt 5 (last frame 22) now gt 3
V052,48,switch,3,3,2452,tracker 2428 -> 2452 on gt 3
V052,49,reuse,5,3,2452,tracker 2452 matched gt 5 (last frame 30) now gt 3
V052,92,switch,1,1,2457,tracker 2437 -> 2457 on gt 1
V052,111,switch,0,0,2458,tracker 2451 -> 2458 on gt 0
V052,120,switch,5,5,2459,tracker 2455 -> 2459 on gt 5
V052,128,switch,4,4,2459,tracker 2429 -> 2459 on gt 4
V052,128,switch,5,5,2429,tracker 2459 -> 2429 on gt 5
V052,129,reuse,5,4,2459,tracker 2459 matched gt 5 (last frame 127) now gt 4
V052,129,reuse,4,5,2429,tracker 2429 matched gt 4 (last frame 123) now gt 5
V052,131,switch,5,5,2459,tracker 2429 -> 2459 on gt 5
V052,132,reuse,4,5,2459,tracker 2459 matched gt 4 (last frame 130) now gt 5
V052,135,reuse,5,4,2459,tracker 2459 matched gt 5 (last frame 134) now gt 4
V052,136,reuse,4,5,2459,tracker 2459 matched gt 4 (last frame 135) now gt 5
V052,137,switch,5,5,2461,tracker 2459 -> 2461 on gt 5
V052,137,reuse,5,4,2459,tracker 2459 matched gt 5 (last frame 136) now gt 4
V052,142,switch,4,4,2461,tracker 2459 -> 2461 on gt 4
V052,142,switch,5,5,2429,tracker 2461 -> 2429 on gt 5
V052,143,reuse,5,4,2461,tracker 2461 matched gt 5 (last frame 141) now gt 4
V052,145,switch,5,5,2460,tracker 2429 -> 2460 on gt 5
V052,236,switch,7,7,2411,tracker 2415 -> 2411 on gt 7
V052,237,switch,6,6,2463,tracker 2411 -> 2463 on gt 6
V052,237,reuse,6,7,2411,tracker 2411 matched gt 6 (last frame 235) now gt 7
V052,241,switch,5,5,2415,tracker 2460 -> 2415 on gt 5
V052,242,reuse,7,5,2415,tracker 2415 matched gt 7 (last frame 235) now gt 5
V052,252,switch,4,4,2465,tracker 2461 -> 2465 on gt 4
V052,252,switch,7,7,2461,tracker 2411 -> 2461 on gt 7
V052,253,reuse,4,7,2461,tracker 2461 matched gt 4 (last frame 245) now gt 7
V052,283,switch,6,6,2466,tracker 2463 -> 2466 on gt 6
V052,286,switch,6,6,2418,tracker 2466 -> 2418 on gt 6
V052,286,switch,8,8,2466,tracker 2418 -> 2466 on gt 8
V052,287,reuse,8,6,2418,tracker 2418 matched gt 8 (last frame 284) now gt 6
V052,287,reuse,6,8,2466,tracker 2466 matched gt 6 (last frame 285) now gt 8
V052,376,switch,5,5,2465,tracker 2415 -> 2465 on gt 5
V052,376,switch,7,7,2466,tracker 2461 -> 2466 on gt 7
V052,377,switch,4,4,2468,tracker 2465 -> 2468 on gt 4
V052,377,switch,8,8,2467,tracker 2466 -> 2467 on gt 8
V052,377,reuse,4,5,2465,tracker 2465 matched gt 4 (last frame 375) now gt 5
V052,377,reuse,8,7,2466,tracker 2466 matched gt 8 (last frame 375) now gt 7
V052,387,switch,7,7,2461,tracker 2466 -> 2461 on gt 7
V052,389,switch,5,5,2415,tracker 2465 -> 2415 on gt 5
V052,391,switch,4,4,2465,tracker 2468 -> 2465 on gt 4
V052,392,reuse,5,4,2465,tracker 2465 matched gt 5 (last frame 388) now gt 4
V052,399,switch,10,10,2469,tracker 2417 -> 2469 on gt 10
V052,436,switch,5,5,2470,tracker 2415 -> 2470 on gt 5
V052,462,switch,6,6,2467,tracker 2418 -> 2467 on gt 6
V052,462,switch,8,8,2418,tracker 2467 -> 2418 on gt 8
V052,463,reuse,8,6,2467,tracker 2467 matched gt 8 (last frame 461) now gt 6
V052,463,reuse,6,8,2418,tracker 2418 matched gt 6 (last frame 461) now gt 8
V052,509,switch,0,0,2457,tracker 2458 -> 2457 on gt 0
V052,510,reuse,1,0,2457,tracker 2457 matched gt 1 (last frame 506) now gt 0
V052,513,switch,0,0,2458,tracker 2457 -> 2458 on gt 0
V052,513,reuse,0,1,2457,tracker 2457 matched gt 0 (last frame 512) now gt 1
V052,526,switch,4,4,2470,tracker 2465 -> 2470 on gt 4
V052,527,reuse,5,4,2470,tracker 2470 matched gt 5 (last frame 525) now gt 4
V052,531,switch,5,5,2452,tracker 2470 -> 2452 on gt 5
V052,532,switch,3,3,2483,tracker 2452 -> 2483 on gt 3
V052,532,switch,4,4,2482,tracker 2470 -> 2482 on gt 4
V052,532,reuse,3,5,2452,tracker 2452 matched gt 3 (last frame 525) now gt 5
V053,43,switch,3,3,2484,tracker 2489 -> 2484 on gt 3
V053,43,switch,6,6,2490,tracker 2485 -> 2490 on gt 6
V053,44,switch,1,1,2497,tracker 2486 -> 2497 on gt 1
V053,44,reuse,5,3,2484,tracker 2484 matched gt 5 (last frame 42) now gt 3
V053,44,reuse,4,6,2490,tracker 2490 matched gt 4 (last frame 37) now gt 6
V053,46,switch,6,6,2489,tracker 2490 -> 2489 on gt 6
V053,47,reuse,3,6,2489,tracker 2489 matched gt 3 (last frame 42) now gt 6
V053,48,switch,3,3,2513,tracker 2484 -> 2513 on gt 3
V053,49,switch,4,4,2520,tracker 2490 -> 2520 on gt 4
V053,49,switch,6,6,2522,tracker 2489 -> 2522 on gt 6
V053,49,switch,8,8,2518,tracker 2500 -> 2518 on gt 8
V053,49,switch,9,9,2519,tracker 2512 -> 2519 on gt 9
V053,50,switch,3,3,2520,tracker 2513 -> 2520 on gt 3
V053,50,switch,4,4,2526,tracker 2490 -> 2526 on gt 4
V053,50,switch,5,5,2486,tracker 2484 -> 2486 on gt 5
V053,51,switch,3,3,2526,tracker 2513 -> 2526 on gt 3
V053,51,reuse,1,5,2486,tracker 2486 matched gt 1 (last frame 42) now gt 5
V053,53,switch,4,4,2486,tracker 2490 -> 2486 on gt 4
V053,53,switch,6,6,2513,tracker 2522 -> 2513 on gt 6
V053,54,switch,2,2,2539,tracker 2488 -> 2539 on gt 2
V053,54,reuse,5,4,2486,tracker 2486 matched gt 5 (last frame 52) now gt 4
V053,54,reuse,3,6,2513,tracker 2513 matched gt 3 (last frame 49) now gt 6
V053,55,switch,3,3,2543,tracker 2526 -> 2543 on gt 3
V053,56,switch,5,5,2545,tracker 2486 -> 2545 on gt 5
V053,58,switch,3,3,2486,tracker 2543 -> 2486 on gt 3
V053,58,switch,4,4,2545,tracker 2486 -> 2545 on gt 4
V053,59,switch,5,5,2546,tracker 2545 -> 2546 on gt 5
V053,59,reuse,4,3,2486,tracker 2486 matched gt 4 (last frame 57) now gt 3
V053,59,reuse,5,4,2545,tracker 2545 matched gt 5 (last frame 57) now gt 4
V053,61,switch,6,6,2522,tracker 2513 -> 2522 on gt 6
V053,65,switch,3,3,2543,tracker 2486 -> 2543 on gt 3
V053,66,switch,9,9,2529,tracker 2519 -> 2529 on gt 9
V053,67,switch,5,5,2486,tracker 2546 -> 2486 on gt 5
V053,67,switch,10,10,2547,tracker 2529 -> 2547 on gt 10
V053,67,reuse,10,9,2529,tracker 2529 matched gt 10 (last frame 65) now gt 9
V053,68,reuse,3,5,2486,tracker 2486 matched gt 3 (last frame 64) now gt 5
V053,70,switch,3,3,2484,tracker 2543 -> 2484 on gt 3
V053,72,switch,4,4,2486,tracker 2545 -> 2486 on gt 4
V053,72,switch,5,5,2543,tracker 2486 -> 2543 on gt 5
V053,73,reuse,5,4,2486,tracker 2486 matched gt 5 (last frame 70) now gt 4
V053,73,reuse,3,5,2543,tracker 2543 matched gt 3 (last frame 69) now gt 5
V053,89,switch,2,2,2548,tracker 2539 -> 2548 on gt 2
V053,95,switch,0,0,2549,tracker 2487 -> 2549 on gt 0
V053,97,switch,1,1,2550,tracker 2497 -> 2550 on gt 1
V053,98,switch,0,0,2546,tracker 2487 -> 2546 on gt 0
V053,99,reuse,5,0,2546,tracker 2546 matched gt 5 (last frame 66) now gt 0
V053,101,switch,0,0,2545,tracker 2546 -> 2545 on gt 0
V053,102,reuse,4,0,2545,tracker 2545 matched gt 4 (last frame 71) now gt 0
V053,104,switch,0,0,2551,tracker 2545 -> 2551 on gt 0
V053,113,switch,3,3,2543,tracker 2484 -> 2543 on gt 3
V053,113,switch,5,5,2484,tracker 2543 -> 2484 on gt 5
V053,114,reuse,5,3,2543,tracker 2543 matched gt 5 (last frame 112) now gt 3
V053,114,reuse,3,5,2484,tracker 2484 matched gt 3 (last frame 112) now gt 5
V053,130,switch,3,3,2553,tracker 2543 -> 2553 on gt 3
V053,232,switch,3,3,2484,tracker 2553 -> 2484 on gt 3
V053,232,switch,5,5,2553,tracker 2484 -> 2553 on gt 5
V053,233,reuse,5,3,2484,tracker 2484 matched gt 5 (last frame 231) now gt 3
V053,233,reuse,3,5,2553,tracker 2553 matched gt 3 (last frame 230) now gt 5
V054,40,switch,3,3,2562,tracker 2560 -> 2562 on gt 3
V054,40,switch,4,4,2559,tracker 2562 -> 2559 on gt 4
V054,41,switch,2,2,2565,tracker 2559 -> 2565 on gt 2
V054,41,reuse,4,3,2562,tracker 2562 matched gt 4 (last frame 39) now gt 3
V054,41,reuse,2,4,2559,tracker 2559 matched gt 2 (last frame 39) now gt 4
V054,43,switch,3,3,2559,tracker 2562 -> 2559 on gt 3
V054,43,switch,4,4,2565,tracker 2559 -> 2565 on gt 4
V054,44,switch,3,3,2565,tracker 2562 -> 2565 on gt 3
V054,44,switch,4,4,2567,tracker 2559 -> 2567 on gt 4
V054,45,switch,3,3,2569,tracker 2562 -> 2569 on gt 3
V054,45,switch,6,6,2562,tracker 2557 -> 2562 on gt 6
V054,46,switch,0,0,2571,tracker 2558 -> 2571 on gt 0
V054,46,switch,3,3,2574,tracker 2562 -> 2574 on gt 3
V054,46,switch,4,4,2575,tracker 2559 -> 2575 on gt 4
V054,46,switch,6,6,2565,tracker 2557 -> 2565 on gt 6
V054,47,switch,3,3,2575,tracker 2562 -> 2575 on gt 3
V054,47,switch,4,4,2580,tracker 2559 -> 2580 on gt 4
V054,47,switch,6,6,2567,tracker 2557 -> 2567 on gt 6
V054,48,switch,3,3,2580,tracker 2562 -> 2580 on gt 3
V054,48,switch,4,4,2586,tracker 2559 -> 2586 on gt 4
V054,48,switch,6,6,2569,tracker 2557 -> 2569 on gt 6
V054,49,switch,1,1,2587,tracker 2556 -> 2587 on gt 1
V054,49,switch,3,3,2586,tracker 2562 -> 2586 on gt 3
V054,49,switch,4,4,2591,tracker 2559 -> 2591 on gt 4
V054,49,switch,6,6,2574,tracker 2557 -> 2574 on gt 6
V054,50,switch,3,3,2595,tracker 2562 -> 2595 on gt 3
V054,50,switch,6,6,2580,tracker 2557 -> 2580 on gt 6
V054,50,switch,7,7,2560,tracker 2564 -> 2560 on gt 7
V054,51,switch,1,1,2596,tracker 2556 -> 2596 on gt 1
V054,51,switch,4,4,2602,tracker 2559 -> 2602 on gt 4
V054,51,switch,6,6,2586,tracker 2557 -> 2586 on gt 6
V054,51,switch,8,8,2597,tracker 2581 -> 2597 on gt 8
V054,51,reuse,3,7,2560,tracker 2560 matched gt 3 (last frame 39) now gt 7
V054,52,switch,2,2,2556,tracker 2559 -> 2556 on gt 2
V054,52,switch,7,7,2564,tracker 2560 -> 2564 on gt 7
V054,53,switch,5,5,2606,tracker 2561 -> 2606 on gt 5
V054,53,switch,6,6,2591,tracker 2586 -> 2591 on gt 6
V054,53,reuse,1,2,2556,tracker 2556 matched gt 1 (last frame 44) now gt 2
V054,56,switch,5,5,2607,tracker 2606 -> 2607 on gt 5
V054,56,switch,6,6,2608,tracker 2591 -> 2608 on gt 6
V054,57,switch,7,7,2575,tracker 2564 -> 2575 on gt 7
V054,59,switch,2,2,2587,tracker 2556 -> 2587 on gt 2
V054,60,switch,2,2,2556,tracker 2556 -> 2556 on gt 2
V054,62,switch,1,1,2558,tracker 2596 -> 2558 on gt 1
V054,63,reuse,0,1,2558,tracker 2558 matched gt 0 (last frame 44) now gt 1
V054,65,switch,8,8,2581,tracker 2597 -> 2581 on gt 8
V054,67,switch,5,5,2606,tracker 2607 -> 2606 on gt 5
V054,68,switch,4,4,2564,tracker 2602 -> 2564 on gt 4
V054,69,switch,4,4,2587,tracker 2602 -> 2587 on gt 4
V054,94,switch,0,0,2609,tracker 2571 -> 2609 on gt 0
V054,135,switch,9,9,2608,tracker 2599 -> 2608 on gt 9
V054,136,switch,6,6,2610,tracker 2608 -> 2610 on gt 6
V054,136,reuse,6,9,2608,tracker 2608 matched gt 6 (last frame 134) now gt 9
V054,139,switch,5,5,2614,tracker 2606 -> 2614 on gt 5
V054,140,switch,3,3,2575,tracker 2595 -> 2575 on gt 3
V054,140,switch,7,7,2605,tracker 2575 -> 2605 on gt 7
V054,140,switch,9,9,2610,tracker 2608 -> 2610 on gt 9
V054,140,switch,10,10,2599,tracker 2579 -> 2599 on gt 10
V054,141,switch,2,2,2617,tracker 2556 -> 2617 on gt 2
V054,141,switch,5,5,2615,tracker 2606 -> 2615 on gt 5
V054,141,switch,6,6,2619,tracker 2610 -> 2619 on gt 6
V054,141,switch,8,8,2608,tracker 2581 -> 2608 on gt 8
V054,141,reuse,7,3,2575,tracker 2575 matched gt 7 (last frame 139) now gt 3
V054,141,reuse,11,7,2605,tracker 2605 matched gt 11 (last frame 139) now gt 7
V054,141,reuse,6,9,2610,tracker 2610 matched gt 6 (last frame 139) now gt 9
V054,141,reuse,9,10,2599,tracker 2599 matched gt 9 (last frame 134) now gt 10
V054,142,switch,0,0,2606,tracker 2609 -> 2606 on gt 0
V054,142,switch,11,11,2581,tracker 2605 -> 2581 on gt 11
V054,142,reuse,9,8,2608,tracker 2608 matched gt 9 (last frame 139) now gt 8
V054,143,switch,4,4,2625,tracker 2587 -> 2625 on gt 4
V054,143,reuse,5,0,2606,tracker 2606 matched gt 5 (last frame 134) now gt 0
V054,143,reuse,8,11,2581,tracker 2581 matched gt 8 (last frame 139) now gt 11
V054,149,switch,3,3,2625,tracker 2575 -> 2625 on gt 3
V054,149,switch,4,4,2575,tracker 2625 -> 2575 on gt 4
V054,150,reuse,4,3,2625,tracker 2625 matched gt 4 (last frame 148) now gt 3
V054,150,reuse,3,4,2575,tracker 2575 matched gt 3 (last frame 146) now gt 4
V054,155,switch,0,0,2609,tracker 2606 -> 2609 on gt 0
V054,209,switch,11,11,2627,tracker 2581 -> 2627 on gt 11
V054,214,switch,8,8,2628,tracker 2608 -> 2628 on gt 8
V054,217,switch,9,9,2629,tracker 2610 -> 2629 on gt 9
V054,227,switch,6,6,2630,tracker 2619 -> 2630 on gt 6
V054,275,switch,1,1,2631,tracker 2558 -> 2631 on gt 1
V055,40,switch,1,1,2633,tracker 2638 -> 2633 on gt 1
V055,41,switch,0,0,2640,tracker 2637 -> 2640 on gt 0
V055,41,reuse,2,1,2633,tracker 2633 matched gt 2 (last frame 39) now gt 1
V055,42,switch,2,2,2642,tracker 2633 -> 2642 on gt 2
V055,43,switch,1,1,2642,tracker 2633 -> 2642 on gt 1
V055,43,reuse,8,9,2643,tracker 2643 matched gt 8 (last frame 42) now gt 9
V055,44,switch,1,1,2644,tracker 2633 -> 2644 on gt 1
V055,45,switch,6,6,2637,tracker 2636 -> 2637 on gt 6
V055,46,switch,1,1,2653,tracker 2633 -> 2653 on gt 1
V055,46,switch,5,5,2650,tracker 2635 -> 2650 on gt 5
V055,46,reuse,0,6,2637,tracker 2637 matched gt 0 (last frame 39) now gt 6
V055,47,switch,1,1,2660,tracker 2633 -> 2660 on gt 1
V055,47,switch,3,3,2632,tracker 2634 -> 2632 on gt 3
V055,47,switch,6,6,2633,tracker 2637 -> 2633 on gt 6
V055,48,switch,1,1,2665,tracker 2633 -> 2665 on gt 1
V055,48,switch,8,8,2668,tracker 2643 -> 2668 on gt 8
V055,48,switch,9,9,2666,tracker 2643 -> 2666 on gt 9
V055,48,reuse,4,3,2632,tracker 2632 matched gt 4 (last frame 44) now gt 3
V055,48,reuse,1,6,2633,tracker 2633 matched gt 1 (last frame 42) now gt 6
V055,49,switch,1,1,2670,tracker 2633 -> 2670 on gt 1
V055,50,switch,4,4,2635,tracker 2632 -> 2635 on gt 4
V055,50,switch,6,6,2640,tracker 2633 -> 2640 on gt 6
V055,50,switch,9,9,2668,tracker 2666 -> 2668 on gt 9
V055,50,reuse,9,11,2643,tracker 2643 matched gt 9 (last frame 44) now gt 11
V055,51,switch,1,1,2678,tracker 2633 -> 2678 on gt 1
V055,51,switch,8,8,2677,tracker 2643 -> 2677 on gt 8
V055,51,reuse,5,4,2635,tracker 2635 matched gt 5 (last frame 44) now gt 4
V055,51,reuse,0,6,2640,tracker 2640 matched gt 0 (last frame 44) now gt 6
V055,52,switch,0,0,2683,tracker 2640 -> 2683 on gt 0
V055,52,switch,2,2,2682,tracker 2633 -> 2682 on gt 2
V055,52,switch,3,3,2681,tracker 2632 -> 2681 on gt 3
V055,54,switch,7,7,2644,tracker 2639 -> 2644 on gt 7
V055,93,switch,5,5,2684,tracker 2650 -> 2684 on gt 5
V055,240,switch,8,8,2644,tracker 2677 -> 2644 on gt 8
V055,241,switch,7,7,2686,tracker 2644 -> 2686 on gt 7
V055,241,reuse,7,8,2644,tracker 2644 matched gt 7 (last frame 239) now gt 8
V056,25,switch,2,2,2693,tracker 2691 -> 2693 on gt 2
V056,25,switch,4,4,2692,tracker 2689 -> 2692 on gt 4
V056,25,switch,5,5,2689,tracker 2687 -> 2689 on gt 5
V056,26,switch,3,3,2696,tracker 2692 -> 2696 on gt 3
V056,26,reuse,1,2,2693,tracker 2693 matched gt 1 (last frame 24) now gt 2
V056,26,reuse,3,4,2692,tracker 2692 matched gt 3 (last frame 24) now gt 4
V056,26,reuse,4,5,2689,tracker 2689 matched gt 4 (last frame 24) now gt 5
V056,29,switch,10,10,2700,tracker 2701 -> 2700 on gt 10
V056,30,switch,4,4,2696,tracker 2692 -> 2696 on gt 4
V056,30,switch,5,5,2692,tracker 2689 -> 2692 on gt 5
V056,30,reuse,9,10,2700,tracker 2700 matched gt 9 (last frame 28) now gt 10
V056,31,switch,1,1,2706,tracker 2693 -> 2706 on gt 1
V056,31,switch,3,3,2705,tracker 2696 -> 2705 on gt 3
V056,31,switch,9,9,2708,tracker 2700 -> 2708 on gt 9
V056,31,reuse,3,4,2696,tracker 2696 matched gt 3 (last frame 29) now gt 4
V056,31,reuse,4,5,2692,tracker 2692 matched gt 4 (last frame 29) now gt 5
V056,32,switch,2,2,2709,tracker 2693 -> 2709 on gt 2
V056,32,reuse,10,11,2701,tracker 2701 matched gt 10 (last frame 28) now gt 11
V056,36,switch,11,11,2711,tracker 2701 -> 2711 on gt 11
V056,43,switch,4,4,2692,tracker 2696 -> 2692 on gt 4
V056,43,switch,5,5,2689,tracker 2692 -> 2689 on gt 5
V056,44,reuse,5,4,2692,tracker 2692 matched gt 5 (last frame 42) now gt 4
V056,71,switch,0,0,2712,tracker 2690 -> 2712 on gt 0
V056,76,switch,1,1,2713,tracker 2706 -> 2713 on gt 1
V056,91,switch,6,6,2694,tracker 2688 -> 2694 on gt 6
V056,91,switch,7,7,2688,tracker 2694 -> 2688 on gt 7
V056,92,reuse,7,6,2694,tracker 2694 matched gt 7 (last frame 90) now gt 6
V056,92,reuse,6,7,2688,tracker 2688 matched gt 6 (last frame 89) now gt 7
V056,106,switch,4,4,2689,tracker 2692 -> 2689 on gt 4
V056,106,switch,5,5,2714,tracker 2689 -> 2714 on gt 5
V056,107,reuse,5,4,2689,tracker 2689 matched gt 5 (last frame 104) now gt 4
V056,220,switch,6,6,2688,tracker 2694 -> 2688 on gt 6
V056,221,switch,5,5,2715,tracker 2714 -> 2715 on gt 5
V056,221,switch,7,7,2717,tracker 2688 -> 2717 on gt 7
V056,221,switch,9,9,2711,tracker 2708 -> 2711 on gt 9
V056,221,switch,11,11,2716,tracker 2711 -> 2716 on gt 11
V056,221,reuse,7,6,2688,tracker 2688 matched gt 7 (last frame 219) now gt 6
V056,222,reuse,11,9,2711,tracker 2711 matched gt 11 (last frame 220) now gt 9
V056,226,switch,2,2,2720,tracker 2709 -> 2720 on gt 2
V056,226,switch,4,4,2721,tracker 2689 -> 2721 on gt 4
V056,226,switch,5,5,2718,tracker 2715 -> 2718 on gt 5
V056,226,switch,6,6,2719,tracker 2688 -> 2719 on gt 6
V056,230,switch,5,5,2715,tracker 2718 -> 2715 on gt 5
V056,231,switch,5,5,2689,tracker 2718 -> 2689 on gt 5
V056,231,switch,6,6,2688,tracker 2719 -> 2688 on gt 6
V056,231,switch,7,7,2719,tracker 2717 -> 2719 on gt 7
V056,232,switch,2,2,2709,tracker 2720 -> 2709 on gt 2
V056,232,reuse,4,5,2689,tracker 2689 matched gt 4 (last frame 224) now gt 5
V056,232,reuse,6,7,2719,tracker 2719 matched gt 6 (last frame 229) now gt 7
V056,233,switch,1,1,2717,tracker 2713 -> 2717 on gt 1
V056,233,switch,6,6,2714,tracker 2688 -> 2714 on gt 6
V056,234,reuse,7,1,2717,tracker 2717 matched gt 7 (last frame 230) now gt 1
V056,234,reuse,5,6,2714,tracker 2714 matched gt 5 (last frame 219) now gt 6
V056,235,switch,1,1,2688,tracker 2717 -> 2688 on gt 1
V056,235,switch,9,9,2708,tracker 2711 -> 2708 on gt 9
V056,236,switch,2,2,2715,tracker 2709 -> 2715 on gt 2
V056,236,switch,5,5,2723,tracker 2689 -> 2723 on gt 5
V056,236,reuse,6,1,2688,tracker 2688 matched gt 6 (last frame 232) now gt 1
V056,237,switch,2,2,2718,tracker 2709 -> 2718 on gt 2
V056,238,reuse,5,2,2718,tracker 2718 matched gt 5 (last frame 229) now gt 2
V057,12,switch,5,5,2725,tracker 2727 -> 2725 on gt 5
V057,13,switch,4,4,2731,tracker 2725 -> 2731 on gt 4
V057,13,reuse,4,5,2725,tracker 2725 matched gt 4 (last frame 11) now gt 5
V057,17,switch,4,4,2726,tracker 2731 -> 2726 on gt 4
V057,17,switch,5,5,2731,tracker 2725 -> 2731 on gt 5
V057,18,switch,3,3,2735,tracker 2726 -> 2735 on gt 3
V057,18,switch,6,6,2733,tracker 2730 -> 2733 on gt 6
V057,18,switch,7,7,2734,tracker 2732 -> 2734 on gt 7
V057,18,reuse,3,4,2726,tracker 2726 matched gt 3 (last frame 16) now gt 4
V057,18,reuse,4,5,2731,tracker 2731 matched gt 4 (last frame 16) now gt 5
V057,20,reuse,7,9,2732,tracker 2732 matched gt 7 (last frame 16) now gt 9
V057,22,switch,5,5,2726,tracker 2731 -> 2726 on gt 5
V057,22,switch,7,7,2730,tracker 2734 -> 2730 on gt 7
V057,22,reuse,9,10,2732,tracker 2732 matched gt 9 (last frame 21) now gt 10
V057,23,switch,8,8,2740,tracker 2736 -> 2740 on gt 8
V057,23,switch,9,9,2739,tracker 2732 -> 2739 on gt 9
V057,23,reuse,4,5,2726,tracker 2726 matched gt 4 (last frame 21) now gt 5
V057,23,reuse,6,7,2730,tracker 2730 matched gt 6 (last frame 16) now gt 7
V057,27,switch,5,5,2735,tracker 2726 -> 2735 on gt 5
V057,27,switch,9,9,2734,tracker 2739 -> 2734 on gt 9
V057,28,switch,3,3,2750,tracker 2735 -> 2750 on gt 3
V057,28,switch,7,7,2748,tracker 2730 -> 2748 on gt 7
V057,28,switch,10,10,2749,tracker 2732 -> 2749 on gt 10
V057,28,switch,11,11,2732,tracker 2743 -> 2732 on gt 11
V057,28,reuse,3,5,2735,tracker 2735 matched gt 3 (last frame 26) now gt 5
V057,28,reuse,7,9,2734,tracker 2734 matched gt 7 (last frame 21) now gt 9
V057,29,reuse,10,11,2732,tracker 2732 matched gt 10 (last frame 26) now gt 11
V057,33,switch,4,4,2756,tracker 2726 -> 2756 on gt 4
V057,34,switch,4,4,2735,tracker 2726 -> 2735 on gt 4
V057,34,switch,5,5,2756,tracker 2735 -> 2756 on gt 5
V057,35,reuse,5,4,2735,tracker 2735 matched gt 5 (last frame 33) now gt 4
V057,41,switch,9,9,2739,tracker 2734 -> 2739 on gt 9
V057,44,switch,7,7,2730,tracker 2748 -> 2730 on gt 7
V057,46,switch,4,4,2756,tracker 2735 -> 2756 on gt 4
V057,46,switch,5,5,2726,tracker 2756 -> 2726 on gt 5
V057,46,switch,6,6,2725,tracker 2733 -> 2725 on gt 6
V057,46,switch,7,7,2734,tracker 2730 -> 2734 on gt 7
V057,47,reuse,5,4,2756,tracker 2756 matched gt 5 (last frame 45) now gt 4
V057,47,reuse,5,6,2725,tracker 2725 matched gt 5 (last frame 16) now gt 6
V057,47,reuse,9,7,2734,tracker 2734 matched gt 9 (last frame 40) now gt 7
V057,48,switch,4,4,2726,tracker 2756 -> 2726 on gt 4
V057,49,switch,5,5,2757,tracker 2726 -> 2757 on gt 5
V057,49,reuse,5,4,2726,tracker 2726 matched gt 5 (last frame 47) now gt 4
V057,51,switch,4,4,2731,tracker 2726 -> 2731 on gt 4
V057,52,reuse,5,4,2731,tracker 2731 matched gt 5 (last frame 21) now gt 4
V057,63,switch,0,0,2759,tracker 2728 -> 2759 on gt 0
V057,63,switch,2,2,2758,tracker 2724 -> 2758 on gt 2
V057,70,switch,1,1,2760,tracker 2729 -> 2760 on gt 1
V057,214,switch,6,6,2732,tracker 2725 -> 2732 on gt 6
V057,214,switch,11,11,2725,tracker 2732 -> 2725 on gt 11
V057,215,reuse,11,6,2732,tracker 2732 matched gt 11 (last frame 213) now gt 6
V057,215,reuse,6,11,2725,tracker 2725 matched gt 6 (last frame 211) now gt 11
V058,156,switch,2,2,2781,tracker 2777 -> 2781 on gt 2
V058,162,switch,15,15,2782,tracker 2764 -> 2782 on gt 15
V058,192,switch,1,1,2783,tracker 2768 -> 2783 on gt 1
V058,202,switch,11,11,2784,tracker 2769 -> 2784 on gt 11
V058,329,switch,11,11,2786,tracker 2784 -> 2786 on gt 11
V058,371,switch,0,0,2788,tracker 2767 -> 2788 on gt 0
V058,372,switch,4,4,2789,tracker 2778 -> 2789 on gt 4
V058,373,switch,15,15,2783,tracker 2782 -> 2783 on gt 15
V058,374,reuse,1,15,2783,tracker 2783 matched gt 1 (last frame 372) now gt 15
V058,375,switch,15,15,2799,tracker 2783 -> 2799 on gt 15
V058,377,switch,2,2,2782,tracker 2781 -> 2782 on gt 2
V058,377,switch,3,3,2771,tracker 2765 -> 2771 on gt 3
V058,377,switch,14,14,2778,tracker 2771 -> 2778 on gt 14
V058,377,switch,15,15,2813,tracker 2799 -> 2813 on gt 15
V058,378,switch,2,2,2772,tracker 2781 -> 2772 on gt 2
V058,378,switch,15,15,2818,tracker 2799 -> 2818 on gt 15
V058,379,switch,15,15,2827,tracker 2799 -> 2827 on gt 15
V058,380,switch,15,15,2837,tracker 2799 -> 2837 on gt 15
V058,381,switch,2,2,2813,tracker 2781 -> 2813 on gt 2
V058,381,switch,3,3,2778,tracker 2765 -> 2778 on gt 3
V058,381,switch,4,4,2780,tracker 2778 -> 2780 on gt 4
V058,381,switch,15,15,2847,tracker 2799 -> 2847 on gt 15
V058,382,switch,2,2,2827,tracker 2781 -> 2827 on gt 2
V058,382,switch,15,15,2857,tracker 2799 -> 2857 on gt 15
V058,383,switch,2,2,2837,tracker 2781 -> 2837 on gt 2
V058,383,switch,5,5,2773,tracker 2780 -> 2773 on gt 5
V058,383,switch,15,15,2868,tracker 2799 -> 2868 on gt 15
V058,384,switch,2,2,2847,tracker 2781 -> 2847 on gt 2
V058,384,switch,15,15,2876,tracker 2799 -> 2876 on gt 15
V058,384,reuse,7,5,2773,tracker 2773 matched gt 7 (last frame 377) now gt 5
V058,385,switch,2,2,2857,tracker 2781 -> 2857 on gt 2
V058,385,switch,5,5,2782,tracker 2773 -> 2782 on gt 5
V058,385,switch,7,7,2813,tracker 2773 -> 2813 on gt 7
V058,385,switch,17,17,2884,tracker 2772 -> 2884 on gt 17
V058,386,switch,2,2,2868,tracker 2781 -> 2868 on gt 2
V058,386,switch,7,7,2827,tracker 2773 -> 2827 on gt 7
V058,386,switch,14,14,2780,tracker 2771 -> 2780 on gt 14
V058,387,switch,7,7,2837,tracker 2773 -> 2837 on gt 7
V058,387,switch,10,10,2895,tracker 2762 -> 2895 on gt 10
V058,388,switch,7,7,2847,tracker 2773 -> 2847 on gt 7
V058,389,switch,4,4,2910,tracker 2778 -> 2910 on gt 4
V058,389,switch,7,7,2857,tracker 2773 -> 2857 on gt 7
V058,389,switch,18,18,2914,tracker 2779 -> 2914 on gt 18
V058,390,switch,2,2,2884,tracker 2781 -> 2884 on gt 2
V058,390,switch,3,3,2780,tracker 2765 -> 2780 on gt 3
V058,390,switch,5,5,2781,tracker 2773 -> 2781 on gt 5
V058,390,switch,7,7,2868,tracker 2773 -> 2868 on gt 7
V058,390,switch,12,12,2771,tracker 2774 -> 2771 on gt 12
V058,391,reuse,5,3,2780,tracker 2780 matched gt 5 (last frame 372) now gt 3
V058,391,reuse,2,5,2781,tracker 2781 matched gt 2 (last frame 376) now gt 5
V058,392,switch,14,14,2928,tracker 2771 -> 2928 on gt 14
V058,393,switch,3,3,2934,tracker 2780 -> 2934 on gt 3
V058,393,switch,7,7,2932,tracker 2868 -> 2932 on gt 7
V058,393,switch,8,8,2936,tracker 2766 -> 2936 on gt 8
V058,394,switch,6,6,2778,tracker 2763 -> 2778 on gt 6
V058,394,switch,8,8,2941,tracker 2766 -> 2941 on gt 8
V058,395,switch,18,18,2945,tracker 2779 -> 2945 on gt 18
V058,396,switch,6,6,2946,tracker 2763 -> 2946 on gt 6
V058,396,switch,12,12,2948,tracker 2774 -> 2948 on gt 12
V058,396,switch,16,16,2947,tracker 2776 -> 2947 on gt 16
V058,400,switch,10,10,2818,tracker 2895 -> 2818 on gt 10
V060,89,switch,1,1,2971,tracker 2963 -> 2971 on gt 1
V060,148,switch,7,7,2972,tracker 2962 -> 2972 on gt 7
V060,216,switch,2,2,2969,tracker 2965 -> 2969 on gt 2
V060,216,switch,9,9,2965,tracker 2969 -> 2965 on gt 9
V060,217,reuse,9,2,2969,tracker 2969 matched gt 9 (last frame 215) now gt 2
V060,217,reuse,2,9,2965,tracker 2965 matched gt 2 (last frame 210) now gt 9
V060,262,switch,2,2,2973,tracker 2969 -> 2973 on gt 2
V060,426,switch,3,3,2967,tracker 2966 -> 2967 on gt 3
V060,426,switch,8,8,2966,tracker 2967 -> 2966 on gt 8
V060,427,reuse,8,3,2967,tracker 2967 matched gt 8 (last frame 425) now gt 3
V060,427,reuse,3,8,2966,tracker 2966 matched gt 3 (last frame 424) now gt 8
V060,428,switch,2,2,2974,tracker 2973 -> 2974 on gt 2
V060,442,switch,1,1,2967,tracker 2971 -> 2967 on gt 1
V060,442,switch,3,3,2971,tracker 2967 -> 2971 on gt 3
V060,443,reuse,3,1,2967,tracker 2967 matched gt 3 (last frame 441) now gt 1
V060,443,reuse,1,3,2971,tracker 2971 matched gt 1 (last frame 441) now gt 3
V060,506,switch,4,4,2976,tracker 2968 -> 2976 on gt 4
V060,562,switch,2,2,2977,tracker 2974 -> 2977 on gt 2
V060,566,switch,9,9,2978,tracker 2965 -> 2978 on gt 9
V060,769,switch,0,0,2976,tracker 2961 -> 2976 on gt 0
V060,770,reuse,4,0,2976,tracker 2976 matched gt 4 (last frame 768) now gt 0
V060,771,switch,4,4,2961,tracker 2976 -> 2961 on gt 4
V060,772,reuse,0,4,2961,tracker 2961 matched gt 0 (last frame 768) now gt 4
V061,28,switch,9,9,2989,tracker 2981 -> 2989 on gt 9
V061,112,switch,2,2,2990,tracker 2988 -> 2990 on gt 2
V061,120,switch,3,3,2991,tracker 2986 -> 2991 on gt 3
V061,138,switch,0,0,2992,tracker 2987 -> 2992 on gt 0
V061,140,switch,1,1,2993,tracker 2985 -> 2993 on gt 1
V061,196,switch,0,0,2993,tracker 2992 -> 2993 on gt 0
V061,196,switch,1,1,2992,tracker 2993 -> 2992 on gt 1
V061,197,reuse,1,0,2993,tracker 2993 matched gt 1 (last frame 194) now gt 0
V061,197,reuse,0,1,2992,tracker 2992 matched gt 0 (last frame 195) now gt 1
V061,250,switch,0,0,2984,tracker 2993 -> 2984 on gt 0
V061,250,switch,8,8,2993,tracker 2984 -> 2993 on gt 8
V061,251,reuse,8,0,2984,tracker 2984 matched gt 8 (last frame 249) now gt 0
V061,251,reuse,0,8,2993,tracker 2993 matched gt 0 (last frame 248) now gt 8
V061,256,switch,6,6,2980,tracker 2979 -> 2980 on gt 6
V061,256,switch,7,7,2979,tracker 2980 -> 2979 on gt 7
V061,257,reuse,7,6,2980,tracker 2980 matched gt 7 (last frame 255) now gt 6
V061,257,reuse,6,7,2979,tracker 2979 matched gt 6 (last frame 253) now gt 7
V062,303,switch,0,0,3000,tracker 2999 -> 3000 on gt 0
V062,303,switch,7,7,2999,tracker 3000 -> 2999 on gt 7
V062,304,reuse,7,0,3000,tracker 3000 matched gt 7 (last frame 302) now gt 0
V062,304,reuse,0,7,2999,tracker 2999 matched gt 0 (last frame 301) now gt 7
V062,387,switch,1,1,3009,tracker 3007 -> 3009 on gt 1
V062,398,switch,3,3,3010,tracker 3003 -> 3010 on gt 3
V062,411,switch,4,4,3011,tracker 3008 -> 3011 on gt 4
V062,414,switch,6,6,3012,tracker 3001 -> 3012 on gt 6
V062,505,switch,0,0,3013,tracker 3000 -> 3013 on gt 0
V063,28,switch,2,2,3024,tracker 3015 -> 3024 on gt 2
V063,28,switch,9,9,3015,tracker 3024 -> 3015 on gt 9
V063,29,reuse,9,2,3024,tracker 3024 matched gt 9 (last frame 27) now gt 2
V063,29,reuse,2,9,3015,tracker 3015 matched gt 2 (last frame 27) now gt 9
V063,257,switch,2,2,3019,tracker 3024 -> 3019 on gt 2
V063,257,switch,7,7,3024,tracker 3019 -> 3024 on gt 7
V063,258,reuse,7,2,3019,tracker 3019 matched gt 7 (last frame 256) now gt 2
V063,258,reuse,2,7,3024,tracker 3024 matched gt 2 (last frame 256) now gt 7
V063,342,switch,0,0,3025,tracker 3017 -> 3025 on gt 0
V063,347,switch,4,4,3026,tracker 3022 -> 3026 on gt 4
V063,351,switch,3,3,3027,tracker 3023 -> 3027 on gt 3
V063,710,switch,3,3,3026,tracker 3027 -> 3026 on gt 3
V063,710,switch,4,4,3027,tracker 3026 -> 3027 on gt 4
V063,711,reuse,4,3,3026,tracker 3026 matched gt 4 (last frame 709) now gt 3
V063,711,reuse,3,4,3027,tracker 3027 matched gt 3 (last frame 709) now gt 4
V063,796,switch,2,2,3021,tracker 3019 -> 3021 on gt 2
V063,797,reuse,5,2,3021,tracker 3021 matched gt 5 (last frame 795) now gt 2
V063,799,switch,5,5,3028,tracker 3021 -> 3028 on gt 5
V063,808,switch,1,1,3028,tracker 3018 -> 3028 on gt 1
V063,808,switch,5,5,3018,tracker 3028 -> 3018 on gt 5
V063,809,reuse,5,1,3028,tracker 3028 matched gt 5 (last frame 807) now gt 1
V063,809,reuse,1,5,3018,tracker 3018 matched gt 1 (last frame 807) now gt 5
V063,829,switch,8,8,3029,tracker 3020 -> 3029 on gt 8
V063,832,switch,9,9,3030,tracker 3015 -> 3030 on gt 9
V064,486,switch,7,7,3041,tracker 3033 -> 3041 on gt 7
V064,501,switch,6,6,3042,tracker 3034 -> 3042 on gt 6
V064,567,switch,9,9,3044,tracker 3038 -> 3044 on gt 9
V064,610,switch,8,8,3045,tracker 3037 -> 3045 on gt 8
V064,746,switch,9,9,3046,tracker 3044 -> 3046 on gt 9
V064,759,switch,4,4,3047,tracker 3040 -> 3047 on gt 4
V065,17,switch,4,4,3057,tracker 3054 -> 3057 on gt 4
V065,17,switch,9,9,3054,tracker 3057 -> 3054 on gt 9
V065,18,reuse,9,4,3057,tracker 3057 matched gt 9 (last frame 13) now gt 4
V065,18,reuse,4,9,3054,tracker 3054 matched gt 4 (last frame 16) now gt 9
V065,235,switch,5,5,3051,tracker 3053 -> 3051 on gt 5
V065,235,switch,6,6,3053,tracker 3051 -> 3053 on gt 6
V065,236,reuse,6,5,3051,tracker 3051 matched gt 6 (last frame 234) now gt 5
V065,236,reuse,5,6,3053,tracker 3053 matched gt 5 (last frame 232) now gt 6
V065,285,switch,4,4,3053,tracker 3057 -> 3053 on gt 4
V065,285,switch,6,6,3057,tracker 3053 -> 3057 on gt 6
V065,286,reuse,6,4,3053,tracker 3053 matched gt 6 (last frame 283) now gt 4
V065,286,reuse,4,6,3057,tracker 3057 matched gt 4 (last frame 284) now gt 6
V065,340,switch,1,1,3059,tracker 3048 -> 3059 on gt 1
V065,351,switch,9,9,3060,tracker 3054 -> 3060 on gt 9
V065,376,switch,7,7,3061,tracker 3055 -> 3061 on gt 7
V065,390,switch,8,8,3062,tracker 3056 -> 3062 on gt 8
V065,491,switch,4,4,3063,tracker 3053 -> 3063 on gt 4
V065,556,switch,5,5,3057,tracker 3051 -> 3057 on gt 5
V065,556,switch,6,6,3051,tracker 3057 -> 3051 on gt 6
V065,557,reuse,6,5,3057,tracker 3057 matched gt 6 (last frame 555) now gt 5
V065,557,reuse,5,6,3051,tracker 3051 matched gt 5 (last frame 554) now gt 6
V065,589,switch,0,0,3064,tracker 3052 -> 3064 on gt 0
V065,596,switch,4,4,3065,tracker 3063 -> 3065 on gt 4
V065,654,switch,5,5,3066,tracker 3057 -> 3066 on gt 5
V065,942,switch,5,5,3067,tracker 3066 -> 3067 on gt 5
V065,946,switch,2,2,3067,tracker 3050 -> 3067 on gt 2
V065,946,switch,5,5,3050,tracker 3067 -> 3050 on gt 5
V065,947,reuse,5,2,3067,tracker 3067 matched gt 5 (last frame 944) now gt 2
V065,947,reuse,2,5,3050,tracker 3050 matched gt 2 (last frame 945) now gt 5
V066,24,reuse,7,9,3075,tracker 3075 matched gt 7 (last frame 20) now gt 9
V066,26,reuse,9,11,3075,tracker 3075 matched gt 9 (last frame 25) now gt 11
V066,28,switch,10,10,3089,tracker 3079 -> 3089 on gt 10
V066,31,switch,7,7,3098,tracker 3075 -> 3098 on gt 7
V066,35,switch,9,9,3105,tracker 3075 -> 3105 on gt 9
V066,35,switch,11,11,3106,tracker 3075 -> 3106 on gt 11
V066,39,switch,3,3,3072,tracker 3070 -> 3072 on gt 3
V066,40,switch,5,5,3107,tracker 3072 -> 3107 on gt 5
V066,40,reuse,5,3,3072,tracker 3072 matched gt 5 (last frame 38) now gt 3
V066,44,switch,3,3,3109,tracker 3072 -> 3109 on gt 3
V066,44,switch,4,4,3110,tracker 3073 -> 3110 on gt 4
V066,48,switch,2,2,3070,tracker 3069 -> 3070 on gt 2
V066,49,reuse,3,2,3070,tracker 3070 matched gt 3 (last frame 38) now gt 2
V066,52,switch,2,2,3072,tracker 3070 -> 3072 on gt 2
V066,53,reuse,3,2,3072,tracker 3072 matched gt 3 (last frame 42) now gt 2
V066,81,switch,1,1,3111,tracker 3071 -> 3111 on gt 1
V066,84,switch,0,0,3112,tracker 3068 -> 3112 on gt 0
V067,31,reuse,6,7,3119,tracker 3119 matched gt 6 (last frame 30) now gt 7
V067,32,switch,6,6,3120,tracker 3119 -> 3120 on gt 6
V067,33,switch,7,7,3120,tracker 3119 -> 3120 on gt 7
V067,34,switch,6,6,3121,tracker 3119 -> 3121 on gt 6
V067,36,switch,6,6,3123,tracker 3121 -> 3123 on gt 6
V067,36,switch,7,7,3121,tracker 3120 -> 3121 on gt 7
V067,37,reuse,6,7,3121,tracker 3121 matched gt 6 (last frame 35) now gt 7
V067,41,reuse,7,9,3120,tracker 3120 matched gt 7 (last frame 34) now gt 9
V067,61,switch,3,3,3117,tracker 3116 -> 3117 on gt 3
V067,62,switch,4,4,3134,tracker 3117 -> 3134 on gt 4
V067,62,reuse,4,3,3117,tracker 3117 matched gt 4 (last frame 60) now gt 3
V067,80,switch,0,0,3135,tracker 3113 -> 3135 on gt 0
V067,113,switch,3,3,3136,tracker 3117 -> 3136 on gt 3
V067,114,switch,3,3,3134,tracker 3117 -> 3134 on gt 3
V067,114,switch,4,4,3136,tracker 3134 -> 3136 on gt 4
V067,115,reuse,4,3,3134,tracker 3134 matched gt 4 (last frame 113) now gt 3
V068,28,reuse,9,11,3145,tracker 3145 matched gt 9 (last frame 26) now gt 11
V068,29,reuse,8,10,3146,tracker 3146 matched gt 8 (last frame 26) now gt 10
V068,34,switch,9,9,3165,tracker 3145 -> 3165 on gt 9
V068,36,switch,8,8,3170,tracker 3146 -> 3170 on gt 8
V068,37,switch,11,11,3172,tracker 3145 -> 3172 on gt 11
V068,97,switch,0,0,3174,tracker 3137 -> 3174 on gt 0
V068,155,switch,3,3,3175,tracker 3139 -> 3175 on gt 3
V068,210,switch,7,7,3143,tracker 3144 -> 3143 on gt 7
V068,212,switch,7,7,3144,tracker 3144 -> 3144 on gt 7
V068,253,switch,6,6,3144,tracker 3143 -> 3144 on gt 6
V068,253,switch,7,7,3143,tracker 3144 -> 3143 on gt 7
V068,254,reuse,7,6,3144,tracker 3144 matched gt 7 (last frame 252) now gt 6
V068,254,reuse,6,7,3143,tracker 3143 matched gt 6 (last frame 252) now gt 7
V068,295,switch,1,1,3174,tracker 3138 -> 3174 on gt 1
V068,327,switch,0,0,3176,tracker 3174 -> 3176 on gt 0
V068,334,switch,4,4,3181,tracker 3141 -> 3181 on gt 4
V068,394,switch,9,9,3182,tracker 3165 -> 3182 on gt 9
V069,49,reuse,9,11,3211,tracker 3211 matched gt 9 (last frame 48) now gt 11
V069,54,switch,9,9,3226,tracker 3211 -> 3226 on gt 9
V069,55,switch,11,11,3226,tracker 3211 -> 3226 on gt 11
V069,56,switch,9,9,3231,tracker 3211 -> 3231 on gt 9
V069,96,switch,2,2,3239,tracker 3185 -> 3239 on gt 2
V069,115,switch,1,1,3240,tracker 3184 -> 3240 on gt 1
V069,136,switch,0,0,3241,tracker 3183 -> 3241 on gt 0
V069,164,switch,5,5,3187,tracker 3238 -> 3187 on gt 5
V069,165,reuse,4,5,3187,tracker 3187 matched gt 4 (last frame 163) now gt 5
V069,169,reuse,5,4,3187,tracker 3187 matched gt 5 (last frame 168) now gt 4
V069,175,switch,5,5,3243,tracker 3187 -> 3243 on gt 5
V069,180,switch,4,4,3243,tracker 3187 -> 3243 on gt 4
V069,180,switch,5,5,3187,tracker 3243 -> 3187 on gt 5
V069,181,reuse,5,4,3243,tracker 3243 matched gt 5 (last frame 179) now gt 4
V069,181,reuse,4,5,3187,tracker 3187 matched gt 4 (last frame 179) now gt 5
V069,190,switch,10,10,3244,tracker 3225 -> 3244 on gt 10
V069,215,switch,6,6,3245,tracker 3199 -> 3245 on gt 6
V069,219,switch,11,11,3246,tracker 3226 -> 3246 on gt 11
V069,240,switch,8,8,3231,tracker 3208 -> 3231 on gt 8
V069,241,reuse,9,8,3231,tracker 3231 matched gt 9 (last frame 239) now gt 8
V069,242,switch,1,1,3243,tracker 3240 -> 3243 on gt 1
V069,242,switch,4,4,3240,tracker 3243 -> 3240 on gt 4
V069,243,reuse,4,1,3243,tracker 3243 matched gt 4 (last frame 238) now gt 1
V069,243,reuse,1,4,3240,tracker 3240 matched gt 1 (last frame 241) now gt 4
V069,244,switch,7,7,3208,tracker 3201 -> 3208 on gt 7
V069,245,reuse,8,7,3208,tracker 3208 matched gt 8 (last frame 239) now gt 7
V070,13,switch,8,8,3257,tracker 3256 -> 3257 on gt 8
V070,26,switch,7,7,3260,tracker 3253 -> 3260 on gt 7
V070,32,switch,6,6,3260,tracker 3251 -> 3260 on gt 6
V070,32,switch,7,7,3251,tracker 3260 -> 3251 on gt 7
V070,33,reuse,7,6,3260,tracker 3260 matched gt 7 (last frame 31) now gt 6
V070,33,reuse,6,7,3251,tracker 3251 matched gt 6 (last frame 31) now gt 7
V070,35,switch,9,9,3256,tracker 3250 -> 3256 on gt 9
V070,36,reuse,8,9,3256,tracker 3256 matched gt 8 (last frame 11) now gt 9
V070,67,switch,7,7,3257,tracker 3251 -> 3257 on gt 7
V070,67,switch,8,8,3251,tracker 3257 -> 3251 on gt 8
V070,68,reuse,8,7,3257,tracker 3257 matched gt 8 (last frame 66) now gt 7
V070,68,reuse,7,8,3251,tracker 3251 matched gt 7 (last frame 66) now gt 8
V070,105,switch,1,1,3261,tracker 3254 -> 3261 on gt 1
V070,109,switch,0,0,3262,tracker 3247 -> 3262 on gt 0
V070,111,switch,2,2,3263,tracker 3255 -> 3263 on gt 2
V070,118,switch,3,3,3264,tracker 3252 -> 3264 on gt 3
V070,122,switch,7,7,3251,tracker 3257 -> 3251 on gt 7
V070,123,reuse,8,7,3251,tracker 3251 matched gt 8 (last frame 115) now gt 7
V070,125,switch,8,8,3257,tracker 3251 -> 3257 on gt 8
V070,126,reuse,7,8,3257,tracker 3257 matched gt 7 (last frame 118) now gt 8
V070,134,switch,4,4,3264,tracker 3248 -> 3264 on gt 4
V070,135,switch,3,3,3265,tracker 3264 -> 3265 on gt 3
V070,135,reuse,3,4,3264,tracker 3264 matched gt 3 (last frame 133) now gt 4
V070,136,switch,8,8,3248,tracker 3257 -> 3248 on gt 8
V070,137,reuse,4,8,3248,tracker 3248 matched gt 4 (last frame 133) now gt 8
V070,139,switch,7,7,3267,tracker 3251 -> 3267 on gt 7
V070,142,switch,0,0,3268,tracker 3262 -> 3268 on gt 0
V070,143,switch,0,0,3262,tracker 3262 -> 3262 on gt 0
V070,144,switch,0,0,3268,tracker 3262 -> 3268 on gt 0
V070,251,switch,6,6,3267,tracker 3260 -> 3267 on gt 6
V070,251,switch,7,7,3260,tracker 3267 -> 3260 on gt 7
V070,252,reuse,7,6,3267,tracker 3267 matched gt 7 (last frame 250) now gt 6
V070,252,reuse,6,7,3260,tracker 3260 matched gt 6 (last frame 250) now gt 7
V070,280,switch,0,0,3269,tracker 3268 -> 3269 on gt 0
V070,296,switch,1,1,3270,tracker 3261 -> 3270 on gt 1
V070,303,switch,2,2,3272,tracker 3263 -> 3272 on gt 2
V070,355,switch,11,11,3273,tracker 3259 -> 3273 on gt 11
V070,378,switch,6,6,3277,tracker 3267 -> 3277 on gt 6
V070,378,switch,7,7,3267,tracker 3260 -> 3267 on gt 7
V070,379,reuse,6,7,3267,tracker 3267 matched gt 6 (last frame 377) now gt 7
V070,433,switch,1,1,3279,tracker 3270 -> 3279 on gt 1
V070,444,switch,0,0,3280,tracker 3269 -> 3280 on gt 0
V070,448,switch,2,2,3281,tracker 3272 -> 3281 on gt 2
V070,453,switch,4,4,3265,tracker 3264 -> 3265 on gt 4
V070,455,reuse,3,4,3265,tracker 3265 matched gt 3 (last frame 454) now gt 4
V070,456,reuse,4,3,3265,tracker 3265 matched gt 4 (last frame 455) now gt 3
V070,457,reuse,3,4,3265,tracker 3265 matched gt 3 (last frame 456) now gt 4
V070,458,reuse,4,3,3265,tracker 3265 matched gt 4 (last frame 457) now gt 3
V070,489,switch,4,4,3284,tracker 3265 -> 3284 on gt 4
V070,495,switch,3,3,3284,tracker 3265 -> 3284 on gt 3
V070,495,switch,4,4,3265,tracker 3284 -> 3265 on gt 4
V070,496,reuse,4,3,3284,tracker 3284 matched gt 4 (last frame 493) now gt 3
V070,496,reuse,3,4,3265,tracker 3265 matched gt 3 (last frame 494) now gt 4
V071,165,switch,8,8,3295,tracker 3288 -> 3295 on gt 8
V071,189,switch,4,4,3296,tracker 3289 -> 3296 on gt 4
V071,192,switch,9,9,3297,tracker 3286 -> 3297 on gt 9
V071,344,switch,1,1,3298,tracker 3290 -> 3298 on gt 1
V071,345,switch,3,3,3299,tracker 3294 -> 3299 on gt 3
V071,348,switch,2,2,3300,tracker 3292 -> 3300 on gt 2
V071,349,switch,5,5,3285,tracker 3293 -> 3285 on gt 5
V071,349,switch,7,7,3293,tracker 3285 -> 3293 on gt 7
V071,350,reuse,7,5,3285,tracker 3285 matched gt 7 (last frame 348) now gt 5
V071,350,reuse,5,7,3293,tracker 3293 matched gt 5 (last frame 348) now gt 7
V072,30,switch,0,0,3306,tracker 3303 -> 3306 on gt 0
V072,31,reuse,1,0,3306,tracker 3306 matched gt 1 (last frame 28) now gt 0
V072,32,switch,1,1,3303,tracker 3306 -> 3303 on gt 1
V072,33,reuse,0,1,3303,tracker 3303 matched gt 0 (last frame 29) now gt 1
V072,83,switch,2,2,3303,tracker 3305 -> 3303 on gt 2
V072,84,reuse,1,2,3303,tracker 3303 matched gt 1 (last frame 72) now gt 2
V072,87,switch,1,1,3311,tracker 3303 -> 3311 on gt 1
V072,130,switch,6,6,3312,tracker 3301 -> 3312 on gt 6
V072,135,switch,8,8,3313,tracker 3310 -> 3313 on gt 8
V072,141,switch,9,9,3314,tracker 3308 -> 3314 on gt 9
V072,435,switch,2,2,3314,tracker 3303 -> 3314 on gt 2
V072,435,switch,9,9,3303,tracker 3314 -> 3303 on gt 9
V072,436,reuse,9,2,3314,tracker 3314 matched gt 9 (last frame 434) now gt 2
V072,436,reuse,2,9,3303,tracker 3303 matched gt 2 (last frame 430) now gt 9
V072,571,switch,3,3,3315,tracker 3307 -> 3315 on gt 3
V072,583,switch,3,3,3304,tracker 3307 -> 3304 on gt 3
V072,583,switch,4,4,3315,tracker 3304 -> 3315 on gt 4
V072,584,reuse,4,3,3304,tracker 3304 matched gt 4 (last frame 582) now gt 3
V073,37,switch,3,3,3323,tracker 3324 -> 3323 on gt 3
V073,38,switch,4,4,3327,tracker 3323 -> 3327 on gt 4
V073,38,reuse,4,3,3323,tracker 3323 matched gt 4 (last frame 36) now gt 3
V073,198,switch,1,1,3321,tracker 3319 -> 3321 on gt 1
V073,198,switch,5,5,3319,tracker 3321 -> 3319 on gt 5
V073,199,reuse,5,1,3321,tracker 3321 matched gt 5 (last frame 197) now gt 1
V073,199,reuse,1,5,3319,tracker 3319 matched gt 1 (last frame 197) now gt 5
V073,231,switch,5,5,3318,tracker 3319 -> 3318 on gt 5
V073,232,switch,5,5,3319,tracker 3319 -> 3319 on gt 5
V073,425,switch,0,0,3323,tracker 3318 -> 3323 on gt 0
V073,426,reuse,3,0,3323,tracker 3323 matched gt 3 (last frame 424) now gt 0
V073,430,switch,3,3,3318,tracker 3323 -> 3318 on gt 3
V073,431,reuse,0,3,3318,tracker 3318 matched gt 0 (last frame 421) now gt 3
V073,448,switch,3,3,3322,tracker 3318 -> 3322 on gt 3
V073,448,switch,8,8,3318,tracker 3322 -> 3318 on gt 8
V073,449,reuse,8,3,3322,tracker 3322 matched gt 8 (last frame 447) now gt 3
V073,449,reuse,3,8,3318,tracker 3318 matched gt 3 (last frame 447) now gt 8
V073,500,switch,7,7,3328,tracker 3317 -> 3328 on gt 7
V073,559,switch,5,5,3329,tracker 3319 -> 3329 on gt 5
V073,767,switch,2,2,3331,tracker 3326 -> 3331 on gt 2
V074,53,switch,10,10,3344,tracker 3335 -> 3344 on gt 10
V074,186,switch,9,9,3345,tracker 3343 -> 3345 on gt 9
V074,188,switch,6,6,3345,tracker 3340 -> 3345 on gt 6
V074,188,switch,9,9,3340,tracker 3345 -> 3340 on gt 9
V074,189,reuse,9,6,3345,tracker 3345 matched gt 9 (last frame 187) now gt 6
V074,189,reuse,6,9,3340,tracker 3340 matched gt 6 (last frame 187) now gt 9
V074,283,switch,1,1,3336,tracker 3338 -> 3336 on gt 1
V074,283,switch,2,2,3338,tracker 3336 -> 3338 on gt 2
V074,284,reuse,2,1,3336,tracker 3336 matched gt 2 (last frame 279) now gt 1
V074,284,reuse,1,2,3338,tracker 3338 matched gt 1 (last frame 282) now gt 2
V074,300,switch,1,1,3338,tracker 3336 -> 3338 on gt 1
V074,300,switch,2,2,3336,tracker 3338 -> 3336 on gt 2
V074,301,reuse,2,1,3338,tracker 3338 matched gt 2 (last frame 299) now gt 1
V074,301,reuse,1,2,3336,tracker 3336 matched gt 1 (last frame 299) now gt 2
V074,359,switch,5,5,3346,tracker 3339 -> 3346 on gt 5
V074,364,switch,7,7,3347,tracker 3341 -> 3347 on gt 7
V074,394,switch,8,8,3348,tracker 3342 -> 3348 on gt 8
V074,487,switch,5,5,3345,tracker 3346 -> 3345 on gt 5
V074,487,switch,6,6,3346,tracker 3345 -> 3346 on gt 6
V074,488,reuse,6,5,3345,tracker 3345 matched gt 6 (last frame 486) now gt 5
V074,488,reuse,5,6,3346,tracker 3346 matched gt 5 (last frame 486) now gt 6
V074,570,switch,8,8,3349,tracker 3348 -> 3349 on gt 8
V074,594,switch,7,7,3350,tracker 3347 -> 3350 on gt 7
V074,598,switch,10,10,3351,tracker 3344 -> 3351 on gt 10
V075,71,switch,0,0,3364,tracker 3353 -> 3364 on gt 0
V075,82,switch,6,6,3359,tracker 3358 -> 3359 on gt 6
V075,83,reuse,7,6,3359,tracker 3359 matched gt 7 (last frame 81) now gt 6
V075,84,switch,7,7,3361,tracker 3359 -> 3361 on gt 7
V075,85,switch,11,11,3358,tracker 3361 -> 3358 on gt 11
V075,85,reuse,11,7,3361,tracker 3361 matched gt 11 (last frame 83) now gt 7
V075,86,reuse,6,11,3358,tracker 3358 matched gt 6 (last frame 81) now gt 11
V075,151,switch,10,10,3365,tracker 3362 -> 3365 on gt 10
V075,158,switch,6,6,3366,tracker 3359 -> 3366 on gt 6
V075,190,switch,0,0,3352,tracker 3364 -> 3352 on gt 0
V075,190,switch,2,2,3364,tracker 3352 -> 3364 on gt 2
V075,191,reuse,2,0,3352,tracker 3352 matched gt 2 (last frame 189) now gt 0
V075,191,reuse,0,2,3364,tracker 3364 matched gt 0 (last frame 189) now gt 2
V075,201,switch,10,10,3367,tracker 3365 -> 3367 on gt 10
V075,217,switch,7,7,3360,tracker 3361 -> 3360 on gt 7
V075,218,reuse,8,7,3360,tracker 3360 matched gt 8 (last frame 216) now gt 7
V075,220,switch,8,8,3361,tracker 3360 -> 3361 on gt 8
V075,221,switch,6,6,3360,tracker 3366 -> 3360 on gt 6
V075,221,switch,7,7,3361,tracker 3360 -> 3361 on gt 7
V075,222,reuse,7,6,3360,tracker 3360 matched gt 7 (last frame 220) now gt 6
V075,227,switch,7,7,3366,tracker 3361 -> 3366 on gt 7
V075,227,reuse,7,8,3361,tracker 3361 matched gt 7 (last frame 226) now gt 8
V075,228,reuse,6,7,3366,tracker 3366 matched gt 6 (last frame 216) now gt 7
V075,243,switch,7,7,3361,tracker 3366 -> 3361 on gt 7
V075,243,switch,8,8,3366,tracker 3361 -> 3366 on gt 8
V075,244,reuse,8,7,3361,tracker 3361 matched gt 8 (last frame 235) now gt 7
V075,244,reuse,7,8,3366,tracker 3366 matched gt 7 (last frame 242) now gt 8
V075,258,switch,2,2,3368,tracker 3364 -> 3368 on gt 2
V076,23,switch,8,8,3378,tracker 3377 -> 3378 on gt 8
V076,29,reuse,8,10,3377,tracker 3377 matched gt 8 (last frame 21) now gt 10
V076,30,reuse,10,11,3377,tracker 3377 matched gt 10 (last frame 29) now gt 11
V076,31,switch,11,11,3382,tracker 3377 -> 3382 on gt 11
V076,39,switch,10,10,3392,tracker 3377 -> 3392 on gt 10
V076,46,switch,3,3,3374,tracker 3372 -> 3374 on gt 3
V076,47,switch,5,5,3393,tracker 3374 -> 3393 on gt 5
V076,47,reuse,5,3,3374,tracker 3374 matched gt 5 (last frame 45) now gt 3
V076,48,switch,3,3,3373,tracker 3374 -> 3373 on gt 3
V076,49,switch,4,4,3394,tracker 3373 -> 3394 on gt 4
V076,49,reuse,4,3,3373,tracker 3373 matched gt 4 (last frame 47) now gt 3
V076,74,switch,0,0,3395,tracker 3370 -> 3395 on gt 0
V076,88,switch,1,1,3396,tracker 3371 -> 3396 on gt 1
V076,174,switch,0,0,3394,tracker 3395 -> 3394 on gt 0
V076,174,switch,4,4,3395,tracker 3394 -> 3395 on gt 4
V076,175,reuse,4,0,3394,tracker 3394 matched gt 4 (last frame 172) now gt 0
V076,175,reuse,0,4,3395,tracker 3395 matched gt 0 (last frame 173) now gt 4
V076,337,switch,4,4,3393,tracker 3395 -> 3393 on gt 4
V076,337,switch,5,5,3395,tracker 3393 -> 3395 on gt 5
V076,338,reuse,5,4,3393,tracker 3393 matched gt 5 (last frame 336) now gt 4
V076,338,reuse,4,5,3395,tracker 3395 matched gt 4 (last frame 336) now gt 5
V077,3,switch,18,18,3415,tracker 3405 -> 3415 on gt 18
V077,4,switch,19,19,3417,tracker 3415 -> 3417 on gt 19
V077,4,reuse,19,18,3415,tracker 3415 matched gt 19 (last frame 2) now gt 18
V077,5,switch,18,18,3417,tracker 3415 -> 3417 on gt 18
V077,6,switch,19,19,3418,tracker 3415 -> 3418 on gt 19
V077,7,switch,18,18,3418,tracker 3417 -> 3418 on gt 18
V077,8,switch,19,19,3419,tracker 3415 -> 3419 on gt 19
V077,9,switch,18,18,3419,tracker 3418 -> 3419 on gt 18
V077,10,switch,19,19,3420,tracker 3415 -> 3420 on gt 19
V077,11,switch,18,18,3420,tracker 3419 -> 3420 on gt 18
V077,12,switch,19,19,3421,tracker 3415 -> 3421 on gt 19
V077,13,switch,18,18,3421,tracker 3420 -> 3421 on gt 18
V077,14,switch,19,19,3422,tracker 3415 -> 3422 on gt 19
V077,15,switch,18,18,3422,tracker 3421 -> 3422 on gt 18
V077,16,switch,19,19,3423,tracker 3415 -> 3423 on gt 19
V077,17,switch,18,18,3423,tracker 3422 -> 3423 on gt 18
V077,18,switch,19,19,3424,tracker 3415 -> 3424 on gt 19
V077,19,switch,18,18,3424,tracker 3423 -> 3424 on gt 18
V077,20,switch,19,19,3425,tracker 3415 -> 3425 on gt 19
V077,39,switch,18,18,3425,tracker 3424 -> 3425 on gt 18
V077,39,switch,19,19,3424,tracker 3425 -> 3424 on gt 19
V077,40,reuse,19,18,3425,tracker 3425 matched gt 19 (last frame 38) now gt 18
V077,40,reuse,18,19,3424,tracker 3424 matched gt 18 (last frame 26) now gt 19
V077,134,switch,12,12,3426,tracker 3412 -> 3426 on gt 12
V077,159,switch,13,13,3427,tracker 3401 -> 3427 on gt 13
V077,162,switch,16,16,3428,tracker 3409 -> 3428 on gt 16
V077,163,switch,19,19,3429,tracker 3424 -> 3429 on gt 19
V077,170,switch,18,18,3430,tracker 3425 -> 3430 on gt 18
V077,171,switch,17,17,3431,tracker 3403 -> 3431 on gt 17
V077,182,switch,15,15,3432,tracker 3404 -> 3432 on gt 15
V077,246,switch,17,17,3432,tracker 3431 -> 3432 on gt 17
V077,247,switch,15,15,3431,tracker 3432 -> 3431 on gt 15
V077,247,reuse,15,17,3432,tracker 3432 matched gt 15 (last frame 245) now gt 17
V077,248,reuse,17,15,3431,tracker 3431 matched gt 17 (last frame 245) now gt 15
V077,271,switch,8,8,3434,tracker 3416 -> 3434 on gt 8
V077,291,switch,4,4,3435,tracker 3397 -> 3435 on gt 4
V077,321,switch,1,1,3436,tracker 3398 -> 3436 on gt 1
V077,332,switch,2,2,3437,tracker 3414 -> 3437 on gt 2
V077,342,switch,0,0,3439,tracker 3400 -> 3439 on gt 0
V077,342,switch,3,3,3438,tracker 3407 -> 3438 on gt 3
V077,382,switch,16,16,3440,tracker 3428 -> 3440 on gt 16
V077,395,switch,17,17,3441,tracker 3432 -> 3441 on gt 17
V077,402,switch,15,15,3442,tracker 3431 -> 3442 on gt 15
V077,403,switch,18,18,3443,tracker 3430 -> 3443 on gt 18
V077,405,switch,19,19,3445,tracker 3429 -> 3445 on gt 19
V077,512,switch,20,20,3452,tracker 3449 -> 3452 on gt 20
V077,536,switch,12,12,3454,tracker 3426 -> 3454 on gt 12
V078,138,switch,6,6,3477,tracker 3463 -> 3477 on gt 6
V078,157,switch,1,1,3478,tracker 3462 -> 3478 on gt 1
V078,193,switch,17,17,3479,tracker 3472 -> 3479 on gt 17
V078,196,switch,15,15,3480,tracker 3459 -> 3480 on gt 15
V078,205,switch,20,20,3481,tracker 3475 -> 3481 on gt 20
V078,220,switch,19,19,3482,tracker 3474 -> 3482 on gt 19
V078,298,switch,18,18,3483,tracker 3473 -> 3483 on gt 18
V078,431,switch,10,10,3498,tracker 3458 -> 3498 on gt 10
V079,158,switch,5,5,3506,tracker 3501 -> 3506 on gt 5
V079,159,switch,11,11,3520,tracker 3506 -> 3520 on gt 11
V079,159,reuse,11,5,3506,tracker 3506 matched gt 11 (last frame 157) now gt 5
V079,172,switch,3,3,3521,tracker 3499 -> 3521 on gt 3
V079,174,switch,4,4,3522,tracker 3502 -> 3522 on gt 4
V079,186,switch,1,1,3523,tracker 3510 -> 3523 on gt 1
V079,216,switch,15,15,3525,tracker 3518 -> 3525 on gt 15
V079,236,switch,14,14,3526,tracker 3516 -> 3526 on gt 14
V079,239,switch,4,4,3527,tracker 3522 -> 3527 on gt 4
V079,244,switch,11,11,3506,tracker 3520 -> 3506 on gt 11
V079,245,switch,17,17,3528,tracker 3519 -> 3528 on gt 17
V079,245,reuse,5,11,3506,tracker 3506 matched gt 5 (last frame 243) now gt 11
V079,248,switch,16,16,3538,tracker 3517 -> 3538 on gt 16
V079,250,switch,10,10,3508,tracker 3511 -> 3508 on gt 10
V079,252,switch,9,9,3503,tracker 3508 -> 3503 on gt 9
V079,253,reuse,8,9,3503,tracker 3503 matched gt 8 (last frame 249) now gt 9
V079,260,switch,17,17,3595,tracker 3519 -> 3595 on gt 17
V079,263,switch,18,18,3604,tracker 3528 -> 3604 on gt 18
V079,268,switch,10,10,3609,tracker 3511 -> 3609 on gt 10
V079,269,switch,13,13,3610,tracker 3513 -> 3610 on gt 13
V079,318,switch,10,10,3611,tracker 3609 -> 3611 on gt 10
V079,332,switch,8,8,3612,tracker 3503 -> 3612 on gt 8
V079,333,switch,9,9,3612,tracker 3503 -> 3612 on gt 9
V079,334,switch,8,8,3613,tracker 3503 -> 3613 on gt 8
V079,347,switch,3,3,3614,tracker 3521 -> 3614 on gt 3
V079,356,switch,11,11,3615,tracker 3506 -> 3615 on gt 11
V079,362,switch,5,5,3616,tracker 3506 -> 3616 on gt 5
V079,423,switch,12,12,3617,tracker 3509 -> 3617 on gt 12
V079,543,switch,14,14,3618,tracker 3526 -> 3618 on gt 14
V079,586,switch,3,3,3619,tracker 3614 -> 3619 on gt 3
V079,605,switch,13,13,3620,tracker 3610 -> 3620 on gt 13
V079,627,switch,9,9,3621,tracker 3612 -> 3621 on gt 9
V080,146,switch,2,2,3670,tracker 3622 -> 3670 on gt 2
V080,148,switch,9,9,3634,tracker 3631 -> 3634 on gt 9
V080,148,switch,12,12,3679,tracker 3635 -> 3679 on gt 12
V080,150,switch,13,13,3685,tracker 3626 -> 3685 on gt 13
V080,212,switch,6,6,3687,tracker 3630 -> 3687 on gt 6
V080,282,switch,1,1,3689,tracker 3625 -> 3689 on gt 1
V080,289,switch,18,18,3702,tracker 3638 -> 3702 on gt 18
V080,291,switch,16,16,3705,tracker 3636 -> 3705 on gt 16
V081,81,switch,7,7,3729,tracker 3713 -> 3729 on gt 7
V081,166,switch,10,10,3742,tracker 3719 -> 3742 on gt 10
V081,168,switch,4,4,3751,tracker 3714 -> 3751 on gt 4
V081,168,switch,5,5,3748,tracker 3715 -> 3748 on gt 5
V081,184,switch,2,2,3783,tracker 3718 -> 3783 on gt 2
V081,185,switch,1,1,3788,tracker 3721 -> 3788 on gt 1
V081,187,switch,1,1,3791,tracker 3721 -> 3791 on gt 1
V081,190,switch,3,3,3788,tracker 3724 -> 3788 on gt 3
V081,192,switch,0,0,3804,tracker 3712 -> 3804 on gt 0
V081,195,switch,6,6,3810,tracker 3720 -> 3810 on gt 6
V081,196,switch,11,11,3813,tracker 3722 -> 3813 on gt 11
V081,198,switch,3,3,3817,tracker 3788 -> 3817 on gt 3
V081,245,switch,7,7,3819,tracker 3729 -> 3819 on gt 7
V081,314,switch,11,11,3821,tracker 3813 -> 3821 on gt 11
V081,319,switch,12,12,3822,tracker 3717 -> 3822 on gt 12
V081,334,switch,8,8,3823,tracker 3716 -> 3823 on gt 8
V081,339,switch,17,17,3824,tracker 3728 -> 3824 on gt 17
V081,340,switch,16,16,3825,tracker 3726 -> 3825 on gt 16
V081,343,switch,15,15,3826,tracker 3725 -> 3826 on gt 15
V081,348,switch,18,18,3827,tracker 3727 -> 3827 on gt 18
V081,382,switch,7,7,3828,tracker 3819 -> 3828 on gt 7
V081,399,switch,9,9,3829,tracker 3723 -> 3829 on gt 9
V081,453,switch,4,4,3830,tracker 3751 -> 3830 on gt 4
V081,456,switch,5,5,3831,tracker 3748 -> 3831 on gt 5
V082,48,switch,11,11,3848,tracker 3846 -> 3848 on gt 11
V082,90,switch,11,11,3849,tracker 3848 -> 3849 on gt 11
V082,230,switch,8,8,3857,tracker 3841 -> 3857 on gt 8
V082,257,switch,7,7,3858,tracker 3833 -> 3858 on gt 7
V082,261,switch,5,5,3859,tracker 3834 -> 3859 on gt 5
V082,377,switch,16,16,3861,tracker 3851 -> 3861 on gt 16
V082,385,switch,19,19,3880,tracker 3860 -> 3880 on gt 19
V082,398,switch,15,15,3853,tracker 3850 -> 3853 on gt 15
V082,407,switch,9,9,4002,tracker 3843 -> 4002 on gt 9
V082,409,switch,3,3,4016,tracker 3839 -> 4016 on gt 3
V082,413,switch,10,10,4049,tracker 3844 -> 4049 on gt 10
V082,414,switch,10,10,4056,tracker 3844 -> 4056 on gt 10
V082,415,switch,6,6,4057,tracker 3838 -> 4057 on gt 6
V082,416,switch,11,11,4065,tracker 3849 -> 4065 on gt 11
V082,416,switch,16,16,4063,tracker 3851 -> 4063 on gt 16
V082,417,switch,4,4,4068,tracker 3842 -> 4068 on gt 4
V082,417,switch,10,10,4071,tracker 3844 -> 4071 on gt 10
V082,417,switch,13,13,4069,tracker 3840 -> 4069 on gt 13
V082,418,switch,10,10,4074,tracker 3844 -> 4074 on gt 10
V082,418,switch,12,12,4073,tracker 3845 -> 4073 on gt 12
V082,418,switch,15,15,4072,tracker 3850 -> 4072 on gt 15
V082,419,switch,10,10,4075,tracker 3844 -> 4075 on gt 10
V082,420,switch,10,10,4076,tracker 3844 -> 4076 on gt 10
V082,423,switch,8,8,4079,tracker 3857 -> 4079 on gt 8
V083,392,switch,4,4,4100,tracker 4083 -> 4100 on gt 4
V083,421,switch,2,2,4101,tracker 4084 -> 4101 on gt 2
V083,423,switch,2,2,4102,tracker 4084 -> 4102 on gt 2
V083,444,switch,12,12,4103,tracker 4094 -> 4103 on gt 12
V083,448,switch,5,5,4104,tracker 4087 -> 4104 on gt 5
V083,448,switch,13,13,4105,tracker 4081 -> 4105 on gt 13
V083,483,switch,16,16,4106,tracker 4098 -> 4106 on gt 16
V083,501,switch,10,10,4107,tracker 4090 -> 4107 on gt 10
V083,590,switch,5,5,4103,tracker 4104 -> 4103 on gt 5
V083,590,switch,12,12,4104,tracker 4103 -> 4104 on gt 12
V083,591,reuse,12,5,4103,tracker 4103 matched gt 12 (last frame 589) now gt 5
V083,591,reuse,5,12,4104,tracker 4104 matched gt 5 (last frame 588) now gt 12
V083,611,switch,0,0,4109,tracker 4080 -> 4109 on gt 0
V083,674,switch,4,4,4110,tracker 4100 -> 4110 on gt 4
V083,677,switch,10,10,4111,tracker 4107 -> 4111 on gt 10
V083,699,switch,15,15,4112,tracker 4097 -> 4112 on gt 15
V083,704,switch,16,16,4113,tracker 4106 -> 4113 on gt 16
V083,718,switch,6,6,4114,tracker 4086 -> 4114 on gt 6
V083,746,switch,21,21,4116,tracker 4108 -> 4116 on gt 21
V083,750,switch,10,10,4117,tracker 4111 -> 4117 on gt 10
V083,750,switch,11,11,4118,tracker 4092 -> 4118 on gt 11
V083,750,switch,12,12,4121,tracker 4104 -> 4121 on gt 12
V083,750,switch,16,16,4119,tracker 4113 -> 4119 on gt 16
V083,750,switch,21,21,4124,tracker 4116 -> 4124 on gt 21
V083,755,switch,1,1,4142,tracker 4088 -> 4142 on gt 1
V083,758,switch,5,5,4149,tracker 4103 -> 4149 on gt 5
V083,760,switch,6,6,4152,tracker 4114 -> 4152 on gt 6
V083,761,switch,5,5,4154,tracker 4103 -> 4154 on gt 5
V083,763,switch,2,2,4157,tracker 4102 -> 4157 on gt 2
V083,767,switch,2,2,4160,tracker 4102 -> 4160 on gt 2
V083,770,switch,2,2,4161,tracker 4160 -> 4161 on gt 2
V083,841,switch,4,4,4164,tracker 4110 -> 4164 on gt 4
V083,875,switch,6,6,4117,tracker 4152 -> 4117 on gt 6
V083,875,switch,10,10,4152,tracker 4117 -> 4152 on gt 10
V083,876,reuse,10,6,4117,tracker 4117 matched gt 10 (last frame 874) now gt 6
V083,876,reuse,6,10,4152,tracker 4152 matched gt 6 (last frame 873) now gt 10
V084,142,switch,8,8,4183,tracker 4171 -> 4183 on gt 8
V084,142,switch,11,11,4182,tracker 4176 -> 4182 on gt 11
V084,142,switch,15,15,4184,tracker 4179 -> 4184 on gt 15
V084,146,switch,16,16,4179,tracker 4181 -> 4179 on gt 16
V084,147,switch,4,4,4186,tracker 4167 -> 4186 on gt 4
V084,147,switch,9,9,4189,tracker 4168 -> 4189 on gt 9
V084,147,switch,11,11,4187,tracker 4182 -> 4187 on gt 11
V084,147,switch,15,15,4188,tracker 4184 -> 4188 on gt 15
V084,147,reuse,15,16,4179,tracker 4179 matched gt 15 (last frame 140) now gt 16
V084,148,switch,12,12,4195,tracker 4177 -> 4195 on gt 12
V084,149,switch,14,14,4199,tracker 4180 -> 4199 on gt 14
V084,152,switch,4,4,4171,tracker 4186 -> 4171 on gt 4
V084,152,switch,12,12,4204,tracker 4195 -> 4204 on gt 12
V084,153,switch,16,16,4210,tracker 4179 -> 4210 on gt 16
V084,153,reuse,8,4,4171,tracker 4171 matched gt 8 (last frame 140) now gt 4
V084,154,switch,11,11,4215,tracker 4187 -> 4215 on gt 11
V084,157,switch,11,11,4226,tracker 4215 -> 4226 on gt 11
V084,157,switch,14,14,4228,tracker 4199 -> 4228 on gt 14
V084,157,switch,15,15,4225,tracker 4188 -> 4225 on gt 15
V084,162,switch,10,10,4233,tracker 4169 -> 4233 on gt 10
V084,170,switch,10,10,4238,tracker 4233 -> 4238 on gt 10
V084,172,switch,10,10,4239,tracker 4233 -> 4239 on gt 10
V084,255,switch,2,2,4242,tracker 4165 -> 4242 on gt 2
V084,426,switch,11,11,4244,tracker 4226 -> 4244 on gt 11
V084,429,switch,10,10,4246,tracker 4239 -> 4246 on gt 10
V084,446,switch,3,3,4247,tracker 4174 -> 4247 on gt 3
V085,52,switch,12,12,4259,tracker 4264 -> 4259 on gt 12
V085,52,switch,14,14,4264,tracker 4259 -> 4264 on gt 14
V085,53,reuse,14,12,4259,tracker 4259 matched gt 14 (last frame 51) now gt 12
V085,53,reuse,12,14,4264,tracker 4264 matched gt 12 (last frame 49) now gt 14
V085,104,switch,15,15,4265,tracker 4252 -> 4265 on gt 15
V085,113,switch,16,16,4267,tracker 4256 -> 4267 on gt 16
V085,120,switch,14,14,4269,tracker 4264 -> 4269 on gt 14
V085,134,switch,13,13,4271,tracker 4257 -> 4271 on gt 13
V085,224,switch,1,1,4272,tracker 4251 -> 4272 on gt 1
V085,279,switch,4,4,4273,tracker 4248 -> 4273 on gt 4
V085,355,switch,13,13,4274,tracker 4271 -> 4274 on gt 13
V085,386,switch,12,12,4275,tracker 4259 -> 4275 on gt 12
V085,438,switch,8,8,4275,tracker 4258 -> 4275 on gt 8
V085,438,switch,12,12,4258,tracker 4275 -> 4258 on gt 12
V085,439,reuse,12,8,4275,tracker 4275 matched gt 12 (last frame 436) now gt 8
V085,439,reuse,8,12,4258,tracker 4258 matched gt 8 (last frame 437) now gt 12
V085,470,switch,0,0,4277,tracker 4263 -> 4277 on gt 0
V085,470,switch,17,17,4262,tracker 4270 -> 4262 on gt 17
V085,471,reuse,10,17,4262,tracker 4262 matched gt 10 (last frame 468) now gt 17
V085,474,switch,17,17,4265,tracker 4262 -> 4265 on gt 17
V085,475,switch,10,10,4283,tracker 4262 -> 4283 on gt 10
V085,475,switch,11,11,4281,tracker 4254 -> 4281 on gt 11
V085,475,reuse,15,17,4265,tracker 4265 matched gt 15 (last frame 473) now gt 17
V085,476,switch,18,18,4286,tracker 4268 -> 4286 on gt 18
V085,479,switch,17,17,4289,tracker 4265 -> 4289 on gt 17
V085,480,switch,18,18,4291,tracker 4286 -> 4291 on gt 18
V085,481,switch,15,15,4292,tracker 4265 -> 4292 on gt 15
V086,62,switch,5,5,4301,tracker 4297 -> 4301 on gt 5
V086,67,switch,1,1,4304,tracker 4296 -> 4304 on gt 1
V086,67,switch,3,3,4306,tracker 4294 -> 4306 on gt 3
V086,67,switch,4,4,4305,tracker 4295 -> 4305 on gt 4
V086,67,switch,7,7,4308,tracker 4302 -> 4308 on gt 7
V086,71,switch,2,2,4296,tracker 4293 -> 4296 on gt 2
V086,71,reuse,8,9,4309,tracker 4309 matched gt 8 (last frame 67) now gt 9
V086,72,switch,7,7,4326,tracker 4308 -> 4326 on gt 7
V086,72,reuse,1,2,4296,tracker 4296 matched gt 1 (last frame 65) now gt 2
V086,77,switch,10,10,4349,tracker 4339 -> 4349 on gt 10
V086,82,switch,13,13,4402,tracker 4381 -> 4402 on gt 13
V086,84,reuse,5,11,4297,tracker 4297 matched gt 5 (last frame 60) now gt 11
V086,86,switch,7,7,4295,tracker 4326 -> 4295 on gt 7
V086,87,switch,10,10,4446,tracker 4349 -> 4446 on gt 10
V086,87,reuse,4,7,4295,tracker 4295 matched gt 4 (last frame 65) now gt 7
V086,88,switch,3,3,4458,tracker 4306 -> 4458 on gt 3
V086,89,switch,2,2,4472,tracker 4296 -> 4472 on gt 2
V086,89,reuse,11,15,4297,tracker 4297 matched gt 11 (last frame 84) now gt 15
V086,92,switch,2,2,4495,tracker 4472 -> 4495 on gt 2
V086,92,switch,3,3,4493,tracker 4458 -> 4493 on gt 3
V086,92,switch,6,6,4498,tracker 4299 -> 4498 on gt 6
V086,92,switch,7,7,4494,tracker 4295 -> 4494 on gt 7
V086,92,switch,8,8,4497,tracker 4309 -> 4497 on gt 8
V086,97,switch,5,5,4538,tracker 4301 -> 4538 on gt 5
V086,97,switch,9,9,4537,tracker 4309 -> 4537 on gt 9
V086,97,switch,15,15,4535,tracker 4297 -> 4535 on gt 15
V086,97,switch,16,16,4531,tracker 4509 -> 4531 on gt 16
V086,97,switch,18,18,4534,tracker 4511 -> 4534 on gt 18
V086,99,switch,5,5,4542,tracker 4301 -> 4542 on gt 5
V086,99,switch,9,9,4540,tracker 4309 -> 4540 on gt 9
V086,102,switch,5,5,4546,tracker 4542 -> 4546 on gt 5
V086,102,switch,9,9,4545,tracker 4540 -> 4545 on gt 9
V086,116,switch,11,11,4540,tracker 4297 -> 4540 on gt 11
V086,117,reuse,9,11,4540,tracker 4540 matched gt 9 (last frame 100) now gt 11
V086,303,switch,19,19,4566,tracker 4548 -> 4566 on gt 19
V086,364,switch,13,13,4577,tracker 4402 -> 4577 on gt 13
V086,364,switch,17,17,4578,tracker 4532 -> 4578 on gt 17
V086,366,switch,9,9,4583,tracker 4545 -> 4583 on gt 9
V086,369,switch,16,16,4595,tracker 4531 -> 4595 on gt 16
V086,375,switch,8,8,4583,tracker 4497 -> 4583 on gt 8
V086,379,switch,8,8,4647,tracker 4583 -> 4647 on gt 8
V086,380,switch,10,10,4655,tracker 4446 -> 4655 on gt 10
V086,383,switch,13,13,4534,tracker 4577 -> 4534 on gt 13
V086,384,switch,7,7,4686,tracker 4494 -> 4686 on gt 7
V086,384,switch,10,10,4679,tracker 4655 -> 4679 on gt 10
V086,384,reuse,18,13,4534,tracker 4534 matched gt 18 (last frame 367) now gt 13
V086,386,switch,5,5,4699,tracker 4546 -> 4699 on gt 5
V086,386,switch,8,8,4693,tracker 4647 -> 4693 on gt 8
V086,390,switch,13,13,4715,tracker 4534 -> 4715 on gt 13
V086,391,switch,6,6,4724,tracker 4498 -> 4724 on gt 6
V086,394,switch,5,5,4736,tracker 4546 -> 4736 on gt 5
V086,394,switch,6,6,4733,tracker 4724 -> 4733 on gt 6
V086,394,switch,8,8,4734,tracker 4693 -> 4734 on gt 8
V086,395,switch,1,1,4743,tracker 4304 -> 4743 on gt 1
V086,395,switch,4,4,4742,tracker 4305 -> 4742 on gt 4
V086,395,switch,11,11,4595,tracker 4540 -> 4595 on gt 11
V086,395,switch,13,13,4740,tracker 4715 -> 4740 on gt 13
V086,398,switch,9,9,4577,tracker 4545 -> 4577 on gt 9
V086,399,switch,1,1,4751,tracker 4304 -> 4751 on gt 1
V086,399,switch,2,2,4752,tracker 4495 -> 4752 on gt 2
V086,399,reuse,13,9,4577,tracker 4577 matched gt 13 (last frame 367) now gt 9
V086,401,switch,3,3,4743,tracker 4493 -> 4743 on gt 3
V086,402,switch,11,11,4757,tracker 4540 -> 4757 on gt 11
V086,404,switch,11,11,4760,tracker 4540 -> 4760 on gt 11
V086,422,switch,9,9,4740,tracker 4577 -> 4740 on gt 9
V086,437,switch,0,0,4763,tracker 4298 -> 4763 on gt 0
V086,439,switch,12,12,4764,tracker 4559 -> 4764 on gt 12
V086,445,switch,9,9,4765,tracker 4740 -> 4765 on gt 9
V086,464,switch,14,14,4766,tracker 4533 -> 4766 on gt 14
V086,469,switch,13,13,4767,tracker 4715 -> 4767 on gt 13
V086,481,switch,19,19,4768,tracker 4566 -> 4768 on gt 19
V086,486,switch,15,15,4769,tracker 4535 -> 4769 on gt 15
V086,515,switch,15,15,4785,tracker 4769 -> 4785 on gt 15
V086,527,switch,17,17,4786,tracker 4578 -> 4786 on gt 17
V086,530,switch,16,16,4788,tracker 4531 -> 4788 on gt 16
V086,530,switch,17,17,4787,tracker 4786 -> 4787 on gt 17
V086,535,switch,5,5,4790,tracker 4736 -> 4790 on gt 5
V086,535,switch,18,18,4792,tracker 4534 -> 4792 on gt 18
V086,540,switch,7,7,4798,tracker 4686 -> 4798 on gt 7
V086,541,switch,18,18,4786,tracker 4792 -> 4786 on gt 18
V086,542,reuse,17,18,4786,tracker 4786 matched gt 17 (last frame 528) now gt 18
V086,547,switch,15,15,4812,tracker 4785 -> 4812 on gt 15
V086,550,switch,15,15,4816,tracker 4812 -> 4816 on gt 15
V086,553,switch,11,11,4820,tracker 4760 -> 4820 on gt 11
V086,555,switch,15,15,4822,tracker 4816 -> 4822 on gt 15
V086,557,switch,11,11,4824,tracker 4760 -> 4824 on gt 11
V086,560,switch,11,11,4826,tracker 4760 -> 4826 on gt 11
V086,582,switch,15,15,4824,tracker 4822 -> 4824 on gt 15
V086,584,switch,15,15,4822,tracker 4824 -> 4822 on gt 15
V086,590,switch,20,20,4827,tracker 4565 -> 4827 on gt 20
V086,712,switch,10,10,4828,tracker 4679 -> 4828 on gt 10
V086,714,switch,15,15,4829,tracker 4822 -> 4829 on gt 15
V086,716,switch,15,15,4830,tracker 4822 -> 4830 on gt 15
V086,745,switch,9,9,4831,tracker 4765 -> 4831 on gt 9
V086,754,switch,11,11,4832,tracker 4826 -> 4832 on gt 11
V086,756,switch,11,11,4833,tracker 4826 -> 4833 on gt 11
V087,104,switch,11,11,4848,tracker 4838 -> 4848 on gt 11
V087,104,switch,14,14,4850,tracker 4849 -> 4850 on gt 14
V087,196,switch,18,18,4856,tracker 4854 -> 4856 on gt 18
V087,197,switch,19,19,4854,tracker 4855 -> 4854 on gt 19
V087,198,reuse,18,19,4854,tracker 4854 matched gt 18 (last frame 195) now gt 19
V087,213,switch,14,14,4847,tracker 4850 -> 4847 on gt 14
V087,214,switch,13,13,4857,tracker 4847 -> 4857 on gt 13
V087,214,reuse,13,14,4847,tracker 4847 matched gt 13 (last frame 212) now gt 14
V087,216,switch,6,6,4858,tracker 4843 -> 4858 on gt 6
V087,222,switch,7,7,4859,tracker 4841 -> 4859 on gt 7
V087,224,switch,7,7,4860,tracker 4841 -> 4860 on gt 7
V087,229,switch,3,3,4859,tracker 4844 -> 4859 on gt 3
V087,234,switch,2,2,4861,tracker 4834 -> 4861 on gt 2
V087,239,switch,4,4,4862,tracker 4839 -> 4862 on gt 4
V087,261,switch,1,1,4863,tracker 4837 -> 4863 on gt 1
V087,283,switch,10,10,4865,tracker 4842 -> 4865 on gt 10
V087,285,switch,10,10,4866,tracker 4842 -> 4866 on gt 10
V087,286,switch,6,6,4867,tracker 4858 -> 4867 on gt 6
V087,289,switch,0,0,4868,tracker 4836 -> 4868 on gt 0
V087,315,switch,6,6,4870,tracker 4867 -> 4870 on gt 6
V087,318,switch,9,9,4867,tracker 4845 -> 4867 on gt 9
V087,319,switch,3,3,4840,tracker 4859 -> 4840 on gt 3
V087,319,switch,7,7,4859,tracker 4860 -> 4859 on gt 7
V087,319,switch,8,8,4862,tracker 4840 -> 4862 on gt 8
V087,319,switch,9,9,4848,tracker 4845 -> 4848 on gt 9
V087,319,switch,11,11,4835,tracker 4848 -> 4835 on gt 11
V087,320,switch,4,4,4872,tracker 4862 -> 4872 on gt 4
V087,320,switch,5,5,4874,tracker 4835 -> 4874 on gt 5
V087,320,switch,12,12,4871,tracker 4846 -> 4871 on gt 12
V087,320,switch,15,15,4873,tracker 4851 -> 4873 on gt 15
V087,320,reuse,8,3,4840,tracker 4840 matched gt 8 (last frame 318) now gt 3
V087,320,reuse,3,7,4859,tracker 4859 matched gt 3 (last frame 318) now gt 7
V087,320,reuse,4,8,4862,tracker 4862 matched gt 4 (last frame 318) now gt 8
V087,320,reuse,11,9,4848,tracker 4848 matched gt 11 (last frame 318) now gt 9
V087,320,reuse,5,11,4835,tracker 4835 matched gt 5 (last frame 318) now gt 11
V087,321,switch,13,13,4875,tracker 4857 -> 4875 on gt 13
V087,324,switch,3,3,4862,tracker 4840 -> 4862 on gt 3
V087,324,switch,7,7,4840,tracker 4859 -> 4840 on gt 7
V087,324,switch,8,8,4872,tracker 4862 -> 4872 on gt 8
V087,324,switch,9,9,4835,tracker 4848 -> 4835 on gt 9
V087,324,switch,11,11,4874,tracker 4835 -> 4874 on gt 11
V087,325,switch,5,5,4881,tracker 4874 -> 4881 on gt 5
V087,325,switch,13,13,4878,tracker 4875 -> 4878 on gt 13
V087,325,switch,14,14,4877,tracker 4847 -> 4877 on gt 14
V087,325,switch,17,17,4876,tracker 4852 -> 4876 on gt 17
V087,325,reuse,8,3,4862,tracker 4862 matched gt 8 (last frame 323) now gt 3
V087,325,reuse,3,7,4840,tracker 4840 matched gt 3 (last frame 323) now gt 7
V087,325,reuse,4,8,4872,tracker 4872 matched gt 4 (last frame 323) now gt 8
V087,325,reuse,11,9,4835,tracker 4835 matched gt 11 (last frame 323) now gt 9
V087,325,reuse,5,11,4874,tracker 4874 matched gt 5 (last frame 323) now gt 11
V087,326,switch,10,10,4884,tracker 4866 -> 4884 on gt 10
V087,329,switch,3,3,4872,tracker 4862 -> 4872 on gt 3
V087,329,switch,6,6,4860,tracker 4870 -> 4860 on gt 6
V087,329,switch,8,8,4889,tracker 4872 -> 4889 on gt 8
V087,329,switch,9,9,4874,tracker 4835 -> 4874 on gt 9
V087,329,switch,11,11,4881,tracker 4874 -> 4881 on gt 11
V087,329,switch,13,13,4846,tracker 4878 -> 4846 on gt 13
V087,329,switch,14,14,4875,tracker 4877 -> 4875 on gt 14
V087,330,switch,5,5,4893,tracker 4881 -> 4893 on gt 5
V087,330,switch,7,7,4862,tracker 4840 -> 4862 on gt 7
V087,330,switch,19,19,4894,tracker 4854 -> 4894 on gt 19
V087,330,reuse,8,3,4872,tracker 4872 matched gt 8 (last frame 328) now gt 3
V087,330,reuse,7,6,4860,tracker 4860 matched gt 7 (last frame 318) now gt 6
V087,330,reuse,11,9,4874,tracker 4874 matched gt 11 (last frame 328) now gt 9
V087,330,reuse,5,11,4881,tracker 4881 matched gt 5 (last frame 328) now gt 11
V087,330,reuse,12,13,4846,tracker 4846 matched gt 12 (last frame 318) now gt 13
V087,330,reuse,13,14,4875,tracker 4875 matched gt 13 (last frame 323) now gt 14
V087,331,switch,10,10,4870,tracker 4884 -> 4870 on gt 10
V087,331,switch,16,16,4896,tracker 4853 -> 4896 on gt 16
V087,331,reuse,3,7,4862,tracker 4862 matched gt 3 (last frame 328) now gt 7
V087,332,reuse,6,10,4870,tracker 4870 matched gt 6 (last frame 323) now gt 10
V087,334,switch,14,14,4878,tracker 4875 -> 4878 on gt 14
V087,335,switch,16,16,4901,tracker 4896 -> 4901 on gt 16
V087,335,reuse,13,14,4878,tracker 4878 matched gt 13 (last frame 328) now gt 14
V087,336,switch,18,18,4905,tracker 4856 -> 4905 on gt 18
V087,340,switch,18,18,4915,tracker 4905 -> 4915 on gt 18
V087,341,switch,6,6,4918,tracker 4860 -> 4918 on gt 6
V087,344,switch,9,9,4860,tracker 4874 -> 4860 on gt 9
V087,345,reuse,6,9,4860,tracker 4860 matched gt 6 (last frame 333) now gt 9
V087,346,switch,9,9,4874,tracker 4860 -> 4874 on gt 9
V087,350,switch,19,19,4867,tracker 4894 -> 4867 on gt 19
V087,351,reuse,6,19,4867,tracker 4867 matched gt 6 (last frame 313) now gt 19
V087,355,switch,14,14,4875,tracker 4878 -> 4875 on gt 14
V087,386,switch,9,9,4921,tracker 4874 -> 4921 on gt 9
V087,399,switch,19,19,4901,tracker 4867 -> 4901 on gt 19
V087,400,reuse,16,19,4901,tracker 4901 matched gt 16 (last frame 398) now gt 19
V087,402,switch,16,16,4922,tracker 4901 -> 4922 on gt 16
V087,405,switch,10,10,4924,tracker 4870 -> 4924 on gt 10
V087,405,switch,16,16,4923,tracker 4922 -> 4923 on gt 16
V087,406,switch,8,8,4925,tracker 4889 -> 4925 on gt 8
V087,408,switch,6,6,4926,tracker 4918 -> 4926 on gt 6
V087,409,switch,8,8,4924,tracker 4925 -> 4924 on gt 8
V087,409,switch,19,19,4923,tracker 4901 -> 4923 on gt 19
V087,410,switch,7,7,4926,tracker 4862 -> 4926 on gt 7
V087,410,switch,10,10,4927,tracker 4924 -> 4927 on gt 10
V087,410,switch,16,16,4928,tracker 4923 -> 4928 on gt 16
V087,410,switch,18,18,4922,tracker 4915 -> 4922 on gt 18
V087,410,reuse,10,8,4924,tracker 4924 matched gt 10 (last frame 408) now gt 8
V087,410,reuse,16,19,4923,tracker 4923 matched gt 16 (last frame 408) now gt 19
V087,411,switch,3,3,4929,tracker 4872 -> 4929 on gt 3
V087,411,reuse,16,18,4922,tracker 4922 matched gt 16 (last frame 403) now gt 18
V087,414,switch,6,6,4925,tracker 4918 -> 4925 on gt 6
V087,414,switch,18,18,4915,tracker 4922 -> 4915 on gt 18
V087,415,switch,7,7,4930,tracker 4926 -> 4930 on gt 7
V087,415,reuse,8,6,4925,tracker 4925 matched gt 8 (last frame 408) now gt 6
V087,416,switch,2,2,4931,tracker 4861 -> 4931 on gt 2
V087,418,switch,4,4,4932,tracker 4872 -> 4932 on gt 4
V087,419,switch,6,6,4930,tracker 4925 -> 4930 on gt 6
V087,420,switch,4,4,4933,tracker 4872 -> 4933 on gt 4
V087,420,switch,7,7,4934,tracker 4930 -> 4934 on gt 7
V087,420,reuse,7,6,4930,tracker 4930 matched gt 7 (last frame 418) now gt 6
V087,425,switch,1,1,4935,tracker 4863 -> 4935 on gt 1
V087,434,switch,0,0,4937,tracker 4868 -> 4937 on gt 0
V087,442,switch,18,18,4922,tracker 4915 -> 4922 on gt 18
V087,458,switch,4,4,4924,tracker 4933 -> 4924 on gt 4
V087,458,switch,8,8,4933,tracker 4924 -> 4933 on gt 8
V087,459,switch,3,3,4924,tracker 4929 -> 4924 on gt 3
V087,459,switch,4,4,4929,tracker 4933 -> 4929 on gt 4
V087,459,reuse,4,8,4933,tracker 4933 matched gt 4 (last frame 457) now gt 8
V087,460,reuse,8,3,4924,tracker 4924 matched gt 8 (last frame 453) now gt 3
V087,460,reuse,3,4,4929,tracker 4929 matched gt 3 (last frame 458) now gt 4
V087,474,switch,3,3,4933,tracker 4924 -> 4933 on gt 3
V087,474,switch,8,8,4924,tracker 4933 -> 4924 on gt 8
V087,475,reuse,8,3,4933,tracker 4933 matched gt 8 (last frame 473) now gt 3
V087,475,reuse,3,8,4924,tracker 4924 matched gt 3 (last frame 472) now gt 8
V087,484,switch,18,18,4939,tracker 4922 -> 4939 on gt 18
V087,528,switch,1,1,4940,tracker 4935 -> 4940 on gt 1
V087,536,switch,0,0,4941,tracker 4937 -> 4941 on gt 0
V087,556,switch,19,19,4942,tracker 4923 -> 4942 on gt 19
V087,583,switch,16,16,4943,tracker 4928 -> 4943 on gt 16
V087,597,switch,7,7,4945,tracker 4934 -> 4945 on gt 7
V087,597,switch,9,9,4944,tracker 4921 -> 4944 on gt 9
V087,601,switch,7,7,4929,tracker 4945 -> 4929 on gt 7
V087,601,switch,11,11,4921,tracker 4881 -> 4921 on gt 11
V087,601,switch,15,15,4871,tracker 4873 -> 4871 on gt 15
V087,602,switch,12,12,4946,tracker 4871 -> 4946 on gt 12
V087,602,switch,14,14,4947,tracker 4875 -> 4947 on gt 14
V087,602,reuse,4,7,4929,tracker 4929 matched gt 4 (last frame 600) now gt 7
V087,602,reuse,9,11,4921,tracker 4921 matched gt 9 (last frame 595) now gt 11
V087,602,reuse,12,15,4871,tracker 4871 matched gt 12 (last frame 600) now gt 15
V087,603,switch,13,13,4954,tracker 4846 -> 4954 on gt 13
V087,607,switch,13,13,4961,tracker 4954 -> 4961 on gt 13
V087,608,switch,9,9,4966,tracker 4944 -> 4966 on gt 9
V087,611,switch,11,11,4944,tracker 4921 -> 4944 on gt 11
V087,612,reuse,9,11,4944,tracker 4944 matched gt 9 (last frame 600) now gt 11
V087,625,switch,13,13,4934,tracker 4961 -> 4934 on gt 13
V088,139,switch,1,1,4993,tracker 4985 -> 4993 on gt 1
V088,151,switch,4,4,4994,tracker 4983 -> 4994 on gt 4
V088,153,switch,12,12,4995,tracker 4987 -> 4995 on gt 12
V088,154,switch,4,4,4996,tracker 4994 -> 4996 on gt 4
V088,157,switch,0,0,4997,tracker 4977 -> 4997 on gt 0
V088,171,switch,7,7,4981,tracker 4988 -> 4981 on gt 7
V088,171,switch,8,8,4988,tracker 4981 -> 4988 on gt 8
V088,172,reuse,8,7,4981,tracker 4981 matched gt 8 (last frame 170) now gt 7
V088,172,reuse,7,8,4988,tracker 4988 matched gt 7 (last frame 170) now gt 8
V088,255,switch,9,9,4998,tracker 4982 -> 4998 on gt 9
V088,266,switch,10,10,5000,tracker 4984 -> 5000 on gt 10
V088,325,switch,17,17,5003,tracker 5002 -> 5003 on gt 17
V088,385,switch,4,4,5006,tracker 4996 -> 5006 on gt 4
V088,412,switch,5,5,5008,tracker 4978 -> 5008 on gt 5
V088,412,switch,13,13,5009,tracker 4991 -> 5009 on gt 13
V088,533,switch,16,16,5010,tracker 5001 -> 5010 on gt 16
V088,548,switch,17,17,5011,tracker 5003 -> 5011 on gt 17
V089,28,switch,6,6,5019,tracker 5016 -> 5019 on gt 6
V089,28,switch,7,7,5016,tracker 5019 -> 5016 on gt 7
V089,29,reuse,7,6,5019,tracker 5019 matched gt 7 (last frame 26) now gt 6
V089,29,reuse,6,7,5016,tracker 5016 matched gt 6 (last frame 27) now gt 7
V089,57,switch,0,0,5021,tracker 5020 -> 5021 on gt 0
V089,79,switch,9,9,5023,tracker 5022 -> 5023 on gt 9
V089,103,reuse,9,12,5022,tracker 5022 matched gt 9 (last frame 77) now gt 12
V089,104,switch,11,11,5026,tracker 5025 -> 5026 on gt 11
V089,105,switch,12,12,5025,tracker 5022 -> 5025 on gt 12
V089,106,reuse,11,12,5025,tracker 5025 matched gt 11 (last frame 101) now gt 12
V089,109,switch,12,12,5027,tracker 5025 -> 5027 on gt 12
V089,124,switch,14,14,5032,tracker 5030 -> 5032 on gt 14
V089,124,reuse,14,15,5030,tracker 5030 matched gt 14 (last frame 121) now gt 15
V089,129,switch,15,15,5035,tracker 5030 -> 5035 on gt 15
V089,167,switch,7,7,5038,tracker 5016 -> 5038 on gt 7
V089,251,switch,8,8,5040,tracker 5015 -> 5040 on gt 8
V089,276,switch,2,2,5041,tracker 5012 -> 5041 on gt 2
V089,361,switch,11,11,5042,tracker 5026 -> 5042 on gt 11
V089,411,switch,10,10,5045,tracker 5024 -> 5045 on gt 10
V089,513,switch,14,14,5046,tracker 5032 -> 5046 on gt 14
V089,523,switch,10,10,5048,tracker 5045 -> 5048 on gt 10
V089,572,switch,0,0,5049,tracker 5021 -> 5049 on gt 0
V089,573,switch,12,12,5049,tracker 5027 -> 5049 on gt 12
V089,574,switch,0,0,5050,tracker 5021 -> 5050 on gt 0
V089,576,switch,12,12,5050,tracker 5049 -> 5050 on gt 12
V089,577,switch,0,0,5051,tracker 5050 -> 5051 on gt 0
V089,577,reuse,0,12,5050,tracker 5050 matched gt 0 (last frame 575) now gt 12
V089,595,switch,13,13,5052,tracker 5029 -> 5052 on gt 13
V089,598,switch,17,17,5053,tracker 5036 -> 5053 on gt 17
V089,712,switch,11,11,5046,tracker 5042 -> 5046 on gt 11
V089,713,switch,14,14,5055,tracker 5046 -> 5055 on gt 14
V089,713,reuse,14,11,5046,tracker 5046 matched gt 14 (last frame 711) now gt 11
V089,717,switch,11,11,5055,tracker 5046 -> 5055 on gt 11
V089,717,switch,14,14,5019,tracker 5055 -> 5019 on gt 14
V089,718,switch,3,3,5056,tracker 5013 -> 5056 on gt 3
V089,718,switch,6,6,5057,tracker 5019 -> 5057 on gt 6
V089,718,reuse,14,11,5055,tracker 5055 matched gt 14 (last frame 716) now gt 11
V089,718,reuse,6,14,5019,tracker 5019 matched gt 6 (last frame 716) now gt 14
V089,722,switch,11,11,5019,tracker 5055 -> 5019 on gt 11
V089,722,switch,14,14,5057,tracker 5019 -> 5057 on gt 14
V089,723,reuse,14,11,5019,tracker 5019 matched gt 14 (last frame 721) now gt 11
V089,723,reuse,6,14,5057,tracker 5057 matched gt 6 (last frame 721) now gt 14
V089,724,switch,15,15,5067,tracker 5035 -> 5067 on gt 15
V089,724,switch,17,17,5066,tracker 5053 -> 5066 on gt 17
V089,724,switch,18,18,5062,tracker 5037 -> 5062 on gt 18
V089,726,switch,6,6,5073,tracker 5057 -> 5073 on gt 6
V089,727,switch,10,10,5046,tracker 5048 -> 5046 on gt 10
V089,727,switch,13,13,5042,tracker 5052 -> 5042 on gt 13
V089,728,switch,11,11,5078,tracker 5019 -> 5078 on gt 11
V089,728,reuse,11,10,5046,tracker 5046 matched gt 11 (last frame 716) now gt 10
V089,728,reuse,11,13,5042,tracker 5042 matched gt 11 (last frame 711) now gt 13
V089,729,switch,11,11,5080,tracker 5019 -> 5080 on gt 11
V089,730,switch,11,11,5082,tracker 5019 -> 5082 on gt 11
V089,731,switch,11,11,5085,tracker 5019 -> 5085 on gt 11
V089,731,switch,16,16,5084,tracker 5033 -> 5084 on gt 16
V089,733,switch,6,6,5088,tracker 5057 -> 5088 on gt 6
V089,733,switch,10,10,5089,tracker 5046 -> 5089 on gt 10
V089,733,switch,13,13,5090,tracker 5042 -> 5090 on gt 13
V089,734,switch,10,10,5073,tracker 5046 -> 5073 on gt 10
V089,737,switch,10,10,5080,tracker 5073 -> 5080 on gt 10
V089,739,switch,10,10,5082,tracker 5080 -> 5082 on gt 10
V089,740,switch,10,10,5085,tracker 5080 -> 5085 on gt 10
V089,743,switch,10,10,5098,tracker 5085 -> 5098 on gt 10
V089,773,switch,21,21,5106,tracker 5099 -> 5106 on gt 21
V090,68,switch,14,14,5121,tracker 5118 -> 5121 on gt 14
V090,71,switch,15,15,5122,tracker 5112 -> 5122 on gt 15
V090,232,switch,20,20,5127,tracker 5125 -> 5127 on gt 20
V090,233,switch,4,4,5130,tracker 5116 -> 5130 on gt 4
V090,237,switch,15,15,5137,tracker 5122 -> 5137 on gt 15
V090,237,switch,16,16,5136,tracker 5134 -> 5136 on gt 16
V090,242,switch,4,4,5148,tracker 5130 -> 5148 on gt 4
V090,264,switch,8,8,5122,tracker 5114 -> 5122 on gt 8
V090,265,reuse,15,8,5122,tracker 5122 matched gt 15 (last frame 235) now gt 8
V090,270,switch,4,4,5149,tracker 5148 -> 5149 on gt 4
V090,271,switch,14,14,5114,tracker 5121 -> 5114 on gt 14
V090,272,switch,8,8,5150,tracker 5122 -> 5150 on gt 8
V090,272,reuse,8,14,5114,tracker 5114 matched gt 8 (last frame 263) now gt 14
V090,275,switch,14,14,5122,tracker 5114 -> 5122 on gt 14
V090,277,switch,1,1,5154,tracker 5109 -> 5154 on gt 1
V090,277,switch,3,3,5151,tracker 5108 -> 5151 on gt 3
V090,277,switch,4,4,5152,tracker 5149 -> 5152 on gt 4
V090,277,switch,14,14,5153,tracker 5114 -> 5153 on gt 14
V090,279,switch,16,16,5155,tracker 5136 -> 5155 on gt 16
V090,282,switch,14,14,5157,tracker 5153 -> 5157 on gt 14
V090,282,switch,15,15,5158,tracker 5137 -> 5158 on gt 15
V090,283,switch,9,9,5161,tracker 5119 -> 5161 on gt 9
V090,286,switch,8,8,5137,tracker 5150 -> 5137 on gt 8
V090,287,switch,0,0,5170,tracker 5111 -> 5170 on gt 0
V090,287,reuse,15,8,5137,tracker 5137 matched gt 15 (last frame 280) now gt 8
V090,288,switch,4,4,5122,tracker 5152 -> 5122 on gt 4
V090,289,switch,4,4,5121,tracker 5152 -> 5121 on gt 4
V090,290,switch,4,4,5114,tracker 5152 -> 5114 on gt 4
V090,290,switch,5,5,5176,tracker 5117 -> 5176 on gt 5
V090,290,switch,8,8,5150,tracker 5137 -> 5150 on gt 8
V090,292,switch,4,4,5177,tracker 5152 -> 5177 on gt 4
V090,297,switch,5,5,5183,tracker 5117 -> 5183 on gt 5
V090,352,switch,14,14,5150,tracker 5157 -> 5150 on gt 14
V090,353,switch,0,0,5191,tracker 5170 -> 5191 on gt 0
V090,353,switch,15,15,5186,tracker 5158 -> 5186 on gt 15
V090,353,switch,17,17,5189,tracker 5120 -> 5189 on gt 17
V090,353,reuse,8,14,5150,tracker 5150 matched gt 8 (last frame 351) now gt 14
V090,355,switch,15,15,5120,tracker 5186 -> 5120 on gt 15
V090,356,reuse,17,15,5120,tracker 5120 matched gt 17 (last frame 351) now gt 15
V090,358,switch,0,0,5217,tracker 5191 -> 5217 on gt 0
V090,358,switch,13,13,5222,tracker 5113 -> 5222 on gt 13
V090,358,switch,14,14,5223,tracker 5150 -> 5223 on gt 14
V090,358,switch,15,15,5214,tracker 5120 -> 5214 on gt 15
V090,358,switch,17,17,5220,tracker 5189 -> 5220 on gt 17
V090,358,switch,18,18,5215,tracker 5123 -> 5215 on gt 18
V090,361,switch,8,8,5177,tracker 5150 -> 5177 on gt 8
V090,362,switch,15,15,5189,tracker 5214 -> 5189 on gt 15
V090,362,switch,17,17,5110,tracker 5220 -> 5110 on gt 17
V090,363,switch,6,6,5151,tracker 5110 -> 5151 on gt 6
V090,363,switch,14,14,5247,tracker 5223 -> 5247 on gt 14
V090,363,switch,19,19,5250,tracker 5129 -> 5250 on gt 19
V090,363,reuse,17,15,5189,tracker 5189 matched gt 17 (last frame 356) now gt 15
V090,363,reuse,6,17,5110,tracker 5110 matched gt 6 (last frame 351) now gt 17
V090,364,reuse,3,6,5151,tracker 5151 matched gt 3 (last frame 351) now gt 6
V090,368,switch,3,3,5271,tracker 5151 -> 5271 on gt 3
V090,368,switch,6,6,5272,tracker 5151 -> 5272 on gt 6
V090,368,switch,14,14,5275,tracker 5247 -> 5275 on gt 14
V090,368,switch,16,16,5274,tracker 5155 -> 5274 on gt 16
V090,373,switch,4,4,5295,tracker 5177 -> 5295 on gt 4
V090,373,switch,14,14,5296,tracker 5275 -> 5296 on gt 14
V090,374,switch,8,8,5300,tracker 5150 -> 5300 on gt 8
V090,377,switch,14,14,5300,tracker 5296 -> 5300 on gt 14
V090,378,switch,8,8,5308,tracker 5300 -> 5308 on gt 8
V090,378,switch,20,20,5307,tracker 5127 -> 5307 on gt 20
V090,378,reuse,8,14,5300,tracker 5300 matched gt 8 (last frame 376) now gt 14
V090,380,switch,15,15,5214,tracker 5189 -> 5214 on gt 15
V090,381,switch,17,17,5220,tracker 5110 -> 5220 on gt 17
V090,389,switch,14,14,5247,tracker 5300 -> 5247 on gt 14
V090,391,switch,14,14,5275,tracker 5247 -> 5275 on gt 14
V090,394,switch,14,14,5296,tracker 5275 -> 5296 on gt 14
V090,405,switch,16,16,5250,tracker 5274 -> 5250 on gt 16
V090,405,switch,19,19,5274,tracker 5250 -> 5274 on gt 19
V090,406,reuse,19,16,5250,tracker 5250 matched gt 19 (last frame 403) now gt 16
V090,406,reuse,16,19,5274,tracker 5274 matched gt 16 (last frame 404) now gt 19
V090,428,switch,6,6,5309,tracker 5272 -> 5309 on gt 6
V090,483,switch,2,2,5250,tracker 5107 -> 5250 on gt 2
V090,483,switch,9,9,5310,tracker 5161 -> 5310 on gt 9
V090,483,switch,16,16,5107,tracker 5250 -> 5107 on gt 16
V090,484,reuse,16,2,5250,tracker 5250 matched gt 16 (last frame 482) now gt 2
V090,484,reuse,2,16,5107,tracker 5107 matched gt 2 (last frame 482) now gt 16
V090,516,switch,1,1,5311,tracker 5154 -> 5311 on gt 1
V090,521,switch,4,4,5312,tracker 5295 -> 5312 on gt 4
V090,522,switch,0,0,5313,tracker 5217 -> 5313 on gt 0
V090,534,switch,3,3,5316,tracker 5271 -> 5316 on gt 3
V090,534,switch,8,8,5317,tracker 5308 -> 5317 on gt 8
V090,534,switch,14,14,5308,tracker 5296 -> 5308 on gt 14
V090,534,switch,17,17,5319,tracker 5220 -> 5319 on gt 17
V090,534,switch,20,20,5315,tracker 5307 -> 5315 on gt 20
V090,535,reuse,8,14,5308,tracker 5308 matched gt 8 (last frame 532) now gt 14
V090,538,switch,14,14,5317,tracker 5308 -> 5317 on gt 14
V090,539,switch,3,3,5322,tracker 5316 -> 5322 on gt 3
V090,539,switch,15,15,5321,tracker 5214 -> 5321 on gt 15
V090,539,reuse,8,14,5317,tracker 5317 matched gt 8 (last frame 537) now gt 14
V090,540,switch,4,4,5327,tracker 5312 -> 5327 on gt 4
V090,543,switch,2,2,5214,tracker 5250 -> 5214 on gt 2
V090,543,switch,14,14,5220,tracker 5317 -> 5220 on gt 14
V090,544,switch,0,0,5343,tracker 5313 -> 5343 on gt 0
V090,544,switch,11,11,5344,tracker 5184 -> 5344 on gt 11
V090,544,reuse,15,2,5214,tracker 5214 matched gt 15 (last frame 537) now gt 2
V090,544,reuse,17,14,5220,tracker 5220 matched gt 17 (last frame 532) now gt 14
V090,545,switch,4,4,5350,tracker 5327 -> 5350 on gt 4
V090,546,switch,8,8,5358,tracker 5317 -> 5358 on gt 8
V090,549,switch,14,14,5319,tracker 5220 -> 5319 on gt 14
V090,549,switch,17,17,5368,tracker 5319 -> 5368 on gt 17
V090,550,reuse,17,14,5319,tracker 5319 matched gt 17 (last frame 537) now gt 14
V090,551,switch,4,4,5375,tracker 5327 -> 5375 on gt 4
V090,551,switch,6,6,5376,tracker 5309 -> 5376 on gt 6
V090,552,switch,8,8,5319,tracker 5358 -> 5319 on gt 8
V090,553,switch,4,4,5296,tracker 5375 -> 5296 on gt 4
V090,553,reuse,14,8,5319,tracker 5319 matched gt 14 (last frame 551) now gt 8
V090,554,switch,5,5,5385,tracker 5183 -> 5385 on gt 5
V090,554,switch,6,6,5384,tracker 5376 -> 5384 on gt 6
V090,554,switch,12,12,5383,tracker 5185 -> 5383 on gt 12
V090,554,reuse,14,4,5296,tracker 5296 matched gt 14 (last frame 532) now gt 4
V090,556,switch,14,14,5315,tracker 5319 -> 5315 on gt 14
V090,558,switch,8,8,5315,tracker 5319 -> 5315 on gt 8
V090,559,switch,8,8,5319,tracker 5319 -> 5319 on gt 8
V090,561,switch,10,10,5389,tracker 5124 -> 5389 on gt 10
V090,562,switch,0,0,5313,tracker 5343 -> 5313 on gt 0
V090,563,switch,0,0,5343,tracker 5343 -> 5343 on gt 0
V090,655,switch,13,13,5390,tracker 5222 -> 5390 on gt 13
V090,660,switch,4,4,5391,tracker 5296 -> 5391 on gt 4
V090,665,switch,6,6,5392,tracker 5384 -> 5392 on gt 6
V090,669,switch,6,6,5393,tracker 5384 -> 5393 on gt 6
V090,674,switch,2,2,5394,tracker 5214 -> 5394 on gt 2
V090,675,switch,8,8,5395,tracker 5319 -> 5395 on gt 8
V090,677,switch,7,7,5396,tracker 5115 -> 5396 on gt 7
V090,680,switch,7,7,5397,tracker 5115 -> 5397 on gt 7
V090,686,switch,17,17,5398,tracker 5368 -> 5398 on gt 17
V090,692,switch,14,14,5399,tracker 5315 -> 5399 on gt 14
V090,693,switch,15,15,5400,tracker 5321 -> 5400 on gt 15
V090,693,switch,18,18,5401,tracker 5215 -> 5401 on gt 18
V090,695,switch,14,14,5403,tracker 5315 -> 5403 on gt 14
V090,696,switch,16,16,5404,tracker 5107 -> 5404 on gt 16
V090,700,switch,16,16,5405,tracker 5404 -> 5405 on gt 16
V090,715,switch,9,9,5408,tracker 5310 -> 5408 on gt 9
V090,715,switch,19,19,5407,tracker 5274 -> 5407 on gt 19
V090,736,switch,20,20,5409,tracker 5307 -> 5409 on gt 20
V090,811,switch,6,6,5411,tracker 5393 -> 5411 on gt 6
