seq,frame,type,gt_id_old,gt_id_new,track_id,old_hid,last_frame,gap,IoU_last,dx_last,dy_last,dist_last,IoU_prev,IoU_next,IoU_swap,dist_swap,area_ratio,na_flag
V001,313,reuse,14,76,25,0,310,3,0.87297001,-2.00000000,-1.45000000,2.47032387,,0.96162691,,,0.98023786,no_prev
V001,317,switch,17,17,25,27,316,1,0.88047503,-2.10000000,0.60000000,2.18403297,0.88047503,0.92070061,,,0.96325282,no_old
V001,318,switch,76,76,32,25,,,,,,,,0.87754137,0.45262375,13.52081728,,no_last_seen|no_prev
V001,318,reuse,76,17,25,0,317,1,0.92070061,-1.25000000,0.75000000,1.45773797,0.92070061,0.80002374,,,0.97550807,
V001,348,switch,38,38,38,6,,,,,,,,0.85174581,0.07282766,89.90613160,,no_last_seen|no_prev
V001,350,reuse,56,48,34,0,349,1,0.91305436,-0.80000000,0.45000000,0.91787799,0.91305436,0.97137493,,,1.00165837,
V001,353,switch,56,56,40,34,,,,,,,,0.89650360,0.36191267,9.86154146,,no_last_seen|no_prev
V001,358,switch,28,28,23,14,357,1,0.67367231,6.80000000,0.95000000,6.86603962,0.67367231,0.79661371,0.47384132,11.78812962,1.07144445,
V001,359,reuse,31,28,23,0,358,1,0.79661371,3.55000000,0.80000000,3.63902459,0.79661371,0.86759653,,,1.09714872,
V001,364,switch,31,31,9,23,363,1,0.86544703,0.35000000,-3.30000000,3.31850870,0.86544703,0.91216038,0.15893222,25.08565327,0.87318519,
V001,365,reuse,29,31,9,0,364,1,0.91216038,0.15000000,-2.10000000,2.10535033,0.91216038,0.97027969,,,0.92087753,
V001,366,switch,29,29,43,9,,,,,,,,0.98489909,0.48920391,19.67256974,,no_last_seen|no_prev
V001,374,reuse,59,58,18,0,373,1,0.83188773,1.40000000,-1.15000000,1.81176709,0.83188773,0.68470272,,,0.95151578,
V001,383,reuse,48,49,34,0,382,1,0.92585781,-0.70000000,0.45000000,0.83216585,0.92585781,0.95459319,,,1.01998331,
V001,389,switch,18,18,24,22,388,1,0.58052380,-7.10000000,0.30000000,7.10633520,0.58052380,0.75175683,0.00325210,28.63721355,1.14391496,
V001,390,reuse,67,18,24,0,389,1,0.75175683,-3.95000000,1.40000000,4.19076365,0.75175683,0.75963901,,,1.03512858,
V001,391,switch,42,42,26,28,390,1,0.72922714,-3.55000000,0.40000000,3.57246414,0.72922714,0.77178442,0.17059796,17.55861612,0.95795093,
V001,392,reuse,15,42,26,0,391,1,0.77178442,-3.00000000,-0.05000000,3.00041664,0.77178442,0.91459515,,,1.02674646,
V001,394,switch,9,9,35,33,393,1,0.82272862,-3.20000000,-2.05000000,3.80032893,0.82272862,0.86080923,,,0.98709908,no_old
V001,395,switch,48,48,40,34,394,1,0.83323877,2.10000000,-0.05000000,2.10059515,0.83323877,0.95010854,0.01283473,22.90349318,0.98130129,
V001,395,switch,67,67,46,24,,,,,,,,0.93033199,0.13885344,23.57382022,,no_last_seen|no_prev
V001,395,reuse,10,9,35,0,394,1,0.86080923,2.50000000,0.20000000,2.50798724,0.86080923,0.89019691,,,0.95721398,
V001,395,reuse,42,15,26,0,394,1,0.77141821,3.05000000,0.45000000,3.08301800,0.77141821,0.61403575,,,1.04515439,
V001,396,reuse,56,48,40,0,395,1,0.95010854,0.55000000,-0.20000000,0.58523500,0.95010854,0.93053511,,,1.00719533,
V001,400,switch,17,17,33,25,376,24,0.09769952,27.80000000,-40.30000000,48.95845177,,0.93143833,,,1.13552065,no_prev|no_old
V001,401,reuse,9,17,33,0,400,1,0.93143833,-1.00000000,-1.20000000,1.56204994,0.93143833,0.95303246,,,0.98299725,
V001,404,switch,26,26,9,3,400,4,0.77357311,-5.05000000,2.40000000,5.59128787,,0.96663780,,,1.00860996,no_prev|no_old
V001,405,switch,10,10,25,35,390,15,0.27534690,-6.90000000,45.70000000,46.21796188,,,0.64466911,8.07093551,1.14302130,no_prev|no_next
V001,405,switch,15,15,47,26,,,,,,,,0.91455336,0.33435273,11.70982493,,no_last_seen|no_prev
V001,405,reuse,31,26,9,0,404,1,0.96663780,-0.30000000,-0.25000000,0.39051248,0.96663780,0.96648283,,,0.97911445,
V001,405,reuse,15,42,26,0,404,1,0.93799308,0.65000000,0.15000000,0.66708320,0.93799308,0.91654885,,,0.97797865,
V001,407,reuse,17,10,25,0,405,2,0.89229698,0.90000000,3.35000000,3.46878941,,0.87278085,,,1.06353182,no_prev
V001,408,switch,41,41,22,17,390,18,0.70483314,-3.75000000,2.90000000,4.74051685,,0.83363837,,,0.92516738,no_prev|no_old
V001,409,reuse,18,41,22,0,408,1,0.83363837,1.80000000,1.90000000,2.61725047,0.83363837,0.79443992,,,1.09042239,
V001,418,reuse,61,57,12,0,417,1,0.65994291,-3.15000000,-0.85000000,3.26266762,0.65994291,0.82718495,,,0.92094252,
V001,423,switch,61,61,15,12,422,1,0.91034483,-0.60000000,0.70000000,0.92195445,0.91034483,0.94036544,,,1.06716418,no_old
V001,424,reuse,60,61,15,0,423,1,0.94036544,-0.45000000,0.30000000,0.54083269,0.94036544,0.92924528,,,0.95878518,
V001,425,reuse,61,60,15,0,424,1,0.92924528,0.55000000,-0.55000000,0.77781746,0.92924528,0.95111516,,,1.00673866,
V001,426,reuse,60,61,15,0,425,1,0.95111516,-0.25000000,0.20000000,0.32015621,0.95111516,0.91910596,,,0.95111516,
V001,427,switch,31,31,23,9,425,2,0.50031650,-10.55000000,5.70000000,11.99135105,,0.89584412,0.31177682,21.73045098,1.20156599,no_prev
V001,427,reuse,61,60,15,0,426,1,0.91910596,0.80000000,-0.10000000,0.80622577,0.91910596,0.98777795,,,1.00000000,
V001,428,reuse,28,31,23,0,427,1,0.89584412,0.55000000,3.00000000,3.05000000,0.89584412,,,,1.10610104,no_next
V001,429,switch,9,9,33,35,428,1,0.90689013,-1.25000000,0.45000000,1.32853303,0.90689013,0.95002026,,,1.04684632,no_old
V001,430,reuse,17,9,33,0,429,1,0.95002026,-0.50000000,-1.15000000,1.25399362,0.95002026,0.96806190,,,1.04667673,
V001,432,reuse,60,61,15,0,431,1,0.83918273,-1.40000000,-0.65000000,1.54353490,0.83918273,0.86918971,,,0.96163952,
V001,435,reuse,31,28,23,0,428,7,0.39247741,16.45000000,-1.90000000,16.55936291,,0.80284949,,,0.90535518,no_prev
V001,442,switch,31,31,43,23,441,1,0.82630799,-2.45000000,-1.75000000,3.01081384,0.82630799,0.94995130,0.51490144,19.98605764,0.92373099,
V001,443,switch,60,60,50,15,,,,,,,,0.91232953,0.35146776,9.66656609,,no_last_seen|no_prev
V001,443,reuse,29,31,43,0,442,1,0.94995130,0.70000000,-0.10000000,0.70710678,0.94995130,0.94145265,,,0.98647493,
V001,448,switch,17,17,52,33,,,,,,,,0.92959436,0.03337336,32.49249913,,no_last_seen|no_prev
V001,448,switch,76,76,33,32,444,4,0.62240632,-7.05000000,-2.25000000,7.40033783,,0.88182634,,,1.06815816,no_prev|no_old
V001,449,reuse,9,76,33,0,448,1,0.88182634,1.45000000,2.00000000,2.47032387,0.88182634,0.88007887,,,1.01729370,
V001,451,switch,48,48,12,40,450,1,0.87378079,-0.90000000,1.75000000,1.96786687,0.87378079,0.73933599,,,1.08177104,no_old
V001,452,switch,10,10,54,25,,,,,,,,0.96424737,,,,no_last_seen|no_prev|no_old
V001,452,switch,33,33,30,37,451,1,0.82133129,-10.75000000,-7.60000000,13.16520034,0.82133129,0.62312091,,,0.99556406,no_old
V001,452,reuse,57,48,12,0,451,1,0.73933599,-2.90000000,-1.65000000,3.33654012,0.73933599,0.80028793,,,1.01974762,
V001,453,reuse,31,29,43,0,452,1,0.92634115,0.65000000,1.50000000,1.63477827,0.92634115,0.92920652,,,1.01682908,
V001,454,switch,9,9,32,33,444,10,0.57361285,0.20000000,4.30000000,4.30464865,,0.90152235,0.53889732,8.27798285,1.74333613,no_prev
V001,454,reuse,29,31,43,0,453,1,0.92920652,0.70000000,0.80000000,1.06301458,0.92920652,,,,0.94671198,no_next
V001,455,switch,33,33,37,37,450,5,0.51693625,30.20000000,-2.20000000,30.28002642,,0.80319587,1.00000000,0.00000000,0.86657756,no_prev
V001,455,reuse,76,9,32,0,454,1,0.90152235,-0.85000000,2.15000000,2.31192560,0.90152235,,,,1.10923485,no_next
V001,457,switch,9,9,54,32,456,1,0.40802946,14.75000000,-0.35000000,14.75415196,0.40802946,0.67986687,,,2.08958345,no_old
V001,457,switch,40,40,55,11,,,,,,,,0.87919614,,,,no_last_seen|no_prev|no_old
V001,458,switch,9,9,32,32,455,3,0.93403065,-1.05000000,0.10000000,1.05475116,,0.92605547,1.00000000,0.00000000,1.02472805,no_prev
V001,458,switch,41,41,46,22,457,1,0.82488852,2.40000000,0.15000000,2.40468293,0.82488852,0.85951119,,,0.96530364,no_old
V001,459,reuse,67,41,46,0,458,1,0.85951119,1.75000000,0.15000000,1.75641681,0.85951119,0.86722875,,,0.95160520,
V001,460,reuse,31,29,43,0,459,1,0.76680962,-1.65000000,3.70000000,4.05123438,0.76680962,0.73771012,,,1.30410466,
V001,461,switch,9,9,35,32,460,1,0.91825581,-0.60000000,-1.95000000,2.04022058,0.91825581,0.88321032,0.47069077,12.14351679,0.91825581,
V001,461,switch,48,48,40,12,450,11,0.74064157,3.20000000,-2.50000000,4.06078810,,0.53715026,0.27995311,12.85933513,0.95202465,no_prev
V001,461,switch,56,56,34,40,460,1,0.78506319,2.25000000,1.00000000,2.46221445,0.78506319,,0.00000000,26.58707393,1.03470806,no_next
V001,462,switch,42,42,22,26,442,20,0.34175790,13.40000000,-4.95000000,14.28504463,,0.88913778,,,0.66851856,no_prev|no_old
V001,462,switch,49,49,10,34,453,9,0.30715107,-11.30000000,6.30000000,12.93754227,,0.89163735,,,1.14294815,no_prev|no_old
V001,463,reuse,41,42,22,0,462,1,0.88913778,-1.40000000,-0.20000000,1.41421356,0.88913778,0.94393625,,,0.96210508,
V001,463,reuse,62,49,10,0,462,1,0.89163735,-1.15000000,-0.15000000,1.15974135,0.89163735,0.90211264,,,1.03422635,
V001,464,reuse,29,31,43,0,463,1,0.86562610,-1.70000000,-2.25000000,2.82001773,0.86562610,,,,0.94244587,no_next
V001,466,reuse,31,29,43,0,464,2,0.59872682,6.25000000,8.45000000,10.51023311,,0.85768086,,,1.12671732,no_prev
V001,471,reuse,76,77,33,0,470,1,0.85433660,2.45000000,-0.75000000,2.56222560,0.85433660,0.93483473,,,0.98067771,
V001,473,switch,42,42,46,22,472,1,0.85895056,-0.80000000,0.85000000,1.16726175,0.85895056,0.94431240,0.41020199,11.75808233,1.16421136,
V001,473,switch,67,67,22,46,472,1,0.86576454,-1.30000000,-1.55000000,2.02299283,0.86576454,0.86826207,0.41020199,11.75808233,0.89454043,
V001,474,reuse,41,42,46,0,473,1,0.94431240,0.55000000,0.70000000,0.89022469,0.94431240,0.82130069,,,1.04447179,
V001,474,reuse,42,67,22,0,473,1,0.86826207,-1.45000000,-0.70000000,1.61012422,0.86826207,0.93838083,,,0.92394502,
V001,475,switch,32,32,37,30,474,1,0.98734015,0.55000000,0.25000000,0.60415230,0.98734015,0.99026503,0.36612581,34.66226334,0.98798837,
V001,475,switch,33,33,30,37,474,1,0.80102899,8.20000000,0.00000000,8.20000000,0.80102899,0.79941592,0.36612581,34.66226334,1.00308035,
V001,476,reuse,33,32,37,0,475,1,0.99026503,0.10000000,-0.15000000,0.18027756,0.99026503,0.98885998,,,0.99352373,
V001,476,reuse,32,33,30,0,475,1,0.79941592,8.30000000,-0.90000000,8.34865259,0.79941592,0.82652529,,,1.02089695,
V001,479,switch,41,41,52,46,478,1,0.85903814,2.05000000,-0.35000000,2.07966343,0.85903814,0.89966939,0.30284775,16.60271062,0.96752962,
V001,480,reuse,17,41,52,0,479,1,0.89966939,1.10000000,0.60000000,1.25299641,0.89966939,0.88350719,,,1.08470648,
V001,485,switch,17,17,46,52,484,1,0.91745177,-1.35000000,-0.10000000,1.35369864,0.91745177,0.90932925,0.11360658,27.50040909,0.98342256,
V001,486,switch,56,56,12,40,472,14,0.24371164,-12.15000000,-0.30000000,12.15370314,,0.84978123,0.00000000,39.94073735,0.98447691,no_prev
V001,486,reuse,42,17,46,0,485,1,0.90932925,-1.35000000,-0.30000000,1.38293167,0.90932925,0.93579862,,,0.96957675,
V001,487,reuse,48,56,12,0,486,1,0.84978123,-1.10000000,-0.50000000,1.20830460,0.84978123,0.94453166,,,0.90250000,
V001,488,switch,42,42,57,46,,,,,,,,0.85328891,0.24831603,19.27958765,,no_last_seen|no_prev
V001,490,reuse,49,64,34,0,489,1,0.93388590,-0.15000000,-0.85000000,0.86313383,0.93388590,0.97214485,,,0.97371334,
V001,491,reuse,77,78,33,0,490,1,0.94940667,-0.60000000,-0.35000000,0.69462220,0.94940667,0.94983318,,,1.02080066,
V001,496,switch,31,31,58,43,,,,,,,,0.98482279,0.51131004,19.63288058,,no_last_seen|no_prev
V001,498,switch,41,41,33,52,497,1,0.91796107,1.25000000,0.25000000,1.27475488,0.91796107,0.88560484,0.33986053,16.09324392,1.01246146,
V001,498,switch,78,78,52,33,497,1,0.87954086,-1.25000000,0.80000000,1.48408221,0.87954086,0.96569266,0.33986053,16.09324392,1.09599282,
V001,499,reuse,78,41,33,0,498,1,0.88560484,0.00000000,-0.55000000,0.55000000,0.88560484,0.93239140,,,0.88560484,
V001,499,reuse,41,78,52,0,498,1,0.96569266,-0.45000000,0.35000000,0.57008771,0.96569266,0.89140751,,,0.98772053,
V001,508,switch,42,42,33,57,507,1,0.93196557,0.85000000,0.95000000,1.27475488,0.93196557,0.95365008,0.21711586,21.19964622,1.03279014,
V001,508,switch,78,78,57,52,507,1,0.89239609,-1.55000000,1.00000000,1.84458667,0.89239609,0.90143380,,,1.04228036,no_old
V001,509,reuse,41,42,33,0,508,1,0.95365008,0.40000000,0.60000000,0.72111026,0.95365008,0.94736842,,,1.04860264,
V001,509,reuse,42,78,57,0,508,1,0.90143380,-1.50000000,0.70000000,1.65529454,0.90143380,0.92830845,,,0.99800995,
V001,514,switch,18,18,47,24,513,1,0.81451239,-2.30000000,0.95000000,2.48847343,0.81451239,0.89061567,0.35679644,14.58638063,1.10133247,
V001,514,switch,42,42,52,33,507,7,0.41485354,12.10000000,4.05000000,12.75980016,,0.89910257,0.35694944,17.05417837,1.32533359,no_prev
V001,514,reuse,42,41,33,0,513,1,0.71209592,6.00000000,-4.20000000,7.32393337,0.71209592,0.91645418,,,0.90207541,
V001,515,reuse,15,18,47,0,514,1,0.89061567,-1.60000000,-0.35000000,1.63783394,0.89061567,,,,1.00796826,no_next
V001,515,reuse,78,42,52,0,514,1,0.89910257,1.20000000,0.85000000,1.47054412,0.89910257,0.95736000,,,1.08238654,
V001,516,switch,9,9,33,35,515,1,0.85054951,0.05000000,-4.15000000,4.15030119,0.85054951,0.89282451,0.37745134,13.52368293,0.85054951,
V001,516,switch,41,41,35,33,515,1,0.83712530,2.40000000,0.35000000,2.42538657,0.83712530,0.90665967,0.37745134,13.52368293,0.99025915,
V001,517,reuse,41,9,33,0,516,1,0.89282451,-0.10000000,-2.40000000,2.40208243,0.89282451,0.91116088,,,0.89282451,
V001,517,reuse,9,41,35,0,516,1,0.90665967,1.20000000,0.10000000,1.20415946,0.90665967,0.90097874,,,0.98233562,
V001,519,switch,18,18,24,47,518,1,0.83553775,-2.40000000,2.40000000,3.39411255,0.83553775,0.91917921,,,1.08803213,no_old
V001,523,switch,10,10,52,54,522,1,0.84848675,-2.95000000,0.00000000,2.95000000,0.84848675,0.89481128,0.13046498,27.81299157,1.00452335,
V001,523,switch,17,17,22,46,522,1,0.95824378,0.40000000,0.90000000,0.98488578,0.95824378,0.95238948,0.36689598,17.78102922,1.04357578,
V001,524,switch,42,42,54,52,523,1,0.66917898,-3.35000000,12.60000000,13.03773370,0.66917898,0.97252621,0.24764211,25.87378016,1.48796724,
V001,524,reuse,42,10,52,0,523,1,0.89481128,1.15000000,2.20000000,2.48243832,0.89481128,0.84365591,,,1.10591917,
V001,524,reuse,67,17,22,0,523,1,0.95238948,0.55000000,1.05000000,1.18532696,0.95238948,0.96320971,,,1.03893943,
V001,525,reuse,10,42,54,0,524,1,0.97252621,0.45000000,0.15000000,0.47434165,0.97252621,0.88813442,,,0.99891531,
V001,530,switch,9,9,54,33,529,1,0.92534487,-1.40000000,1.50000000,2.05182845,0.92534487,0.91829787,0.51769781,20.73698387,1.02084209,
V001,530,switch,42,42,33,54,529,1,0.96911151,-0.35000000,-0.60000000,0.69462220,0.96911151,0.97833506,0.51769781,20.73698387,1.01248069,
V001,530,reuse,78,79,57,0,529,1,0.88410752,-1.00000000,2.20000000,2.41660919,0.88410752,0.86599028,,,1.13108415,
V001,531,reuse,42,9,54,0,530,1,0.91829787,-1.90000000,-0.55000000,1.97800404,0.91829787,0.85215239,,,0.98434861,
V001,531,reuse,9,42,33,0,530,1,0.97833506,0.20000000,0.05000000,0.20615528,0.97833506,0.90901549,,,0.98392857,
V001,554,switch,15,15,22,47,553,1,0.90601452,-0.25000000,-1.60000000,1.61941347,0.90601452,0.89572656,,,0.90601452,no_old
V001,555,reuse,17,15,22,0,554,1,0.89572656,1.05000000,-1.05000000,1.48492424,0.89572656,0.96774070,,,0.90573841,
V001,559,reuse,15,17,22,0,558,1,0.67119410,6.15000000,1.30000000,6.28589691,0.67119410,0.80832975,,,1.10682322,
V001,570,switch,18,18,67,24,,,,,,,,0.94631745,0.00000000,57.22379313,,no_last_seen|no_prev
V001,580,switch,31,31,21,58,579,1,0.87024074,-1.95000000,0.05000000,1.95064092,0.87024074,0.90915272,,,1.01909015,no_old
V001,581,reuse,54,31,21,0,580,1,0.90915272,-1.15000000,0.55000000,1.27475488,0.90915272,0.85814141,,,1.04852844,
V001,582,reuse,17,15,22,0,581,1,0.87451987,-2.25000000,-0.70000000,2.35637433,0.87451987,0.89903822,,,1.01576020,
V001,589,reuse,15,17,22,0,588,1,0.95486363,-0.30000000,-0.95000000,0.99624294,0.95486363,0.93179285,,,0.95486363,
V001,596,switch,15,15,57,22,585,11,0.06188749,-31.30000000,0.90000000,31.31293662,,0.86641978,0.27508204,19.87775138,0.94428480,no_prev
V001,597,reuse,79,15,57,0,596,1,0.86641978,-2.10000000,-1.15000000,2.39426398,0.86641978,0.92757548,,,0.95690617,
V002,313,reuse,14,76,98,0,310,3,0.87297001,-2.00000000,-1.45000000,2.47032387,,0.96162691,,,0.98023786,no_prev
V002,317,switch,17,17,98,100,316,1,0.88047503,-2.10000000,0.60000000,2.18403297,0.88047503,0.92070061,,,0.96325282,no_old
V002,318,switch,76,76,105,98,,,,,,,,0.87754137,0.45262375,13.52081728,,no_last_seen|no_prev
V002,318,reuse,76,17,98,0,317,1,0.92070061,-1.25000000,0.75000000,1.45773797,0.92070061,0.80002374,,,0.97550807,
V002,348,switch,38,38,111,79,,,,,,,,0.85174581,0.07282766,89.90613160,,no_last_seen|no_prev
V002,350,reuse,56,48,107,0,349,1,0.91305436,-0.80000000,0.45000000,0.91787799,0.91305436,0.97137493,,,1.00165837,
V002,353,switch,56,56,113,107,,,,,,,,0.89650360,0.36191267,9.86154146,,no_last_seen|no_prev
V002,358,switch,28,28,96,87,357,1,0.67367231,6.80000000,0.95000000,6.86603962,0.67367231,0.79661371,0.47384132,11.78812962,1.07144445,
V002,359,reuse,31,28,96,0,358,1,0.79661371,3.55000000,0.80000000,3.63902459,0.79661371,0.86759653,,,1.09714872,
V002,364,switch,31,31,82,96,363,1,0.86544703,0.35000000,-3.30000000,3.31850870,0.86544703,0.91216038,0.15893222,25.08565327,0.87318519,
V002,365,reuse,29,31,82,0,364,1,0.91216038,0.15000000,-2.10000000,2.10535033,0.91216038,0.97027969,,,0.92087753,
V002,366,switch,29,29,116,82,,,,,,,,0.98489909,0.48920391,19.67256974,,no_last_seen|no_prev
V002,374,reuse,59,58,91,0,373,1,0.83188773,1.40000000,-1.15000000,1.81176709,0.83188773,0.68470272,,,0.95151578,
V002,383,reuse,48,49,107,0,382,1,0.92585781,-0.70000000,0.45000000,0.83216585,0.92585781,0.95459319,,,1.01998331,
V002,389,switch,18,18,97,95,388,1,0.58052380,-7.10000000,0.30000000,7.10633520,0.58052380,0.75175683,0.00325210,28.63721355,1.14391496,
V002,390,reuse,67,18,97,0,389,1,0.75175683,-3.95000000,1.40000000,4.19076365,0.75175683,0.75963901,,,1.03512858,
V002,391,switch,42,42,99,101,390,1,0.72922714,-3.55000000,0.40000000,3.57246414,0.72922714,0.77178442,0.17059796,17.55861612,0.95795093,
V002,392,reuse,15,42,99,0,391,1,0.77178442,-3.00000000,-0.05000000,3.00041664,0.77178442,0.91459515,,,1.02674646,
V002,394,switch,9,9,108,106,393,1,0.82272862,-3.20000000,-2.05000000,3.80032893,0.82272862,0.86080923,,,0.98709908,no_old
V002,395,switch,48,48,113,107,394,1,0.83323877,2.10000000,-0.05000000,2.10059515,0.83323877,0.95010854,0.01283473,22.90349318,0.98130129,
V002,395,switch,67,67,119,97,,,,,,,,0.93033199,0.13885344,23.57382022,,no_last_seen|no_prev
V002,395,reuse,10,9,108,0,394,1,0.86080923,2.50000000,0.20000000,2.50798724,0.86080923,0.89019691,,,0.95721398,
V002,395,reuse,42,15,99,0,394,1,0.77141821,3.05000000,0.45000000,3.08301800,0.77141821,0.61403575,,,1.04515439,
V002,396,reuse,56,48,113,0,395,1,0.95010854,0.55000000,-0.20000000,0.58523500,0.95010854,0.93053511,,,1.00719533,
V002,400,switch,17,17,106,98,376,24,0.09769952,27.80000000,-40.30000000,48.95845177,,0.93143833,,,1.13552065,no_prev|no_old
V002,401,reuse,9,17,106,0,400,1,0.93143833,-1.00000000,-1.20000000,1.56204994,0.93143833,0.95303246,,,0.98299725,
V002,404,switch,26,26,82,76,400,4,0.77357311,-5.05000000,2.40000000,5.59128787,,0.96663780,,,1.00860996,no_prev|no_old
V002,405,switch,10,10,98,108,390,15,0.27534690,-6.90000000,45.70000000,46.21796188,,,0.64466911,8.07093551,1.14302130,no_prev|no_next
V002,405,switch,15,15,120,99,,,,,,,,0.91455336,0.33435273,11.70982493,,no_last_seen|no_prev
V002,405,reuse,31,26,82,0,404,1,0.96663780,-0.30000000,-0.25000000,0.39051248,0.96663780,0.96648283,,,0.97911445,
V002,405,reuse,15,42,99,0,404,1,0.93799308,0.65000000,0.15000000,0.66708320,0.93799308,0.91654885,,,0.97797865,
V002,407,reuse,17,10,98,0,405,2,0.89229698,0.90000000,3.35000000,3.46878941,,0.87278085,,,1.06353182,no_prev
V002,408,switch,41,41,95,90,390,18,0.70483314,-3.75000000,2.90000000,4.74051685,,0.83363837,,,0.92516738,no_prev|no_old
V002,409,reuse,18,41,95,0,408,1,0.83363837,1.80000000,1.90000000,2.61725047,0.83363837,0.79443992,,,1.09042239,
V002,418,reuse,61,57,85,0,417,1,0.65994291,-3.15000000,-0.85000000,3.26266762,0.65994291,0.82718495,,,0.92094252,
V002,423,switch,61,61,88,85,422,1,0.91034483,-0.60000000,0.70000000,0.92195445,0.91034483,0.94036544,,,1.06716418,no_old
V002,424,reuse,60,61,88,0,423,1,0.94036544,-0.45000000,0.30000000,0.54083269,0.94036544,0.92924528,,,0.95878518,
V002,425,reuse,61,60,88,0,424,1,0.92924528,0.55000000,-0.55000000,0.77781746,0.92924528,0.95111516,,,1.00673866,
V002,426,reuse,60,61,88,0,425,1,0.95111516,-0.25000000,0.20000000,0.32015621,0.95111516,0.91910596,,,0.95111516,
V002,427,switch,31,31,96,82,425,2,0.50031650,-10.55000000,5.70000000,11.99135105,,0.89584412,0.31177682,21.73045098,1.20156599,no_prev
V002,427,reuse,61,60,88,0,426,1,0.91910596,0.80000000,-0.10000000,0.80622577,0.91910596,0.98777795,,,1.00000000,
V002,428,reuse,28,31,96,0,427,1,0.89584412,0.55000000,3.00000000,3.05000000,0.89584412,,,,1.10610104,no_next
V002,429,switch,9,9,106,108,428,1,0.90689013,-1.25000000,0.45000000,1.32853303,0.90689013,0.95002026,,,1.04684632,no_old
V002,430,reuse,17,9,106,0,429,1,0.95002026,-0.50000000,-1.15000000,1.25399362,0.95002026,0.96806190,,,1.04667673,
V002,432,reuse,60,61,88,0,431,1,0.83918273,-1.40000000,-0.65000000,1.54353490,0.83918273,0.86918971,,,0.96163952,
V002,435,reuse,31,28,96,0,428,7,0.39247741,16.45000000,-1.90000000,16.55936291,,0.80284949,,,0.90535518,no_prev
V002,442,switch,31,31,116,96,441,1,0.82630799,-2.45000000,-1.75000000,3.01081384,0.82630799,0.94995130,0.51490144,19.98605764,0.92373099,
V002,443,switch,60,60,123,88,,,,,,,,0.91232953,0.35146776,9.66656609,,no_last_seen|no_prev
V002,443,reuse,29,31,116,0,442,1,0.94995130,0.70000000,-0.10000000,0.70710678,0.94995130,0.94145265,,,0.98647493,
V002,448,switch,17,17,125,106,,,,,,,,0.92959436,0.03337336,32.49249913,,no_last_seen|no_prev
V002,448,switch,76,76,106,105,444,4,0.62240632,-7.05000000,-2.25000000,7.40033783,,0.88182634,,,1.06815816,no_prev|no_old
V002,449,reuse,9,76,106,0,448,1,0.88182634,1.45000000,2.00000000,2.47032387,0.88182634,0.88007887,,,1.01729370,
V002,451,switch,48,48,85,113,450,1,0.87378079,-0.90000000,1.75000000,1.96786687,0.87378079,0.73933599,,,1.08177104,no_old
V002,452,switch,10,10,127,98,,,,,,,,0.96424737,,,,no_last_seen|no_prev|no_old
V002,452,switch,33,33,103,110,451,1,0.82133129,-10.75000000,-7.60000000,13.16520034,0.82133129,0.62312091,,,0.99556406,no_old
V002,452,reuse,57,48,85,0,451,1,0.73933599,-2.90000000,-1.65000000,3.33654012,0.73933599,0.80028793,,,1.01974762,
V002,453,reuse,31,29,116,0,452,1,0.92634115,0.65000000,1.50000000,1.63477827,0.92634115,0.92920652,,,1.01682908,
V002,454,switch,9,9,105,106,444,10,0.57361285,0.20000000,4.30000000,4.30464865,,0.90152235,0.53889732,8.27798285,1.74333613,no_prev
V002,454,reuse,29,31,116,0,453,1,0.92920652,0.70000000,0.80000000,1.06301458,0.92920652,,,,0.94671198,no_next
V002,455,switch,33,33,110,110,450,5,0.51693625,30.20000000,-2.20000000,30.28002642,,0.80319587,1.00000000,0.00000000,0.86657756,no_prev
V002,455,reuse,76,9,105,0,454,1,0.90152235,-0.85000000,2.15000000,2.31192560,0.90152235,,,,1.10923485,no_next
V002,457,switch,9,9,127,105,456,1,0.40802946,14.75000000,-0.35000000,14.75415196,0.40802946,0.67986687,,,2.08958345,no_old
V002,457,switch,40,40,128,84,,,,,,,,0.87919614,,,,no_last_seen|no_prev|no_old
V002,458,switch,9,9,105,105,455,3,0.93403065,-1.05000000,0.10000000,1.05475116,,0.92605547,1.00000000,0.00000000,1.02472805,no_prev
V002,458,switch,41,41,119,95,457,1,0.82488852,2.40000000,0.15000000,2.40468293,0.82488852,0.85951119,,,0.96530364,no_old
V002,459,reuse,67,41,119,0,458,1,0.85951119,1.75000000,0.15000000,1.75641681,0.85951119,0.86722875,,,0.95160520,
V002,460,reuse,31,29,116,0,459,1,0.76680962,-1.65000000,3.70000000,4.05123438,0.76680962,0.73771012,,,1.30410466,
V002,461,switch,9,9,108,105,460,1,0.91825581,-0.60000000,-1.95000000,2.04022058,0.91825581,0.88321032,0.47069077,12.14351679,0.91825581,
V002,461,switch,48,48,113,85,450,11,0.74064157,3.20000000,-2.50000000,4.06078810,,0.53715026,0.27995311,12.85933513,0.95202465,no_prev
V002,461,switch,56,56,107,113,460,1,0.78506319,2.25000000,1.00000000,2.46221445,0.78506319,,0.00000000,26.58707393,1.03470806,no_next
V002,462,switch,42,42,95,99,442,20,0.34175790,13.40000000,-4.95000000,14.28504463,,0.88913778,,,0.66851856,no_prev|no_old
V002,462,switch,49,49,83,107,453,9,0.30715107,-11.30000000,6.30000000,12.93754227,,0.89163735,,,1.14294815,no_prev|no_old
V002,463,reuse,41,42,95,0,462,1,0.88913778,-1.40000000,-0.20000000,1.41421356,0.88913778,0.94393625,,,0.96210508,
V002,463,reuse,62,49,83,0,462,1,0.89163735,-1.15000000,-0.15000000,1.15974135,0.89163735,0.90211264,,,1.03422635,
V002,464,reuse,29,31,116,0,463,1,0.86562610,-1.70000000,-2.25000000,2.82001773,0.86562610,,,,0.94244587,no_next
V002,466,reuse,31,29,116,0,464,2,0.59872682,6.25000000,8.45000000,10.51023311,,0.85768086,,,1.12671732,no_prev
V002,471,reuse,76,77,106,0,470,1,0.85433660,2.45000000,-0.75000000,2.56222560,0.85433660,0.93483473,,,0.98067771,
V002,473,switch,42,42,119,95,472,1,0.85895056,-0.80000000,0.85000000,1.16726175,0.85895056,0.94431240,0.41020199,11.75808233,1.16421136,
V002,473,switch,67,67,95,119,472,1,0.86576454,-1.30000000,-1.55000000,2.02299283,0.86576454,0.86826207,0.41020199,11.75808233,0.89454043,
V002,474,reuse,41,42,119,0,473,1,0.94431240,0.55000000,0.70000000,0.89022469,0.94431240,0.82130069,,,1.04447179,
V002,474,reuse,42,67,95,0,473,1,0.86826207,-1.45000000,-0.70000000,1.61012422,0.86826207,0.93838083,,,0.92394502,
V002,475,switch,32,32,110,103,474,1,0.98734015,0.55000000,0.25000000,0.60415230,0.98734015,0.99026503,0.36612581,34.66226334,0.98798837,
V002,475,switch,33,33,103,110,474,1,0.80102899,8.20000000,0.00000000,8.20000000,0.80102899,0.79941592,0.36612581,34.66226334,1.00308035,
V002,476,reuse,33,32,110,0,475,1,0.99026503,0.10000000,-0.15000000,0.18027756,0.99026503,0.98885998,,,0.99352373,
V002,476,reuse,32,33,103,0,475,1,0.79941592,8.30000000,-0.90000000,8.34865259,0.79941592,0.82652529,,,1.02089695,
V002,479,switch,41,41,125,119,478,1,0.85903814,2.05000000,-0.35000000,2.07966343,0.85903814,0.89966939,0.30284775,16.60271062,0.96752962,
V002,480,reuse,17,41,125,0,479,1,0.89966939,1.10000000,0.60000000,1.25299641,0.89966939,0.88350719,,,1.08470648,
V002,485,switch,17,17,119,125,484,1,0.91745177,-1.35000000,-0.10000000,1.35369864,0.91745177,0.90932925,0.11360658,27.50040909,0.98342256,
V002,486,switch,56,56,85,113,472,14,0.24371164,-12.15000000,-0.30000000,12.15370314,,0.84978123,0.00000000,39.94073735,0.98447691,no_prev
V002,486,reuse,42,17,119,0,485,1,0.90932925,-1.35000000,-0.30000000,1.38293167,0.90932925,0.93579862,,,0.96957675,
V002,487,reuse,48,56,85,0,486,1,0.84978123,-1.10000000,-0.50000000,1.20830460,0.84978123,0.94453166,,,0.90250000,
V002,488,switch,42,42,130,119,,,,,,,,0.85328891,0.24831603,19.27958765,,no_last_seen|no_prev
V002,490,reuse,49,64,107,0,489,1,0.93388590,-0.15000000,-0.85000000,0.86313383,0.93388590,0.97214485,,,0.97371334,
V002,491,reuse,77,78,106,0,490,1,0.94940667,-0.60000000,-0.35000000,0.69462220,0.94940667,0.94983318,,,1.02080066,
V002,496,switch,31,31,131,116,,,,,,,,0.98482279,0.51131004,19.63288058,,no_last_seen|no_prev
V002,498,switch,41,41,106,125,497,1,0.91796107,1.25000000,0.25000000,1.27475488,0.91796107,0.88560484,0.33986053,16.09324392,1.01246146,
V002,498,switch,78,78,125,106,497,1,0.87954086,-1.25000000,0.80000000,1.48408221,0.87954086,0.96569266,0.33986053,16.09324392,1.09599282,
V002,499,reuse,78,41,106,0,498,1,0.88560484,0.00000000,-0.55000000,0.55000000,0.88560484,0.93239140,,,0.88560484,
V002,499,reuse,41,78,125,0,498,1,0.96569266,-0.45000000,0.35000000,0.57008771,0.96569266,0.89140751,,,0.98772053,
V002,508,switch,42,42,106,130,507,1,0.93196557,0.85000000,0.95000000,1.27475488,0.93196557,0.95365008,0.21711586,21.19964622,1.03279014,
V002,508,switch,78,78,130,125,507,1,0.89239609,-1.55000000,1.00000000,1.84458667,0.89239609,0.90143380,,,1.04228036,no_old
V002,509,reuse,41,42,106,0,508,1,0.95365008,0.40000000,0.60000000,0.72111026,0.95365008,0.94736842,,,1.04860264,
V002,509,reuse,42,78,130,0,508,1,0.90143380,-1.50000000,0.70000000,1.65529454,0.90143380,0.92830845,,,0.99800995,
V002,514,switch,18,18,120,97,513,1,0.81451239,-2.30000000,0.95000000,2.48847343,0.81451239,0.89061567,0.35679644,14.58638063,1.10133247,
V002,514,switch,42,42,125,106,507,7,0.41485354,12.10000000,4.05000000,12.75980016,,0.89910257,0.35694944,17.05417837,1.32533359,no_prev
V002,514,reuse,42,41,106,0,513,1,0.71209592,6.00000000,-4.20000000,7.32393337,0.71209592,0.91645418,,,0.90207541,
V002,515,reuse,15,18,120,0,514,1,0.89061567,-1.60000000,-0.35000000,1.63783394,0.89061567,,,,1.00796826,no_next
V002,515,reuse,78,42,125,0,514,1,0.89910257,1.20000000,0.85000000,1.47054412,0.89910257,0.95736000,,,1.08238654,
V002,516,switch,9,9,106,108,515,1,0.85054951,0.05000000,-4.15000000,4.15030119,0.85054951,0.89282451,0.37745134,13.52368293,0.85054951,
V002,516,switch,41,41,108,106,515,1,0.83712530,2.40000000,0.35000000,2.42538657,0.83712530,0.90665967,0.37745134,13.52368293,0.99025915,
V002,517,reuse,41,9,106,0,516,1,0.89282451,-0.10000000,-2.40000000,2.40208243,0.89282451,0.91116088,,,0.89282451,
V002,517,reuse,9,41,108,0,516,1,0.90665967,1.20000000,0.10000000,1.20415946,0.90665967,0.90097874,,,0.98233562,
V002,519,switch,18,18,97,120,518,1,0.83553775,-2.40000000,2.40000000,3.39411255,0.83553775,0.91917921,,,1.08803213,no_old
V002,523,switch,10,10,125,127,522,1,0.84848675,-2.95000000,0.00000000,2.95000000,0.84848675,0.89481128,0.13046498,27.81299157,1.00452335,
V002,523,switch,17,17,95,119,522,1,0.95824378,0.40000000,0.90000000,0.98488578,0.95824378,0.95238948,0.36689598,17.78102922,1.04357578,
V002,524,switch,42,42,127,125,523,1,0.66917898,-3.35000000,12.60000000,13.03773370,0.66917898,0.97252621,0.24764211,25.87378016,1.48796724,
V002,524,reuse,42,10,125,0,523,1,0.89481128,1.15000000,2.20000000,2.48243832,0.89481128,0.84365591,,,1.10591917,
V002,524,reuse,67,17,95,0,523,1,0.95238948,0.55000000,1.05000000,1.18532696,0.95238948,0.96320971,,,1.03893943,
V002,525,reuse,10,42,127,0,524,1,0.97252621,0.45000000,0.15000000,0.47434165,0.97252621,0.88813442,,,0.99891531,
V002,530,switch,9,9,127,106,529,1,0.92534487,-1.40000000,1.50000000,2.05182845,0.92534487,0.91829787,0.51769781,20.73698387,1.02084209,
V002,530,switch,42,42,106,127,529,1,0.96911151,-0.35000000,-0.60000000,0.69462220,0.96911151,0.97833506,0.51769781,20.73698387,1.01248069,
V002,530,reuse,78,79,130,0,529,1,0.88410752,-1.00000000,2.20000000,2.41660919,0.88410752,0.86599028,,,1.13108415,
V002,531,reuse,42,9,127,0,530,1,0.91829787,-1.90000000,-0.55000000,1.97800404,0.91829787,0.85215239,,,0.98434861,
V002,531,reuse,9,42,106,0,530,1,0.97833506,0.20000000,0.05000000,0.20615528,0.97833506,0.90901549,,,0.98392857,
V002,554,switch,15,15,95,120,553,1,0.90601452,-0.25000000,-1.60000000,1.61941347,0.90601452,0.89572656,,,0.90601452,no_old
V002,555,reuse,17,15,95,0,554,1,0.89572656,1.05000000,-1.05000000,1.48492424,0.89572656,0.96774070,,,0.90573841,
V002,559,reuse,15,17,95,0,558,1,0.67119410,6.15000000,1.30000000,6.28589691,0.67119410,0.80832975,,,1.10682322,
V002,570,switch,18,18,140,97,,,,,,,,0.94631745,0.00000000,57.22379313,,no_last_seen|no_prev
V002,580,switch,31,31,94,131,579,1,0.87024074,-1.95000000,0.05000000,1.95064092,0.87024074,0.90915272,,,1.01909015,no_old
V002,581,reuse,54,31,94,0,580,1,0.90915272,-1.15000000,0.55000000,1.27475488,0.90915272,0.85814141,,,1.04852844,
V002,582,reuse,17,15,95,0,581,1,0.87451987,-2.25000000,-0.70000000,2.35637433,0.87451987,0.89903822,,,1.01576020,
V002,589,reuse,15,17,95,0,588,1,0.95486363,-0.30000000,-0.95000000,0.99624294,0.95486363,0.93179285,,,0.95486363,
V002,596,switch,15,15,130,95,585,11,0.06188749,-31.30000000,0.90000000,31.31293662,,0.86641978,0.27508204,19.87775138,0.94428480,no_prev
V002,597,reuse,79,15,130,0,596,1,0.86641978,-2.10000000,-1.15000000,2.39426398,0.86641978,0.92757548,,,0.95690617,
V003,313,reuse,14,76,171,0,310,3,0.87297001,-2.00000000,-1.45000000,2.47032387,,0.96162691,,,0.98023786,no_prev
V003,317,switch,17,17,171,173,316,1,0.88047503,-2.10000000,0.60000000,2.18403297,0.88047503,0.92070061,,,0.96325282,no_old
V003,318,switch,76,76,178,171,,,,,,,,0.87754137,0.45262375,13.52081728,,no_last_seen|no_prev
V003,318,reuse,76,17,171,0,317,1,0.92070061,-1.25000000,0.75000000,1.45773797,0.92070061,0.80002374,,,0.97550807,
V003,348,switch,38,38,184,152,,,,,,,,0.85174581,0.07282766,89.90613160,,no_last_seen|no_prev
V003,350,reuse,56,48,180,0,349,1,0.91305436,-0.80000000,0.45000000,0.91787799,0.91305436,0.97137493,,,1.00165837,
V003,353,switch,56,56,186,180,,,,,,,,0.89650360,0.36191267,9.86154146,,no_last_seen|no_prev
V003,358,switch,28,28,169,160,357,1,0.67367231,6.80000000,0.95000000,6.86603962,0.67367231,0.79661371,0.47384132,11.78812962,1.07144445,
V003,359,reuse,31,28,169,0,358,1,0.79661371,3.55000000,0.80000000,3.63902459,0.79661371,0.86759653,,,1.09714872,
V003,364,switch,31,31,155,169,363,1,0.86544703,0.35000000,-3.30000000,3.31850870,0.86544703,0.91216038,0.15893222,25.08565327,0.87318519,
V003,365,reuse,29,31,155,0,364,1,0.91216038,0.15000000,-2.10000000,2.10535033,0.91216038,0.97027969,,,0.92087753,
V003,366,switch,29,29,189,155,,,,,,,,0.98489909,0.48920391,19.67256974,,no_last_seen|no_prev
V003,374,reuse,59,58,164,0,373,1,0.83188773,1.40000000,-1.15000000,1.81176709,0.83188773,0.68470272,,,0.95151578,
V003,383,reuse,48,49,180,0,382,1,0.92585781,-0.70000000,0.45000000,0.83216585,0.92585781,0.95459319,,,1.01998331,
V003,389,switch,18,18,170,168,388,1,0.58052380,-7.10000000,0.30000000,7.10633520,0.58052380,0.75175683,0.00325210,28.63721355,1.14391496,
V003,390,reuse,67,18,170,0,389,1,0.75175683,-3.95000000,1.40000000,4.19076365,0.75175683,0.75963901,,,1.03512858,
V003,391,switch,42,42,172,174,390,1,0.72922714,-3.55000000,0.40000000,3.57246414,0.72922714,0.77178442,0.17059796,17.55861612,0.95795093,
V003,392,reuse,15,42,172,0,391,1,0.77178442,-3.00000000,-0.05000000,3.00041664,0.77178442,0.91459515,,,1.02674646,
V003,394,switch,9,9,181,179,393,1,0.82272862,-3.20000000,-2.05000000,3.80032893,0.82272862,0.86080923,,,0.98709908,no_old
V003,395,switch,48,48,186,180,394,1,0.83323877,2.10000000,-0.05000000,2.10059515,0.83323877,0.95010854,0.01283473,22.90349318,0.98130129,
V003,395,switch,67,67,192,170,,,,,,,,0.93033199,0.13885344,23.57382022,,no_last_seen|no_prev
V003,395,reuse,10,9,181,0,394,1,0.86080923,2.50000000,0.20000000,2.50798724,0.86080923,0.89019691,,,0.95721398,
V003,395,reuse,42,15,172,0,394,1,0.77141821,3.05000000,0.45000000,3.08301800,0.77141821,0.61403575,,,1.04515439,
V003,396,reuse,56,48,186,0,395,1,0.95010854,0.55000000,-0.20000000,0.58523500,0.95010854,0.93053511,,,1.00719533,
V003,400,switch,17,17,179,171,376,24,0.09769952,27.80000000,-40.30000000,48.95845177,,0.93143833,,,1.13552065,no_prev|no_old
V003,401,reuse,9,17,179,0,400,1,0.93143833,-1.00000000,-1.20000000,1.56204994,0.93143833,0.95303246,,,0.98299725,
V003,404,switch,26,26,155,149,400,4,0.77357311,-5.05000000,2.40000000,5.59128787,,0.96663780,,,1.00860996,no_prev|no_old
V003,405,switch,10,10,171,181,390,15,0.27534690,-6.90000000,45.70000000,46.21796188,,,0.64466911,8.07093551,1.14302130,no_prev|no_next
V003,405,switch,15,15,193,172,,,,,,,,0.91455336,0.33435273,11.70982493,,no_last_seen|no_prev
V003,405,reuse,31,26,155,0,404,1,0.96663780,-0.30000000,-0.25000000,0.39051248,0.96663780,0.96648283,,,0.97911445,
V003,405,reuse,15,42,172,0,404,1,0.93799308,0.65000000,0.15000000,0.66708320,0.93799308,0.91654885,,,0.97797865,
V003,407,reuse,17,10,171,0,405,2,0.89229698,0.90000000,3.35000000,3.46878941,,0.87278085,,,1.06353182,no_prev
V003,408,switch,41,41,168,163,390,18,0.70483314,-3.75000000,2.90000000,4.74051685,,0.83363837,,,0.92516738,no_prev|no_old
V003,409,reuse,18,41,168,0,408,1,0.83363837,1.80000000,1.90000000,2.61725047,0.83363837,0.79443992,,,1.09042239,
V003,418,reuse,61,57,158,0,417,1,0.65994291,-3.15000000,-0.85000000,3.26266762,0.65994291,0.82718495,,,0.92094252,
V003,423,switch,61,61,161,158,422,1,0.91034483,-0.60000000,0.70000000,0.92195445,0.91034483,0.94036544,,,1.06716418,no_old
V003,424,reuse,60,61,161,0,423,1,0.94036544,-0.45000000,0.30000000,0.54083269,0.94036544,0.92924528,,,0.95878518,
V003,425,reuse,61,60,161,0,424,1,0.92924528,0.55000000,-0.55000000,0.77781746,0.92924528,0.95111516,,,1.00673866,
V003,426,reuse,60,61,161,0,425,1,0.95111516,-0.25000000,0.20000000,0.32015621,0.95111516,0.91910596,,,0.95111516,
V003,427,switch,31,31,169,155,425,2,0.50031650,-10.55000000,5.70000000,11.99135105,,0.89584412,0.31177682,21.73045098,1.20156599,no_prev
V003,427,reuse,61,60,161,0,426,1,0.91910596,0.80000000,-0.10000000,0.80622577,0.91910596,0.98777795,,,1.00000000,
V003,428,reuse,28,31,169,0,427,1,0.89584412,0.55000000,3.00000000,3.05000000,0.89584412,,,,1.10610104,no_next
V003,429,switch,9,9,179,181,428,1,0.90689013,-1.25000000,0.45000000,1.32853303,0.90689013,0.95002026,,,1.04684632,no_old
V003,430,reuse,17,9,179,0,429,1,0.95002026,-0.50000000,-1.15000000,1.25399362,0.95002026,0.96806190,,,1.04667673,
V003,432,reuse,60,61,161,0,431,1,0.83918273,-1.40000000,-0.65000000,1.54353490,0.83918273,0.86918971,,,0.96163952,
V003,435,reuse,31,28,169,0,428,7,0.39247741,16.45000000,-1.90000000,16.55936291,,0.80284949,,,0.90535518,no_prev
V003,442,switch,31,31,189,169,441,1,0.82630799,-2.45000000,-1.75000000,3.01081384,0.82630799,0.94995130,0.51490144,19.98605764,0.92373099,
V003,443,switch,60,60,196,161,,,,,,,,0.91232953,0.35146776,9.66656609,,no_last_seen|no_prev
V003,443,reuse,29,31,189,0,442,1,0.94995130,0.70000000,-0.10000000,0.70710678,0.94995130,0.94145265,,,0.98647493,
V003,448,switch,17,17,198,179,,,,,,,,0.92959436,0.03337336,32.49249913,,no_last_seen|no_prev
V003,448,switch,76,76,179,178,444,4,0.62240632,-7.05000000,-2.25000000,7.40033783,,0.88182634,,,1.06815816,no_prev|no_old
V003,449,reuse,9,76,179,0,448,1,0.88182634,1.45000000,2.00000000,2.47032387,0.88182634,0.88007887,,,1.01729370,
V003,451,switch,48,48,158,186,450,1,0.87378079,-0.90000000,1.75000000,1.96786687,0.87378079,0.73933599,,,1.08177104,no_old
V003,452,switch,10,10,200,171,,,,,,,,0.96424737,,,,no_last_seen|no_prev|no_old
V003,452,switch,33,33,176,183,451,1,0.82133129,-10.75000000,-7.60000000,13.16520034,0.82133129,0.62312091,,,0.99556406,no_old
V003,452,reuse,57,48,158,0,451,1,0.73933599,-2.90000000,-1.65000000,3.33654012,0.73933599,0.80028793,,,1.01974762,
V003,453,reuse,31,29,189,0,452,1,0.92634115,0.65000000,1.50000000,1.63477827,0.92634115,0.92920652,,,1.01682908,
V003,454,switch,9,9,178,179,444,10,0.57361285,0.20000000,4.30000000,4.30464865,,0.90152235,0.53889732,8.27798285,1.74333613,no_prev
V003,454,reuse,29,31,189,0,453,1,0.92920652,0.70000000,0.80000000,1.06301458,0.92920652,,,,0.94671198,no_next
V003,455,switch,33,33,183,183,450,5,0.51693625,30.20000000,-2.20000000,30.28002642,,0.80319587,1.00000000,0.00000000,0.86657756,no_prev
V003,455,reuse,76,9,178,0,454,1,0.90152235,-0.85000000,2.15000000,2.31192560,0.90152235,,,,1.10923485,no_next
V003,457,switch,9,9,200,178,456,1,0.40802946,14.75000000,-0.35000000,14.75415196,0.40802946,0.67986687,,,2.08958345,no_old
V003,457,switch,40,40,201,157,,,,,,,,0.87919614,,,,no_last_seen|no_prev|no_old
V003,458,switch,9,9,178,178,455,3,0.93403065,-1.05000000,0.10000000,1.05475116,,0.92605547,1.00000000,0.00000000,1.02472805,no_prev
V003,458,switch,41,41,192,168,457,1,0.82488852,2.40000000,0.15000000,2.40468293,0.82488852,0.85951119,,,0.96530364,no_old
V003,459,reuse,67,41,192,0,458,1,0.85951119,1.75000000,0.15000000,1.75641681,0.85951119,0.86722875,,,0.95160520,
V003,460,reuse,31,29,189,0,459,1,0.76680962,-1.65000000,3.70000000,4.05123438,0.76680962,0.73771012,,,1.30410466,
V003,461,switch,9,9,181,178,460,1,0.91825581,-0.60000000,-1.95000000,2.04022058,0.91825581,0.88321032,0.47069077,12.14351679,0.91825581,
V003,461,switch,48,48,186,158,450,11,0.74064157,3.20000000,-2.50000000,4.06078810,,0.53715026,0.27995311,12.85933513,0.95202465,no_prev
V003,461,switch,56,56,180,186,460,1,0.78506319,2.25000000,1.00000000,2.46221445,0.78506319,,0.00000000,26.58707393,1.03470806,no_next
V003,462,switch,42,42,168,172,442,20,0.34175790,13.40000000,-4.95000000,14.28504463,,0.88913778,,,0.66851856,no_prev|no_old
V003,462,switch,49,49,156,180,453,9,0.30715107,-11.30000000,6.30000000,12.93754227,,0.89163735,,,1.14294815,no_prev|no_old
V003,463,reuse,41,42,168,0,462,1,0.88913778,-1.40000000,-0.20000000,1.41421356,0.88913778,0.94393625,,,0.96210508,
V003,463,reuse,62,49,156,0,462,1,0.89163735,-1.15000000,-0.15000000,1.15974135,0.89163735,0.90211264,,,1.03422635,
V003,464,reuse,29,31,189,0,463,1,0.86562610,-1.70000000,-2.25000000,2.82001773,0.86562610,,,,0.94244587,no_next
V003,466,reuse,31,29,189,0,464,2,0.59872682,6.25000000,8.45000000,10.51023311,,0.85768086,,,1.12671732,no_prev
V003,471,reuse,76,77,179,0,470,1,0.85433660,2.45000000,-0.75000000,2.56222560,0.85433660,0.93483473,,,0.98067771,
V003,473,switch,42,42,192,168,472,1,0.85895056,-0.80000000,0.85000000,1.16726175,0.85895056,0.94431240,0.41020199,11.75808233,1.16421136,
V003,473,switch,67,67,168,192,472,1,0.86576454,-1.30000000,-1.55000000,2.02299283,0.86576454,0.86826207,0.41020199,11.75808233,0.89454043,
V003,474,reuse,41,42,192,0,473,1,0.94431240,0.55000000,0.70000000,0.89022469,0.94431240,0.82130069,,,1.04447179,
V003,474,reuse,42,67,168,0,473,1,0.86826207,-1.45000000,-0.70000000,1.61012422,0.86826207,0.93838083,,,0.92394502,
V003,475,switch,32,32,183,176,474,1,0.98734015,0.55000000,0.25000000,0.60415230,0.98734015,0.99026503,0.36612581,34.66226334,0.98798837,
V003,475,switch,33,33,176,183,474,1,0.80102899,8.20000000,0.00000000,8.20000000,0.80102899,0.79941592,0.36612581,34.66226334,1.00308035,
V003,476,reuse,33,32,183,0,475,1,0.99026503,0.10000000,-0.15000000,0.18027756,0.99026503,0.98885998,,,0.99352373,
V003,476,reuse,32,33,176,0,475,1,0.79941592,8.30000000,-0.90000000,8.34865259,0.79941592,0.82652529,,,1.02089695,
V003,479,switch,41,41,198,192,478,1,0.85903814,2.05000000,-0.35000000,2.07966343,0.85903814,0.89966939,0.30284775,16.60271062,0.96752962,
V003,480,reuse,17,41,198,0,479,1,0.89966939,1.10000000,0.60000000,1.25299641,0.89966939,0.88350719,,,1.08470648,
V003,485,switch,17,17,192,198,484,1,0.91745177,-1.35000000,-0.10000000,1.35369864,0.91745177,0.90932925,0.11360658,27.50040909,0.98342256,
V003,486,switch,56,56,158,186,472,14,0.24371164,-12.15000000,-0.30000000,12.15370314,,0.84978123,0.00000000,39.94073735,0.98447691,no_prev
V003,486,reuse,42,17,192,0,485,1,0.90932925,-1.35000000,-0.30000000,1.38293167,0.90932925,0.93579862,,,0.96957675,
V003,487,reuse,48,56,158,0,486,1,0.84978123,-1.10000000,-0.50000000,1.20830460,0.84978123,0.94453166,,,0.90250000,
V003,488,switch,42,42,203,192,,,,,,,,0.85328891,0.24831603,19.27958765,,no_last_seen|no_prev
V003,490,reuse,49,64,180,0,489,1,0.93388590,-0.15000000,-0.85000000,0.86313383,0.93388590,0.97214485,,,0.97371334,
V003,491,reuse,77,78,179,0,490,1,0.94940667,-0.60000000,-0.35000000,0.69462220,0.94940667,0.94983318,,,1.02080066,
V003,496,switch,31,31,204,189,,,,,,,,0.98482279,0.51131004,19.63288058,,no_last_seen|no_prev
V003,498,switch,41,41,179,198,497,1,0.91796107,1.25000000,0.25000000,1.27475488,0.91796107,0.88560484,0.33986053,16.09324392,1.01246146,
V003,498,switch,78,78,198,179,497,1,0.87954086,-1.25000000,0.80000000,1.48408221,0.87954086,0.96569266,0.33986053,16.09324392,1.09599282,
V003,499,reuse,78,41,179,0,498,1,0.88560484,0.00000000,-0.55000000,0.55000000,0.88560484,0.93239140,,,0.88560484,
V003,499,reuse,41,78,198,0,498,1,0.96569266,-0.45000000,0.35000000,0.57008771,0.96569266,0.89140751,,,0.98772053,
V003,508,switch,42,42,179,203,507,1,0.93196557,0.85000000,0.95000000,1.27475488,0.93196557,0.95365008,0.21711586,21.19964622,1.03279014,
V003,508,switch,78,78,203,198,507,1,0.89239609,-1.55000000,1.00000000,1.84458667,0.89239609,0.90143380,,,1.04228036,no_old
V003,509,reuse,41,42,179,0,508,1,0.95365008,0.40000000,0.60000000,0.72111026,0.95365008,0.94736842,,,1.04860264,
V003,509,reuse,42,78,203,0,508,1,0.90143380,-1.50000000,0.70000000,1.65529454,0.90143380,0.92830845,,,0.99800995,
V003,514,switch,18,18,193,170,513,1,0.81451239,-2.30000000,0.95000000,2.48847343,0.81451239,0.89061567,0.35679644,14.58638063,1.10133247,
V003,514,switch,42,42,198,179,507,7,0.41485354,12.10000000,4.05000000,12.75980016,,0.89910257,0.35694944,17.05417837,1.32533359,no_prev
V003,514,reuse,42,41,179,0,513,1,0.71209592,6.00000000,-4.20000000,7.32393337,0.71209592,0.91645418,,,0.90207541,
V003,515,reuse,15,18,193,0,514,1,0.89061567,-1.60000000,-0.35000000,1.63783394,0.89061567,,,,1.00796826,no_next
V003,515,reuse,78,42,198,0,514,1,0.89910257,1.20000000,0.85000000,1.47054412,0.89910257,0.95736000,,,1.08238654,
V003,516,switch,9,9,179,181,515,1,0.85054951,0.05000000,-4.15000000,4.15030119,0.85054951,0.89282451,0.37745134,13.52368293,0.85054951,
V003,516,switch,41,41,181,179,515,1,0.83712530,2.40000000,0.35000000,2.42538657,0.83712530,0.90665967,0.37745134,13.52368293,0.99025915,
V003,517,reuse,41,9,179,0,516,1,0.89282451,-0.10000000,-2.40000000,2.40208243,0.89282451,0.91116088,,,0.89282451,
V003,517,reuse,9,41,181,0,516,1,0.90665967,1.20000000,0.10000000,1.20415946,0.90665967,0.90097874,,,0.98233562,
V003,519,switch,18,18,170,193,518,1,0.83553775,-2.40000000,2.40000000,3.39411255,0.83553775,0.91917921,,,1.08803213,no_old
V003,523,switch,10,10,198,200,522,1,0.84848675,-2.95000000,0.00000000,2.95000000,0.84848675,0.89481128,0.13046498,27.81299157,1.00452335,
V003,523,switch,17,17,168,192,522,1,0.95824378,0.40000000,0.90000000,0.98488578,0.95824378,0.95238948,0.36689598,17.78102922,1.04357578,
V003,524,switch,42,42,200,198,523,1,0.66917898,-3.35000000,12.60000000,13.03773370,0.66917898,0.97252621,0.24764211,25.87378016,1.48796724,
V003,524,reuse,42,10,198,0,523,1,0.89481128,1.15000000,2.20000000,2.48243832,0.89481128,0.84365591,,,1.10591917,
V003,524,reuse,67,17,168,0,523,1,0.95238948,0.55000000,1.05000000,1.18532696,0.95238948,0.96320971,,,1.03893943,
V003,525,reuse,10,42,200,0,524,1,0.97252621,0.45000000,0.15000000,0.47434165,0.97252621,0.88813442,,,0.99891531,
V003,530,switch,9,9,200,179,529,1,0.92534487,-1.40000000,1.50000000,2.05182845,0.92534487,0.91829787,0.51769781,20.73698387,1.02084209,
V003,530,switch,42,42,179,200,529,1,0.96911151,-0.35000000,-0.60000000,0.69462220,0.96911151,0.97833506,0.51769781,20.73698387,1.01248069,
V003,530,reuse,78,79,203,0,529,1,0.88410752,-1.00000000,2.20000000,2.41660919,0.88410752,0.86599028,,,1.13108415,
V003,531,reuse,42,9,200,0,530,1,0.91829787,-1.90000000,-0.55000000,1.97800404,0.91829787,0.85215239,,,0.98434861,
V003,531,reuse,9,42,179,0,530,1,0.97833506,0.20000000,0.05000000,0.20615528,0.97833506,0.90901549,,,0.98392857,
V003,554,switch,15,15,168,193,553,1,0.90601452,-0.25000000,-1.60000000,1.61941347,0.90601452,0.89572656,,,0.90601452,no_old
V003,555,reuse,17,15,168,0,554,1,0.89572656,1.05000000,-1.05000000,1.48492424,0.89572656,0.96774070,,,0.90573841,
V003,559,reuse,15,17,168,0,558,1,0.67119410,6.15000000,1.30000000,6.28589691,0.67119410,0.80832975,,,1.10682322,
V003,570,switch,18,18,213,170,,,,,,,,0.94631745,0.00000000,57.22379313,,no_last_seen|no_prev
V003,580,switch,31,31,167,204,579,1,0.87024074,-1.95000000,0.05000000,1.95064092,0.87024074,0.90915272,,,1.01909015,no_old
V003,581,reuse,54,31,167,0,580,1,0.90915272,-1.15000000,0.55000000,1.27475488,0.90915272,0.85814141,,,1.04852844,
V003,582,reuse,17,15,168,0,581,1,0.87451987,-2.25000000,-0.70000000,2.35637433,0.87451987,0.89903822,,,1.01576020,
V003,589,reuse,15,17,168,0,588,1,0.95486363,-0.30000000,-0.95000000,0.99624294,0.95486363,0.93179285,,,0.95486363,
V003,596,switch,15,15,203,168,585,11,0.06188749,-31.30000000,0.90000000,31.31293662,,0.86641978,0.27508204,19.87775138,0.94428480,no_prev
V003,597,reuse,79,15,203,0,596,1,0.86641978,-2.10000000,-1.15000000,2.39426398,0.86641978,0.92757548,,,0.95690617,
V004,624,switch,93,93,269,256,,,,,,,,0.99284276,,,,no_last_seen|no_prev|no_old
V004,839,switch,93,93,233,269,838,1,0.98594830,0.25000000,-0.10000000,0.26925824,0.98594830,0.99285678,0.47204835,18.07906248,0.99374882,
V004,839,switch,96,96,269,233,838,1,0.99433906,-0.10000000,0.05000000,0.11180340,0.99433906,0.99065716,0.47204835,18.07906248,0.99941072,
V004,840,reuse,96,93,233,0,839,1,0.99285678,-0.10000000,0.20000000,0.22360680,0.99285678,0.98472328,,,1.00719461,
V004,840,reuse,93,96,269,0,839,1,0.99065716,-0.15000000,0.05000000,0.15811388,0.99065716,0.98160113,,,1.00431790,
V004,900,reuse,141,114,270,0,899,1,0.91001989,1.00000000,-1.05000000,1.45000000,0.91001989,0.98782895,,,1.09887708,
V004,915,switch,141,141,285,270,,,,,,,,0.84705378,0.09891185,44.42324842,,no_last_seen|no_prev
V004,936,switch,141,141,276,285,935,1,0.97402368,0.15000000,-1.60000000,1.60701587,0.97402368,0.97646292,,,1.02526070,no_old
V004,937,reuse,115,141,276,0,936,1,0.97646292,0.05000000,-0.80000000,0.80156098,0.97646292,0.96217499,,,0.98708752,
V004,938,reuse,141,115,276,0,937,1,0.96217499,0.00000000,2.20000000,2.20000000,0.96217499,0.92470610,,,0.99262867,
V004,956,switch,141,141,285,276,934,22,0.61121372,-8.70000000,-4.60000000,9.84123976,,0.95003533,0.57469505,18.90568698,0.76971055,no_prev
V005,624,switch,93,93,339,326,,,,,,,,0.99284276,,,,no_last_seen|no_prev|no_old
V005,839,switch,93,93,303,339,838,1,0.98594830,0.25000000,-0.10000000,0.26925824,0.98594830,0.99285678,0.47204835,18.07906248,0.99374882,
V005,839,switch,96,96,339,303,838,1,0.99433906,-0.10000000,0.05000000,0.11180340,0.99433906,0.99065716,0.47204835,18.07906248,0.99941072,
V005,840,reuse,96,93,303,0,839,1,0.99285678,-0.10000000,0.20000000,0.22360680,0.99285678,0.98472328,,,1.00719461,
V005,840,reuse,93,96,339,0,839,1,0.99065716,-0.15000000,0.05000000,0.15811388,0.99065716,0.98160113,,,1.00431790,
V005,900,reuse,141,114,340,0,899,1,0.91001989,1.00000000,-1.05000000,1.45000000,0.91001989,0.98782895,,,1.09887708,
V005,915,switch,141,141,355,340,,,,,,,,0.84705378,0.09891185,44.42324842,,no_last_seen|no_prev
V005,936,switch,141,141,346,355,935,1,0.97402368,0.15000000,-1.60000000,1.60701587,0.97402368,0.97646292,,,1.02526070,no_old
V005,937,reuse,115,141,346,0,936,1,0.97646292,0.05000000,-0.80000000,0.80156098,0.97646292,0.96217499,,,0.98708752,
V005,938,reuse,141,115,346,0,937,1,0.96217499,0.00000000,2.20000000,2.20000000,0.96217499,0.92470610,,,0.99262867,
V005,956,switch,141,141,355,346,934,22,0.61121372,-8.70000000,-4.60000000,9.84123976,,0.95003533,0.57469505,18.90568698,0.76971055,no_prev
V006,624,switch,93,93,409,396,,,,,,,,0.99284276,,,,no_last_seen|no_prev|no_old
V006,839,switch,93,93,373,409,838,1,0.98594830,0.25000000,-0.10000000,0.26925824,0.98594830,0.99285678,0.47204835,18.07906248,0.99374882,
V006,839,switch,96,96,409,373,838,1,0.99433906,-0.10000000,0.05000000,0.11180340,0.99433906,0.99065716,0.47204835,18.07906248,0.99941072,
V006,840,reuse,96,93,373,0,839,1,0.99285678,-0.10000000,0.20000000,0.22360680,0.99285678,0.98472328,,,1.00719461,
V006,840,reuse,93,96,409,0,839,1,0.99065716,-0.15000000,0.05000000,0.15811388,0.99065716,0.98160113,,,1.00431790,
V006,900,reuse,141,114,410,0,899,1,0.91001989,1.00000000,-1.05000000,1.45000000,0.91001989,0.98782895,,,1.09887708,
V006,915,switch,141,141,425,410,,,,,,,,0.84705378,0.09891185,44.42324842,,no_last_seen|no_prev
V006,936,switch,141,141,416,425,935,1,0.97402368,0.15000000,-1.60000000,1.60701587,0.97402368,0.97646292,,,1.02526070,no_old
V006,937,reuse,115,141,416,0,936,1,0.97646292,0.05000000,-0.80000000,0.80156098,0.97646292,0.96217499,,,0.98708752,
V006,938,reuse,141,115,416,0,937,1,0.96217499,0.00000000,2.20000000,2.20000000,0.96217499,0.92470610,,,0.99262867,
V006,956,switch,141,141,425,416,934,22,0.61121372,-8.70000000,-4.60000000,9.84123976,,0.95003533,0.57469505,18.90568698,0.76971055,no_prev
V007,420,switch,48,48,434,433,419,1,0.68756205,3.35000000,-1.05000000,3.51069794,0.68756205,0.67459469,,,1.24463519,no_old
V007,421,reuse,49,48,434,0,420,1,0.67459469,-4.90000000,0.70000000,4.94974747,0.67459469,0.66895870,,,1.00766284,
V007,422,switch,49,49,435,434,,,,,,,,0.60621206,0.39299825,10.57000473,,no_last_seen|no_prev
V007,443,switch,124,124,438,439,442,1,0.64914907,-60.25000000,3.10000000,60.32969833,0.64914907,0.77048223,,,1.17173773,no_old
V007,444,switch,49,49,434,435,438,6,0.08487560,-19.95000000,2.25000000,20.07647877,,0.89778522,,,0.72922869,no_prev|no_old
V007,444,reuse,51,124,438,0,443,1,0.77048223,-43.20000000,-4.20000000,43.40368648,0.77048223,0.78992772,,,0.99665316,
V007,445,switch,48,48,442,434,,,,,,,,0.82353609,0.32308619,11.16288493,,no_last_seen|no_prev
V007,445,reuse,48,49,434,0,444,1,0.89778522,0.80000000,1.15000000,1.40089257,0.89778522,0.87922964,,,0.98938721,
V007,447,switch,124,124,439,438,440,7,0.62903989,40.20000000,-1.05000000,40.21371035,,0.91192987,,,0.82866898,no_prev|no_old
V007,463,switch,48,48,434,442,462,1,0.40235894,8.05000000,4.40000000,9.17401221,0.40235894,0.88378078,,,1.18401511,no_old
V007,464,reuse,49,48,434,0,463,1,0.88378078,1.05000000,0.50000000,1.16297033,0.88378078,0.82920563,,,1.05363921,
V007,522,switch,54,54,440,437,521,1,0.79662055,3.60000000,2.40000000,4.32666153,0.79662055,0.73813541,,,0.79662055,no_old
V007,530,switch,54,54,437,437,514,16,0.21128829,45.15000000,23.15000000,50.73898895,,0.88667183,1.00000000,0.00000000,0.77745014,no_prev
V007,558,switch,60,60,440,449,557,1,0.42905723,31.00000000,-18.50000000,36.10055401,0.42905723,0.54846920,0.34467952,48.38853170,0.53810396,
V007,558,reuse,60,62,449,0,557,1,0.79330483,8.80000000,5.95000000,10.62273505,0.79330483,0.64561797,,,1.10489725,
V007,559,reuse,52,60,440,0,558,1,0.54846920,21.15000000,-14.20000000,25.47474239,0.54846920,0.79695706,,,0.76321550,
V007,561,switch,52,52,443,440,559,2,0.41148826,42.10000000,9.35000000,43.12577536,,0.85771969,0.13090682,81.90579955,1.42337491,no_prev
V007,562,reuse,55,52,443,0,561,1,0.85771969,5.70000000,1.80000000,5.97745765,0.85771969,0.85561190,,,1.14233986,
V007,586,reuse,59,129,447,0,574,12,0.52699342,-9.35000000,11.25000000,14.62822614,,0.90995420,,,1.89755690,no_prev
V007,589,switch,53,53,443,441,583,6,0.48782059,34.80000000,6.45000000,35.39268992,,0.87480287,,,0.75723045,no_prev|no_old
V007,590,reuse,52,53,443,0,589,1,0.87480287,-6.40000000,-1.45000000,6.56220237,0.87480287,0.77164291,,,0.95828806,
V007,593,switch,54,54,441,437,588,5,0.40090035,-34.85000000,-8.60000000,35.89543843,,0.80723333,,,0.70650541,no_prev|no_old
V007,594,reuse,53,54,441,0,593,1,0.80723333,-7.95000000,-3.25000000,8.58865531,0.80723333,0.70866362,,,0.95598519,
V007,602,switch,54,54,437,441,592,10,0.00000000,-91.05000000,5.75000000,91.23138166,,0.87653836,,,0.90793719,no_prev|no_old
V007,605,reuse,53,67,443,0,604,1,0.88966320,-4.70000000,-1.20000000,4.85077313,0.88966320,0.92454956,,,1.04055366,
V007,617,reuse,54,109,441,0,616,1,0.91842259,1.00000000,-4.40000000,4.51220567,0.91842259,0.86595416,,,0.97468167,
V007,630,reuse,54,68,437,0,616,14,0.10538151,-55.20000000,-8.55000000,55.85823574,,0.86616014,,,0.19875321,no_prev
V007,689,reuse,75,74,459,0,683,6,0.17504880,-5.65000000,2.25000000,6.08152941,,0.83690866,,,5.71269270,no_prev
V007,694,reuse,74,75,459,0,693,1,0.56706877,9.55000000,-3.75000000,10.25987329,0.56706877,0.85660586,,,0.59085357,
V007,710,reuse,75,82,459,0,705,5,0.27246557,35.50000000,-7.60000000,36.30440745,,0.91257470,,,1.46039201,no_prev
V007,710,reuse,77,154,461,0,709,1,0.62693038,17.25000000,8.40000000,19.18651870,0.62693038,,,,1.23304093,no_next
V007,733,switch,136,136,472,471,731,2,0.61198137,3.80000000,4.10000000,5.59016994,,0.83862936,,,1.09606386,no_prev|no_old
V007,734,reuse,131,86,468,0,732,2,0.16081225,10.15000000,12.00000000,15.71694945,,0.77838589,,,6.21843164,no_prev
V007,753,reuse,89,98,478,0,752,1,0.28601786,18.50000000,2.40000000,18.65502613,0.28601786,0.34621096,,,0.83754166,
V007,754,switch,83,83,453,469,741,13,0.70170129,7.25000000,-1.25000000,7.35696948,,0.82649991,,,0.93508164,no_prev|no_old
V007,755,switch,89,89,479,478,,,,,,,,0.74170882,0.17978328,25.71308033,,no_last_seen|no_prev
V007,755,reuse,66,83,453,0,754,1,0.82649991,3.30000000,-2.55000000,4.17043163,0.82649991,0.74859190,,,0.92368354,
V007,759,reuse,136,96,472,0,758,1,0.93508719,0.30000000,1.75000000,1.77552809,0.93508719,0.90822918,,,0.97067132,
V007,761,switch,84,84,478,477,755,6,0.00000000,36.75000000,-0.35000000,36.75166663,,0.83071628,,,0.74801566,no_prev|no_old
V007,762,switch,96,96,477,472,755,7,0.13324688,20.85000000,-6.25000000,21.76660286,,0.67982392,,,0.93656510,no_prev|no_old
V007,762,switch,98,98,479,478,757,5,0.02969341,40.35000000,-4.45000000,40.59464250,,0.82085148,0.27942447,17.40351976,0.95973907,no_prev
V007,762,reuse,98,84,478,0,761,1,0.83071628,1.70000000,-2.55000000,3.06471858,0.83071628,0.65876296,,,0.97668836,
V007,763,reuse,84,96,477,0,762,1,0.67982392,-3.15000000,-6.45000000,7.17809167,0.67982392,0.89383285,,,1.02781228,
V007,763,reuse,89,98,479,0,762,1,0.82085148,1.20000000,-6.65000000,6.75740335,0.82085148,0.85690856,,,0.96331780,
V007,764,switch,89,89,482,479,,,,,,,,0.81652551,0.14451097,31.01455304,,no_last_seen|no_prev
V007,765,reuse,141,91,480,0,764,1,0.86629836,2.20000000,3.00000000,3.72021505,0.86629836,0.94883228,,,1.08128815,
V007,767,switch,96,96,478,477,763,4,0.39228111,11.50000000,5.55000000,12.76920123,,0.77194925,,,1.14430508,no_prev|no_old
V007,768,reuse,84,96,478,0,767,1,0.77194925,-3.05000000,2.55000000,3.97555028,0.77194925,0.76842030,,,1.03123511,
V007,780,switch,141,141,488,480,,,,,,,,0.78423867,0.00098151,42.09777310,,no_last_seen|no_prev
V007,785,switch,84,84,490,478,,,,,,,,0.59995964,,,,no_last_seen|no_prev|no_old
V007,785,switch,96,96,491,478,,,,,,,,0.63593757,,,,no_last_seen|no_prev|no_old
V007,790,switch,98,98,482,479,786,4,0.47937500,14.35000000,4.05000000,14.91056672,,0.90810735,,,0.96931873,no_prev|no_old
V007,791,reuse,89,98,482,0,790,1,0.90810735,1.20000000,2.45000000,2.72809457,0.90810735,,,,1.00300970,no_next
V007,793,reuse,96,99,477,0,766,27,0.03139165,30.05000000,17.45000000,34.74917265,,,,,1.46703065,no_prev|no_next
V007,794,switch,99,99,478,477,772,22,0.00000000,38.35000000,8.05000000,39.18577548,,0.62455988,,,1.09739690,no_prev|no_old
V007,795,reuse,96,99,478,0,794,1,0.62455988,-7.90000000,1.35000000,8.01451808,0.62455988,0.70243265,,,1.01297405,
V007,797,switch,99,99,482,478,791,6,0.30971951,19.45000000,-9.30000000,21.55904682,,0.93916791,,,0.78255304,no_prev|no_old
V007,798,switch,98,98,496,482,,,,,,,,0.94670756,0.00000000,46.35043150,,no_last_seen|no_prev
V007,798,reuse,98,99,482,0,797,1,0.93916791,-1.00000000,0.45000000,1.09658561,0.93916791,,,,1.02653581,no_next
V007,799,switch,99,99,479,482,789,10,0.79788734,3.70000000,-2.95000000,4.73207143,,0.69625449,,,0.98605550,no_prev|no_old
V007,800,switch,97,97,477,488,793,7,0.52505771,10.30000000,-2.15000000,10.52200076,,0.91820253,,,1.16000529,no_prev|no_old
V007,800,reuse,98,99,479,0,799,1,0.69625449,-6.50000000,-3.15000000,7.22305337,0.69625449,0.73130173,,,1.02025692,
V007,801,reuse,99,97,477,0,800,1,0.91820253,-0.90000000,2.05000000,2.23886132,0.91820253,0.93455387,,,1.03825351,
V007,804,switch,97,97,488,477,799,5,0.65672151,-5.95000000,6.55000000,8.84901124,,,,,1.16252929,no_prev|no_next|no_old
V007,805,switch,97,97,477,477,803,2,0.73122602,5.50000000,1.40000000,5.67538545,,0.78644850,1.00000000,0.00000000,1.09114986,no_prev
V007,806,reuse,87,102,474,0,775,31,0.00000000,-45.50000000,19.20000000,49.38511922,,0.77244056,,,0.33739508,no_prev
V007,807,switch,71,71,453,456,806,1,0.87457449,4.55000000,4.20000000,6.19213210,0.87457449,,0.68911121,14.82573776,1.04748392,no_next
V007,809,switch,98,98,479,496,808,1,0.77922521,5.80000000,1.50000000,5.99082632,0.77922521,0.75503083,0.24074096,29.45814828,0.99922782,
V007,809,switch,101,101,496,498,805,4,0.75250551,-2.25000000,-2.80000000,3.59200501,,0.82749806,,,1.32889393,no_prev|no_old
V007,809,reuse,83,71,453,0,807,2,0.93802698,-0.15000000,-5.85000000,5.85192276,,0.78114429,,,1.03120051,no_prev
V007,810,switch,71,71,456,453,809,1,0.91464245,-1.45000000,0.55000000,1.55080624,0.91464245,0.85336234,0.63071497,16.73857820,0.91464245,
V007,810,reuse,99,98,479,0,809,1,0.75503083,6.20000000,2.55000000,6.70391677,0.75503083,0.81904039,,,0.99301113,
V007,810,reuse,98,101,496,0,809,1,0.82749806,4.20000000,1.80000000,4.56946386,0.82749806,0.85558548,,,1.03539823,
V007,813,reuse,71,103,453,0,812,1,0.74921393,4.30000000,-0.25000000,4.30726131,0.74921393,0.79162761,,,0.87541966,
V007,816,switch,99,99,498,479,808,8,0.89461984,-0.90000000,5.50000000,5.57314992,,0.77919694,0.00000000,58.85033985,0.94121851,no_prev
V007,817,reuse,101,99,498,0,816,1,0.77919694,-5.70000000,-2.00000000,6.04069532,0.77919694,0.61520725,,,1.03775084,
V007,824,switch,110,110,482,493,798,26,0.00000000,67.45000000,1.60000000,67.46897435,,0.89212836,,,1.24750403,no_prev|no_old
V007,825,reuse,99,110,482,0,824,1,0.89212836,-1.95000000,-0.45000000,2.00124961,0.89212836,0.81838539,,,1.01512108,
V007,832,reuse,103,106,453,0,827,5,0.38644020,15.05000000,-4.90000000,15.82758668,,0.97432609,,,1.11465192,no_prev
V007,834,switch,110,110,488,482,804,30,0.17119342,-30.65000000,-17.65000000,35.36870085,,0.80412145,,,1.79483561,no_prev|no_old
V007,835,reuse,97,110,488,0,834,1,0.80412145,-3.75000000,-4.30000000,5.70547982,0.80412145,0.94761988,,,1.17711640,
V008,420,switch,48,48,505,504,419,1,0.68756205,3.35000000,-1.05000000,3.51069794,0.68756205,0.67459469,,,1.24463519,no_old
V008,421,reuse,49,48,505,0,420,1,0.67459469,-4.90000000,0.70000000,4.94974747,0.67459469,0.66895870,,,1.00766284,
V008,422,switch,49,49,506,505,,,,,,,,0.60621206,0.39299825,10.57000473,,no_last_seen|no_prev
V008,443,switch,124,124,509,510,442,1,0.64914907,-60.25000000,3.10000000,60.32969833,0.64914907,0.77048223,,,1.17173773,no_old
V008,444,switch,49,49,505,506,438,6,0.08487560,-19.95000000,2.25000000,20.07647877,,0.89778522,,,0.72922869,no_prev|no_old
V008,444,reuse,51,124,509,0,443,1,0.77048223,-43.20000000,-4.20000000,43.40368648,0.77048223,0.78992772,,,0.99665316,
V008,445,switch,48,48,513,505,,,,,,,,0.82353609,0.32308619,11.16288493,,no_last_seen|no_prev
V008,445,reuse,48,49,505,0,444,1,0.89778522,0.80000000,1.15000000,1.40089257,0.89778522,0.87922964,,,0.98938721,
V008,447,switch,124,124,510,509,440,7,0.62903989,40.20000000,-1.05000000,40.21371035,,0.91192987,,,0.82866898,no_prev|no_old
V008,463,switch,48,48,505,513,462,1,0.40235894,8.05000000,4.40000000,9.17401221,0.40235894,0.88378078,,,1.18401511,no_old
V008,464,reuse,49,48,505,0,463,1,0.88378078,1.05000000,0.50000000,1.16297033,0.88378078,0.82920563,,,1.05363921,
V008,522,switch,54,54,511,508,521,1,0.79662055,3.60000000,2.40000000,4.32666153,0.79662055,0.73813541,,,0.79662055,no_old
V008,530,switch,54,54,508,508,514,16,0.21128829,45.15000000,23.15000000,50.73898895,,0.88667183,1.00000000,0.00000000,0.77745014,no_prev
V008,558,switch,60,60,511,520,557,1,0.42905723,31.00000000,-18.50000000,36.10055401,0.42905723,0.54846920,0.34467952,48.38853170,0.53810396,
V008,558,reuse,60,62,520,0,557,1,0.79330483,8.80000000,5.95000000,10.62273505,0.79330483,0.64561797,,,1.10489725,
V008,559,reuse,52,60,511,0,558,1,0.54846920,21.15000000,-14.20000000,25.47474239,0.54846920,0.79695706,,,0.76321550,
V008,561,switch,52,52,514,511,559,2,0.41148826,42.10000000,9.35000000,43.12577536,,0.85771969,0.13090682,81.90579955,1.42337491,no_prev
V008,562,reuse,55,52,514,0,561,1,0.85771969,5.70000000,1.80000000,5.97745765,0.85771969,0.85561190,,,1.14233986,
V008,586,reuse,59,129,518,0,574,12,0.52699342,-9.35000000,11.25000000,14.62822614,,0.90995420,,,1.89755690,no_prev
V008,589,switch,53,53,514,512,583,6,0.48782059,34.80000000,6.45000000,35.39268992,,0.87480287,,,0.75723045,no_prev|no_old
V008,590,reuse,52,53,514,0,589,1,0.87480287,-6.40000000,-1.45000000,6.56220237,0.87480287,0.77164291,,,0.95828806,
V008,593,switch,54,54,512,508,588,5,0.40090035,-34.85000000,-8.60000000,35.89543843,,0.80723333,,,0.70650541,no_prev|no_old
V008,594,reuse,53,54,512,0,593,1,0.80723333,-7.95000000,-3.25000000,8.58865531,0.80723333,0.70866362,,,0.95598519,
V008,602,switch,54,54,508,512,592,10,0.00000000,-91.05000000,5.75000000,91.23138166,,0.87653836,,,0.90793719,no_prev|no_old
V008,605,reuse,53,67,514,0,604,1,0.88966320,-4.70000000,-1.20000000,4.85077313,0.88966320,0.92454956,,,1.04055366,
V008,617,reuse,54,109,512,0,616,1,0.91842259,1.00000000,-4.40000000,4.51220567,0.91842259,0.86595416,,,0.97468167,
V008,630,reuse,54,68,508,0,616,14,0.10538151,-55.20000000,-8.55000000,55.85823574,,0.86616014,,,0.19875321,no_prev
V008,689,reuse,75,74,530,0,683,6,0.17504880,-5.65000000,2.25000000,6.08152941,,0.83690866,,,5.71269270,no_prev
V008,694,reuse,74,75,530,0,693,1,0.56706877,9.55000000,-3.75000000,10.25987329,0.56706877,0.85660586,,,0.59085357,
V008,710,reuse,75,82,530,0,705,5,0.27246557,35.50000000,-7.60000000,36.30440745,,0.91257470,,,1.46039201,no_prev
V008,710,reuse,77,154,532,0,709,1,0.62693038,17.25000000,8.40000000,19.18651870,0.62693038,,,,1.23304093,no_next
V008,733,switch,136,136,543,542,731,2,0.61198137,3.80000000,4.10000000,5.59016994,,0.83862936,,,1.09606386,no_prev|no_old
V008,734,reuse,131,86,539,0,732,2,0.16081225,10.15000000,12.00000000,15.71694945,,0.77838589,,,6.21843164,no_prev
V008,753,reuse,89,98,549,0,752,1,0.28601786,18.50000000,2.40000000,18.65502613,0.28601786,0.34621096,,,0.83754166,
V008,754,switch,83,83,524,540,741,13,0.70170129,7.25000000,-1.25000000,7.35696948,,0.82649991,,,0.93508164,no_prev|no_old
V008,755,switch,89,89,550,549,,,,,,,,0.74170882,0.17978328,25.71308033,,no_last_seen|no_prev
V008,755,reuse,66,83,524,0,754,1,0.82649991,3.30000000,-2.55000000,4.17043163,0.82649991,0.74859190,,,0.92368354,
V008,759,reuse,136,96,543,0,758,1,0.93508719,0.30000000,1.75000000,1.77552809,0.93508719,0.90822918,,,0.97067132,
V008,761,switch,84,84,549,548,755,6,0.00000000,36.75000000,-0.35000000,36.75166663,,0.83071628,,,0.74801566,no_prev|no_old
V008,762,switch,96,96,548,543,755,7,0.13324688,20.85000000,-6.25000000,21.76660286,,0.67982392,,,0.93656510,no_prev|no_old
V008,762,switch,98,98,550,549,757,5,0.02969341,40.35000000,-4.45000000,40.59464250,,0.82085148,0.27942447,17.40351976,0.95973907,no_prev
V008,762,reuse,98,84,549,0,761,1,0.83071628,1.70000000,-2.55000000,3.06471858,0.83071628,0.65876296,,,0.97668836,
V008,763,reuse,84,96,548,0,762,1,0.67982392,-3.15000000,-6.45000000,7.17809167,0.67982392,0.89383285,,,1.02781228,
V008,763,reuse,89,98,550,0,762,1,0.82085148,1.20000000,-6.65000000,6.75740335,0.82085148,0.85690856,,,0.96331780,
V008,764,switch,89,89,553,550,,,,,,,,0.81652551,0.14451097,31.01455304,,no_last_seen|no_prev
V008,765,reuse,141,91,551,0,764,1,0.86629836,2.20000000,3.00000000,3.72021505,0.86629836,0.94883228,,,1.08128815,
V008,767,switch,96,96,549,548,763,4,0.39228111,11.50000000,5.55000000,12.76920123,,0.77194925,,,1.14430508,no_prev|no_old
V008,768,reuse,84,96,549,0,767,1,0.77194925,-3.05000000,2.55000000,3.97555028,0.77194925,0.76842030,,,1.03123511,
V008,780,switch,141,141,559,551,,,,,,,,0.78423867,0.00098151,42.09777310,,no_last_seen|no_prev
V008,785,switch,84,84,561,549,,,,,,,,0.59995964,,,,no_last_seen|no_prev|no_old
V008,785,switch,96,96,562,549,,,,,,,,0.63593757,,,,no_last_seen|no_prev|no_old
V008,790,switch,98,98,553,550,786,4,0.47937500,14.35000000,4.05000000,14.91056672,,0.90810735,,,0.96931873,no_prev|no_old
V008,791,reuse,89,98,553,0,790,1,0.90810735,1.20000000,2.45000000,2.72809457,0.90810735,,,,1.00300970,no_next
V008,793,reuse,96,99,548,0,766,27,0.03139165,30.05000000,17.45000000,34.74917265,,,,,1.46703065,no_prev|no_next
V008,794,switch,99,99,549,548,772,22,0.00000000,38.35000000,8.05000000,39.18577548,,0.62455988,,,1.09739690,no_prev|no_old
V008,795,reuse,96,99,549,0,794,1,0.62455988,-7.90000000,1.35000000,8.01451808,0.62455988,0.70243265,,,1.01297405,
V008,797,switch,99,99,553,549,791,6,0.30971951,19.45000000,-9.30000000,21.55904682,,0.93916791,,,0.78255304,no_prev|no_old
V008,798,switch,98,98,567,553,,,,,,,,0.94670756,0.00000000,46.35043150,,no_last_seen|no_prev
V008,798,reuse,98,99,553,0,797,1,0.93916791,-1.00000000,0.45000000,1.09658561,0.93916791,,,,1.02653581,no_next
V008,799,switch,99,99,550,553,789,10,0.79788734,3.70000000,-2.95000000,4.73207143,,0.69625449,,,0.98605550,no_prev|no_old
V008,800,switch,97,97,548,559,793,7,0.52505771,10.30000000,-2.15000000,10.52200076,,0.91820253,,,1.16000529,no_prev|no_old
V008,800,reuse,98,99,550,0,799,1,0.69625449,-6.50000000,-3.15000000,7.22305337,0.69625449,0.73130173,,,1.02025692,
V008,801,reuse,99,97,548,0,800,1,0.91820253,-0.90000000,2.05000000,2.23886132,0.91820253,0.93455387,,,1.03825351,
V008,804,switch,97,97,559,548,799,5,0.65672151,-5.95000000,6.55000000,8.84901124,,,,,1.16252929,no_prev|no_next|no_old
V008,805,switch,97,97,548,548,803,2,0.73122602,5.50000000,1.40000000,5.67538545,,0.78644850,1.00000000,0.00000000,1.09114986,no_prev
V008,806,reuse,87,102,545,0,775,31,0.00000000,-45.50000000,19.20000000,49.38511922,,0.77244056,,,0.33739508,no_prev
V008,807,switch,71,71,524,527,806,1,0.87457449,4.55000000,4.20000000,6.19213210,0.87457449,,0.68911121,14.82573776,1.04748392,no_next
V008,809,switch,98,98,550,567,808,1,0.77922521,5.80000000,1.50000000,5.99082632,0.77922521,0.75503083,0.24074096,29.45814828,0.99922782,
V008,809,switch,101,101,567,569,805,4,0.75250551,-2.25000000,-2.80000000,3.59200501,,0.82749806,,,1.32889393,no_prev|no_old
V008,809,reuse,83,71,524,0,807,2,0.93802698,-0.15000000,-5.85000000,5.85192276,,0.78114429,,,1.03120051,no_prev
V008,810,switch,71,71,527,524,809,1,0.91464245,-1.45000000,0.55000000,1.55080624,0.91464245,0.85336234,0.63071497,16.73857820,0.91464245,
V008,810,reuse,99,98,550,0,809,1,0.75503083,6.20000000,2.55000000,6.70391677,0.75503083,0.81904039,,,0.99301113,
V008,810,reuse,98,101,567,0,809,1,0.82749806,4.20000000,1.80000000,4.56946386,0.82749806,0.85558548,,,1.03539823,
V008,813,reuse,71,103,524,0,812,1,0.74921393,4.30000000,-0.25000000,4.30726131,0.74921393,0.79162761,,,0.87541966,
V008,816,switch,99,99,569,550,808,8,0.89461984,-0.90000000,5.50000000,5.57314992,,0.77919694,0.00000000,58.85033985,0.94121851,no_prev
V008,817,reuse,101,99,569,0,816,1,0.77919694,-5.70000000,-2.00000000,6.04069532,0.77919694,0.61520725,,,1.03775084,
V008,824,switch,110,110,553,564,798,26,0.00000000,67.45000000,1.60000000,67.46897435,,0.89212836,,,1.24750403,no_prev|no_old
V008,825,reuse,99,110,553,0,824,1,0.89212836,-1.95000000,-0.45000000,2.00124961,0.89212836,0.81838539,,,1.01512108,
V008,832,reuse,103,106,524,0,827,5,0.38644020,15.05000000,-4.90000000,15.82758668,,0.97432609,,,1.11465192,no_prev
V008,834,switch,110,110,559,553,804,30,0.17119342,-30.65000000,-17.65000000,35.36870085,,0.80412145,,,1.79483561,no_prev|no_old
V008,835,reuse,97,110,559,0,834,1,0.80412145,-3.75000000,-4.30000000,5.70547982,0.80412145,0.94761988,,,1.17711640,
V009,420,switch,48,48,576,575,419,1,0.68756205,3.35000000,-1.05000000,3.51069794,0.68756205,0.67459469,,,1.24463519,no_old
V009,421,reuse,49,48,576,0,420,1,0.67459469,-4.90000000,0.70000000,4.94974747,0.67459469,0.66895870,,,1.00766284,
V009,422,switch,49,49,577,576,,,,,,,,0.60621206,0.39299825,10.57000473,,no_last_seen|no_prev
V009,443,switch,124,124,580,581,442,1,0.64914907,-60.25000000,3.10000000,60.32969833,0.64914907,0.77048223,,,1.17173773,no_old
V009,444,switch,49,49,576,577,438,6,0.08487560,-19.95000000,2.25000000,20.07647877,,0.89778522,,,0.72922869,no_prev|no_old
V009,444,reuse,51,124,580,0,443,1,0.77048223,-43.20000000,-4.20000000,43.40368648,0.77048223,0.78992772,,,0.99665316,
V009,445,switch,48,48,584,576,,,,,,,,0.82353609,0.32308619,11.16288493,,no_last_seen|no_prev
V009,445,reuse,48,49,576,0,444,1,0.89778522,0.80000000,1.15000000,1.40089257,0.89778522,0.87922964,,,0.98938721,
V009,447,switch,124,124,581,580,440,7,0.62903989,40.20000000,-1.05000000,40.21371035,,0.91192987,,,0.82866898,no_prev|no_old
V009,463,switch,48,48,576,584,462,1,0.40235894,8.05000000,4.40000000,9.17401221,0.40235894,0.88378078,,,1.18401511,no_old
V009,464,reuse,49,48,576,0,463,1,0.88378078,1.05000000,0.50000000,1.16297033,0.88378078,0.82920563,,,1.05363921,
V009,522,switch,54,54,582,579,521,1,0.79662055,3.60000000,2.40000000,4.32666153,0.79662055,0.73813541,,,0.79662055,no_old
V009,530,switch,54,54,579,579,514,16,0.21128829,45.15000000,23.15000000,50.73898895,,0.88667183,1.00000000,0.00000000,0.77745014,no_prev
V009,558,switch,60,60,582,591,557,1,0.42905723,31.00000000,-18.50000000,36.10055401,0.42905723,0.54846920,0.34467952,48.38853170,0.53810396,
V009,558,reuse,60,62,591,0,557,1,0.79330483,8.80000000,5.95000000,10.62273505,0.79330483,0.64561797,,,1.10489725,
V009,559,reuse,52,60,582,0,558,1,0.54846920,21.15000000,-14.20000000,25.47474239,0.54846920,0.79695706,,,0.76321550,
V009,561,switch,52,52,585,582,559,2,0.41148826,42.10000000,9.35000000,43.12577536,,0.85771969,0.13090682,81.90579955,1.42337491,no_prev
V009,562,reuse,55,52,585,0,561,1,0.85771969,5.70000000,1.80000000,5.97745765,0.85771969,0.85561190,,,1.14233986,
V009,586,reuse,59,129,589,0,574,12,0.52699342,-9.35000000,11.25000000,14.62822614,,0.90995420,,,1.89755690,no_prev
V009,589,switch,53,53,585,583,583,6,0.48782059,34.80000000,6.45000000,35.39268992,,0.87480287,,,0.75723045,no_prev|no_old
V009,590,reuse,52,53,585,0,589,1,0.87480287,-6.40000000,-1.45000000,6.56220237,0.87480287,0.77164291,,,0.95828806,
V009,593,switch,54,54,583,579,588,5,0.40090035,-34.85000000,-8.60000000,35.89543843,,0.80723333,,,0.70650541,no_prev|no_old
V009,594,reuse,53,54,583,0,593,1,0.80723333,-7.95000000,-3.25000000,8.58865531,0.80723333,0.70866362,,,0.95598519,
V009,602,switch,54,54,579,583,592,10,0.00000000,-91.05000000,5.75000000,91.23138166,,0.87653836,,,0.90793719,no_prev|no_old
V009,605,reuse,53,67,585,0,604,1,0.88966320,-4.70000000,-1.20000000,4.85077313,0.88966320,0.92454956,,,1.04055366,
V009,617,reuse,54,109,583,0,616,1,0.91842259,1.00000000,-4.40000000,4.51220567,0.91842259,0.86595416,,,0.97468167,
V009,630,reuse,54,68,579,0,616,14,0.10538151,-55.20000000,-8.55000000,55.85823574,,0.86616014,,,0.19875321,no_prev
V009,689,reuse,75,74,601,0,683,6,0.17504880,-5.65000000,2.25000000,6.08152941,,0.83690866,,,5.71269270,no_prev
V009,694,reuse,74,75,601,0,693,1,0.56706877,9.55000000,-3.75000000,10.25987329,0.56706877,0.85660586,,,0.59085357,
V009,710,reuse,75,82,601,0,705,5,0.27246557,35.50000000,-7.60000000,36.30440745,,0.91257470,,,1.46039201,no_prev
V009,710,reuse,77,154,603,0,709,1,0.62693038,17.25000000,8.40000000,19.18651870,0.62693038,,,,1.23304093,no_next
V009,733,switch,136,136,614,613,731,2,0.61198137,3.80000000,4.10000000,5.59016994,,0.83862936,,,1.09606386,no_prev|no_old
V009,734,reuse,131,86,610,0,732,2,0.16081225,10.15000000,12.00000000,15.71694945,,0.77838589,,,6.21843164,no_prev
V009,753,reuse,89,98,620,0,752,1,0.28601786,18.50000000,2.40000000,18.65502613,0.28601786,0.34621096,,,0.83754166,
V009,754,switch,83,83,595,611,741,13,0.70170129,7.25000000,-1.25000000,7.35696948,,0.82649991,,,0.93508164,no_prev|no_old
V009,755,switch,89,89,621,620,,,,,,,,0.74170882,0.17978328,25.71308033,,no_last_seen|no_prev
V009,755,reuse,66,83,595,0,754,1,0.82649991,3.30000000,-2.55000000,4.17043163,0.82649991,0.74859190,,,0.92368354,
V009,759,reuse,136,96,614,0,758,1,0.93508719,0.30000000,1.75000000,1.77552809,0.93508719,0.90822918,,,0.97067132,
V009,761,switch,84,84,620,619,755,6,0.00000000,36.75000000,-0.35000000,36.75166663,,0.83071628,,,0.74801566,no_prev|no_old
V009,762,switch,96,96,619,614,755,7,0.13324688,20.85000000,-6.25000000,21.76660286,,0.67982392,,,0.93656510,no_prev|no_old
V009,762,switch,98,98,621,620,757,5,0.02969341,40.35000000,-4.45000000,40.59464250,,0.82085148,0.27942447,17.40351976,0.95973907,no_prev
V009,762,reuse,98,84,620,0,761,1,0.83071628,1.70000000,-2.55000000,3.06471858,0.83071628,0.65876296,,,0.97668836,
V009,763,reuse,84,96,619,0,762,1,0.67982392,-3.15000000,-6.45000000,7.17809167,0.67982392,0.89383285,,,1.02781228,
V009,763,reuse,89,98,621,0,762,1,0.82085148,1.20000000,-6.65000000,6.75740335,0.82085148,0.85690856,,,0.96331780,
V009,764,switch,89,89,624,621,,,,,,,,0.81652551,0.14451097,31.01455304,,no_last_seen|no_prev
V009,765,reuse,141,91,622,0,764,1,0.86629836,2.20000000,3.00000000,3.72021505,0.86629836,0.94883228,,,1.08128815,
V009,767,switch,96,96,620,619,763,4,0.39228111,11.50000000,5.55000000,12.76920123,,0.77194925,,,1.14430508,no_prev|no_old
V009,768,reuse,84,96,620,0,767,1,0.77194925,-3.05000000,2.55000000,3.97555028,0.77194925,0.76842030,,,1.03123511,
V009,780,switch,141,141,630,622,,,,,,,,0.78423867,0.00098151,42.09777310,,no_last_seen|no_prev
V009,785,switch,84,84,632,620,,,,,,,,0.59995964,,,,no_last_seen|no_prev|no_old
V009,785,switch,96,96,633,620,,,,,,,,0.63593757,,,,no_last_seen|no_prev|no_old
V009,790,switch,98,98,624,621,786,4,0.47937500,14.35000000,4.05000000,14.91056672,,0.90810735,,,0.96931873,no_prev|no_old
V009,791,reuse,89,98,624,0,790,1,0.90810735,1.20000000,2.45000000,2.72809457,0.90810735,,,,1.00300970,no_next
V009,793,reuse,96,99,619,0,766,27,0.03139165,30.05000000,17.45000000,34.74917265,,,,,1.46703065,no_prev|no_next
V009,794,switch,99,99,620,619,772,22,0.00000000,38.35000000,8.05000000,39.18577548,,0.62455988,,,1.09739690,no_prev|no_old
V009,795,reuse,96,99,620,0,794,1,0.62455988,-7.90000000,1.35000000,8.01451808,0.62455988,0.70243265,,,1.01297405,
V009,797,switch,99,99,624,620,791,6,0.30971951,19.45000000,-9.30000000,21.55904682,,0.93916791,,,0.78255304,no_prev|no_old
V009,798,switch,98,98,638,624,,,,,,,,0.94670756,0.00000000,46.35043150,,no_last_seen|no_prev
V009,798,reuse,98,99,624,0,797,1,0.93916791,-1.00000000,0.45000000,1.09658561,0.93916791,,,,1.02653581,no_next
V009,799,switch,99,99,621,624,789,10,0.79788734,3.70000000,-2.95000000,4.73207143,,0.69625449,,,0.98605550,no_prev|no_old
V009,800,switch,97,97,619,630,793,7,0.52505771,10.30000000,-2.15000000,10.52200076,,0.91820253,,,1.16000529,no_prev|no_old
V009,800,reuse,98,99,621,0,799,1,0.69625449,-6.50000000,-3.15000000,7.22305337,0.69625449,0.73130173,,,1.02025692,
V009,801,reuse,99,97,619,0,800,1,0.91820253,-0.90000000,2.05000000,2.23886132,0.91820253,0.93455387,,,1.03825351,
V009,804,switch,97,97,630,619,799,5,0.65672151,-5.95000000,6.55000000,8.84901124,,,,,1.16252929,no_prev|no_next|no_old
V009,805,switch,97,97,619,619,803,2,0.73122602,5.50000000,1.40000000,5.67538545,,0.78644850,1.00000000,0.00000000,1.09114986,no_prev
V009,806,reuse,87,102,616,0,775,31,0.00000000,-45.50000000,19.20000000,49.38511922,,0.77244056,,,0.33739508,no_prev
V009,807,switch,71,71,595,598,806,1,0.87457449,4.55000000,4.20000000,6.19213210,0.87457449,,0.68911121,14.82573776,1.04748392,no_next
V009,809,switch,98,98,621,638,808,1,0.77922521,5.80000000,1.50000000,5.99082632,0.77922521,0.75503083,0.24074096,29.45814828,0.99922782,
V009,809,switch,101,101,638,640,805,4,0.75250551,-2.25000000,-2.80000000,3.59200501,,0.82749806,,,1.32889393,no_prev|no_old
V009,809,reuse,83,71,595,0,807,2,0.93802698,-0.15000000,-5.85000000,5.85192276,,0.78114429,,,1.03120051,no_prev
V009,810,switch,71,71,598,595,809,1,0.91464245,-1.45000000,0.55000000,1.55080624,0.91464245,0.85336234,0.63071497,16.73857820,0.91464245,
V009,810,reuse,99,98,621,0,809,1,0.75503083,6.20000000,2.55000000,6.70391677,0.75503083,0.81904039,,,0.99301113,
V009,810,reuse,98,101,638,0,809,1,0.82749806,4.20000000,1.80000000,4.56946386,0.82749806,0.85558548,,,1.03539823,
V009,813,reuse,71,103,595,0,812,1,0.74921393,4.30000000,-0.25000000,4.30726131,0.74921393,0.79162761,,,0.87541966,
V009,816,switch,99,99,640,621,808,8,0.89461984,-0.90000000,5.50000000,5.57314992,,0.77919694,0.00000000,58.85033985,0.94121851,no_prev
V009,817,reuse,101,99,640,0,816,1,0.77919694,-5.70000000,-2.00000000,6.04069532,0.77919694,0.61520725,,,1.03775084,
V009,824,switch,110,110,624,635,798,26,0.00000000,67.45000000,1.60000000,67.46897435,,0.89212836,,,1.24750403,no_prev|no_old
V009,825,reuse,99,110,624,0,824,1,0.89212836,-1.95000000,-0.45000000,2.00124961,0.89212836,0.81838539,,,1.01512108,
V009,832,reuse,103,106,595,0,827,5,0.38644020,15.05000000,-4.90000000,15.82758668,,0.97432609,,,1.11465192,no_prev
V009,834,switch,110,110,630,624,804,30,0.17119342,-30.65000000,-17.65000000,35.36870085,,0.80412145,,,1.79483561,no_prev|no_old
V009,835,reuse,97,110,630,0,834,1,0.80412145,-3.75000000,-4.30000000,5.70547982,0.80412145,0.94761988,,,1.17711640,
V010,281,switch,2,2,651,653,280,1,0.89926257,-2.15000000,8.10000000,8.38048328,0.89926257,0.81848262,0.31572192,48.20259329,1.01275476,
V010,281,switch,7,7,653,651,274,7,0.55971567,16.25000000,5.15000000,17.04655390,,0.90471492,0.31572192,48.20259329,1.78662142,no_prev
V010,282,reuse,7,2,651,0,281,1,0.81848262,7.50000000,6.10000000,9.66747123,0.81848262,0.80748917,,,0.96750731,
V010,282,reuse,2,7,653,0,281,1,0.90471492,-4.45000000,1.00000000,4.56097577,0.90471492,0.85512213,,,0.93171516,
V010,294,switch,1,1,651,652,293,1,0.88687497,6.45000000,-2.60000000,6.95431521,0.88687497,0.89334355,0.53420536,27.35991594,0.97515395,
V010,294,reuse,1,11,652,0,293,1,0.93251630,4.20000000,2.05000000,4.67359605,0.93251630,0.93976579,,,1.00118184,
V010,295,reuse,2,1,651,0,294,1,0.89334355,6.30000000,-1.60000000,6.50000000,0.89334355,0.87419368,,,0.98998948,
V010,296,switch,2,2,656,651,,,,,,,,0.94226568,0.30755669,57.54411351,,no_last_seen|no_prev
V010,317,switch,29,29,653,643,316,1,0.98708820,-0.55000000,0.25000000,0.60415230,0.98708820,0.97424901,,,1.00626594,no_old
V010,318,switch,7,7,643,653,304,14,0.14261810,75.65000000,0.35000000,75.65080965,,0.96122045,0.24633860,59.36855228,0.80263356,no_prev
V010,318,reuse,7,29,653,0,317,1,0.97424901,1.50000000,1.10000000,1.86010752,0.97424901,0.93046376,,,0.99676611,
V010,319,reuse,29,7,643,0,318,1,0.96122045,1.65000000,-0.55000000,1.73925271,0.96122045,0.91415484,,,1.00095936,
V010,360,switch,11,11,653,652,331,29,0.35727225,-55.90000000,8.30000000,56.51283040,,0.97404783,,,0.85441524,no_prev|no_old
V010,361,reuse,29,11,653,0,360,1,0.97404783,1.00000000,1.50000000,1.80277564,0.97404783,0.93287359,,,1.01061149,
V010,366,switch,29,29,660,653,,,,,,,,,0.00000000,175.55011393,,no_last_seen|no_prev|no_next
V010,401,switch,29,29,651,653,400,1,0.87333005,7.30000000,0.10000000,7.30068490,0.87333005,0.83567362,,,0.98843336,no_old
V010,402,reuse,1,29,651,0,401,1,0.83567362,9.70000000,0.55000000,9.71558027,0.83567362,0.90650006,,,0.99695858,
V010,419,switch,1,1,643,651,401,18,0.73650947,-11.75000000,-1.60000000,11.85843582,,0.97813813,0.18478799,63.28984911,1.03771173,no_prev
V010,420,reuse,7,1,643,0,419,1,0.97813813,0.45000000,0.90000000,1.00623059,0.97813813,0.96010877,,,1.01741793,
V010,440,reuse,10,14,649,0,439,1,0.91365576,-1.75000000,-3.30000000,3.73530454,0.91365576,0.91247992,,,1.09450413,
V010,446,switch,12,12,651,650,440,6,0.66970450,12.45000000,-4.65000000,13.29003386,,0.92983382,,,1.34796117,no_prev|no_old
V010,447,reuse,29,12,651,0,446,1,0.92983382,3.30000000,-0.05000000,3.30037877,0.92983382,0.92975436,,,1.00938826,
V010,448,reuse,12,15,650,0,445,3,0.77324335,9.45000000,-4.75000000,10.57662517,,0.98075441,,,1.08047780,no_prev
V010,454,switch,12,12,650,651,453,1,0.82092538,7.15000000,1.85000000,7.38545869,0.82092538,0.90014922,0.38554984,35.85125521,1.05217236,
V010,454,switch,15,15,651,650,453,1,0.87844998,-6.00000000,0.40000000,6.01331855,0.87844998,0.92228753,0.38554984,35.85125521,1.05841056,
V010,455,reuse,15,12,650,0,454,1,0.90014922,3.65000000,2.25000000,4.28777331,0.90014922,0.90568876,,,1.03228936,
V010,455,reuse,12,15,651,0,454,1,0.92228753,-4.05000000,1.05000000,4.18389770,0.92228753,0.90474066,,,1.01620976,
V010,460,switch,11,11,645,653,459,1,0.65623089,-14.30000000,-4.25000000,14.91819359,0.65623089,0.80529017,,,1.07886754,no_old
V010,461,reuse,13,11,645,0,460,1,0.80529017,-5.90000000,0.95000000,5.97599364,0.80529017,,,,1.13656758,no_next
V010,464,switch,13,13,664,645,,,,,,,,0.78562798,,,,no_last_seen|no_prev|no_old
V010,465,switch,11,11,653,645,455,10,0.53782984,24.15000000,-5.10000000,24.68263560,,0.90755469,,,0.97783169,no_prev|no_old
V010,491,switch,13,13,643,664,490,1,0.94189644,2.20000000,-0.10000000,2.20227155,0.94189644,0.97814271,,,0.99937665,no_old
V010,492,reuse,1,13,643,0,491,1,0.97814271,0.80000000,-0.00000000,0.80000000,0.97814271,0.94768363,,,0.99836532,
V010,498,switch,14,14,662,649,497,1,0.82751714,-8.90000000,0.00000000,8.90000000,0.82751714,0.81188562,0.37919180,32.35061823,0.98230680,
V010,498,switch,17,17,649,662,493,5,0.52452088,-21.55000000,-0.20000000,21.55092805,,0.88496043,0.37919180,32.35061823,0.73583165,no_prev
V010,499,reuse,17,14,662,0,498,1,0.81188562,-9.65000000,0.25000000,9.65323780,0.81188562,0.79857182,,,0.98273189,
V010,499,reuse,14,17,649,0,498,1,0.88496043,2.85000000,3.00000000,4.13793427,0.88496043,0.78616873,,,1.10306616,
V010,502,switch,15,15,649,651,501,1,0.95887270,-0.95000000,-0.25000000,0.98234414,0.95887270,0.84159359,,,1.03442336,no_old
V010,503,reuse,17,15,649,0,502,1,0.84159359,-8.15000000,0.10000000,8.15061347,0.84159359,0.85531087,,,0.99764937,
V010,504,switch,17,17,651,649,499,5,0.77864770,-8.10000000,-0.65000000,8.12603840,,0.82684299,0.25866980,50.00762442,0.84851881,no_prev
V010,505,reuse,15,17,651,0,504,1,0.82684299,6.90000000,3.10000000,7.56439026,0.82684299,0.78906291,,,0.95862241,
V010,512,reuse,13,24,643,0,511,1,0.80643275,2.80000000,-0.25000000,2.81113856,0.80643275,0.90565269,,,1.24002901,
V011,281,switch,2,2,676,678,280,1,0.89926257,-2.15000000,8.10000000,8.38048328,0.89926257,0.81848262,0.31572192,48.20259329,1.01275476,
V011,281,switch,7,7,678,676,274,7,0.55971567,16.25000000,5.15000000,17.04655390,,0.90471492,0.31572192,48.20259329,1.78662142,no_prev
V011,282,reuse,7,2,676,0,281,1,0.81848262,7.50000000,6.10000000,9.66747123,0.81848262,0.80748917,,,0.96750731,
V011,282,reuse,2,7,678,0,281,1,0.90471492,-4.45000000,1.00000000,4.56097577,0.90471492,0.85512213,,,0.93171516,
V011,294,switch,1,1,676,677,293,1,0.88687497,6.45000000,-2.60000000,6.95431521,0.88687497,0.89334355,0.53420536,27.35991594,0.97515395,
V011,294,reuse,1,11,677,0,293,1,0.93251630,4.20000000,2.05000000,4.67359605,0.93251630,0.93976579,,,1.00118184,
V011,295,reuse,2,1,676,0,294,1,0.89334355,6.30000000,-1.60000000,6.50000000,0.89334355,0.87419368,,,0.98998948,
V011,296,switch,2,2,681,676,,,,,,,,0.94226568,0.30755669,57.54411351,,no_last_seen|no_prev
V011,317,switch,29,29,678,668,316,1,0.98708820,-0.55000000,0.25000000,0.60415230,0.98708820,0.97424901,,,1.00626594,no_old
V011,318,switch,7,7,668,678,304,14,0.14261810,75.65000000,0.35000000,75.65080965,,0.96122045,0.24633860,59.36855228,0.80263356,no_prev
V011,318,reuse,7,29,678,0,317,1,0.97424901,1.50000000,1.10000000,1.86010752,0.97424901,0.93046376,,,0.99676611,
V011,319,reuse,29,7,668,0,318,1,0.96122045,1.65000000,-0.55000000,1.73925271,0.96122045,0.91415484,,,1.00095936,
V011,360,switch,11,11,678,677,331,29,0.35727225,-55.90000000,8.30000000,56.51283040,,0.97404783,,,0.85441524,no_prev|no_old
V011,361,reuse,29,11,678,0,360,1,0.97404783,1.00000000,1.50000000,1.80277564,0.97404783,0.93287359,,,1.01061149,
V011,366,switch,29,29,685,678,,,,,,,,,0.00000000,175.55011393,,no_last_seen|no_prev|no_next
V011,401,switch,29,29,676,678,400,1,0.87333005,7.30000000,0.10000000,7.30068490,0.87333005,0.83567362,,,0.98843336,no_old
V011,402,reuse,1,29,676,0,401,1,0.83567362,9.70000000,0.55000000,9.71558027,0.83567362,0.90650006,,,0.99695858,
V011,419,switch,1,1,668,676,401,18,0.73650947,-11.75000000,-1.60000000,11.85843582,,0.97813813,0.18478799,63.28984911,1.03771173,no_prev
V011,420,reuse,7,1,668,0,419,1,0.97813813,0.45000000,0.90000000,1.00623059,0.97813813,0.96010877,,,1.01741793,
V011,440,reuse,10,14,674,0,439,1,0.91365576,-1.75000000,-3.30000000,3.73530454,0.91365576,0.91247992,,,1.09450413,
V011,446,switch,12,12,676,675,440,6,0.66970450,12.45000000,-4.65000000,13.29003386,,0.92983382,,,1.34796117,no_prev|no_old
V011,447,reuse,29,12,676,0,446,1,0.92983382,3.30000000,-0.05000000,3.30037877,0.92983382,0.92975436,,,1.00938826,
V011,448,reuse,12,15,675,0,445,3,0.77324335,9.45000000,-4.75000000,10.57662517,,0.98075441,,,1.08047780,no_prev
V011,454,switch,12,12,675,676,453,1,0.82092538,7.15000000,1.85000000,7.38545869,0.82092538,0.90014922,0.38554984,35.85125521,1.05217236,
V011,454,switch,15,15,676,675,453,1,0.87844998,-6.00000000,0.40000000,6.01331855,0.87844998,0.92228753,0.38554984,35.85125521,1.05841056,
V011,455,reuse,15,12,675,0,454,1,0.90014922,3.65000000,2.25000000,4.28777331,0.90014922,0.90568876,,,1.03228936,
V011,455,reuse,12,15,676,0,454,1,0.92228753,-4.05000000,1.05000000,4.18389770,0.92228753,0.90474066,,,1.01620976,
V011,460,switch,11,11,670,678,459,1,0.65623089,-14.30000000,-4.25000000,14.91819359,0.65623089,0.80529017,,,1.07886754,no_old
V011,461,reuse,13,11,670,0,460,1,0.80529017,-5.90000000,0.95000000,5.97599364,0.80529017,,,,1.13656758,no_next
V011,464,switch,13,13,689,670,,,,,,,,0.78562798,,,,no_last_seen|no_prev|no_old
V011,465,switch,11,11,678,670,455,10,0.53782984,24.15000000,-5.10000000,24.68263560,,0.90755469,,,0.97783169,no_prev|no_old
V011,491,switch,13,13,668,689,490,1,0.94189644,2.20000000,-0.10000000,2.20227155,0.94189644,0.97814271,,,0.99937665,no_old
V011,492,reuse,1,13,668,0,491,1,0.97814271,0.80000000,-0.00000000,0.80000000,0.97814271,0.94768363,,,0.99836532,
V011,498,switch,14,14,687,674,497,1,0.82751714,-8.90000000,0.00000000,8.90000000,0.82751714,0.81188562,0.37919180,32.35061823,0.98230680,
V011,498,switch,17,17,674,687,493,5,0.52452088,-21.55000000,-0.20000000,21.55092805,,0.88496043,0.37919180,32.35061823,0.73583165,no_prev
V011,499,reuse,17,14,687,0,498,1,0.81188562,-9.65000000,0.25000000,9.65323780,0.81188562,0.79857182,,,0.98273189,
V011,499,reuse,14,17,674,0,498,1,0.88496043,2.85000000,3.00000000,4.13793427,0.88496043,0.78616873,,,1.10306616,
V011,502,switch,15,15,674,676,501,1,0.95887270,-0.95000000,-0.25000000,0.98234414,0.95887270,0.84159359,,,1.03442336,no_old
V011,503,reuse,17,15,674,0,502,1,0.84159359,-8.15000000,0.10000000,8.15061347,0.84159359,0.85531087,,,0.99764937,
V011,504,switch,17,17,676,674,499,5,0.77864770,-8.10000000,-0.65000000,8.12603840,,0.82684299,0.25866980,50.00762442,0.84851881,no_prev
V011,505,reuse,15,17,676,0,504,1,0.82684299,6.90000000,3.10000000,7.56439026,0.82684299,0.78906291,,,0.95862241,
V011,512,reuse,13,24,668,0,511,1,0.80643275,2.80000000,-0.25000000,2.81113856,0.80643275,0.90565269,,,1.24002901,
V012,281,switch,2,2,701,703,280,1,0.89926257,-2.15000000,8.10000000,8.38048328,0.89926257,0.81848262,0.31572192,48.20259329,1.01275476,
V012,281,switch,7,7,703,701,274,7,0.55971567,16.25000000,5.15000000,17.04655390,,0.90471492,0.31572192,48.20259329,1.78662142,no_prev
V012,282,reuse,7,2,701,0,281,1,0.81848262,7.50000000,6.10000000,9.66747123,0.81848262,0.80748917,,,0.96750731,
V012,282,reuse,2,7,703,0,281,1,0.90471492,-4.45000000,1.00000000,4.56097577,0.90471492,0.85512213,,,0.93171516,
V012,294,switch,1,1,701,702,293,1,0.88687497,6.45000000,-2.60000000,6.95431521,0.88687497,0.89334355,0.53420536,27.35991594,0.97515395,
V012,294,reuse,1,11,702,0,293,1,0.93251630,4.20000000,2.05000000,4.67359605,0.93251630,0.93976579,,,1.00118184,
V012,295,reuse,2,1,701,0,294,1,0.89334355,6.30000000,-1.60000000,6.50000000,0.89334355,0.87419368,,,0.98998948,
V012,296,switch,2,2,706,701,,,,,,,,0.94226568,0.30755669,57.54411351,,no_last_seen|no_prev
V012,317,switch,29,29,703,693,316,1,0.98708820,-0.55000000,0.25000000,0.60415230,0.98708820,0.97424901,,,1.00626594,no_old
V012,318,switch,7,7,693,703,304,14,0.14261810,75.65000000,0.35000000,75.65080965,,0.96122045,0.24633860,59.36855228,0.80263356,no_prev
V012,318,reuse,7,29,703,0,317,1,0.97424901,1.50000000,1.10000000,1.86010752,0.97424901,0.93046376,,,0.99676611,
V012,319,reuse,29,7,693,0,318,1,0.96122045,1.65000000,-0.55000000,1.73925271,0.96122045,0.91415484,,,1.00095936,
V012,360,switch,11,11,703,702,331,29,0.35727225,-55.90000000,8.30000000,56.51283040,,0.97404783,,,0.85441524,no_prev|no_old
V012,361,reuse,29,11,703,0,360,1,0.97404783,1.00000000,1.50000000,1.80277564,0.97404783,0.93287359,,,1.01061149,
V012,366,switch,29,29,710,703,,,,,,,,,0.00000000,175.55011393,,no_last_seen|no_prev|no_next
V012,401,switch,29,29,701,703,400,1,0.87333005,7.30000000,0.10000000,7.30068490,0.87333005,0.83567362,,,0.98843336,no_old
V012,402,reuse,1,29,701,0,401,1,0.83567362,9.70000000,0.55000000,9.71558027,0.83567362,0.90650006,,,0.99695858,
V012,419,switch,1,1,693,701,401,18,0.73650947,-11.75000000,-1.60000000,11.85843582,,0.97813813,0.18478799,63.28984911,1.03771173,no_prev
V012,420,reuse,7,1,693,0,419,1,0.97813813,0.45000000,0.90000000,1.00623059,0.97813813,0.96010877,,,1.01741793,
V012,440,reuse,10,14,699,0,439,1,0.91365576,-1.75000000,-3.30000000,3.73530454,0.91365576,0.91247992,,,1.09450413,
V012,446,switch,12,12,701,700,440,6,0.66970450,12.45000000,-4.65000000,13.29003386,,0.92983382,,,1.34796117,no_prev|no_old
V012,447,reuse,29,12,701,0,446,1,0.92983382,3.30000000,-0.05000000,3.30037877,0.92983382,0.92975436,,,1.00938826,
V012,448,reuse,12,15,700,0,445,3,0.77324335,9.45000000,-4.75000000,10.57662517,,0.98075441,,,1.08047780,no_prev
V012,454,switch,12,12,700,701,453,1,0.82092538,7.15000000,1.85000000,7.38545869,0.82092538,0.90014922,0.38554984,35.85125521,1.05217236,
V012,454,switch,15,15,701,700,453,1,0.87844998,-6.00000000,0.40000000,6.01331855,0.87844998,0.92228753,0.38554984,35.85125521,1.05841056,
V012,455,reuse,15,12,700,0,454,1,0.90014922,3.65000000,2.25000000,4.28777331,0.90014922,0.90568876,,,1.03228936,
V012,455,reuse,12,15,701,0,454,1,0.92228753,-4.05000000,1.05000000,4.18389770,0.92228753,0.90474066,,,1.01620976,
V012,460,switch,11,11,695,703,459,1,0.65623089,-14.30000000,-4.25000000,14.91819359,0.65623089,0.80529017,,,1.07886754,no_old
V012,461,reuse,13,11,695,0,460,1,0.80529017,-5.90000000,0.95000000,5.97599364,0.80529017,,,,1.13656758,no_next
V012,464,switch,13,13,714,695,,,,,,,,0.78562798,,,,no_last_seen|no_prev|no_old
V012,465,switch,11,11,703,695,455,10,0.53782984,24.15000000,-5.10000000,24.68263560,,0.90755469,,,0.97783169,no_prev|no_old
V012,491,switch,13,13,693,714,490,1,0.94189644,2.20000000,-0.10000000,2.20227155,0.94189644,0.97814271,,,0.99937665,no_old
V012,492,reuse,1,13,693,0,491,1,0.97814271,0.80000000,-0.00000000,0.80000000,0.97814271,0.94768363,,,0.99836532,
V012,498,switch,14,14,712,699,497,1,0.82751714,-8.90000000,0.00000000,8.90000000,0.82751714,0.81188562,0.37919180,32.35061823,0.98230680,
V012,498,switch,17,17,699,712,493,5,0.52452088,-21.55000000,-0.20000000,21.55092805,,0.88496043,0.37919180,32.35061823,0.73583165,no_prev
V012,499,reuse,17,14,712,0,498,1,0.81188562,-9.65000000,0.25000000,9.65323780,0.81188562,0.79857182,,,0.98273189,
V012,499,reuse,14,17,699,0,498,1,0.88496043,2.85000000,3.00000000,4.13793427,0.88496043,0.78616873,,,1.10306616,
V012,502,switch,15,15,699,701,501,1,0.95887270,-0.95000000,-0.25000000,0.98234414,0.95887270,0.84159359,,,1.03442336,no_old
V012,503,reuse,17,15,699,0,502,1,0.84159359,-8.15000000,0.10000000,8.15061347,0.84159359,0.85531087,,,0.99764937,
V012,504,switch,17,17,701,699,499,5,0.77864770,-8.10000000,-0.65000000,8.12603840,,0.82684299,0.25866980,50.00762442,0.84851881,no_prev
V012,505,reuse,15,17,701,0,504,1,0.82684299,6.90000000,3.10000000,7.56439026,0.82684299,0.78906291,,,0.95862241,
V012,512,reuse,13,24,693,0,511,1,0.80643275,2.80000000,-0.25000000,2.81113856,0.80643275,0.90565269,,,1.24002901,
V013,343,reuse,31,59,735,0,342,1,0.69098537,2.60000000,1.05000000,2.80401498,0.69098537,0.72003112,,,0.71052166,
V013,345,switch,31,31,737,735,344,1,0.83512505,2.40000000,3.65000000,4.36835209,0.83512505,0.89703504,0.00000000,41.50861356,1.10127213,
V013,346,reuse,32,31,737,0,345,1,0.89703504,-1.20000000,0.60000000,1.34164079,0.89703504,0.81715248,,,0.91042345,
V013,355,switch,23,23,737,729,354,1,0.36298472,-18.70000000,-0.95000000,18.72411547,0.36298472,0.63292716,0.46925791,14.62190138,0.94333826,
V013,355,switch,32,32,729,737,354,1,0.67969046,-7.85000000,-0.25000000,7.85397988,0.67969046,0.61669396,0.46925791,14.62190138,0.90839252,
V013,356,reuse,31,23,737,0,355,1,0.63292716,-5.50000000,-4.90000000,7.36613874,0.63292716,0.63305818,,,0.72233713,
V013,356,reuse,23,32,729,0,355,1,0.61669396,-8.45000000,-3.05000000,8.98359616,0.61669396,0.64469556,,,0.83063310,
V013,358,switch,56,56,738,733,,,,,,,,0.72650827,,,,no_last_seen|no_prev|no_old
V013,363,reuse,23,31,737,0,359,4,0.34764181,-17.00000000,10.95000000,20.22133774,,0.78151584,,,1.33228509,no_prev
V013,379,switch,23,23,740,737,,,,,,,,0.84338649,0.00000000,85.81702920,,no_last_seen|no_prev
V013,380,switch,34,34,741,731,,,,,,,,0.85556909,,,,no_last_seen|no_prev|no_old
V013,390,switch,31,31,729,737,389,1,0.88327969,-2.60000000,-0.10000000,2.60192237,0.88327969,0.65078651,0.35378469,35.10270645,1.04792231,
V013,391,reuse,32,31,729,0,390,1,0.65078651,-9.80000000,-2.20000000,10.04390362,0.65078651,0.70317308,,,0.96604721,
V013,398,switch,32,32,737,729,390,8,0.00000000,-66.55000000,-40.35000000,77.82689124,,0.82292424,0.00000000,55.95035746,0.35376495,no_prev
V013,399,reuse,31,32,737,0,398,1,0.82292424,-3.70000000,-3.45000000,5.05890304,0.82292424,0.84519093,,,0.98026565,
V013,403,reuse,57,71,739,0,402,1,0.68132987,4.60000000,-1.65000000,4.88697248,0.68132987,0.76539081,,,0.94034116,
V013,423,switch,31,31,745,729,,,,,,,,0.90525817,,,,no_last_seen|no_prev|no_old
V013,430,switch,57,57,747,739,,,,,,,,0.93610518,,,,no_last_seen|no_prev|no_old
V013,434,switch,71,71,738,739,433,1,0.92150037,0.25000000,-0.90000000,0.93407708,0.92150037,0.82248145,,,0.92150037,no_old
V013,435,reuse,56,71,738,0,434,1,0.82248145,-2.10000000,-1.00000000,2.32594067,0.82248145,0.86040131,,,1.05191608,
V013,447,switch,56,56,735,738,446,1,0.60537690,-6.50000000,0.45000000,6.51555830,0.60537690,0.71830437,0.03097033,23.12817546,0.97012491,
V013,448,reuse,59,56,735,0,447,1,0.71830437,-4.10000000,1.00000000,4.22018957,0.71830437,0.83816331,,,1.01030922,
V013,458,switch,59,59,749,735,,,,,,,,0.85780944,0.12345369,19.90100500,,no_last_seen|no_prev
V013,471,switch,57,57,750,747,,,,,,,,0.80408461,,,,no_last_seen|no_prev|no_old
V013,533,switch,48,48,751,752,532,1,0.51112823,-10.10000000,-3.90000000,10.82681855,0.51112823,0.59861837,,,0.86134738,no_old
V013,534,reuse,46,48,751,0,533,1,0.59861837,-7.85000000,-0.95000000,7.90727513,0.59861837,0.57756325,,,0.94625919,
V013,542,switch,46,46,753,751,541,1,0.89662775,-0.55000000,-3.60000000,3.64177155,0.89662775,0.89463953,0.00000000,41.15558893,1.10447014,
V013,543,reuse,47,46,753,0,542,1,0.89463953,-0.25000000,-6.20000000,6.20503828,0.89463953,0.73777487,,,1.01179629,
V013,554,reuse,59,73,749,0,538,16,0.00000000,-26.90000000,-23.20000000,35.52252806,,0.88242449,,,0.46716272,no_prev
V013,561,switch,47,47,759,753,,,,,,,,0.74163565,0.21128166,22.37906388,,no_last_seen|no_prev
V013,562,switch,68,68,754,755,561,1,0.55183533,-5.40000000,1.70000000,5.66127194,0.55183533,0.50889193,,,1.10019130,no_old
V013,563,switch,67,67,755,756,561,2,0.62983157,2.10000000,6.05000000,6.40410025,,0.63875027,0.38222183,9.65323780,1.03589963,no_prev
V013,563,switch,72,72,749,754,562,1,0.79982517,-0.60000000,3.30000000,3.35410197,0.79982517,0.51075478,0.08872798,16.34785919,0.94094343,
V013,564,reuse,68,67,755,0,563,1,0.63875027,-2.95000000,4.05000000,5.01048900,0.63875027,0.78483899,,,0.96991958,
V013,564,reuse,72,68,754,0,563,1,0.44579122,-6.55000000,4.10000000,7.72738636,0.44579122,0.83720247,,,1.03930855,
V013,564,reuse,73,72,749,0,563,1,0.51075478,-4.90000000,3.30000000,5.90762220,0.51075478,0.90108296,,,0.99493671,
V013,567,switch,66,66,756,758,563,4,0.53955085,-1.15000000,11.15000000,11.20914805,,0.84909710,,,1.39210582,no_prev|no_old
V013,567,switch,67,67,754,755,566,1,0.88347069,1.25000000,0.15000000,1.25896783,0.88347069,0.72482458,0.37316137,9.56830706,1.00705882,
V013,568,reuse,67,66,756,0,567,1,0.84909710,1.20000000,1.75000000,2.12190952,0.84909710,,,,0.90337978,no_next
V013,568,reuse,68,67,754,0,567,1,0.72482458,3.20000000,-0.50000000,3.23882695,0.72482458,0.76913690,,,0.99530516,
V013,569,switch,66,66,755,756,568,1,0.93850972,-0.40000000,0.10000000,0.41231056,0.93850972,0.84743383,,,1.05661596,no_old
V013,569,switch,68,68,760,754,,,,,,,,0.72693342,0.22725061,13.99758908,,no_last_seen|no_prev
V013,570,reuse,67,66,755,0,569,1,0.84743383,1.20000000,-1.65000000,2.04022058,0.84743383,0.82718308,,,1.02307867,
V013,571,switch,73,73,761,749,,,,,,,,0.85959797,0.13997996,15.85070976,,no_last_seen|no_prev
V013,584,reuse,71,69,738,0,583,1,0.75364768,-3.00000000,-0.75000000,3.09232922,0.75364768,0.90766089,,,1.05900274,
V013,617,switch,66,66,754,755,616,1,0.86006074,1.20000000,1.55000000,1.96022958,0.86006074,0.53052646,,,1.03714176,no_old
V013,618,reuse,67,66,754,0,617,1,0.53052646,7.15000000,1.75000000,7.36104612,0.53052646,0.71760562,,,0.96399154,
V013,654,switch,50,50,742,744,642,12,0.33267205,14.70000000,-0.40000000,14.70544117,,,,,1.17158286,no_prev|no_next|no_old
V014,343,reuse,31,59,779,0,342,1,0.69098537,2.60000000,1.05000000,2.80401498,0.69098537,0.72003112,,,0.71052166,
V014,345,switch,31,31,781,779,344,1,0.83512505,2.40000000,3.65000000,4.36835209,0.83512505,0.89703504,0.00000000,41.50861356,1.10127213,
V014,346,reuse,32,31,781,0,345,1,0.89703504,-1.20000000,0.60000000,1.34164079,0.89703504,0.81715248,,,0.91042345,
V014,355,switch,23,23,781,773,354,1,0.36298472,-18.70000000,-0.95000000,18.72411547,0.36298472,0.63292716,0.46925791,14.62190138,0.94333826,
V014,355,switch,32,32,773,781,354,1,0.67969046,-7.85000000,-0.25000000,7.85397988,0.67969046,0.61669396,0.46925791,14.62190138,0.90839252,
V014,356,reuse,31,23,781,0,355,1,0.63292716,-5.50000000,-4.90000000,7.36613874,0.63292716,0.63305818,,,0.72233713,
V014,356,reuse,23,32,773,0,355,1,0.61669396,-8.45000000,-3.05000000,8.98359616,0.61669396,0.64469556,,,0.83063310,
V014,358,switch,56,56,782,777,,,,,,,,0.72650827,,,,no_last_seen|no_prev|no_old
V014,363,reuse,23,31,781,0,359,4,0.34764181,-17.00000000,10.95000000,20.22133774,,0.78151584,,,1.33228509,no_prev
V014,379,switch,23,23,784,781,,,,,,,,0.84338649,0.00000000,85.81702920,,no_last_seen|no_prev
V014,380,switch,34,34,785,775,,,,,,,,0.85556909,,,,no_last_seen|no_prev|no_old
V014,390,switch,31,31,773,781,389,1,0.88327969,-2.60000000,-0.10000000,2.60192237,0.88327969,0.65078651,0.35378469,35.10270645,1.04792231,
V014,391,reuse,32,31,773,0,390,1,0.65078651,-9.80000000,-2.20000000,10.04390362,0.65078651,0.70317308,,,0.96604721,
V014,398,switch,32,32,781,773,390,8,0.00000000,-66.55000000,-40.35000000,77.82689124,,0.82292424,0.00000000,55.95035746,0.35376495,no_prev
V014,399,reuse,31,32,781,0,398,1,0.82292424,-3.70000000,-3.45000000,5.05890304,0.82292424,0.84519093,,,0.98026565,
V014,403,reuse,57,71,783,0,402,1,0.68132987,4.60000000,-1.65000000,4.88697248,0.68132987,0.76539081,,,0.94034116,
V014,423,switch,31,31,789,773,,,,,,,,0.90525817,,,,no_last_seen|no_prev|no_old
V014,430,switch,57,57,791,783,,,,,,,,0.93610518,,,,no_last_seen|no_prev|no_old
V014,434,switch,71,71,782,783,433,1,0.92150037,0.25000000,-0.90000000,0.93407708,0.92150037,0.82248145,,,0.92150037,no_old
V014,435,reuse,56,71,782,0,434,1,0.82248145,-2.10000000,-1.00000000,2.32594067,0.82248145,0.86040131,,,1.05191608,
V014,447,switch,56,56,779,782,446,1,0.60537690,-6.50000000,0.45000000,6.51555830,0.60537690,0.71830437,0.03097033,23.12817546,0.97012491,
V014,448,reuse,59,56,779,0,447,1,0.71830437,-4.10000000,1.00000000,4.22018957,0.71830437,0.83816331,,,1.01030922,
V014,458,switch,59,59,793,779,,,,,,,,0.85780944,0.12345369,19.90100500,,no_last_seen|no_prev
V014,471,switch,57,57,794,791,,,,,,,,0.80408461,,,,no_last_seen|no_prev|no_old
V014,533,switch,48,48,795,796,532,1,0.51112823,-10.10000000,-3.90000000,10.82681855,0.51112823,0.59861837,,,0.86134738,no_old
V014,534,reuse,46,48,795,0,533,1,0.59861837,-7.85000000,-0.95000000,7.90727513,0.59861837,0.57756325,,,0.94625919,
V014,542,switch,46,46,797,795,541,1,0.89662775,-0.55000000,-3.60000000,3.64177155,0.89662775,0.89463953,0.00000000,41.15558893,1.10447014,
V014,543,reuse,47,46,797,0,542,1,0.89463953,-0.25000000,-6.20000000,6.20503828,0.89463953,0.73777487,,,1.01179629,
V014,554,reuse,59,73,793,0,538,16,0.00000000,-26.90000000,-23.20000000,35.52252806,,0.88242449,,,0.46716272,no_prev
V014,561,switch,47,47,803,797,,,,,,,,0.74163565,0.21128166,22.37906388,,no_last_seen|no_prev
V014,562,switch,68,68,798,799,561,1,0.55183533,-5.40000000,1.70000000,5.66127194,0.55183533,0.50889193,,,1.10019130,no_old
V014,563,switch,67,67,799,800,561,2,0.62983157,2.10000000,6.05000000,6.40410025,,0.63875027,0.38222183,9.65323780,1.03589963,no_prev
V014,563,switch,72,72,793,798,562,1,0.79982517,-0.60000000,3.30000000,3.35410197,0.79982517,0.51075478,0.08872798,16.34785919,0.94094343,
V014,564,reuse,68,67,799,0,563,1,0.63875027,-2.95000000,4.05000000,5.01048900,0.63875027,0.78483899,,,0.96991958,
V014,564,reuse,72,68,798,0,563,1,0.44579122,-6.55000000,4.10000000,7.72738636,0.44579122,0.83720247,,,1.03930855,
V014,564,reuse,73,72,793,0,563,1,0.51075478,-4.90000000,3.30000000,5.90762220,0.51075478,0.90108296,,,0.99493671,
V014,567,switch,66,66,800,802,563,4,0.53955085,-1.15000000,11.15000000,11.20914805,,0.84909710,,,1.39210582,no_prev|no_old
V014,567,switch,67,67,798,799,566,1,0.88347069,1.25000000,0.15000000,1.25896783,0.88347069,0.72482458,0.37316137,9.56830706,1.00705882,
V014,568,reuse,67,66,800,0,567,1,0.84909710,1.20000000,1.75000000,2.12190952,0.84909710,,,,0.90337978,no_next
V014,568,reuse,68,67,798,0,567,1,0.72482458,3.20000000,-0.50000000,3.23882695,0.72482458,0.76913690,,,0.99530516,
V014,569,switch,66,66,799,800,568,1,0.93850972,-0.40000000,0.10000000,0.41231056,0.93850972,0.84743383,,,1.05661596,no_old
V014,569,switch,68,68,804,798,,,,,,,,0.72693342,0.22725061,13.99758908,,no_last_seen|no_prev
V014,570,reuse,67,66,799,0,569,1,0.84743383,1.20000000,-1.65000000,2.04022058,0.84743383,0.82718308,,,1.02307867,
V014,571,switch,73,73,805,793,,,,,,,,0.85959797,0.13997996,15.85070976,,no_last_seen|no_prev
V014,584,reuse,71,69,782,0,583,1,0.75364768,-3.00000000,-0.75000000,3.09232922,0.75364768,0.90766089,,,1.05900274,
V014,617,switch,66,66,798,799,616,1,0.86006074,1.20000000,1.55000000,1.96022958,0.86006074,0.53052646,,,1.03714176,no_old
V014,618,reuse,67,66,798,0,617,1,0.53052646,7.15000000,1.75000000,7.36104612,0.53052646,0.71760562,,,0.96399154,
V014,654,switch,50,50,786,788,642,12,0.33267205,14.70000000,-0.40000000,14.70544117,,,,,1.17158286,no_prev|no_next|no_old
V015,343,reuse,31,59,823,0,342,1,0.69098537,2.60000000,1.05000000,2.80401498,0.69098537,0.72003112,,,0.71052166,
V015,345,switch,31,31,825,823,344,1,0.83512505,2.40000000,3.65000000,4.36835209,0.83512505,0.89703504,0.00000000,41.50861356,1.10127213,
V015,346,reuse,32,31,825,0,345,1,0.89703504,-1.20000000,0.60000000,1.34164079,0.89703504,0.81715248,,,0.91042345,
V015,355,switch,23,23,825,817,354,1,0.36298472,-18.70000000,-0.95000000,18.72411547,0.36298472,0.63292716,0.46925791,14.62190138,0.94333826,
V015,355,switch,32,32,817,825,354,1,0.67969046,-7.85000000,-0.25000000,7.85397988,0.67969046,0.61669396,0.46925791,14.62190138,0.90839252,
V015,356,reuse,31,23,825,0,355,1,0.63292716,-5.50000000,-4.90000000,7.36613874,0.63292716,0.63305818,,,0.72233713,
V015,356,reuse,23,32,817,0,355,1,0.61669396,-8.45000000,-3.05000000,8.98359616,0.61669396,0.64469556,,,0.83063310,
V015,358,switch,56,56,826,821,,,,,,,,0.72650827,,,,no_last_seen|no_prev|no_old
V015,363,reuse,23,31,825,0,359,4,0.34764181,-17.00000000,10.95000000,20.22133774,,0.78151584,,,1.33228509,no_prev
V015,379,switch,23,23,828,825,,,,,,,,0.84338649,0.00000000,85.81702920,,no_last_seen|no_prev
V015,380,switch,34,34,829,819,,,,,,,,0.85556909,,,,no_last_seen|no_prev|no_old
V015,390,switch,31,31,817,825,389,1,0.88327969,-2.60000000,-0.10000000,2.60192237,0.88327969,0.65078651,0.35378469,35.10270645,1.04792231,
V015,391,reuse,32,31,817,0,390,1,0.65078651,-9.80000000,-2.20000000,10.04390362,0.65078651,0.70317308,,,0.96604721,
V015,398,switch,32,32,825,817,390,8,0.00000000,-66.55000000,-40.35000000,77.82689124,,0.82292424,0.00000000,55.95035746,0.35376495,no_prev
V015,399,reuse,31,32,825,0,398,1,0.82292424,-3.70000000,-3.45000000,5.05890304,0.82292424,0.84519093,,,0.98026565,
V015,403,reuse,57,71,827,0,402,1,0.68132987,4.60000000,-1.65000000,4.88697248,0.68132987,0.76539081,,,0.94034116,
V015,423,switch,31,31,833,817,,,,,,,,0.90525817,,,,no_last_seen|no_prev|no_old
V015,430,switch,57,57,835,827,,,,,,,,0.93610518,,,,no_last_seen|no_prev|no_old
V015,434,switch,71,71,826,827,433,1,0.92150037,0.25000000,-0.90000000,0.93407708,0.92150037,0.82248145,,,0.92150037,no_old
V015,435,reuse,56,71,826,0,434,1,0.82248145,-2.10000000,-1.00000000,2.32594067,0.82248145,0.86040131,,,1.05191608,
V015,447,switch,56,56,823,826,446,1,0.60537690,-6.50000000,0.45000000,6.51555830,0.60537690,0.71830437,0.03097033,23.12817546,0.97012491,
V015,448,reuse,59,56,823,0,447,1,0.71830437,-4.10000000,1.00000000,4.22018957,0.71830437,0.83816331,,,1.01030922,
V015,458,switch,59,59,837,823,,,,,,,,0.85780944,0.12345369,19.90100500,,no_last_seen|no_prev
V015,471,switch,57,57,838,835,,,,,,,,0.80408461,,,,no_last_seen|no_prev|no_old
V015,533,switch,48,48,839,840,532,1,0.51112823,-10.10000000,-3.90000000,10.82681855,0.51112823,0.59861837,,,0.86134738,no_old
V015,534,reuse,46,48,839,0,533,1,0.59861837,-7.85000000,-0.95000000,7.90727513,0.59861837,0.57756325,,,0.94625919,
V015,542,switch,46,46,841,839,541,1,0.89662775,-0.55000000,-3.60000000,3.64177155,0.89662775,0.89463953,0.00000000,41.15558893,1.10447014,
V015,543,reuse,47,46,841,0,542,1,0.89463953,-0.25000000,-6.20000000,6.20503828,0.89463953,0.73777487,,,1.01179629,
V015,554,reuse,59,73,837,0,538,16,0.00000000,-26.90000000,-23.20000000,35.52252806,,0.88242449,,,0.46716272,no_prev
V015,561,switch,47,47,847,841,,,,,,,,0.74163565,0.21128166,22.37906388,,no_last_seen|no_prev
V015,562,switch,68,68,842,843,561,1,0.55183533,-5.40000000,1.70000000,5.66127194,0.55183533,0.50889193,,,1.10019130,no_old
V015,563,switch,67,67,843,844,561,2,0.62983157,2.10000000,6.05000000,6.40410025,,0.63875027,0.38222183,9.65323780,1.03589963,no_prev
V015,563,switch,72,72,837,842,562,1,0.79982517,-0.60000000,3.30000000,3.35410197,0.79982517,0.51075478,0.08872798,16.34785919,0.94094343,
V015,564,reuse,68,67,843,0,563,1,0.63875027,-2.95000000,4.05000000,5.01048900,0.63875027,0.78483899,,,0.96991958,
V015,564,reuse,72,68,842,0,563,1,0.44579122,-6.55000000,4.10000000,7.72738636,0.44579122,0.83720247,,,1.03930855,
V015,564,reuse,73,72,837,0,563,1,0.51075478,-4.90000000,3.30000000,5.90762220,0.51075478,0.90108296,,,0.99493671,
V015,567,switch,66,66,844,846,563,4,0.53955085,-1.15000000,11.15000000,11.20914805,,0.84909710,,,1.39210582,no_prev|no_old
V015,567,switch,67,67,842,843,566,1,0.88347069,1.25000000,0.15000000,1.25896783,0.88347069,0.72482458,0.37316137,9.56830706,1.00705882,
V015,568,reuse,67,66,844,0,567,1,0.84909710,1.20000000,1.75000000,2.12190952,0.84909710,,,,0.90337978,no_next
V015,568,reuse,68,67,842,0,567,1,0.72482458,3.20000000,-0.50000000,3.23882695,0.72482458,0.76913690,,,0.99530516,
V015,569,switch,66,66,843,844,568,1,0.93850972,-0.40000000,0.10000000,0.41231056,0.93850972,0.84743383,,,1.05661596,no_old
V015,569,switch,68,68,848,842,,,,,,,,0.72693342,0.22725061,13.99758908,,no_last_seen|no_prev
V015,570,reuse,67,66,843,0,569,1,0.84743383,1.20000000,-1.65000000,2.04022058,0.84743383,0.82718308,,,1.02307867,
V015,571,switch,73,73,849,837,,,,,,,,0.85959797,0.13997996,15.85070976,,no_last_seen|no_prev
V015,584,reuse,71,69,826,0,583,1,0.75364768,-3.00000000,-0.75000000,3.09232922,0.75364768,0.90766089,,,1.05900274,
V015,617,switch,66,66,842,843,616,1,0.86006074,1.20000000,1.55000000,1.96022958,0.86006074,0.53052646,,,1.03714176,no_old
V015,618,reuse,67,66,842,0,617,1,0.53052646,7.15000000,1.75000000,7.36104612,0.53052646,0.71760562,,,0.96399154,
V015,654,switch,50,50,830,832,642,12,0.33267205,14.70000000,-0.40000000,14.70544117,,,,,1.17158286,no_prev|no_next|no_old
V016,512,switch,32,32,860,856,511,1,0.75943970,-9.95000000,1.90000000,10.12978282,0.75943970,0.65735736,0.17876339,58.35104969,0.91430514,
V016,513,reuse,46,32,860,0,512,1,0.65735736,-16.35000000,-1.25000000,16.39771326,0.65735736,0.86346764,,,1.04794072,
V016,564,switch,39,39,861,854,563,1,0.88685150,6.75000000,0.60000000,6.77661420,0.88685150,0.87193355,0.41027298,54.62831226,1.02129385,
V016,564,switch,41,41,854,861,563,1,0.75047067,18.45000000,3.70000000,18.81734572,0.75047067,0.72644418,0.41027298,54.62831226,1.03758006,
V016,565,reuse,41,39,861,0,564,1,0.87193355,8.05000000,0.25000000,8.05388105,0.87193355,0.88700949,,,0.98995789,
V016,565,reuse,39,41,854,0,564,1,0.72644418,21.90000000,1.15000000,21.93017328,0.72644418,0.78258441,,,1.02796211,
V016,575,switch,42,42,863,862,,,,,,,,0.87586533,,,,no_last_seen|no_prev|no_old
V016,726,switch,34,34,867,869,725,1,0.77348105,13.75000000,0.40000000,13.75581695,0.77348105,0.90929847,0.43931721,53.15000000,1.14209786,
V016,727,reuse,33,34,867,0,726,1,0.90929847,5.60000000,-3.85000000,6.79577074,0.90929847,0.92316991,,,0.99838806,
V016,730,switch,34,34,869,867,729,1,0.66709004,-20.00000000,-3.20000000,20.25438224,0.66709004,,0.58108864,23.20759574,0.92611762,no_next
V016,730,reuse,34,33,867,0,729,1,0.76765116,-17.45000000,0.70000000,17.46403447,0.76765116,0.89408175,,,0.98163087,
V016,731,switch,34,34,867,867,730,1,0.89408175,-0.15000000,-11.00000000,11.00102268,0.89408175,0.62323199,1.00000000,0.00000000,0.90961681,
V016,734,switch,34,34,869,867,730,4,0.56803246,-27.90000000,-5.00000000,28.34448800,,0.83111798,0.37083183,45.72663338,1.01087785,no_prev
V016,738,switch,43,43,873,871,,,,,,,,0.64737814,,,,no_last_seen|no_prev|no_old
V016,771,switch,33,33,869,867,770,1,0.90988254,0.30000000,0.15000000,0.33541020,0.90988254,0.95143879,,,1.09904296,no_old
V016,772,reuse,34,33,869,0,771,1,0.95143879,1.60000000,-2.65000000,3.09556134,0.95143879,0.91847345,,,1.05103977,
V016,774,switch,34,34,867,869,770,4,0.91635463,-4.50000000,-4.85000000,6.61607890,,0.90840073,0.42854232,28.97865594,0.91635463,no_prev
V016,775,reuse,33,34,867,0,774,1,0.90840073,-2.80000000,1.05000000,2.99040131,0.90840073,0.96153417,,,1.10083575,
V016,840,reuse,67,68,880,0,839,1,0.56485356,-5.80000000,-5.00000000,7.65767589,0.56485356,0.64802023,,,0.79792017,
V016,844,switch,67,67,881,880,,,,,,,,0.64064860,0.13260136,19.24324557,,no_last_seen|no_prev
V016,869,reuse,86,71,884,0,855,14,0.23453919,-13.15000000,-33.45000000,35.94196711,,0.95785543,,,1.53816139,no_prev
V016,877,switch,70,70,884,883,876,1,0.78743413,4.40000000,1.80000000,4.75394573,0.78743413,0.85502641,,,1.01914077,no_old
V016,878,switch,71,71,883,884,871,7,0.39936973,13.15000000,3.65000000,13.64716088,,0.93864347,0.38181246,13.91734529,0.62630199,no_prev
V016,878,reuse,71,70,884,0,877,1,0.85502641,2.55000000,-2.15000000,3.33541602,0.85502641,0.89192802,,,0.95467513,
V016,879,reuse,70,71,883,0,878,1,0.93864347,-0.70000000,0.45000000,0.83216585,0.93864347,0.93588631,,,0.95558746,
V016,891,switch,72,72,883,889,890,1,0.64166901,6.15000000,3.85000000,7.25568742,0.64166901,0.62617436,,,0.99391122,no_old
V016,892,switch,71,71,891,883,,,,,,,,0.43474925,0.00000000,31.95003912,,no_last_seen|no_prev
V016,892,reuse,71,72,883,0,891,1,0.62617436,-6.45000000,3.95000000,7.56339871,0.62617436,0.44401916,,,0.96965021,
V017,512,switch,32,32,906,902,511,1,0.75943970,-9.95000000,1.90000000,10.12978282,0.75943970,0.65735736,0.17876339,58.35104969,0.91430514,
V017,513,reuse,46,32,906,0,512,1,0.65735736,-16.35000000,-1.25000000,16.39771326,0.65735736,0.86346764,,,1.04794072,
V017,564,switch,39,39,907,900,563,1,0.88685150,6.75000000,0.60000000,6.77661420,0.88685150,0.87193355,0.41027298,54.62831226,1.02129385,
V017,564,switch,41,41,900,907,563,1,0.75047067,18.45000000,3.70000000,18.81734572,0.75047067,0.72644418,0.41027298,54.62831226,1.03758006,
V017,565,reuse,41,39,907,0,564,1,0.87193355,8.05000000,0.25000000,8.05388105,0.87193355,0.88700949,,,0.98995789,
V017,565,reuse,39,41,900,0,564,1,0.72644418,21.90000000,1.15000000,21.93017328,0.72644418,0.78258441,,,1.02796211,
V017,575,switch,42,42,909,908,,,,,,,,0.87586533,,,,no_last_seen|no_prev|no_old
V017,726,switch,34,34,913,915,725,1,0.77348105,13.75000000,0.40000000,13.75581695,0.77348105,0.90929847,0.43931721,53.15000000,1.14209786,
V017,727,reuse,33,34,913,0,726,1,0.90929847,5.60000000,-3.85000000,6.79577074,0.90929847,0.92316991,,,0.99838806,
V017,730,switch,34,34,915,913,729,1,0.66709004,-20.00000000,-3.20000000,20.25438224,0.66709004,,0.58108864,23.20759574,0.92611762,no_next
V017,730,reuse,34,33,913,0,729,1,0.76765116,-17.45000000,0.70000000,17.46403447,0.76765116,0.89408175,,,0.98163087,
V017,731,switch,34,34,913,913,730,1,0.89408175,-0.15000000,-11.00000000,11.00102268,0.89408175,0.62323199,1.00000000,0.00000000,0.90961681,
V017,734,switch,34,34,915,913,730,4,0.56803246,-27.90000000,-5.00000000,28.34448800,,0.83111798,0.37083183,45.72663338,1.01087785,no_prev
V017,738,switch,43,43,919,917,,,,,,,,0.64737814,,,,no_last_seen|no_prev|no_old
V017,771,switch,33,33,915,913,770,1,0.90988254,0.30000000,0.15000000,0.33541020,0.90988254,0.95143879,,,1.09904296,no_old
V017,772,reuse,34,33,915,0,771,1,0.95143879,1.60000000,-2.65000000,3.09556134,0.95143879,0.91847345,,,1.05103977,
V017,774,switch,34,34,913,915,770,4,0.91635463,-4.50000000,-4.85000000,6.61607890,,0.90840073,0.42854232,28.97865594,0.91635463,no_prev
V017,775,reuse,33,34,913,0,774,1,0.90840073,-2.80000000,1.05000000,2.99040131,0.90840073,0.96153417,,,1.10083575,
V017,840,reuse,67,68,926,0,839,1,0.56485356,-5.80000000,-5.00000000,7.65767589,0.56485356,0.64802023,,,0.79792017,
V017,844,switch,67,67,927,926,,,,,,,,0.64064860,0.13260136,19.24324557,,no_last_seen|no_prev
V017,869,reuse,86,71,930,0,855,14,0.23453919,-13.15000000,-33.45000000,35.94196711,,0.95785543,,,1.53816139,no_prev
V017,877,switch,70,70,930,929,876,1,0.78743413,4.40000000,1.80000000,4.75394573,0.78743413,0.85502641,,,1.01914077,no_old
V017,878,switch,71,71,929,930,871,7,0.39936973,13.15000000,3.65000000,13.64716088,,0.93864347,0.38181246,13.91734529,0.62630199,no_prev
V017,878,reuse,71,70,930,0,877,1,0.85502641,2.55000000,-2.15000000,3.33541602,0.85502641,0.89192802,,,0.95467513,
V017,879,reuse,70,71,929,0,878,1,0.93864347,-0.70000000,0.45000000,0.83216585,0.93864347,0.93588631,,,0.95558746,
V017,891,switch,72,72,929,935,890,1,0.64166901,6.15000000,3.85000000,7.25568742,0.64166901,0.62617436,,,0.99391122,no_old
V017,892,switch,71,71,937,929,,,,,,,,0.43474925,0.00000000,31.95003912,,no_last_seen|no_prev
V017,892,reuse,71,72,929,0,891,1,0.62617436,-6.45000000,3.95000000,7.56339871,0.62617436,0.44401916,,,0.96965021,
V018,512,switch,32,32,952,948,511,1,0.75943970,-9.95000000,1.90000000,10.12978282,0.75943970,0.65735736,0.17876339,58.35104969,0.91430514,
V018,513,reuse,46,32,952,0,512,1,0.65735736,-16.35000000,-1.25000000,16.39771326,0.65735736,0.86346764,,,1.04794072,
V018,564,switch,39,39,953,946,563,1,0.88685150,6.75000000,0.60000000,6.77661420,0.88685150,0.87193355,0.41027298,54.62831226,1.02129385,
V018,564,switch,41,41,946,953,563,1,0.75047067,18.45000000,3.70000000,18.81734572,0.75047067,0.72644418,0.41027298,54.62831226,1.03758006,
V018,565,reuse,41,39,953,0,564,1,0.87193355,8.05000000,0.25000000,8.05388105,0.87193355,0.88700949,,,0.98995789,
V018,565,reuse,39,41,946,0,564,1,0.72644418,21.90000000,1.15000000,21.93017328,0.72644418,0.78258441,,,1.02796211,
V018,575,switch,42,42,955,954,,,,,,,,0.87586533,,,,no_last_seen|no_prev|no_old
V018,726,switch,34,34,959,961,725,1,0.77348105,13.75000000,0.40000000,13.75581695,0.77348105,0.90929847,0.43931721,53.15000000,1.14209786,
V018,727,reuse,33,34,959,0,726,1,0.90929847,5.60000000,-3.85000000,6.79577074,0.90929847,0.92316991,,,0.99838806,
V018,730,switch,34,34,961,959,729,1,0.66709004,-20.00000000,-3.20000000,20.25438224,0.66709004,,0.58108864,23.20759574,0.92611762,no_next
V018,730,reuse,34,33,959,0,729,1,0.76765116,-17.45000000,0.70000000,17.46403447,0.76765116,0.89408175,,,0.98163087,
V018,731,switch,34,34,959,959,730,1,0.89408175,-0.15000000,-11.00000000,11.00102268,0.89408175,0.62323199,1.00000000,0.00000000,0.90961681,
V018,734,switch,34,34,961,959,730,4,0.56803246,-27.90000000,-5.00000000,28.34448800,,0.83111798,0.37083183,45.72663338,1.01087785,no_prev
V018,738,switch,43,43,965,963,,,,,,,,0.64737814,,,,no_last_seen|no_prev|no_old
V018,771,switch,33,33,961,959,770,1,0.90988254,0.30000000,0.15000000,0.33541020,0.90988254,0.95143879,,,1.09904296,no_old
V018,772,reuse,34,33,961,0,771,1,0.95143879,1.60000000,-2.65000000,3.09556134,0.95143879,0.91847345,,,1.05103977,
V018,774,switch,34,34,959,961,770,4,0.91635463,-4.50000000,-4.85000000,6.61607890,,0.90840073,0.42854232,28.97865594,0.91635463,no_prev
V018,775,reuse,33,34,959,0,774,1,0.90840073,-2.80000000,1.05000000,2.99040131,0.90840073,0.96153417,,,1.10083575,
V018,840,reuse,67,68,972,0,839,1,0.56485356,-5.80000000,-5.00000000,7.65767589,0.56485356,0.64802023,,,0.79792017,
V018,844,switch,67,67,973,972,,,,,,,,0.64064860,0.13260136,19.24324557,,no_last_seen|no_prev
V018,869,reuse,86,71,976,0,855,14,0.23453919,-13.15000000,-33.45000000,35.94196711,,0.95785543,,,1.53816139,no_prev
V018,877,switch,70,70,976,975,876,1,0.78743413,4.40000000,1.80000000,4.75394573,0.78743413,0.85502641,,,1.01914077,no_old
V018,878,switch,71,71,975,976,871,7,0.39936973,13.15000000,3.65000000,13.64716088,,0.93864347,0.38181246,13.91734529,0.62630199,no_prev
V018,878,reuse,71,70,976,0,877,1,0.85502641,2.55000000,-2.15000000,3.33541602,0.85502641,0.89192802,,,0.95467513,
V018,879,reuse,70,71,975,0,878,1,0.93864347,-0.70000000,0.45000000,0.83216585,0.93864347,0.93588631,,,0.95558746,
V018,891,switch,72,72,975,981,890,1,0.64166901,6.15000000,3.85000000,7.25568742,0.64166901,0.62617436,,,0.99391122,no_old
V018,892,switch,71,71,983,975,,,,,,,,0.43474925,0.00000000,31.95003912,,no_last_seen|no_prev
V018,892,reuse,71,72,975,0,891,1,0.62617436,-6.45000000,3.95000000,7.56339871,0.62617436,0.44401916,,,0.96965021,
V019,412,switch,153,153,997,995,400,12,0.00000000,-65.05000000,9.35000000,65.71852859,,0.63361455,,,1.15907865,no_prev|no_old
V019,413,reuse,163,153,997,0,412,1,0.63361455,-10.85000000,0.40000000,10.85737077,0.63361455,0.54602293,,,1.03491827,
V019,413,reuse,39,58,1006,0,400,13,0.00000000,-78.90000000,-6.05000000,79.13161505,,0.35454935,,,1.11983158,no_prev
V019,416,switch,155,155,1007,992,415,1,0.77047010,-8.40000000,-1.55000000,8.54180894,0.77047010,0.67318887,0.31228950,43.65103092,1.02309194,
V019,416,switch,161,161,992,1007,415,1,0.66272982,-11.75000000,-0.60000000,11.76530918,0.66272982,0.62969464,0.31228950,43.65103092,1.02023285,
V019,417,reuse,161,155,1007,0,416,1,0.67318887,-12.75000000,-2.85000000,13.06464695,0.67318887,,,,1.02873925,no_next
V019,417,reuse,155,161,992,0,416,1,0.62969464,-13.05000000,1.35000000,13.11964176,0.62969464,0.72235029,,,0.98382567,
V019,424,switch,70,70,995,996,411,13,0.00000000,-122.95000000,-8.90000000,123.27170194,,0.46721379,,,0.95575758,no_prev|no_old
V019,425,reuse,153,70,995,0,424,1,0.46721379,-17.40000000,-0.30000000,17.40258601,0.46721379,0.50090978,,,0.98675065,
V019,430,switch,142,142,996,991,423,7,0.00000000,-97.45000000,9.45000000,97.90712436,,0.38718516,,,1.05977508,no_prev|no_old
V019,431,reuse,70,142,996,0,430,1,0.38718516,-18.75000000,2.95000000,18.98064804,0.38718516,0.36344114,,,1.00779541,
V019,434,switch,163,163,1029,997,,,,,,,,0.36013634,0.17681673,31.95704148,,no_last_seen|no_prev
V019,437,switch,65,65,991,993,429,8,0.00000000,-132.95000000,6.75000000,133.12124173,,0.39817508,,,1.12353018,no_prev|no_old
V019,438,reuse,142,65,991,0,437,1,0.39817508,-19.50000000,0.35000000,19.50314077,0.39817508,0.38863909,,,1.01426495,
V019,452,reuse,69,165,1003,0,450,2,0.00000000,-56.95000000,0.80000000,56.95561869,,0.26482050,,,1.04207596,no_prev
V019,454,reuse,153,128,997,0,453,1,0.41378565,-18.25000000,-5.35000000,19.01801777,0.41378565,0.28756976,,,0.86374486,
V019,455,reuse,163,154,1029,0,454,1,0.38905448,-19.25000000,6.30000000,20.25469081,0.38905448,0.29056201,,,1.12121309,
V020,412,switch,153,153,1139,1137,400,12,0.00000000,-65.05000000,9.35000000,65.71852859,,0.63361455,,,1.15907865,no_prev|no_old
V020,413,reuse,163,153,1139,0,412,1,0.63361455,-10.85000000,0.40000000,10.85737077,0.63361455,0.54602293,,,1.03491827,
V020,413,reuse,39,58,1148,0,400,13,0.00000000,-78.90000000,-6.05000000,79.13161505,,0.35454935,,,1.11983158,no_prev
V020,416,switch,155,155,1149,1134,415,1,0.77047010,-8.40000000,-1.55000000,8.54180894,0.77047010,0.67318887,0.31228950,43.65103092,1.02309194,
V020,416,switch,161,161,1134,1149,415,1,0.66272982,-11.75000000,-0.60000000,11.76530918,0.66272982,0.62969464,0.31228950,43.65103092,1.02023285,
V020,417,reuse,161,155,1149,0,416,1,0.67318887,-12.75000000,-2.85000000,13.06464695,0.67318887,,,,1.02873925,no_next
V020,417,reuse,155,161,1134,0,416,1,0.62969464,-13.05000000,1.35000000,13.11964176,0.62969464,0.72235029,,,0.98382567,
V020,424,switch,70,70,1137,1138,411,13,0.00000000,-122.95000000,-8.90000000,123.27170194,,0.46721379,,,0.95575758,no_prev|no_old
V020,425,reuse,153,70,1137,0,424,1,0.46721379,-17.40000000,-0.30000000,17.40258601,0.46721379,0.50090978,,,0.98675065,
V020,430,switch,142,142,1138,1133,423,7,0.00000000,-97.45000000,9.45000000,97.90712436,,0.38718516,,,1.05977508,no_prev|no_old
V020,431,reuse,70,142,1138,0,430,1,0.38718516,-18.75000000,2.95000000,18.98064804,0.38718516,0.36344114,,,1.00779541,
V020,434,switch,163,163,1171,1139,,,,,,,,0.36013634,0.17681673,31.95704148,,no_last_seen|no_prev
V020,437,switch,65,65,1133,1135,429,8,0.00000000,-132.95000000,6.75000000,133.12124173,,0.39817508,,,1.12353018,no_prev|no_old
V020,438,reuse,142,65,1133,0,437,1,0.39817508,-19.50000000,0.35000000,19.50314077,0.39817508,0.38863909,,,1.01426495,
V020,452,reuse,69,165,1145,0,450,2,0.00000000,-56.95000000,0.80000000,56.95561869,,0.26482050,,,1.04207596,no_prev
V020,454,reuse,153,128,1139,0,453,1,0.41378565,-18.25000000,-5.35000000,19.01801777,0.41378565,0.28756976,,,0.86374486,
V020,455,reuse,163,154,1171,0,454,1,0.38905448,-19.25000000,6.30000000,20.25469081,0.38905448,0.29056201,,,1.12121309,
V021,412,switch,153,153,1281,1279,400,12,0.00000000,-65.05000000,9.35000000,65.71852859,,0.63361455,,,1.15907865,no_prev|no_old
V021,413,reuse,163,153,1281,0,412,1,0.63361455,-10.85000000,0.40000000,10.85737077,0.63361455,0.54602293,,,1.03491827,
V021,413,reuse,39,58,1290,0,400,13,0.00000000,-78.90000000,-6.05000000,79.13161505,,0.35454935,,,1.11983158,no_prev
V021,416,switch,155,155,1291,1276,415,1,0.77047010,-8.40000000,-1.55000000,8.54180894,0.77047010,0.67318887,0.31228950,43.65103092,1.02309194,
V021,416,switch,161,161,1276,1291,415,1,0.66272982,-11.75000000,-0.60000000,11.76530918,0.66272982,0.62969464,0.31228950,43.65103092,1.02023285,
V021,417,reuse,161,155,1291,0,416,1,0.67318887,-12.75000000,-2.85000000,13.06464695,0.67318887,,,,1.02873925,no_next
V021,417,reuse,155,161,1276,0,416,1,0.62969464,-13.05000000,1.35000000,13.11964176,0.62969464,0.72235029,,,0.98382567,
V021,424,switch,70,70,1279,1280,411,13,0.00000000,-122.95000000,-8.90000000,123.27170194,,0.46721379,,,0.95575758,no_prev|no_old
V021,425,reuse,153,70,1279,0,424,1,0.46721379,-17.40000000,-0.30000000,17.40258601,0.46721379,0.50090978,,,0.98675065,
V021,430,switch,142,142,1280,1275,423,7,0.00000000,-97.45000000,9.45000000,97.90712436,,0.38718516,,,1.05977508,no_prev|no_old
V021,431,reuse,70,142,1280,0,430,1,0.38718516,-18.75000000,2.95000000,18.98064804,0.38718516,0.36344114,,,1.00779541,
V021,434,switch,163,163,1313,1281,,,,,,,,0.36013634,0.17681673,31.95704148,,no_last_seen|no_prev
V021,437,switch,65,65,1275,1277,429,8,0.00000000,-132.95000000,6.75000000,133.12124173,,0.39817508,,,1.12353018,no_prev|no_old
V021,438,reuse,142,65,1275,0,437,1,0.39817508,-19.50000000,0.35000000,19.50314077,0.39817508,0.38863909,,,1.01426495,
V021,452,reuse,69,165,1287,0,450,2,0.00000000,-56.95000000,0.80000000,56.95561869,,0.26482050,,,1.04207596,no_prev
V021,454,reuse,153,128,1281,0,453,1,0.41378565,-18.25000000,-5.35000000,19.01801777,0.41378565,0.28756976,,,0.86374486,
V021,455,reuse,163,154,1313,0,454,1,0.38905448,-19.25000000,6.30000000,20.25469081,0.38905448,0.29056201,,,1.12121309,
