seq,frame,type,gt_id_old,gt_id_new,track_id,old_hid,last_frame,gap,IoU_last,dx_last,dy_last,dist_last,IoU_prev,IoU_next,IoU_swap,dist_swap,area_ratio,na_flag
V001,227,switch,5,5,11,8,,,,,,,,0.82382765,,,,no_last_seen|no_prev|no_old
V001,235,switch,6,6,12,9,,,,,,,,0.96093115,,,,no_last_seen|no_prev|no_old
V001,686,switch,6,6,14,12,,,,,,,,0.36162469,,,,no_last_seen|no_prev|no_old
V001,690,switch,6,6,15,12,,,,,,,,0.79895666,,,,no_last_seen|no_prev|no_old
V001,694,switch,4,4,16,5,,,,,,,,0.74718830,,,,no_last_seen|no_prev|no_old
V001,755,switch,1,1,15,3,754,1,0.94947599,0.80000000,1.80000000,1.96977156,0.94947599,,,,1.05003909,no_next|no_old
V001,756,switch,1,1,3,3,753,3,0.59892681,14.40000000,6.40000000,15.75817248,,0.78117734,1.00000000,0.00000000,1.28993465,no_prev
V001,764,switch,0,0,6,1,763,1,0.87137731,2.40000000,3.70000000,4.41021541,0.87137731,0.82378890,0.41073397,20.49786574,1.04627767,
V001,764,switch,3,3,1,6,763,1,0.79356232,5.05000000,6.10000000,7.91912243,0.79356232,0.81361536,0.41073397,20.49786574,0.97844975,
V001,765,reuse,3,0,6,0,764,1,0.82378890,3.25000000,5.80000000,6.64849607,0.82378890,0.76970201,,,1.06055021,
V001,765,reuse,0,3,1,0,764,1,0.81361536,3.40000000,8.00000000,8.69252552,0.81361536,0.76839342,,,0.98360782,
V001,798,switch,2,2,6,4,797,1,0.83256966,6.90000000,-0.10000000,6.90072460,0.83256966,,,,0.96390179,no_next|no_old
V001,801,switch,2,2,1,4,800,1,0.86375814,-4.40000000,0.40000000,4.41814441,0.86375814,0.93233358,,,0.95658623,no_old
V001,801,switch,3,3,6,1,798,3,0.88852488,3.55000000,-0.10000000,3.55140817,,0.93359410,0.38750149,30.56869314,0.93398504,no_prev
V001,802,reuse,3,2,1,0,801,1,0.93233358,-1.80000000,-1.70000000,2.47588368,0.93233358,0.91855215,,,0.99921066,
V001,802,reuse,0,3,6,0,801,1,0.93359410,0.10000000,1.30000000,1.30384048,0.93359410,,,,0.93359410,no_next
V001,803,switch,3,3,4,6,800,3,0.75118134,0.85000000,9.95000000,9.98624053,,0.95091695,,,0.75118134,no_prev|no_old
V001,804,reuse,2,3,4,0,803,1,0.95091695,-0.40000000,3.00000000,3.02654919,0.95091695,0.92660602,,,0.99191686,
V002,99,switch,3,3,19,24,98,1,0.91455167,2.85000000,-1.05000000,3.03726851,0.91455167,0.94373081,0.56681450,23.80000000,1.06114250,
V002,99,switch,9,9,24,19,98,1,0.77794291,7.45000000,-2.20000000,7.76804351,0.77794291,0.81063509,0.56681450,23.80000000,0.92629486,
V002,100,reuse,9,3,19,0,99,1,0.94373081,0.70000000,-1.30000000,1.47648231,0.94373081,0.93750749,,,1.05616264,
V002,102,reuse,3,9,24,0,101,1,0.88210351,2.90000000,1.55000000,3.28823661,0.88210351,0.89188837,,,1.03104027,
V002,213,switch,0,0,26,18,212,1,0.94855895,0.90000000,2.75000000,2.89352726,0.94855895,0.79796712,0.37590772,31.64150755,1.02244565,
V002,213,switch,4,4,18,26,212,1,0.75278753,6.05000000,-6.20000000,8.66270743,0.75278753,0.81836190,0.37590772,31.64150755,0.92134813,
V002,214,reuse,4,0,26,0,213,1,0.79796712,-8.35000000,2.40000000,8.68806653,0.79796712,0.83404285,,,0.99652851,
V002,214,reuse,0,4,18,0,213,1,0.81836190,5.30000000,-1.25000000,5.44541091,0.81836190,0.74198553,,,1.03672711,
V002,353,switch,8,8,27,22,,,,,,,,0.82398608,,,,no_last_seen|no_prev|no_old
V002,363,switch,3,3,28,19,,,,,,,,0.94172907,,,,no_last_seen|no_prev|no_old
V002,378,switch,9,9,29,24,,,,,,,,0.65402925,,,,no_last_seen|no_prev|no_old
V002,392,switch,7,7,30,23,,,,,,,,0.79387983,,,,no_last_seen|no_prev|no_old
V002,398,switch,4,4,31,18,,,,,,,,0.37081177,,,,no_last_seen|no_prev|no_old
V003,205,switch,6,6,42,38,,,,,,,,0.78268856,,,,no_last_seen|no_prev|no_old
V003,309,switch,4,4,43,36,,,,,,,,0.73830137,,,,no_last_seen|no_prev|no_old
V003,377,switch,4,4,42,43,376,1,0.60853420,-16.30000000,1.05000000,16.33378401,0.60853420,0.61721911,0.47838204,26.48103095,0.97811587,
V003,377,switch,6,6,43,42,376,1,0.89619986,-3.45000000,3.35000000,4.80884602,0.89619986,0.83619024,0.47838204,26.48103095,1.07415708,
V003,378,reuse,6,4,42,0,377,1,0.61721911,-15.20000000,-0.75000000,15.21849204,0.61721911,0.61240935,,,1.10308210,
V003,378,reuse,4,6,43,0,377,1,0.83619024,-6.80000000,-1.50000000,6.96347614,0.83619024,0.80392776,,,1.10190438,
V003,390,switch,4,4,43,42,389,1,0.91361667,-1.75000000,-1.95000000,2.62011450,0.91361667,0.90430710,0.37760607,38.09412684,0.91774407,
V003,390,switch,6,6,42,43,389,1,0.57548059,-20.80000000,7.55000000,22.12786705,0.57548059,0.71548124,0.37760607,38.09412684,1.05340200,
V003,391,reuse,6,4,43,0,390,1,0.90430710,-3.80000000,-0.20000000,3.80525952,0.90430710,0.85515794,,,0.98394642,
V003,391,reuse,4,6,42,0,390,1,0.71548124,-11.60000000,6.80000000,13.44618905,0.71548124,0.70082872,,,0.94529966,
V003,453,switch,7,7,43,33,452,1,0.92535555,2.25000000,0.05000000,2.25055549,0.92535555,0.94901408,,,0.99685448,no_old
V003,457,switch,7,7,44,33,,,,,,,,0.88069062,,,,no_last_seen|no_prev|no_old
V003,461,switch,4,4,34,43,460,1,0.89902200,1.40000000,-5.60000000,5.77234788,0.89902200,0.89579981,0.45418946,43.98408803,0.94785201,
V003,461,switch,8,8,43,34,460,1,0.87008957,-6.75000000,-1.55000000,6.92567686,0.87008957,0.85022288,0.45418946,43.98408803,1.04249554,
V003,462,reuse,8,4,34,0,461,1,0.89579981,-2.55000000,-3.50000000,4.33041568,0.89579981,0.80113977,,,0.98453721,
V003,462,reuse,4,8,43,0,461,1,0.85022288,-8.20000000,-1.60000000,8.35463943,0.85022288,0.85746513,,,1.03068937,
V003,466,switch,7,7,45,44,,,,,,,,0.93939872,,,,no_last_seen|no_prev|no_old
V003,473,switch,7,7,43,45,472,1,0.80225623,-11.00000000,-2.10000000,11.19866063,0.80225623,0.87882056,0.46011442,34.68879502,1.00086867,
V003,473,switch,8,8,45,43,472,1,0.88798395,-3.75000000,-3.90000000,5.41040664,0.88798395,0.90863519,0.46011442,34.68879502,1.07311052,
V003,474,reuse,8,7,43,0,473,1,0.87882056,-6.55000000,-0.85000000,6.60492241,0.87882056,0.84315906,,,0.99442321,
V003,474,reuse,7,8,45,0,473,1,0.90863519,-2.25000000,-4.85000000,5.34649418,0.90863519,0.93882649,,,1.02722029,
V003,480,switch,9,9,46,40,,,,,,,,0.67635829,,,,no_last_seen|no_prev|no_old
V004,235,switch,1,1,49,51,234,1,0.90398295,-5.05000000,-0.10000000,5.05099000,0.90398295,0.93084575,0.39391501,35.93344542,1.00679629,
V004,235,switch,8,8,51,49,234,1,0.65026785,12.80000000,7.00000000,14.58903698,0.65026785,0.66937263,0.39391501,35.93344542,1.21236889,
V004,236,reuse,8,1,49,0,235,1,0.93084575,3.55000000,-0.70000000,3.61835598,0.93084575,0.93971244,,,0.95881495,
V004,236,reuse,1,8,51,0,235,1,0.66937263,14.35000000,-2.55000000,14.57480703,0.66937263,0.85900758,,,0.93513275,
V004,386,switch,6,6,58,54,,,,,,,,0.84640362,,,,no_last_seen|no_prev|no_old
V005,55,switch,3,3,67,63,,,,,,,,0.42175800,,,,no_last_seen|no_prev|no_old
V005,79,switch,5,5,67,65,78,1,0.53598103,7.20000000,11.15000000,13.27262220,0.53598103,0.76763670,,,1.15414558,no_old
V005,80,switch,3,3,72,67,,,,,,,,0.97243860,0.31349226,20.47950195,,no_last_seen|no_prev
V005,80,reuse,3,5,67,0,79,1,0.76763670,3.20000000,4.80000000,5.76888204,0.76763670,0.93478558,,,1.07655987,
V005,185,switch,9,9,73,69,,,,,,,,0.59204607,,,,no_last_seen|no_prev|no_old
V005,249,switch,3,3,67,72,248,1,0.76955251,4.75000000,-3.75000000,6.05185922,0.76955251,0.78100383,0.39960892,21.06015195,0.88849616,
V005,249,switch,5,5,72,67,248,1,0.90491548,1.35000000,0.80000000,1.56923548,0.90491548,0.91182815,0.39960892,21.06015195,0.96184956,
V005,250,reuse,5,3,67,0,249,1,0.78100383,5.00000000,0.20000000,5.00399840,0.78100383,0.82527775,,,1.05529924,
V005,250,reuse,3,5,72,0,249,1,0.91182815,1.30000000,0.95000000,1.61012422,0.91182815,0.86121992,,,1.01236061,
V005,261,switch,7,7,74,66,,,,,,,,0.78822668,,,,no_last_seen|no_prev|no_old
V006,28,switch,11,11,98,86,,,,,,,,0.44508704,,,,no_last_seen|no_prev|no_old
V006,51,switch,2,2,99,80,,,,,,,,0.80503845,,,,no_last_seen|no_prev|no_old
V006,194,switch,7,7,101,77,193,1,0.74786635,4.10000000,2.10000000,4.60651712,0.74786635,0.73554333,,,1.05017527,no_old
V006,205,switch,6,6,102,75,,,,,,,,0.67467905,,,,no_last_seen|no_prev|no_old
V007,102,switch,3,3,108,110,101,1,0.89428198,2.15000000,1.80000000,2.80401498,0.89428198,0.95322269,0.42445092,24.46083604,0.99147909,
V007,102,switch,4,4,110,108,101,1,0.91393230,-0.35000000,3.10000000,3.11969550,0.91393230,0.92962194,0.42445092,24.46083604,1.07608074,
V007,103,reuse,4,3,108,0,102,1,0.95322269,-0.60000000,1.45000000,1.56923548,0.95322269,0.82903893,,,1.01189205,
V007,103,reuse,3,4,110,0,102,1,0.92962194,-0.50000000,2.90000000,2.94278779,0.92962194,0.86785763,,,1.06116016,
V007,532,switch,7,7,106,109,531,1,0.92610579,-1.05000000,0.65000000,1.23490890,0.92610579,0.90132515,0.48686964,21.27304633,0.95901749,
V007,532,switch,9,9,109,106,531,1,0.82675355,4.60000000,-2.35000000,5.16551062,0.82675355,0.82936913,0.48686964,21.27304633,0.99726101,
V007,533,reuse,9,7,106,0,532,1,0.90132515,-2.10000000,-0.80000000,2.24722051,0.90132515,0.96945179,,,1.01485860,
V007,533,reuse,7,9,109,0,532,1,0.82936913,4.60000000,1.30000000,4.78016736,0.82936913,0.84332110,,,0.93730773,
V008,134,switch,5,5,124,123,133,1,0.72469798,-8.70000000,2.85000000,9.15491671,0.72469798,0.83237152,,,1.06026631,no_old
V008,135,reuse,4,5,124,0,134,1,0.83237152,-5.00000000,1.75000000,5.29740503,0.83237152,0.86174600,,,1.03117717,
V008,136,switch,5,5,123,124,132,4,0.14779467,-27.75000000,4.65000000,28.13689748,,0.73437518,0.53711459,10.69684533,0.94195972,no_prev
V008,136,reuse,5,4,124,0,135,1,0.86174600,-4.05000000,0.60000000,4.09420322,0.86174600,0.84321487,,,0.95262158,
V009,212,switch,0,0,148,135,,,,,,,,0.84926982,,,,no_last_seen|no_prev|no_old
V009,215,switch,1,1,149,131,,,,,,,,0.92616589,,,,no_last_seen|no_prev|no_old
V009,289,switch,9,9,150,144,,,,,,,,0.73108339,,,,no_last_seen|no_prev|no_old
V009,305,switch,17,17,151,146,,,,,,,,0.78148084,,,,no_last_seen|no_prev|no_old
V009,314,switch,8,8,152,147,,,,,,,,0.86503453,,,,no_last_seen|no_prev|no_old
V009,318,switch,7,7,154,145,,,,,,,,0.61274053,,,,no_last_seen|no_prev|no_old
V009,484,switch,7,7,158,154,483,1,0.77260946,-2.35000000,-2.90000000,3.73262642,0.77260946,0.40161280,,,1.09887193,no_old
V009,486,switch,15,15,158,141,485,1,0.49280596,-9.80000000,0.45000000,9.81032619,0.49280596,0.51750802,,,0.97780284,no_old
V009,487,switch,3,3,160,138,,,,,,,,0.66488194,,,,no_last_seen|no_prev|no_old
V009,487,reuse,7,15,158,0,486,1,0.51750802,-8.20000000,1.75000000,8.38465861,0.51750802,0.47678927,,,0.86710259,
V009,491,switch,7,7,165,158,,,,,,,,0.41070959,0.09097510,21.26146749,,no_last_seen|no_prev
V009,672,switch,7,7,167,165,,,,,,,,0.59316754,,,,no_last_seen|no_prev|no_old
V009,712,switch,19,19,168,155,,,,,,,,0.87310994,,,,no_last_seen|no_prev|no_old
V010,74,switch,4,4,181,171,73,1,0.69778409,2.10000000,4.95000000,5.37703450,0.69778409,0.62919854,,,1.15262955,no_old
V010,78,switch,3,3,182,169,,,,,,,,0.74197109,,,,no_last_seen|no_prev|no_old
V010,89,switch,2,2,183,172,,,,,,,,0.85097492,,,,no_last_seen|no_prev|no_old
V010,142,switch,11,11,184,180,,,,,,,,0.51766903,,,,no_last_seen|no_prev|no_old
V010,196,switch,2,2,186,183,,,,,,,,0.51948736,,,,no_last_seen|no_prev|no_old
V010,235,reuse,16,19,252,0,231,4,0.41607565,-4.95000000,-18.35000000,19.00592013,,0.35926772,,,1.11550033,no_prev
V010,236,switch,16,16,272,252,,,,,,,,0.40610325,0.00000000,104.09367176,,no_last_seen|no_prev
V010,237,switch,1,1,276,177,,,,,,,,0.33787884,,,,no_last_seen|no_prev|no_old
V010,238,switch,19,19,279,252,,,,,,,,0.44569303,,,,no_last_seen|no_prev|no_old
V010,242,switch,0,0,285,178,,,,,,,,0.39336916,,,,no_last_seen|no_prev|no_old
V010,280,switch,18,18,286,270,,,,,,,,0.85705224,,,,no_last_seen|no_prev|no_old
V010,287,switch,17,17,286,281,286,1,0.95346369,-0.60000000,-0.30000000,0.67082039,0.95346369,0.81937164,,,1.01720548,no_old
V010,287,switch,18,18,287,286,,,,,,,,0.70233720,0.46837353,9.76281209,,no_last_seen|no_prev
V010,288,reuse,18,17,286,0,287,1,0.81937164,-3.00000000,-0.10000000,3.00166620,0.81937164,0.78054903,,,1.03178194,
V010,298,switch,3,3,288,182,,,,,,,,0.53797790,,,,no_last_seen|no_prev|no_old
V010,320,switch,4,4,290,181,,,,,,,,0.77261703,,,,no_last_seen|no_prev|no_old
V010,320,switch,9,9,289,174,,,,,,,,0.81466901,,,,no_last_seen|no_prev|no_old
V010,326,switch,6,6,291,176,,,,,,,,0.61872747,,,,no_last_seen|no_prev|no_old
V010,350,switch,7,7,292,170,,,,,,,,0.67080480,,,,no_last_seen|no_prev|no_old
V010,350,switch,10,10,293,179,,,,,,,,0.55084092,,,,no_last_seen|no_prev|no_old
V010,403,switch,15,15,294,238,,,,,,,,0.85172307,,,,no_last_seen|no_prev|no_old
V010,424,switch,19,19,295,279,,,,,,,,0.52288538,,,,no_last_seen|no_prev|no_old
V010,441,switch,20,20,296,275,,,,,,,,0.65145435,,,,no_last_seen|no_prev|no_old
V010,531,switch,1,1,297,276,,,,,,,,0.70156742,,,,no_last_seen|no_prev|no_old
V010,535,switch,6,6,298,291,,,,,,,,0.65833682,,,,no_last_seen|no_prev|no_old
V011,79,switch,10,10,326,320,,,,,,,,0.37797473,,,,no_last_seen|no_prev|no_old
V011,231,switch,14,14,327,317,,,,,,,,0.19795950,,,,no_last_seen|no_prev|no_old
V011,235,switch,17,17,328,301,,,,,,,,0.64020889,,,,no_last_seen|no_prev|no_old
V011,235,switch,18,18,329,310,,,,,,,,0.12279080,,,,no_last_seen|no_prev|no_old
V011,253,switch,1,1,330,313,,,,,,,,0.83759369,,,,no_last_seen|no_prev|no_old
V011,263,switch,3,3,331,312,,,,,,,,0.58483812,,,,no_last_seen|no_prev|no_old
V011,267,switch,4,4,332,314,,,,,,,,0.51320552,,,,no_last_seen|no_prev|no_old
V011,375,switch,11,11,334,306,,,,,,,,0.78617216,,,,no_last_seen|no_prev|no_old
V011,405,switch,14,14,335,327,,,,,,,,0.59276423,,,,no_last_seen|no_prev|no_old
V011,421,switch,4,4,336,332,,,,,,,,0.65039598,,,,no_last_seen|no_prev|no_old
V011,423,switch,5,5,337,316,,,,,,,,0.93279160,,,,no_last_seen|no_prev|no_old
V011,554,switch,14,14,338,335,,,,,,,,0.30071655,,,,no_last_seen|no_prev|no_old
V011,555,switch,17,17,339,328,,,,,,,,0.53859548,,,,no_last_seen|no_prev|no_old
V011,557,switch,20,20,340,305,,,,,,,,,,,,no_last_seen|no_prev|no_next|no_old
V011,559,switch,20,20,341,305,,,,,,,,0.39846527,,,,no_last_seen|no_prev|no_old
V011,562,switch,16,16,347,302,,,,,,,,0.56015580,,,,no_last_seen|no_prev|no_old
V011,566,switch,7,7,355,311,,,,,,,,0.27949821,,,,no_last_seen|no_prev|no_old
V011,572,switch,5,5,366,337,,,,,,,,0.37757787,,,,no_last_seen|no_prev|no_old
V011,578,switch,9,9,340,303,557,21,0.34332340,11.15000000,4.75000000,12.11961221,,0.51113844,,,0.89051860,no_prev|no_old
V011,583,switch,4,4,378,336,,,,,,,,,,,,no_last_seen|no_prev|no_next|no_old
V011,585,switch,0,0,380,300,,,,,,,,0.60017687,,,,no_last_seen|no_prev|no_old
V011,595,switch,4,4,396,336,,,,,,,,0.34615550,,,,no_last_seen|no_prev|no_old
V011,605,switch,19,19,406,304,,,,,,,,0.43793679,,,,no_last_seen|no_prev|no_old
V011,662,switch,3,3,408,331,661,1,0.11996318,12.45000000,-1.25000000,12.51259366,0.11996318,0.13468512,,,1.11152961,no_old
V011,673,switch,18,18,409,329,672,1,0.30342518,12.75000000,-1.40000000,12.82663245,0.30342518,0.32438210,,,0.99439798,no_old
V011,675,switch,6,6,410,307,,,,,,,,0.52312623,,,,no_last_seen|no_prev|no_old
V011,678,switch,14,14,411,338,,,,,,,,0.35845291,,,,no_last_seen|no_prev|no_old
V011,715,switch,21,21,412,407,,,,,,,,0.87213961,,,,no_last_seen|no_prev|no_old
V011,942,switch,3,3,413,408,,,,,,,,0.60259123,,,,no_last_seen|no_prev|no_old
V011,946,switch,4,4,414,396,,,,,,,,0.50485921,,,,no_last_seen|no_prev|no_old
V011,967,switch,15,15,418,315,,,,,,,,0.40596916,,,,no_last_seen|no_prev|no_old
V011,968,switch,8,8,420,319,,,,,,,,0.32494748,,,,no_last_seen|no_prev|no_old
V011,981,switch,13,13,434,309,,,,,,,,,,,,no_last_seen|no_prev|no_next|no_old
V011,983,switch,18,18,428,409,982,1,0.47278701,10.50000000,0.85000000,10.53434858,0.47278701,0.49465701,,,1.00392071,no_old
V011,984,switch,13,13,439,309,,,,,,,,0.37703810,,,,no_last_seen|no_prev|no_old
V011,998,switch,14,14,454,411,,,,,,,,0.47285852,,,,no_last_seen|no_prev|no_old
V011,1013,switch,12,12,455,318,,,,,,,,0.41755248,,,,no_last_seen|no_prev|no_old
V011,1037,switch,13,13,456,439,,,,,,,,0.36641553,,,,no_last_seen|no_prev|no_old
V011,1038,switch,17,17,457,339,,,,,,,,0.36593943,,,,no_last_seen|no_prev|no_old
V011,1053,switch,9,9,458,340,,,,,,,,0.69645135,,,,no_last_seen|no_prev|no_old
V011,1094,switch,9,9,459,458,,,,,,,,0.80451544,,,,no_last_seen|no_prev|no_old
V011,1124,switch,0,0,461,380,,,,,,,,0.68053290,,,,no_last_seen|no_prev|no_old
V011,1133,switch,16,16,462,347,,,,,,,,0.38488400,,,,no_last_seen|no_prev|no_old
V011,1163,switch,3,3,341,413,1162,1,0.85838683,3.20000000,0.70000000,3.27566787,0.85838683,0.89040254,0.38369911,21.40706659,1.05874224,
V011,1163,switch,20,20,413,341,1162,1,0.97940920,-0.40000000,-0.20000000,0.44721360,0.97940920,0.96297635,0.38369911,21.40706659,1.00514139,
V011,1164,reuse,20,3,341,0,1163,1,0.89040254,2.30000000,0.90000000,2.46981781,0.89040254,0.96208481,,,1.04535743,
V011,1164,reuse,3,20,413,0,1163,1,0.96297635,-0.60000000,-0.05000000,0.60207973,0.96297635,0.96761310,,,0.97818550,
V012,9,switch,7,7,478,470,,,,,,,,0.49380228,,,,no_last_seen|no_prev|no_old
V012,15,switch,8,8,486,483,,,,,,,,0.39023811,,,,no_last_seen|no_prev|no_old
V012,106,switch,1,1,500,466,,,,,,,,0.28563813,,,,no_last_seen|no_prev|no_old
V012,116,switch,6,6,501,498,,,,,,,,0.38625746,,,,no_last_seen|no_prev|no_old
V012,131,switch,0,0,502,467,,,,,,,,0.37856743,,,,no_last_seen|no_prev|no_old
V012,256,switch,7,7,510,478,,,,,,,,0.75373104,,,,no_last_seen|no_prev|no_old
V012,302,switch,12,12,511,504,,,,,,,,0.95067982,,,,no_last_seen|no_prev|no_old
V012,306,switch,15,15,512,507,,,,,,,,0.88699945,,,,no_last_seen|no_prev|no_old
V012,355,switch,17,17,513,509,,,,,,,,0.74775556,,,,no_last_seen|no_prev|no_old
V012,365,switch,4,4,514,468,,,,,,,,0.67992126,,,,no_last_seen|no_prev|no_old
V012,422,switch,9,9,516,493,,,,,,,,0.81137631,,,,no_last_seen|no_prev|no_old
V012,451,switch,13,13,517,506,,,,,,,,0.74700533,,,,no_last_seen|no_prev|no_old
V012,460,switch,16,16,518,508,,,,,,,,0.49061080,,,,no_last_seen|no_prev|no_old
V012,463,switch,17,17,519,513,,,,,,,,0.41044985,,,,no_last_seen|no_prev|no_old
V012,511,switch,9,9,520,516,,,,,,,,0.85280885,,,,no_last_seen|no_prev|no_old
V013,94,switch,17,17,538,521,,,,,,,,0.80854321,,,,no_last_seen|no_prev|no_old
V013,263,switch,7,7,543,529,,,,,,,,0.78869717,,,,no_last_seen|no_prev|no_old
V013,279,switch,9,9,545,526,,,,,,,,0.92590361,,,,no_last_seen|no_prev|no_old
V013,280,switch,10,10,544,533,279,1,0.52511906,4.55000000,0.95000000,4.64811790,0.52511906,0.41549387,,,1.06126614,no_old
V013,293,switch,19,19,546,542,,,,,,,,0.71915641,,,,no_last_seen|no_prev|no_old
V013,360,switch,2,2,547,522,,,,,,,,0.24199525,,,,no_last_seen|no_prev|no_old
V013,362,switch,9,9,548,545,,,,,,,,,,,,no_last_seen|no_prev|no_next|no_old
V013,367,switch,7,7,552,543,,,,,,,,0.31198874,,,,no_last_seen|no_prev|no_old
V013,370,switch,8,8,548,531,362,8,0.54108159,-4.05000000,5.80000000,7.07407238,,,,,0.83435781,no_prev|no_next|no_old
V013,375,switch,8,8,567,531,,,,,,,,0.34032714,,,,no_last_seen|no_prev|no_old
V013,377,switch,6,6,571,536,,,,,,,,0.42931298,,,,no_last_seen|no_prev|no_old
V013,381,switch,3,3,578,535,,,,,,,,0.30442999,,,,no_last_seen|no_prev|no_old
V013,382,switch,4,4,560,527,372,10,0.25877477,-7.50000000,-10.40000000,12.82224629,,,,,0.88290548,no_prev|no_next|no_old
V013,385,switch,1,1,560,528,382,3,0.71583226,0.70000000,-4.40000000,4.45533388,,,,,1.35303891,no_prev|no_next|no_old
V013,389,switch,0,0,599,523,,,,,,,,0.35443074,,,,no_last_seen|no_prev|no_old
V013,392,switch,1,1,613,528,,,,,,,,0.41477147,,,,no_last_seen|no_prev|no_old
V013,405,switch,5,5,654,534,,,,,,,,0.49319196,,,,no_last_seen|no_prev|no_old
V013,405,switch,9,9,653,545,,,,,,,,0.42776587,,,,no_last_seen|no_prev|no_old
V013,406,switch,4,4,655,527,,,,,,,,0.46083648,,,,no_last_seen|no_prev|no_old
V013,410,switch,8,8,657,567,,,,,,,,0.64722206,,,,no_last_seen|no_prev|no_old
V013,410,switch,11,11,656,524,,,,,,,,0.62717972,,,,no_last_seen|no_prev|no_old
V013,411,switch,0,0,658,599,,,,,,,,0.60419836,,,,no_last_seen|no_prev|no_old
V013,412,switch,1,1,661,613,,,,,,,,0.62229375,,,,no_last_seen|no_prev|no_old
V013,412,switch,6,6,660,571,,,,,,,,0.55073137,,,,no_last_seen|no_prev|no_old
V013,412,switch,7,7,659,552,,,,,,,,0.66764617,,,,no_last_seen|no_prev|no_old
V013,412,switch,12,12,662,530,,,,,,,,0.34077491,,,,no_last_seen|no_prev|no_old
V013,415,switch,15,15,664,539,,,,,,,,0.43710167,,,,no_last_seen|no_prev|no_old
V013,418,switch,2,2,552,547,410,8,0.00000000,65.95000000,-7.35000000,66.35830769,,0.68748626,,,1.03058857,no_prev|no_old
V013,418,switch,4,4,613,655,410,8,0.00000000,88.10000000,18.75000000,90.07315083,,,,,1.10162005,no_prev|no_next|no_old
V013,419,reuse,7,2,552,0,418,1,0.68748626,-6.40000000,-0.65000000,6.43292313,0.68748626,,,,1.00166113,no_next
V013,420,switch,4,4,668,655,,,,,,,,,,,,no_last_seen|no_prev|no_next|no_old
V013,420,switch,6,6,613,660,418,2,0.23171868,21.10000000,-0.95000000,21.12137543,,,,,0.86137674,no_prev|no_next|no_old
V013,421,switch,2,2,670,552,,,,,,,,0.48180029,,,,no_last_seen|no_prev|no_old
V013,421,switch,4,4,599,655,409,12,0.00000000,143.20000000,-31.80000000,146.68837718,,,0.00000000,42.19540852,0.87643493,no_prev|no_next
V013,421,switch,6,6,655,660,417,4,0.50719654,-6.80000000,-2.40000000,7.21110255,,,,,0.82446334,no_prev|no_next|no_old
V013,422,switch,6,6,668,660,420,2,0.43097739,8.85000000,-1.05000000,8.91207047,,,,,0.73221505,no_prev|no_next|no_old
V013,422,switch,9,9,567,653,408,14,0.00000000,157.00000000,7.15000000,157.16272618,,,,,1.11538513,no_prev|no_next|no_old
V013,423,switch,4,4,673,655,,,,,,,,0.39393466,,,,no_last_seen|no_prev|no_old
V013,423,switch,6,6,599,660,421,2,0.46837656,10.15000000,-3.30000000,10.67297990,,,,,0.77672817,no_prev|no_next|no_old
V013,424,switch,6,6,673,660,423,1,0.39393466,10.80000000,-3.70000000,11.41621654,0.39393466,,,,0.76679215,no_next|no_old
V013,424,switch,13,13,676,525,,,,,,,,0.27935796,,,,no_last_seen|no_prev|no_old
V013,425,switch,6,6,678,660,,,,,,,,0.31077634,,,,no_last_seen|no_prev|no_old
V013,426,switch,4,4,682,655,,,,,,,,0.77890473,,,,no_last_seen|no_prev|no_old
V013,427,switch,6,6,682,678,426,1,0.77890473,-0.15000000,-2.85000000,2.85394464,0.77890473,,,,0.77890473,no_next|no_old
V013,429,switch,6,6,691,678,,,,,,,,,,,,no_last_seen|no_prev|no_next|no_old
V013,430,switch,4,4,694,655,,,,,,,,0.23595601,,,,no_last_seen|no_prev|no_old
V013,430,switch,20,20,695,541,,,,,,,,,,,,no_last_seen|no_prev|no_next|no_old
V013,432,switch,16,16,530,540,410,22,0.00000000,198.50000000,33.75000000,201.34873354,,0.69791796,,,1.82577282,no_prev|no_old
V013,432,switch,20,20,698,541,,,,,,,,0.38695514,,,,no_last_seen|no_prev|no_old
V013,433,switch,6,6,705,678,,,,,,,,0.42741811,,,,no_last_seen|no_prev|no_old
V013,433,switch,9,9,703,653,,,,,,,,0.33763359,,,,no_last_seen|no_prev|no_old
V013,433,reuse,12,16,530,0,432,1,0.69791796,-8.30000000,-0.60000000,8.32165849,0.69791796,,,,1.04341065,no_next
V013,435,switch,16,16,707,530,,,,,,,,0.46083571,,,,no_last_seen|no_prev|no_old
V013,443,switch,17,17,663,538,442,1,0.12860818,-10.85000000,1.15000000,10.91077449,0.12860818,,,,1.24497784,no_next|no_old
V013,443,switch,18,18,719,537,442,1,0.00000000,-17.75000000,0.45000000,17.75570331,0.00000000,0.00000000,,,1.03177316,no_old
V013,446,switch,14,14,726,532,,,,,,,,,,,,no_last_seen|no_prev|no_next|no_old
V013,447,switch,17,17,728,538,,,,,,,,0.36260685,,,,no_last_seen|no_prev|no_old
V013,448,switch,14,14,729,532,,,,,,,,0.35201818,,,,no_last_seen|no_prev|no_old
V013,449,switch,10,10,662,544,448,1,0.25199923,-14.65000000,7.95000000,16.66808327,0.25199923,0.46096527,,,1.12141517,no_old
V013,450,reuse,12,10,662,0,449,1,0.46096527,-9.60000000,3.00000000,10.05783277,0.46096527,0.71775342,,,1.04102932,
V013,453,switch,12,12,730,662,,,,,,,,0.89825818,0.24871354,18.31461165,,no_last_seen|no_prev
V013,454,switch,6,6,694,705,453,1,0.35142369,-11.30000000,1.35000000,11.38035588,0.35142369,0.83034509,,,0.99020979,no_old
V013,455,switch,4,4,732,694,,,,,,,,0.78176089,0.09433962,18.96483588,,no_last_seen|no_prev
V013,455,switch,10,10,733,662,,,,,,,,0.47263772,,,,no_last_seen|no_prev|no_old
V013,455,reuse,4,6,694,0,454,1,0.83034509,-2.20000000,-0.10000000,2.20227155,0.83034509,0.82322532,,,1.01144068,
V013,458,switch,6,6,732,694,457,1,0.78025035,-2.25000000,0.65000000,2.34200769,0.78025035,0.51676943,,,0.94233687,no_old
V013,458,switch,7,7,734,659,,,,,,,,0.44738628,,,,no_last_seen|no_prev|no_old
V013,458,switch,8,8,736,657,,,,,,,,0.45840692,,,,no_last_seen|no_prev|no_old
V013,459,switch,11,11,737,656,,,,,,,,0.46855076,,,,no_last_seen|no_prev|no_old
V013,459,switch,13,13,738,676,,,,,,,,0.52152685,,,,no_last_seen|no_prev|no_old
V013,459,switch,17,17,719,728,458,1,0.45044635,-4.85000000,-12.75000000,13.64129759,0.45044635,,,,1.06117048,no_next|no_old
V013,459,reuse,4,6,732,0,458,1,0.51676943,6.30000000,1.15000000,6.40410025,0.51676943,0.35996838,,,0.96386686,
V013,460,switch,18,18,740,719,,,,,,,,0.78982873,,,,no_last_seen|no_prev|no_old
V013,461,switch,9,9,742,703,,,,,,,,0.42949807,,,,no_last_seen|no_prev|no_old
V013,461,switch,17,17,744,728,,,,,,,,0.36294869,,,,no_last_seen|no_prev|no_old
V013,461,switch,20,20,743,698,,,,,,,,0.40045656,,,,no_last_seen|no_prev|no_old
V013,463,switch,14,14,726,729,446,17,0.46648284,-5.80000000,6.80000000,8.93756119,,0.48547488,,,1.00000000,no_prev|no_old
V013,464,switch,3,3,751,578,,,,,,,,0.23521292,,,,no_last_seen|no_prev|no_old
V013,466,reuse,6,4,732,0,465,1,0.14664457,18.00000000,-0.80000000,18.01776901,0.14664457,0.21162312,,,1.02684891,
V013,467,reuse,4,6,732,0,466,1,0.21162312,15.40000000,-1.90000000,15.51676513,0.21162312,0.22705085,,,0.93837482,
V013,468,switch,4,4,761,732,,,,,,,,0.37657296,0.52035202,8.38600024,,no_last_seen|no_prev
V013,469,switch,1,1,694,661,456,13,0.00000000,-93.15000000,-25.00000000,96.44647479,,,,,0.71789652,no_prev|no_next|no_old
V013,472,switch,1,1,771,661,,,,,,,,0.34721668,,,,no_last_seen|no_prev|no_old
V013,475,switch,0,0,659,658,456,19,0.00000000,-123.90000000,-4.10000000,123.96781840,,0.66780009,,,1.21692294,no_prev|no_old
V013,475,switch,14,14,719,726,459,16,0.00000000,-129.50000000,-19.55000000,130.96737189,,,,,0.98994307,no_prev|no_next|no_old
V013,476,switch,5,5,780,654,,,,,,,,0.42501026,,,,no_last_seen|no_prev|no_old
V013,476,reuse,7,0,659,0,475,1,0.66780009,5.90000000,-0.85000000,5.96091436,0.66780009,,,,1.07185491,no_next
V013,477,switch,14,14,728,726,458,19,0.00000000,-87.90000000,-10.85000000,88.56710733,,,,,1.11120898,no_prev|no_next|no_old
V013,478,switch,0,0,782,659,,,,,,,,0.45947056,,,,no_last_seen|no_prev|no_old
V013,479,switch,14,14,783,726,,,,,,,,,,,,no_last_seen|no_prev|no_next|no_old
V013,488,switch,14,14,795,726,,,,,,,,0.31144113,,,,no_last_seen|no_prev|no_old
V013,493,switch,4,4,801,761,,,,,,,,0.36511431,,,,no_last_seen|no_prev|no_old
V014,130,switch,15,15,818,817,,,,,,,,0.56270016,,,,no_last_seen|no_prev|no_old
V014,139,switch,14,14,819,816,,,,,,,,0.63726182,,,,no_last_seen|no_prev|no_old
V014,290,switch,0,0,822,802,,,,,,,,0.55733323,,,,no_last_seen|no_prev|no_old
V014,375,switch,14,14,823,819,,,,,,,,0.86297199,,,,no_last_seen|no_prev|no_old
V014,505,switch,14,14,824,823,,,,,,,,0.75042204,,,,no_last_seen|no_prev|no_old
V014,535,switch,15,15,825,818,,,,,,,,,,,,no_last_seen|no_prev|no_next|no_old
V015,131,switch,8,8,834,833,130,1,0.86392789,-2.60000000,-2.15000000,3.37379608,0.86392789,0.90085107,,,0.86962868,no_old
V015,132,switch,9,9,832,834,131,1,0.82436377,4.05000000,4.60000000,6.12882534,0.82436377,0.73664420,0.36275325,37.86951280,0.87348701,
V015,132,reuse,9,8,834,0,131,1,0.90085107,-1.60000000,3.05000000,3.44419802,0.90085107,,,,0.90502152,no_next
V015,133,switch,6,6,833,832,130,3,0.69252274,8.55000000,18.90000000,20.74397503,,0.94636734,0.22441077,61.18237083,1.38185807,no_prev
V015,133,reuse,6,9,832,0,132,1,0.73664420,9.10000000,8.90000000,12.72870771,0.73664420,0.78045258,,,0.94452478,
V015,134,reuse,8,6,833,0,133,1,0.94636734,-0.30000000,4.75000000,4.75946426,0.94636734,0.85084322,,,1.00374027,
V015,235,switch,2,2,836,829,,,,,,,,0.84070442,,,,no_last_seen|no_prev|no_old
V015,245,switch,4,4,836,827,244,1,0.78687392,-7.10000000,-3.30000000,7.82943165,0.78687392,0.79730078,,,1.02139730,no_old
V015,247,switch,4,4,827,827,244,3,0.68961907,-9.55000000,-1.40000000,9.65207232,,0.82748553,1.00000000,0.00000000,1.21656428,no_prev
V015,305,switch,6,6,837,833,,,,,,,,0.86147232,,,,no_last_seen|no_prev|no_old
V015,309,switch,9,9,838,832,,,,,,,,0.66978571,,,,no_last_seen|no_prev|no_old
V015,371,switch,5,5,834,826,370,1,0.79584074,9.45000000,0.90000000,9.49276040,0.79584074,0.88940239,0.28469374,43.01162634,0.95981420,
V015,371,switch,8,8,826,834,364,7,0.71681716,-5.80000000,14.95000000,16.03566338,,0.92209306,0.28469374,43.01162634,0.82070144,no_prev
V015,372,reuse,8,5,834,0,371,1,0.88940239,4.65000000,1.00000000,4.75631160,0.88940239,0.87512826,,,1.00972809,
V015,372,reuse,5,8,826,0,371,1,0.92209306,1.75000000,2.45000000,3.01081384,0.92209306,0.97024040,,,1.03995572,
V015,651,switch,3,3,836,830,648,3,0.52443506,8.40000000,-44.60000000,45.38413820,,0.77512571,0.31995697,59.44024310,0.63137911,no_prev
V015,652,reuse,2,3,836,0,651,1,0.77512571,-9.70000000,-6.25000000,11.53917241,0.77512571,0.80673376,,,0.85717995,
V015,654,switch,2,2,830,836,653,1,0.74803956,11.40000000,-6.70000000,13.22308587,0.74803956,0.75426820,0.02037489,104.07749517,0.87611872,
V015,655,reuse,3,2,830,0,654,1,0.75426820,12.00000000,-3.40000000,12.47236946,0.75426820,0.61286790,,,0.98397875,
V015,669,switch,5,5,837,834,668,1,0.72835524,-18.50000000,3.45000000,18.81893993,0.72835524,0.88000022,0.48098396,47.66049202,0.98962470,
V015,669,switch,6,6,834,837,668,1,0.88919775,9.60000000,-0.70000000,9.62548700,0.88919775,0.74877013,0.48098396,47.66049202,1.03277139,
V015,670,reuse,6,5,837,0,669,1,0.88000022,-7.00000000,0.20000000,7.00285656,0.88000022,0.79478182,,,0.95942763,
V015,670,reuse,5,6,834,0,669,1,0.74877013,24.35000000,-1.20000000,24.37955086,0.74877013,0.78296434,,,0.99824710,
V015,692,switch,0,0,841,831,,,,,,,,0.77424367,,,,no_last_seen|no_prev|no_old
V015,714,switch,4,4,842,827,,,,,,,,0.69727113,,,,no_last_seen|no_prev|no_old
V015,715,switch,1,1,843,828,,,,,,,,0.59708823,,,,no_last_seen|no_prev|no_old
V015,748,switch,8,8,836,826,747,1,0.68299792,-17.85000000,-2.95000000,18.09212536,0.68299792,0.77899537,,,1.29356737,no_old
V015,749,reuse,3,8,836,0,748,1,0.77899537,-9.75000000,13.25000000,16.45068388,0.77899537,0.78438052,,,0.84908035,
V015,751,reuse,8,3,836,0,750,1,0.74813308,-12.00000000,11.65000000,16.72490658,0.74813308,0.80891691,,,0.98154920,
V015,753,reuse,3,8,836,0,752,1,0.68193478,-21.40000000,4.05000000,21.77986455,0.68193478,0.76457304,,,0.98386802,
V015,756,switch,3,3,844,836,,,,,,,,0.68733719,0.34257152,63.57106260,,no_last_seen|no_prev
V015,798,switch,0,0,845,841,,,,,,,,0.80705142,,,,no_last_seen|no_prev|no_old
V016,29,switch,8,8,855,854,,,,,,,,0.79152171,0.22928773,50.51368626,,no_last_seen|no_prev
V016,34,reuse,8,9,854,0,33,1,0.55176138,-18.35000000,-0.65000000,18.36150865,0.55176138,0.62333497,,,1.07444348,
V016,305,switch,8,8,858,855,,,,,,,,0.81445081,,,,no_last_seen|no_prev|no_old
V016,336,switch,3,3,859,849,,,,,,,,0.86626201,,,,no_last_seen|no_prev|no_old
V016,346,switch,7,7,860,853,,,,,,,,0.80417061,,,,no_last_seen|no_prev|no_old
V016,681,switch,6,6,863,852,,,,,,,,0.66207500,,,,no_last_seen|no_prev|no_old
V016,710,switch,6,6,864,863,,,,,,,,0.69313763,,,,no_last_seen|no_prev|no_old
V016,754,switch,4,4,848,846,753,1,0.64394322,-25.85000000,7.05000000,26.79412249,0.64394322,0.80279508,,,0.92366326,no_old
V016,755,switch,1,1,846,848,746,9,0.00000000,-123.20000000,-27.20000000,126.16687362,,0.66840382,0.59206463,33.60464998,0.83702585,no_prev
V016,755,reuse,1,4,848,0,754,1,0.80279508,-13.35000000,1.45000000,13.42851444,0.80279508,0.83385603,,,0.93956503,
V016,756,reuse,4,1,846,0,755,1,0.66840382,-18.75000000,6.20000000,19.74848095,0.66840382,0.83674680,,,1.06252394,
V016,763,switch,4,4,846,848,762,1,0.94925825,-0.10000000,0.20000000,0.22360680,0.94925825,0.94901340,,,1.00321669,no_old
V016,766,switch,4,4,848,848,761,5,0.45066465,-38.95000000,-25.55000000,46.58223910,,0.95603752,1.00000000,0.00000000,1.06260619,no_prev
V016,769,switch,1,1,858,846,768,1,0.89503636,-6.15000000,1.95000000,6.45174395,0.89503636,0.84160902,0.44419818,51.21398735,0.95171963,
V016,769,switch,8,8,846,858,768,1,0.87154345,5.30000000,5.85000000,7.89382670,0.87154345,0.88336271,0.44419818,51.21398735,1.07209740,
V016,770,reuse,8,1,858,0,769,1,0.84160902,-2.70000000,2.10000000,3.42052628,0.84160902,0.82912813,,,0.84160902,
V016,770,reuse,1,8,846,0,769,1,0.88336271,7.20000000,-0.45000000,7.21404879,0.88336271,0.83142074,,,1.01168984,
V016,798,switch,5,5,867,851,,,,,,,,0.84614567,,,,no_last_seen|no_prev|no_old
V016,834,switch,3,3,868,859,,,,,,,,0.50783047,,,,no_last_seen|no_prev|no_old
V016,860,switch,5,5,869,867,,,,,,,,0.86889375,,,,no_last_seen|no_prev|no_old
V016,864,switch,0,0,870,850,,,,,,,,0.84923755,,,,no_last_seen|no_prev|no_old
V016,867,switch,0,0,869,870,866,1,0.87514111,6.40000000,0.50000000,6.41950154,0.87514111,0.74663240,0.41843151,37.20164647,0.97481304,
V016,867,switch,5,5,870,869,866,1,0.71845282,12.20000000,5.45000000,13.36197964,0.71845282,0.64994899,0.41843151,37.20164647,0.94249165,
V016,868,reuse,5,0,869,0,867,1,0.74663240,13.55000000,3.30000000,13.94605679,0.74663240,0.80900681,,,1.01278698,
V016,868,reuse,0,5,870,0,867,1,0.64994899,15.50000000,6.90000000,16.96643746,0.64994899,0.78706626,,,0.95990611,
V016,927,switch,9,9,872,854,,,,,,,,0.57606014,,,,no_last_seen|no_prev|no_old
V016,937,switch,7,7,873,860,,,,,,,,0.70196963,,,,no_last_seen|no_prev|no_old
V016,962,switch,5,5,874,870,,,,,,,,0.94204989,,,,no_last_seen|no_prev|no_old
V016,995,switch,2,2,873,847,994,1,0.70880356,14.00000000,5.50000000,15.04160896,0.70880356,0.86060073,0.43366492,37.53921283,0.93154916,
V016,995,switch,7,7,847,873,993,2,0.45169649,32.10000000,-19.25000000,37.42956719,,0.74583473,0.43366492,37.53921283,0.99568287,no_prev
V016,996,reuse,7,2,873,0,995,1,0.86060073,6.30000000,1.60000000,6.50000000,0.86060073,0.85719948,,,0.98443268,
V016,996,reuse,2,7,847,0,995,1,0.74583473,13.60000000,-3.75000000,14.10753345,0.74583473,0.92552188,,,1.07603546,
V016,1005,switch,8,8,875,846,,,,,,,,0.78784038,,,,no_last_seen|no_prev|no_old
V016,1020,switch,0,0,876,869,,,,,,,,0.91055224,,,,no_last_seen|no_prev|no_old
V017,143,switch,1,1,887,885,142,1,0.89085708,-3.60000000,-1.65000000,3.96011363,0.89085708,0.83235295,0.50490472,34.25394138,1.01967397,
V017,143,switch,7,7,885,887,142,1,0.73598850,-11.80000000,-5.65000000,13.08290870,0.73598850,0.86828059,0.50490472,34.25394138,0.97016819,
V017,144,reuse,7,1,887,0,143,1,0.83235295,-5.60000000,-3.10000000,6.40078120,0.83235295,0.84252236,,,0.99686749,
V017,144,reuse,1,7,885,0,143,1,0.86828059,-4.70000000,-3.65000000,5.95084028,0.86828059,0.86983044,,,0.98374241,
V017,168,switch,1,1,890,887,,,,,,,,0.93725185,,,,no_last_seen|no_prev|no_old
V017,170,switch,1,1,881,887,169,1,0.87110144,3.95000000,-1.20000000,4.12825629,0.87110144,0.87399222,,,0.97215726,no_old
V017,170,switch,6,6,890,881,169,1,0.81238325,-4.70000000,-2.80000000,5.47083175,0.81238325,0.85226672,0.42346697,23.61127908,1.00744879,
V017,171,reuse,6,1,881,0,170,1,0.87399222,3.80000000,1.55000000,4.10396150,0.87399222,0.86638912,,,1.03828976,
V017,250,switch,2,2,891,878,,,,,,,,0.82399594,,,,no_last_seen|no_prev|no_old
V017,300,switch,1,1,892,881,,,,,,,,0.88859508,,,,no_last_seen|no_prev|no_old
V017,320,switch,3,3,893,886,,,,,,,,0.71280907,,,,no_last_seen|no_prev|no_old
V017,371,switch,2,2,894,891,,,,,,,,0.84032194,,,,no_last_seen|no_prev|no_old
V017,387,switch,8,8,895,882,,,,,,,,0.93087330,,,,no_last_seen|no_prev|no_old
V017,469,switch,9,9,897,883,,,,,,,,0.53643253,,,,no_last_seen|no_prev|no_old
V017,581,switch,4,4,890,884,580,1,0.94073440,1.30000000,-4.65000000,4.82830198,0.94073440,0.93432379,0.33629812,52.73047032,0.97581879,
V017,581,switch,6,6,884,890,580,1,0.80145747,-9.30000000,-7.35000000,11.85379686,0.80145747,0.85502921,0.33629812,52.73047032,0.98760113,
V017,582,reuse,6,4,890,0,581,1,0.93432379,2.15000000,-3.40000000,4.02274782,0.93432379,0.88846202,,,0.99578576,
V017,582,reuse,4,6,884,0,581,1,0.85502921,-7.05000000,-3.90000000,8.05682940,0.85502921,0.89130068,,,0.99787725,
V017,737,switch,9,9,898,897,,,,,,,,0.60446635,,,,no_last_seen|no_prev|no_old
V017,740,switch,6,6,899,884,,,,,,,,0.77821286,,,,no_last_seen|no_prev|no_old
V017,748,switch,8,8,900,895,,,,,,,,0.80995244,,,,no_last_seen|no_prev|no_old
V017,755,switch,3,3,901,893,754,1,0.49269640,19.80000000,3.25000000,20.06495701,0.49269640,0.37868895,,,0.93044152,no_old
V017,759,switch,5,5,902,880,,,,,,,,0.46678370,,,,no_last_seen|no_prev|no_old
V017,775,switch,7,7,903,885,,,,,,,,0.81896965,,,,no_last_seen|no_prev|no_old
V017,846,switch,1,1,904,892,,,,,,,,0.71205168,,,,no_last_seen|no_prev|no_old
V017,908,switch,6,6,900,899,907,1,0.70377039,14.10000000,-9.20000000,16.83597339,0.70377039,0.82174796,0.37044549,50.21359378,0.84381117,
V017,908,switch,8,8,899,900,907,1,0.93785031,0.85000000,4.05000000,4.13823634,0.93785031,0.86420821,0.37044549,50.21359378,0.96017196,
V017,909,reuse,8,6,900,0,908,1,0.82174796,7.00000000,6.15000000,9.31785920,0.82174796,0.85619635,,,1.11504178,
V017,909,reuse,6,8,899,0,908,1,0.86420821,-6.40000000,1.75000000,6.63494537,0.86420821,0.84638797,,,0.94787467,
V017,978,switch,1,1,905,904,,,,,,,,0.91537949,,,,no_last_seen|no_prev|no_old
V017,1022,switch,4,4,906,890,,,,,,,,0.85002683,,,,no_last_seen|no_prev|no_old
V017,1022,switch,5,5,907,902,,,,,,,,0.74168846,,,,no_last_seen|no_prev|no_old
V017,1032,switch,2,2,908,894,,,,,,,,0.43337782,,,,no_last_seen|no_prev|no_old
V017,1032,switch,3,3,909,901,,,,,,,,0.74578000,,,,no_last_seen|no_prev|no_old
V017,1035,switch,2,2,910,908,,,,,,,,0.44348233,,,,no_last_seen|no_prev|no_old
V017,1040,switch,7,7,911,903,,,,,,,,0.58177191,,,,no_last_seen|no_prev|no_old
V017,1043,switch,0,0,916,879,,,,,,,,,,,,no_last_seen|no_prev|no_next|no_old
V017,1044,switch,2,2,906,910,1043,1,0.53036456,-16.10000000,20.60000000,26.14517164,0.53036456,0.44750009,,,0.96553936,no_old
V017,1045,switch,0,0,919,879,,,,,,,,0.55006260,,,,no_last_seen|no_prev|no_old
V017,1045,switch,4,4,918,906,,,,,,,,0.60818476,0.34484063,41.38227277,,no_last_seen|no_prev
V017,1045,reuse,4,2,906,0,1044,1,0.44750009,-25.00000000,7.45000000,26.08644284,0.44750009,0.43651283,,,0.94496696,
V018,232,switch,7,7,930,922,,,,,,,,0.83610961,,,,no_last_seen|no_prev|no_old
V018,245,switch,6,6,931,926,,,,,,,,0.84336157,,,,no_last_seen|no_prev|no_old
V018,248,switch,8,8,932,929,,,,,,,,0.68723009,,,,no_last_seen|no_prev|no_old
V018,359,switch,1,1,930,925,358,1,0.92528938,-1.10000000,-4.80000000,4.92442890,0.92528938,0.89914336,,,1.05938011,no_old
V018,360,reuse,7,1,930,0,359,1,0.89914336,0.55000000,-8.10000000,8.11865137,0.89914336,0.87548894,,,0.96010750,
V018,362,switch,7,7,925,930,361,1,0.79803917,-7.00000000,10.85000000,12.91210672,0.79803917,0.69163090,0.20155618,71.68402890,0.84791084,
V018,363,reuse,1,7,925,0,362,1,0.69163090,-15.70000000,9.35000000,18.27327283,0.69163090,0.76266974,,,1.01860484,
V018,380,switch,2,2,927,924,379,1,0.92707635,-2.85000000,2.30000000,3.66230802,0.92707635,0.91091326,0.48851794,46.56914214,0.99159308,
V018,380,switch,5,5,924,927,379,1,0.93724314,3.10000000,-1.75000000,3.55984550,0.93724314,0.89946157,0.48851794,46.56914214,1.00403971,
V018,381,reuse,5,2,927,0,380,1,0.91091326,-4.30000000,1.05000000,4.42634160,0.91091326,0.91891146,,,1.01979641,
V018,381,reuse,2,5,924,0,380,1,0.89946157,5.35000000,0.80000000,5.40948242,0.89946157,0.78589230,,,1.02217508,
V018,471,switch,9,9,935,928,,,,,,,,0.86349010,,,,no_last_seen|no_prev|no_old
V018,503,switch,2,2,936,927,,,,,,,,0.74471840,,,,no_last_seen|no_prev|no_old
V018,514,switch,8,8,937,932,,,,,,,,0.61529263,,,,no_last_seen|no_prev|no_old
V018,523,switch,0,0,938,920,,,,,,,,0.13118889,,,,no_last_seen|no_prev|no_old
V018,534,switch,6,6,939,931,,,,,,,,0.83345294,,,,no_last_seen|no_prev|no_old
V018,537,switch,4,4,940,923,536,1,0.75740171,12.70000000,0.30000000,12.70354281,0.75740171,0.81929386,,,0.97846062,no_old
V019,278,switch,1,1,951,943,277,1,0.90756159,2.90000000,-3.10000000,4.24499706,0.90756159,0.91745796,,,1.01764758,no_old
V019,279,reuse,9,1,951,0,278,1,0.91745796,2.35000000,-1.80000000,2.96015202,0.91745796,0.83824261,,,1.06965932,
V019,281,switch,9,9,949,951,280,1,0.93774585,0.20000000,-3.15000000,3.15634282,0.93774585,0.92667656,0.05077762,103.81139148,0.96274492,
V019,282,switch,7,7,952,949,,,,,,,,0.88103253,0.44641194,36.80360037,,no_last_seen|no_prev
V019,282,reuse,7,9,949,0,281,1,0.92667656,3.05000000,-1.40000000,3.35596484,0.92667656,0.88566699,,,1.05356125,
V019,296,switch,7,7,949,952,295,1,0.92579982,3.40000000,2.20000000,4.04969135,0.92579982,0.94686962,0.40779395,47.16211403,0.98342964,
V019,296,switch,9,9,952,949,295,1,0.68577080,17.95000000,-4.70000000,18.55512059,0.68577080,0.80767962,0.40779395,47.16211403,1.13186417,
V019,297,reuse,7,9,952,0,296,1,0.80767962,10.70000000,-2.80000000,11.06028933,0.80767962,0.81762840,,,1.04405850,
V019,300,reuse,9,7,949,0,299,1,0.91748366,1.25000000,-1.10000000,1.66508258,0.91748366,0.94828732,,,0.91748366,
V019,328,switch,7,7,950,949,327,1,0.83155702,-7.10000000,-3.75000000,8.02947694,0.83155702,0.85887420,,,0.93357027,no_old
V019,329,reuse,8,7,950,0,328,1,0.85887420,-4.80000000,-2.85000000,5.58233822,0.85887420,0.92750182,,,0.90658745,
V019,341,switch,6,6,949,948,322,19,0.44878559,23.35000000,-1.75000000,23.41548633,,0.87432717,,,1.73698230,no_prev|no_old
V019,342,reuse,7,6,949,0,341,1,0.87432717,-5.60000000,2.55000000,6.15325117,0.87432717,0.89331945,,,0.94139763,
V019,343,switch,8,8,948,950,340,3,0.46371760,-28.90000000,-50.95000000,58.57569889,,,0.21105575,71.14789175,1.01420455,no_prev|no_next
V019,354,reuse,6,8,948,0,343,11,0.56564961,17.25000000,-11.30000000,20.62165124,,0.90098523,,,0.58385915,no_prev
V019,388,switch,4,4,953,946,,,,,,,,0.84357585,,,,no_last_seen|no_prev|no_old
V019,408,switch,2,2,954,945,,,,,,,,0.95667121,,,,no_last_seen|no_prev|no_old
V019,447,switch,0,0,955,942,,,,,,,,0.46759675,,,,no_last_seen|no_prev|no_old
V019,456,switch,1,1,956,951,455,1,0.90717851,3.50000000,1.35000000,3.75133310,0.90717851,0.79579420,,,1.03853791,no_old
V019,477,switch,0,0,953,955,476,1,0.74355745,12.70000000,10.75000000,16.63888518,0.74355745,0.76768802,,,0.96738705,no_old
V019,478,switch,0,0,955,955,473,5,0.11929694,82.05000000,44.10000000,93.15048309,,0.77404917,1.00000000,0.00000000,0.62820078,no_prev
V019,600,switch,7,7,957,950,,,,,,,,0.74515594,,,,no_last_seen|no_prev|no_old
V019,606,switch,6,6,958,949,,,,,,,,0.88733770,,,,no_last_seen|no_prev|no_old
V019,616,switch,9,9,959,952,,,,,,,,0.80167523,,,,no_last_seen|no_prev|no_old
V019,628,switch,3,3,960,944,,,,,,,,0.86166861,,,,no_last_seen|no_prev|no_old
V019,639,switch,1,1,961,956,638,1,0.79376330,-6.70000000,3.90000000,7.75241898,0.79376330,0.87842874,,,1.06742499,no_old
V019,666,switch,9,9,962,959,665,1,0.93960579,0.70000000,-0.40000000,0.80622577,0.93960579,0.88032581,,,1.06427612,no_old
V019,682,switch,8,8,963,948,,,,,,,,0.88659712,,,,no_last_seen|no_prev|no_old
V019,707,switch,0,0,960,955,706,1,0.52762345,33.05000000,-1.10000000,33.06830053,0.52762345,0.73675633,0.28707939,56.76224537,1.00492729,
V019,707,switch,3,3,955,960,706,1,0.94286163,-2.90000000,0.50000000,2.94278779,0.94286163,0.96822872,0.28707939,56.76224537,1.00497822,
V019,708,reuse,3,0,960,0,707,1,0.73675633,14.85000000,2.25000000,15.01948734,0.73675633,0.86191557,,,0.99038613,
V019,708,reuse,0,3,955,0,707,1,0.96822872,-1.30000000,-0.70000000,1.47648231,0.96822872,0.90349654,,,0.99076335,
V019,751,switch,3,3,958,955,750,1,0.79662715,9.50000000,-2.40000000,9.79846927,0.79662715,0.81897604,0.43049142,39.93685641,0.97428184,
V019,751,switch,6,6,955,958,750,1,0.95050858,-1.30000000,-2.35000000,2.68560980,0.95050858,0.94918058,0.43049142,39.93685641,0.95208906,
V019,752,reuse,6,3,958,0,751,1,0.81897604,8.10000000,3.55000000,8.84378313,0.81897604,0.82812908,,,1.09779664,
V019,752,reuse,3,6,955,0,751,1,0.94918058,-1.85000000,-1.90000000,2.65188612,0.94918058,0.95328799,,,0.99870388,
V019,765,switch,2,2,964,954,,,,,,,,0.87864935,,,,no_last_seen|no_prev|no_old
V019,821,switch,6,6,965,955,,,,,,,,0.88956116,,,,no_last_seen|no_prev|no_old
V019,824,switch,5,5,965,947,823,1,0.86399670,-5.45000000,2.10000000,5.84059072,0.86399670,0.84150410,0.41380716,35.49063257,0.95645453,
V019,824,switch,6,6,947,965,823,1,0.97000740,0.25000000,2.35000000,2.36326046,0.97000740,0.93137304,0.41380716,35.49063257,1.00150975,
V019,825,reuse,6,5,965,0,824,1,0.84150410,-5.30000000,-0.55000000,5.32846132,0.84150410,0.88207216,,,0.91241599,
V019,825,reuse,5,6,947,0,824,1,0.93137304,1.90000000,2.00000000,2.75862284,0.93137304,0.96867151,,,1.01137883,
V019,940,switch,9,9,967,962,,,,,,,,0.88543066,,,,no_last_seen|no_prev|no_old
V019,963,switch,2,2,968,964,,,,,,,,0.89047568,,,,no_last_seen|no_prev|no_old
V019,983,switch,3,3,969,958,,,,,,,,0.70818825,,,,no_last_seen|no_prev|no_old
V019,987,switch,0,0,970,960,,,,,,,,0.83661398,,,,no_last_seen|no_prev|no_old
V019,1327,switch,3,3,972,969,,,,,,,,0.56141491,,,,no_last_seen|no_prev|no_old
V019,1376,switch,0,0,972,970,1375,1,0.94803515,1.00000000,-3.15000000,3.30492057,0.94803515,0.98178035,0.44171163,23.50047872,0.95292690,
V019,1376,switch,3,3,970,972,1375,1,0.84788673,5.95000000,2.25000000,6.36121058,0.84788673,0.87509497,0.44171163,23.50047872,1.01980009,
V019,1377,reuse,3,0,972,0,1376,1,0.98178035,-0.40000000,-0.90000000,0.98488578,0.98178035,0.92985493,,,0.99740597,
V019,1377,reuse,0,3,970,0,1376,1,0.87509497,5.10000000,0.55000000,5.12957113,0.87509497,0.78257974,,,0.98544681,
V019,1440,switch,3,3,975,970,,,,,,,,0.94528626,,,,no_last_seen|no_prev|no_old
V019,1441,switch,0,0,957,972,1440,1,0.83299193,-8.25000000,0.50000000,8.26513763,0.83299193,0.96656283,0.37323793,42.83226004,0.94724257,
V019,1441,switch,7,7,972,957,1440,1,0.96295465,0.55000000,-2.15000000,2.21923410,0.96295465,0.82722250,0.37323793,42.83226004,1.02192528,
V019,1442,reuse,7,0,957,0,1441,1,0.96656283,-0.55000000,-1.90000000,1.97800404,0.96656283,0.94769733,,,0.99090267,
V019,1442,reuse,0,7,972,0,1441,1,0.82722250,-5.25000000,-5.20000000,7.38935045,0.82722250,0.93467748,,,0.96932891,
V019,1469,switch,1,1,976,961,,,,,,,,0.83627442,,,,no_last_seen|no_prev|no_old
V019,1571,switch,4,4,947,953,1570,1,0.80944032,-9.10000000,1.55000000,9.23106169,0.80944032,0.86573142,0.47585568,38.08638208,1.02205012,
V019,1571,switch,6,6,953,947,1570,1,0.92934003,-1.90000000,4.25000000,4.65537324,0.92934003,0.93288006,0.47585568,38.08638208,0.94899136,
V019,1572,reuse,6,4,947,0,1571,1,0.86573142,0.30000000,-7.55000000,7.55595791,0.86573142,0.88429536,,,1.11995528,
V019,1572,reuse,4,6,953,0,1571,1,0.93288006,0.30000000,6.10000000,6.10737259,0.93288006,0.93252384,,,0.94873837,
V019,1619,switch,2,2,979,968,,,,,,,,0.91639599,,,,no_last_seen|no_prev|no_old
V019,1656,switch,5,5,980,965,,,,,,,,0.81366115,,,,no_last_seen|no_prev|no_old
V019,1659,switch,9,9,981,967,,,,,,,,0.70911287,,,,no_last_seen|no_prev|no_old
V019,1739,switch,6,6,982,953,,,,,,,,0.65907367,,,,no_last_seen|no_prev|no_old
V019,1745,switch,0,0,983,957,,,,,,,,0.92250034,,,,no_last_seen|no_prev|no_old
V020,136,switch,1,1,994,987,,,,,,,,0.67756613,,,,no_last_seen|no_prev|no_old
V020,204,switch,1,1,995,994,,,,,,,,0.96851296,,,,no_last_seen|no_prev|no_old
V020,234,switch,1,1,996,995,,,,,,,,0.94944385,,,,no_last_seen|no_prev|no_old
V020,285,switch,1,1,993,996,284,1,0.84459766,-4.80000000,2.40000000,5.36656315,0.84459766,0.78106544,0.40299329,26.76191324,0.99626500,
V020,285,switch,9,9,996,993,284,1,0.86584959,3.65000000,2.75000000,4.57001094,0.86584959,0.90050368,0.40299329,26.76191324,0.95136561,
V020,286,reuse,9,1,993,0,285,1,0.78106544,-7.60000000,1.90000000,7.83390069,0.78106544,0.78753778,,,1.00202480,
V020,286,reuse,1,9,996,0,285,1,0.90050368,2.45000000,2.20000000,3.29279517,0.90050368,0.93516918,,,0.94372166,
V020,407,switch,1,1,997,993,,,,,,,,0.63640686,,,,no_last_seen|no_prev|no_old
V020,411,switch,2,2,998,986,,,,,,,,0.77679173,,,,no_last_seen|no_prev|no_old
V020,447,switch,0,0,999,984,,,,,,,,0.92020727,,,,no_last_seen|no_prev|no_old
V020,454,switch,5,5,1000,989,,,,,,,,0.82369866,,,,no_last_seen|no_prev|no_old
V020,470,switch,4,4,1001,988,,,,,,,,0.90170169,,,,no_last_seen|no_prev|no_old
V020,645,switch,9,9,1005,996,,,,,,,,0.89217221,,,,no_last_seen|no_prev|no_old
V021,104,switch,3,3,1016,1014,,,,,,,,0.67197571,,,,no_last_seen|no_prev|no_old
V021,118,switch,9,9,1017,1007,,,,,,,,0.75459313,,,,no_last_seen|no_prev|no_old
V021,209,switch,0,0,1019,1013,,,,,,,,0.76657063,,,,no_last_seen|no_prev|no_old
V021,210,switch,1,1,1020,1011,,,,,,,,0.93152712,,,,no_last_seen|no_prev|no_old
V021,238,switch,4,4,1009,1008,237,1,0.68070544,-11.80000000,-2.70000000,12.10495766,0.68070544,0.63606703,0.25277619,40.76254408,0.98207864,
V021,238,switch,6,6,1008,1009,237,1,0.85101732,5.25000000,-0.15000000,5.25214242,0.85101732,0.82594218,0.25277619,40.76254408,1.02914219,
V021,239,reuse,6,4,1009,0,238,1,0.63606703,-14.40000000,-2.65000000,14.64180658,0.63606703,0.79783045,,,1.00330841,
V021,239,reuse,4,6,1008,0,238,1,0.82594218,6.50000000,-2.15000000,6.84634939,0.82594218,0.84317432,,,1.01383851,
V021,288,switch,1,1,1021,1020,,,,,,,,0.48094397,,,,no_last_seen|no_prev|no_old
V021,305,switch,8,8,1022,1015,,,,,,,,0.71698388,,,,no_last_seen|no_prev|no_old
V021,310,switch,0,0,1023,1019,,,,,,,,0.72528051,,,,no_last_seen|no_prev|no_old
V021,313,switch,2,2,1024,1010,,,,,,,,0.61555300,,,,no_last_seen|no_prev|no_old
V021,340,switch,3,3,1025,1016,,,,,,,,0.89860240,,,,no_last_seen|no_prev|no_old
V021,346,switch,6,6,1026,1008,,,,,,,,0.91228822,,,,no_last_seen|no_prev|no_old
V021,477,switch,3,3,1026,1025,476,1,0.84998196,5.10000000,-2.80000000,5.81807528,0.84998196,0.90182865,0.45228972,26.16027523,0.97196163,
V021,477,switch,6,6,1025,1026,476,1,0.91112805,0.20000000,1.75000000,1.76139150,0.91112805,0.96471044,0.45228972,26.16027523,1.09754057,
V021,478,reuse,6,3,1026,0,477,1,0.90182865,3.50000000,-1.20000000,3.70000000,0.90182865,0.92253931,,,1.00022169,
V021,478,reuse,3,6,1025,0,477,1,0.96471044,-0.85000000,-0.60000000,1.04043260,0.96471044,0.95151370,,,1.01395180,
V021,509,switch,7,7,1022,1006,508,1,0.91954770,-3.10000000,1.25000000,3.34252898,0.91954770,0.86457818,0.43904717,30.83545038,0.97022506,
V021,509,switch,8,8,1006,1022,508,1,0.84624371,7.60000000,-0.30000000,7.60591875,0.84624371,0.94744298,0.43904717,30.83545038,1.02441716,
V021,510,reuse,8,7,1022,0,509,1,0.86457818,-6.15000000,2.25000000,6.54866399,0.86457818,0.78190263,,,0.97864755,
V021,510,reuse,7,8,1006,0,509,1,0.94744298,0.75000000,-1.05000000,1.29034879,0.94744298,0.97081790,,,1.04297722,
V021,583,switch,7,7,1006,1022,582,1,0.77468543,-10.35000000,4.95000000,11.47279391,0.77468543,0.77459992,0.33250509,41.94654336,1.00712234,
V021,583,switch,8,8,1022,1006,582,1,0.85384471,-2.30000000,1.70000000,2.86006993,0.85384471,0.90965002,0.33250509,41.94654336,1.17117316,
V021,584,reuse,8,7,1006,0,583,1,0.77459992,-9.90000000,5.65000000,11.39879380,0.77459992,0.81848571,,,1.03164983,
V021,584,reuse,7,8,1022,0,583,1,0.90965002,-3.50000000,-0.15000000,3.50321281,0.90965002,0.90467171,,,1.08001518,
V021,688,switch,5,5,1027,1012,,,,,,,,0.96793957,,,,no_last_seen|no_prev|no_old
V021,728,switch,9,9,1028,1017,,,,,,,,0.78501942,,,,no_last_seen|no_prev|no_old
V021,776,switch,4,4,1029,1009,,,,,,,,0.37025599,,,,no_last_seen|no_prev|no_old
V021,813,switch,6,6,1023,1025,812,1,0.79575061,-5.35000000,-1.70000000,5.61359956,0.79575061,0.89330660,,,1.14547664,no_old
V021,814,reuse,0,6,1023,0,813,1,0.89330660,2.30000000,0.55000000,2.36484672,0.89330660,0.81541681,,,1.09327061,
V021,821,switch,6,6,1025,1023,812,9,0.49123032,27.05000000,-11.45000000,29.37354252,,0.95306965,,,1.12148414,no_prev|no_old
V021,823,switch,6,6,1023,1025,820,3,0.69598217,9.45000000,-10.30000000,13.97828673,,0.92363922,,,0.96283575,no_prev|no_old
V021,828,switch,0,0,1027,1023,827,1,0.76886644,2.45000000,7.10000000,7.51082552,0.76886644,0.85858517,0.05443419,51.95952752,0.76886644,
V021,829,switch,5,5,1030,1027,,,,,,,,0.86917204,0.31212405,27.40004562,,no_last_seen|no_prev
V021,829,reuse,5,0,1027,0,828,1,0.85858517,1.35000000,5.55000000,5.71182983,0.85858517,0.69698409,,,0.90611758,
V022,51,switch,5,5,1041,1040,,,,,,,,0.95889435,,,,no_last_seen|no_prev|no_old
V022,334,switch,6,6,1043,1036,,,,,,,,0.56796707,,,,no_last_seen|no_prev|no_old
V022,345,switch,9,9,1044,1033,,,,,,,,0.91131547,,,,no_last_seen|no_prev|no_old
V022,512,switch,4,4,1034,1037,511,1,0.79785904,4.20000000,13.80000000,14.42497834,0.79785904,0.67203114,0.40343878,33.62324345,1.06137566,
V022,512,switch,7,7,1037,1034,511,1,0.88844089,-4.30000000,0.30000000,4.31045241,0.88844089,0.92140897,0.40343878,33.62324345,1.01495174,
V022,513,reuse,7,4,1034,0,512,1,0.67203114,15.40000000,10.65000000,18.72384843,0.67203114,0.76489754,,,1.11054975,
V022,513,reuse,4,7,1037,0,512,1,0.92140897,-2.35000000,0.75000000,2.46677928,0.92140897,0.86411828,,,0.96881980,
V022,561,switch,3,3,1046,1038,,,,,,,,0.65391031,,,,no_last_seen|no_prev|no_old
V022,590,switch,0,0,1047,1031,,,,,,,,0.78481487,,,,no_last_seen|no_prev|no_old
V022,590,switch,3,3,1048,1046,,,,,,,,0.66409663,,,,no_last_seen|no_prev|no_old
V022,599,switch,1,1,1049,1035,,,,,,,,0.74149775,,,,no_last_seen|no_prev|no_old
V022,637,switch,1,1,1044,1049,636,1,0.80261882,9.85000000,3.70000000,10.52200076,0.80261882,0.78813792,0.41825542,38.12833592,1.01161484,
V022,637,switch,9,9,1049,1044,636,1,0.76928135,-10.10000000,3.90000000,10.82681855,0.76928135,0.94901076,0.41825542,38.12833592,1.03748920,
V022,638,reuse,9,1,1044,0,637,1,0.78813792,10.95000000,3.60000000,11.52659967,0.78813792,0.80185351,,,1.00914703,
V022,638,reuse,1,9,1049,0,637,1,0.94901076,-0.65000000,2.90000000,2.97195222,0.94901076,0.94364817,,,1.03384707,
V022,684,switch,3,3,1037,1048,683,1,0.85055097,-6.00000000,-0.20000000,6.00333241,0.85055097,0.86897590,0.43345511,32.87803218,0.99792686,
V022,684,switch,7,7,1048,1037,683,1,0.91853453,-3.50000000,-1.15000000,3.68408740,0.91853453,0.93158596,0.43345511,32.87803218,0.95609217,
V022,685,reuse,7,3,1037,0,684,1,0.86897590,-4.50000000,-2.10000000,4.96588361,0.86897590,0.83278244,,,1.00457666,
V022,685,reuse,3,7,1048,0,684,1,0.93158596,-2.45000000,-1.70000000,2.98202951,0.93158596,0.95005826,,,0.97672932,
V023,214,switch,0,0,1062,1056,,,,,,,,0.74169483,,,,no_last_seen|no_prev|no_old
V023,221,switch,6,6,1063,1053,,,,,,,,0.79515180,,,,no_last_seen|no_prev|no_old
V023,228,switch,5,5,1064,1055,,,,,,,,0.72342739,,,,no_last_seen|no_prev|no_old
V023,270,switch,2,2,1054,1057,269,1,0.78658901,-8.20000000,4.05000000,9.14562737,0.78658901,0.88283214,,,1.06137763,no_old
V023,271,reuse,9,2,1054,0,270,1,0.88283214,3.70000000,3.20000000,4.89182992,0.88283214,0.82902632,,,1.00649773,
V023,276,switch,9,9,1057,1054,275,1,0.69689273,11.85000000,-6.30000000,13.42059984,0.69689273,0.82280567,0.67264020,15.22103807,0.84352593,
V023,277,reuse,2,9,1057,0,276,1,0.82280567,6.30000000,-2.75000000,6.87404539,0.82280567,0.93024476,,,0.97569768,
V023,296,switch,0,0,1054,1062,295,1,0.81512907,5.75000000,-0.65000000,5.78662250,0.81512907,0.85130246,0.47447416,23.92263572,0.97652447,
V023,296,switch,2,2,1062,1054,295,1,0.81437934,-7.30000000,-0.65000000,7.32888122,0.81437934,0.86329718,0.47447416,23.92263572,0.98365144,
V023,297,reuse,2,0,1054,0,296,1,0.85130246,-2.85000000,3.20000000,4.28514877,0.85130246,0.88898714,,,1.14340541,
V023,297,reuse,0,2,1062,0,296,1,0.86329718,-3.70000000,3.40000000,5.02493781,0.86329718,0.84041573,,,0.95286861,
V023,299,switch,2,2,1057,1062,298,1,0.95976360,-1.35000000,-0.85000000,1.59530561,0.95976360,0.98650169,0.51621448,27.40752634,1.02286803,
V023,299,switch,9,9,1062,1057,298,1,0.80462332,-1.15000000,5.85000000,5.96196276,0.80462332,0.93576373,0.51621448,27.40752634,0.80462332,
V023,300,reuse,9,2,1057,0,299,1,0.98650169,0.40000000,0.00000000,0.40000000,0.98650169,0.85067555,,,1.01368301,
V023,300,reuse,2,9,1062,0,299,1,0.93576373,0.70000000,2.30000000,2.40416306,0.93576373,0.58149355,,,0.93853533,
V023,322,switch,4,4,1067,1060,,,,,,,,0.93956670,,,,no_last_seen|no_prev|no_old
V023,357,switch,3,3,1069,1059,,,,,,,,0.81741961,,,,no_last_seen|no_prev|no_old
V023,413,switch,5,5,1052,1064,412,1,0.80998815,3.50000000,2.30000000,4.18807832,0.80998815,0.87524489,0.44850717,18.11642901,0.82198642,
V023,413,switch,7,7,1064,1052,412,1,0.90319811,-2.35000000,0.50000000,2.40260276,0.90319811,0.82746893,0.44850717,18.11642901,1.03345634,
V023,414,reuse,7,5,1052,0,413,1,0.87524489,-0.35000000,4.70000000,4.71301390,0.87524489,0.95935317,,,1.10225691,
V023,414,reuse,5,7,1064,0,413,1,0.82746893,-5.85000000,-0.05000000,5.85021367,0.82746893,0.81848688,,,0.94565595,
V023,491,switch,7,7,1062,1064,489,2,0.56709585,-1.75000000,-29.20000000,29.25239306,,0.83651150,,,1.75350114,no_prev|no_old
V023,492,reuse,9,7,1062,0,491,1,0.83651150,3.75000000,-4.45000000,5.81936423,0.83651150,0.85851763,,,1.14589633,
V023,495,reuse,7,9,1062,0,494,1,0.89126741,-1.45000000,7.10000000,7.24655090,0.89126741,0.92056028,,,0.91927355,
V023,500,switch,7,7,1064,1062,499,1,0.68252724,-2.50000000,10.70000000,10.98817546,0.68252724,0.93100721,0.22396050,53.85837911,1.46514298,
V023,512,switch,6,6,1064,1063,511,1,0.81746358,7.10000000,-6.00000000,9.29569793,0.81746358,0.85435626,0.50594052,37.28300551,0.98701850,
V023,512,switch,7,7,1063,1064,511,1,0.64864605,16.20000000,3.60000000,16.59518002,0.64864605,0.74813478,0.50594052,37.28300551,0.96658039,
V023,513,reuse,7,6,1064,0,512,1,0.85435626,5.60000000,-4.25000000,7.03011380,0.85435626,0.88978606,,,0.98309887,
V023,513,reuse,6,7,1063,0,512,1,0.74813478,10.80000000,2.45000000,11.07440743,0.74813478,0.81310396,,,0.99285156,
V024,233,switch,5,5,1072,1070,232,1,0.83841267,0.80000000,-11.95000000,11.97674831,0.83841267,0.81523459,,,0.92215416,no_old
V024,237,switch,1,1,1070,1072,236,1,0.78210816,12.15000000,1.05000000,12.19528597,0.78210816,0.77625497,0.37766041,52.25188992,1.04516985,
V024,237,reuse,1,5,1072,0,236,1,0.87501544,-5.95000000,-2.75000000,6.55476926,0.87501544,0.88032059,,,0.96000282,
V024,238,reuse,5,1,1070,0,237,1,0.77625497,13.05000000,0.85000000,13.07765269,0.77625497,0.75576792,,,1.02311052,
V024,332,switch,1,1,1080,1070,,,,,,,,0.65816826,,,,no_last_seen|no_prev|no_old
V024,334,switch,4,4,1081,1079,,,,,,,,0.59828384,,,,no_last_seen|no_prev|no_old
V024,344,switch,0,0,1082,1074,,,,,,,,0.60423953,,,,no_last_seen|no_prev|no_old
V024,368,switch,2,2,1083,1073,,,,,,,,0.80288573,,,,no_last_seen|no_prev|no_old
V024,369,switch,7,7,1084,1071,,,,,,,,0.87544652,,,,no_last_seen|no_prev|no_old
V024,371,switch,6,6,1085,1075,,,,,,,,0.95972877,,,,no_last_seen|no_prev|no_old
V024,377,switch,3,3,1086,1077,376,1,0.92945033,-1.30000000,-2.15000000,2.51246891,0.92945033,0.66777017,,,0.98798931,no_old
V024,586,switch,9,9,1087,1076,585,1,0.79655812,4.00000000,-5.15000000,6.52092785,0.79655812,0.75823640,,,1.08086398,no_old
V024,589,switch,1,1,1084,1080,588,1,0.75982216,9.60000000,-1.35000000,9.69445718,0.75982216,0.89262257,,,1.06613611,no_old
V024,589,switch,7,7,1088,1084,,,,,,,,0.83715176,0.57394726,24.86890629,,no_last_seen|no_prev
V024,590,reuse,7,1,1084,0,589,1,0.89262257,4.15000000,0.65000000,4.20059520,0.89262257,0.90148197,,,1.02974777,
V024,638,switch,9,9,1082,1087,636,2,0.74443116,7.05000000,-20.35000000,21.53659676,,0.93211755,,,0.94489694,no_prev|no_old
V024,641,switch,0,0,1089,1082,640,1,0.53574345,8.85000000,-16.55000000,18.76765835,0.53574345,0.69934729,0.38639184,31.28837644,1.56718488,
V024,641,reuse,0,9,1082,0,640,1,0.85715749,-6.00000000,3.10000000,6.75351760,0.85715749,0.79774460,,,0.94086185,
V024,766,switch,1,1,1090,1084,,,,,,,,0.76791036,,,,no_last_seen|no_prev|no_old
V024,767,switch,9,9,1091,1082,,,,,,,,0.83415531,,,,no_last_seen|no_prev|no_old
V024,794,switch,6,6,1092,1085,,,,,,,,0.54959369,,,,no_last_seen|no_prev|no_old
V024,806,switch,5,5,1093,1072,,,,,,,,0.85660208,,,,no_last_seen|no_prev|no_old
V024,810,switch,7,7,1094,1088,,,,,,,,0.62634057,,,,no_last_seen|no_prev|no_old
V024,867,switch,8,8,1095,1078,,,,,,,,0.83265343,,,,no_last_seen|no_prev|no_old
V024,874,switch,3,3,1096,1086,,,,,,,,0.82516357,,,,no_last_seen|no_prev|no_old
V025,102,switch,1,1,1107,1098,,,,,,,,0.84659856,,,,no_last_seen|no_prev|no_old
V025,153,switch,2,2,1108,1097,,,,,,,,0.80093703,,,,no_last_seen|no_prev|no_old
V025,419,switch,5,5,1111,1100,,,,,,,,0.77904591,,,,no_last_seen|no_prev|no_old
V025,421,switch,1,1,1112,1107,,,,,,,,0.64860303,,,,no_last_seen|no_prev|no_old
V025,429,switch,6,6,1113,1104,,,,,,,,0.76923315,,,,no_last_seen|no_prev|no_old
V025,454,switch,2,2,1114,1108,,,,,,,,0.86630812,,,,no_last_seen|no_prev|no_old
V025,463,switch,0,0,1115,1099,,,,,,,,0.89969629,,,,no_last_seen|no_prev|no_old
V025,676,switch,1,1,1106,1112,675,1,0.87952595,-0.60000000,-6.85000000,6.87622716,0.87952595,0.89028358,0.49747057,26.48018127,1.00268535,
V025,676,switch,9,9,1112,1106,675,1,0.73600616,12.10000000,0.40000000,12.10660976,0.73600616,0.71218634,0.49747057,26.48018127,1.04197049,
V025,677,reuse,9,1,1106,0,676,1,0.89028358,-1.85000000,-4.65000000,5.00449798,0.89028358,0.84868898,,,1.05208348,
V025,677,reuse,1,9,1112,0,676,1,0.71218634,13.45000000,1.35000000,13.51758114,0.71218634,0.75064321,,,0.96848710,
V025,719,switch,8,8,1113,1105,718,1,0.92341751,2.25000000,-0.35000000,2.27705951,0.92341751,0.88910124,,,0.97553885,no_old
V025,721,switch,8,8,1116,1105,,,,,,,,0.94556240,,,,no_last_seen|no_prev|no_old
V026,93,switch,3,3,1121,1119,92,1,0.81258448,1.80000000,6.55000000,6.79282710,0.81258448,0.94360004,0.29214187,26.46091457,1.09308359,
V026,93,switch,4,4,1119,1124,92,1,0.45759198,-7.75000000,-21.55000000,22.90120084,0.45759198,0.62955486,,,0.73897707,no_old
V026,94,switch,2,2,1127,1121,,,,,,,,0.86820041,0.22579037,24.28090814,,no_last_seen|no_prev
V026,94,switch,9,9,1125,1122,,,,,,,,0.95392119,,,,no_last_seen|no_prev|no_old
V026,94,reuse,2,3,1121,0,93,1,0.94360004,-0.50000000,1.90000000,1.96468827,0.94360004,0.92034475,,,1.05065701,
V026,94,reuse,3,4,1119,0,93,1,0.62955486,-5.00000000,-8.25000000,9.64689069,0.62955486,0.80277510,,,0.89456884,
V026,118,switch,5,5,1118,1120,117,1,0.77616623,-5.10000000,-0.35000000,5.11199570,0.77616623,0.77538001,0.31140759,23.76662576,1.01827973,
V026,118,switch,6,6,1120,1118,117,1,0.64145185,-12.30000000,0.10000000,12.30040650,0.64145185,0.66555151,0.31140759,23.76662576,0.97014021,
V026,119,reuse,6,5,1118,0,118,1,0.77538001,-5.20000000,0.25000000,5.20600615,0.77538001,0.74619298,,,1.03891460,
V026,119,reuse,5,6,1120,0,118,1,0.66555151,-11.05000000,0.05000000,11.05011312,0.66555151,0.62251356,,,0.96697489,
V026,176,switch,9,9,1140,1125,,,,,,,,0.79329662,,,,no_last_seen|no_prev|no_old
V026,178,switch,4,4,1139,1119,177,1,0.66624797,6.05000000,4.85000000,7.75403121,0.66624797,0.65288383,,,0.94056231,no_old
V026,204,switch,3,3,1139,1121,203,1,0.58143865,9.95000000,2.35000000,10.22374687,0.58143865,0.61421360,0.34122335,28.15137652,1.08379045,
V026,204,switch,4,4,1121,1139,203,1,0.78018721,4.65000000,-2.95000000,5.50681396,0.78018721,0.76605363,0.34122335,28.15137652,0.93253140,
V026,205,reuse,4,3,1139,0,204,1,0.61421360,9.05000000,3.75000000,9.79617272,0.61421360,0.76825567,,,1.13639616,
V026,205,reuse,3,4,1121,0,204,1,0.76605363,5.50000000,-1.35000000,5.66325878,0.76605363,0.78149002,,,0.98081066,
V027,64,switch,1,1,1159,1149,,,,,,,,0.70440703,,,,no_last_seen|no_prev|no_old
V027,231,switch,6,6,1161,1150,,,,,,,,0.98050763,,,,no_last_seen|no_prev|no_old
V028,4,switch,5,5,1167,1169,2,2,0.66382514,-4.00000000,-9.50000000,10.30776406,,0.38892480,,,1.49913469,no_prev|no_old
V028,10,switch,11,11,1182,1179,,,,,,,,0.36963474,,,,no_last_seen|no_prev|no_old
V028,13,switch,3,3,1185,1167,,,,,,,,0.38401597,0.00000000,60.77960184,,no_last_seen|no_prev
V028,18,reuse,3,5,1167,0,17,1,0.56849319,-13.90000000,0.65000000,13.91518954,0.56849319,0.63308350,,,1.02759567,
V028,21,switch,7,7,1169,1165,3,18,0.00000000,-230.85000000,4.90000000,230.90199761,,0.65865057,,,1.13009251,no_prev|no_old
V028,22,reuse,5,7,1169,0,21,1,0.65865057,-8.40000000,0.45000000,8.41204494,0.65865057,0.73420230,,,1.02857823,
V028,27,switch,4,4,1167,1163,26,1,0.92749314,1.85000000,-0.30000000,1.87416648,0.92749314,0.92545494,,,1.00700211,no_old
V028,27,switch,5,5,1165,1167,20,7,0.00000000,-146.55000000,-6.10000000,146.67689832,,0.79713416,0.54040019,22.07651467,1.16564150,no_prev
V028,28,reuse,5,4,1167,0,27,1,0.92545494,1.95000000,-0.20000000,1.96022958,0.92545494,0.87986835,,,1.01200440,
V028,28,reuse,7,5,1165,0,27,1,0.79713416,-5.75000000,-0.40000000,5.76389625,0.79713416,0.98185500,,,1.00029041,
V028,37,switch,0,0,1186,1168,,,,,,,,0.82645231,,,,no_last_seen|no_prev|no_old
V028,111,switch,1,1,1165,1162,110,1,0.79304616,-2.90000000,-3.90000000,4.86004115,0.79304616,0.74953413,,,1.26096065,no_old
V028,112,reuse,5,1,1165,0,111,1,0.74953413,-3.65000000,7.20000000,8.07232928,0.74953413,0.87159155,,,0.74953413,
V028,113,switch,1,1,1162,1165,112,1,0.85555360,2.45000000,-7.40000000,7.79503047,0.85555360,0.92780590,0.40920525,30.61086408,1.07202544,
V028,113,reuse,1,5,1165,0,112,1,0.87159155,-2.25000000,2.40000000,3.28975683,0.87159155,0.94861673,,,0.87159155,
V028,322,switch,1,1,1167,1162,321,1,0.88189480,-2.30000000,2.10000000,3.11448230,0.88189480,0.94330490,0.34840636,28.28824844,0.95278969,
V028,322,switch,4,4,1162,1167,321,1,0.71298547,6.45000000,9.15000000,11.19486489,0.71298547,0.89250198,0.34840636,28.28824844,0.99628652,
V028,323,reuse,4,1,1167,0,322,1,0.94330490,-0.35000000,1.90000000,1.93196791,0.94330490,0.95782757,,,1.01307524,
V028,323,reuse,1,4,1162,0,322,1,0.89250198,1.65000000,4.40000000,4.69920206,0.89250198,0.86707796,,,1.02036872,
V028,458,switch,3,3,1188,1185,,,,,,,,0.83751736,,,,no_last_seen|no_prev|no_old
V028,471,switch,3,3,1162,1188,470,1,0.78325174,-5.25000000,0.10000000,5.25095229,0.78325174,0.79659755,0.45577927,36.62720983,1.02866650,
V028,471,switch,4,4,1188,1162,470,1,0.83303771,-1.65000000,-5.65000000,5.88600034,0.83303771,0.90256355,0.45577927,36.62720983,0.89248141,
V028,472,reuse,4,3,1162,0,471,1,0.79659755,-4.95000000,0.05000000,4.95025252,0.79659755,0.80579241,,,1.02008826,
V028,472,reuse,3,4,1188,0,471,1,0.90256355,-1.05000000,-2.65000000,2.85043856,0.90256355,0.89144699,,,0.98712731,
V028,498,switch,6,6,1166,1170,497,1,0.88909553,1.15000000,-1.45000000,1.85067555,0.88909553,0.89895678,0.71358752,8.00890130,0.88909553,
V028,498,switch,8,8,1170,1166,495,3,0.58601460,-1.90000000,25.60000000,25.67041098,,0.84540139,0.71358752,8.00890130,0.95684854,no_prev
V028,499,reuse,8,6,1166,0,498,1,0.89895678,0.75000000,-2.95000000,3.04384625,0.89895678,0.93763120,,,0.91441931,
V028,499,reuse,6,8,1170,0,498,1,0.84540139,-1.05000000,5.90000000,5.99270390,0.84540139,0.80858641,,,0.92423786,
V029,147,switch,0,0,1216,1192,,,,,,,,0.56402665,,,,no_last_seen|no_prev|no_old
V029,158,switch,4,4,1191,1195,157,1,0.50001583,-9.95000000,11.85000000,15.47336421,0.50001583,0.78068477,,,1.07451039,no_old
V029,159,switch,2,2,1217,1191,,,,,,,,0.94315616,0.30593663,25.61640100,,no_last_seen|no_prev
V029,159,reuse,2,4,1191,0,158,1,0.78068477,-3.40000000,5.10000000,6.12943717,0.78068477,0.94784097,,,1.03913873,
V029,176,switch,0,0,1218,1192,,,,,,,,0.66963391,,,,no_last_seen|no_prev|no_old
V029,177,switch,11,11,1219,1194,,,,,,,,0.43109724,,,,no_last_seen|no_prev|no_old
V029,205,switch,4,4,1220,1191,,,,,,,,0.83399814,,,,no_last_seen|no_prev|no_old
V029,210,switch,2,2,1220,1217,209,1,0.65730244,7.60000000,1.55000000,7.75644893,0.65730244,0.63648214,0.39075220,13.92838828,0.96023337,
V029,210,switch,4,4,1217,1220,209,1,0.62178756,7.90000000,2.60000000,8.31685037,0.62178756,0.56936369,0.39075220,13.92838828,0.96170910,
V029,211,reuse,4,2,1220,0,210,1,0.63648214,8.40000000,1.85000000,8.60130804,0.63648214,0.51257427,,,1.10780945,
V029,211,reuse,2,4,1217,0,210,1,0.56936369,9.15000000,3.15000000,9.67703467,0.56936369,0.45763105,,,0.95495771,
V029,215,switch,8,8,1221,1199,,,,,,,,0.52915329,,,,no_last_seen|no_prev|no_old
V030,28,switch,3,3,1232,1229,27,1,0.62244989,9.65000000,4.90000000,10.82277691,0.62244989,0.37751124,,,1.09761408,no_old
V030,29,switch,4,4,1229,1225,27,2,0.30168585,23.65000000,-16.25000000,28.69468592,,0.38230970,,,1.33161308,no_prev|no_old
V030,29,reuse,5,3,1232,0,28,1,0.37751124,21.95000000,1.35000000,21.99147562,0.37751124,0.25969569,,,1.01143759,
V030,30,reuse,3,4,1229,0,29,1,0.38230970,23.45000000,-3.60000000,23.72472339,0.38230970,0.33314443,,,1.02876134,
V030,36,switch,5,5,1241,1232,,,,,,,,0.42950099,0.00000000,53.50525675,,no_last_seen|no_prev
V030,57,switch,3,3,1225,1232,28,29,0.00000000,432.20000000,-16.10000000,432.49976879,,0.92057341,,,0.89365148,no_prev|no_old
V030,58,reuse,4,3,1225,0,57,1,0.92057341,1.80000000,-0.40000000,1.84390889,0.92057341,0.92372737,,,0.99306273,
V030,95,switch,1,1,1242,1226,,,,,,,,0.91140660,,,,no_last_seen|no_prev|no_old
V030,109,switch,2,2,1243,1224,,,,,,,,0.54103197,,,,no_last_seen|no_prev|no_old
V030,113,switch,0,0,1244,1222,,,,,,,,0.86955244,,,,no_last_seen|no_prev|no_old
V030,149,switch,4,4,1241,1229,148,1,0.80408714,-4.55000000,-4.20000000,6.19213210,0.80408714,0.83335701,,,0.96150042,no_old
V030,150,reuse,5,4,1241,0,149,1,0.83335701,-2.90000000,5.90000000,6.57419197,0.83335701,0.86990881,,,0.99166039,
V030,154,switch,5,5,1225,1241,153,1,0.76369476,-4.75000000,0.55000000,4.78173609,0.76369476,0.76671271,0.44083152,35.83046888,0.98910826,
V030,155,reuse,3,5,1225,0,154,1,0.76671271,-4.75000000,0.35000000,4.76287728,0.76671271,0.73071383,,,1.00357197,
V030,165,switch,3,3,1245,1225,,,,,,,,0.81738734,0.24044462,43.87883886,,no_last_seen|no_prev
V030,216,switch,11,11,1248,1230,,,,,,,,0.46687030,,,,no_last_seen|no_prev|no_old
V030,315,switch,0,0,1249,1244,,,,,,,,0.74029226,,,,no_last_seen|no_prev|no_old
V030,322,switch,2,2,1250,1243,,,,,,,,0.65050483,,,,no_last_seen|no_prev|no_old
V030,333,switch,4,4,1225,1241,332,1,0.66189123,-11.60000000,-4.40000000,12.40644994,0.66189123,0.73413143,0.48495450,25.40177159,0.94781642,
V030,333,switch,5,5,1241,1225,332,1,0.79707641,-5.25000000,2.45000000,5.79353088,0.79707641,0.81497687,0.48495450,25.40177159,0.98017272,
V030,334,reuse,5,4,1225,0,333,1,0.73413143,-8.90000000,-1.55000000,9.03396369,0.73413143,0.78056243,,,0.96518814,
V030,334,reuse,4,5,1241,0,333,1,0.81497687,-5.05000000,1.20000000,5.19061653,0.81497687,0.75347232,,,1.01158690,
V031,26,reuse,10,11,1262,0,25,1,0.41320496,-5.10000000,34.35000000,34.72653884,0.41320496,0.47716785,,,1.61103534,
V031,28,switch,11,11,1264,1262,,,,,,,,0.56629202,,,,no_last_seen|no_prev|no_old
V031,30,switch,10,10,1266,1262,,,,,,,,0.36878552,,,,no_last_seen|no_prev|no_old
V031,32,switch,4,4,1256,1258,31,1,0.60352068,10.80000000,-8.40000000,13.68210510,0.60352068,0.46572788,,,1.15437331,no_old
V031,32,switch,11,11,1266,1264,31,1,0.40947484,13.05000000,23.20000000,26.61846164,0.40947484,0.45777769,,,1.59011706,no_old
V031,33,switch,2,2,1273,1253,,,,,,,,0.40807211,,,,no_last_seen|no_prev|no_old
V031,33,switch,3,3,1267,1256,,,,,,,,0.45092113,0.25175783,33.06164696,,no_last_seen|no_prev
V031,33,switch,5,5,1271,1257,,,,,,,,0.33509899,,,,no_last_seen|no_prev|no_old
V031,33,switch,8,8,1270,1260,,,,,,,,0.40627848,,,,no_last_seen|no_prev|no_old
V031,33,reuse,3,4,1256,0,32,1,0.46572788,20.55000000,-2.90000000,20.75361414,0.46572788,0.42736078,,,1.01591967,
V031,33,reuse,10,11,1266,0,32,1,0.45777769,20.55000000,5.50000000,21.27328136,0.45777769,0.44493419,,,1.13052401,
V031,35,switch,9,9,1277,1261,,,,,,,,0.44079563,,,,no_last_seen|no_prev|no_old
V031,38,switch,10,10,1284,1266,,,,,,,,0.38587582,0.07177242,60.21098322,,no_last_seen|no_prev
V031,42,switch,1,1,1289,1254,,,,,,,,0.39767313,,,,no_last_seen|no_prev|no_old
V031,47,switch,2,2,1254,1273,31,16,0.00000000,251.60000000,-4.15000000,251.63422363,,0.60762669,,,1.20545470,no_prev|no_old
V031,48,reuse,1,2,1254,0,47,1,0.60762669,8.90000000,-3.55000000,9.58188395,0.60762669,0.74565037,,,1.00293333,
V031,51,switch,1,1,1273,1289,46,5,0.00000000,97.35000000,-2.00000000,97.37054226,,0.80039895,,,0.94747176,no_prev|no_old
V031,52,switch,4,4,1258,1256,31,21,0.00000000,328.80000000,-21.05000000,329.47312865,,0.89842097,,,1.05666877,no_prev|no_old
V031,52,reuse,2,1,1273,0,51,1,0.80039895,4.95000000,-0.65000000,4.99249437,0.80039895,0.95264951,,,0.97115001,
V031,53,switch,5,5,1257,1271,31,22,0.00000000,345.30000000,-26.80000000,346.33846162,,0.82142119,,,0.97262952,no_prev|no_old
V031,55,switch,1,1,1290,1273,,,,,,,,0.73579549,,,,no_last_seen|no_prev|no_old
V031,55,switch,5,5,1258,1257,54,1,0.41550101,7.95000000,-31.00000000,32.00316391,0.41550101,0.68421922,,,0.78503389,no_old
V031,56,switch,4,4,1291,1258,,,,,,,,0.68396655,0.11220109,53.05063619,,no_last_seen|no_prev
V031,56,reuse,4,5,1258,0,55,1,0.68421922,-3.20000000,-11.70000000,12.12971558,0.68421922,0.64009012,,,0.91141376,
V031,60,switch,0,0,1289,1255,50,10,0.00000000,77.85000000,55.35000000,95.52091394,,0.77139335,,,1.23142087,no_prev|no_old
V031,60,switch,2,2,1256,1254,51,9,0.00000000,106.55000000,-23.95000000,109.20853904,,,,,0.86190502,no_prev|no_next|no_old
V031,60,switch,7,7,1260,1259,31,29,0.00000000,443.80000000,-75.35000000,450.15115517,,,,,0.81272645,no_prev|no_next|no_old
V031,61,switch,2,2,1271,1254,52,9,0.00000000,91.50000000,21.95000000,94.09597494,,0.88298253,,,1.26731238,no_prev|no_old
V031,61,switch,7,7,1259,1259,59,2,0.48045187,-21.05000000,-3.00000000,21.26270209,,0.60142632,1.00000000,0.00000000,0.94120696,no_prev
V031,61,reuse,1,0,1289,0,60,1,0.77139335,-4.75000000,3.05000000,5.64490921,0.77139335,,,,1.11398459,no_next
V031,62,switch,0,0,1253,1289,31,31,0.00000000,475.75000000,33.80000000,476.94916134,,0.84271467,,,1.41161332,no_prev|no_old
V031,62,reuse,5,2,1271,0,61,1,0.88298253,-3.00000000,-0.70000000,3.08058436,0.88298253,0.69105208,,,0.96580254,
V031,63,switch,4,4,1260,1291,60,3,0.01235068,47.15000000,-10.20000000,48.24067267,,,,,1.13581567,no_prev|no_next|no_old
V031,63,reuse,2,0,1253,0,62,1,0.84271467,-5.05000000,0.20000000,5.05395884,0.84271467,0.65318432,,,1.05836995,
V031,64,switch,4,4,1291,1291,62,2,0.34680712,-19.30000000,2.35000000,19.44254356,,0.57579998,1.00000000,0.00000000,1.08768116,no_prev
V031,167,switch,9,9,1292,1277,,,,,,,,0.76162188,,,,no_last_seen|no_prev|no_old
V031,169,switch,5,5,1277,1258,163,6,0.19291143,22.90000000,2.60000000,23.04712563,,0.76089305,,,0.83484277,no_prev|no_old
V031,170,reuse,9,5,1277,0,169,1,0.76089305,-4.00000000,0.35000000,4.01528330,0.76089305,0.62641546,,,0.94100220,
V031,172,switch,5,5,1270,1277,167,5,0.37266724,15.45000000,-2.20000000,15.60584826,,0.81601497,,,0.77350805,no_prev|no_old
V031,172,switch,8,8,1293,1270,,,,,,,,0.64163573,0.00000000,64.43719811,,no_last_seen|no_prev
V031,173,reuse,8,5,1270,0,172,1,0.81601497,-2.95000000,1.85000000,3.48209707,0.81601497,0.67014247,,,1.07770534,
V031,181,switch,8,8,1292,1293,180,1,0.56106433,-10.50000000,1.65000000,10.62885224,0.56106433,0.55370526,0.49217243,16.81703006,0.92017898,
V031,181,switch,9,9,1293,1292,180,1,0.58914005,-10.45000000,0.90000000,10.48868438,0.58914005,0.59720843,0.49217243,16.81703006,1.01655785,
V031,182,reuse,9,8,1292,0,181,1,0.55370526,-10.10000000,2.35000000,10.36978785,0.55370526,0.56152943,,,0.92684530,
V031,182,reuse,8,9,1293,0,181,1,0.59720843,-10.05000000,1.10000000,10.11001978,0.59720843,0.63892403,,,1.03645421,
V032,152,switch,4,4,1299,1296,151,1,0.72475707,9.35000000,-5.10000000,10.65046947,0.72475707,0.72403158,,,1.03471556,no_old
V032,153,switch,5,5,1296,1299,149,4,0.22968229,29.50000000,-42.50000000,51.73490118,,0.70872740,0.79527258,9.19809763,1.11972125,no_prev
V032,153,reuse,5,4,1299,0,152,1,0.72403158,9.10000000,-5.50000000,10.63296760,0.72403158,,,,0.97031064,no_next
V032,154,reuse,4,5,1296,0,153,1,0.70872740,10.00000000,-0.50000000,10.01249220,0.70872740,0.70866334,,,0.96119368,
V032,166,switch,4,4,1306,1299,,,,,,,,0.77124082,,,,no_last_seen|no_prev|no_old
V032,262,switch,6,6,1308,1294,,,,,,,,0.89796709,,,,no_last_seen|no_prev|no_old
V032,270,switch,7,7,1310,1301,269,1,0.77273731,-2.85000000,-6.65000000,7.23498445,0.77273731,0.88933767,,,1.19436545,no_old
V032,278,switch,6,6,1310,1308,277,1,0.79980249,-4.00000000,0.55000000,4.03763545,0.79980249,0.88851410,0.44739539,15.94772711,1.01166320,
V032,278,switch,7,7,1308,1301,277,1,0.94016622,-1.20000000,-0.60000000,1.34164079,0.94016622,0.85225413,,,1.03102271,no_old
V032,279,reuse,6,7,1308,0,278,1,0.85225413,1.90000000,-4.30000000,4.70106371,0.85225413,0.87775830,,,0.95348406,
V032,446,switch,6,6,1308,1310,445,1,0.71337686,-6.55000000,-3.90000000,7.62315551,0.71337686,0.82559837,0.56897283,14.03326405,1.07760795,
V032,446,switch,7,7,1310,1308,445,1,0.69139642,-8.60000000,-2.05000000,8.84095583,0.69139642,0.72795578,0.56897283,14.03326405,0.99035781,
V032,447,reuse,7,6,1308,0,446,1,0.82559837,-4.25000000,-0.95000000,4.35488232,0.82559837,0.72621171,,,1.01825899,
V032,447,reuse,6,7,1310,0,446,1,0.72795578,-7.70000000,-0.15000000,7.70146090,0.72795578,0.69440976,,,0.96729032,
V033,138,switch,5,5,1314,1312,133,5,0.17321064,-31.85000000,24.75000000,40.33590212,,0.69195289,,,1.24816029,no_prev|no_old
V033,145,switch,5,5,1312,1312,134,11,0.02056097,-55.65000000,12.95000000,57.13689701,,0.86734654,1.00000000,0.00000000,0.96698403,no_prev
V033,147,switch,5,5,1316,1312,146,1,0.87724888,2.40000000,2.15000000,3.22218870,0.87724888,0.92396333,0.58890268,21.70397429,0.99055217,
V033,148,reuse,4,5,1316,0,147,1,0.92396333,1.50000000,1.25000000,1.95256242,0.92396333,0.92428888,,,1.05413812,
V033,150,switch,3,3,1312,1314,149,1,0.77702887,4.05000000,-0.80000000,4.12825629,0.77702887,0.80945923,0.37644319,24.16283303,0.87490548,
V033,150,switch,4,4,1314,1316,149,1,0.89767138,1.45000000,1.70000000,2.23439030,0.89767138,0.82318515,0.38353739,18.96641769,0.92874745,
V033,151,reuse,5,3,1312,0,150,1,0.80945923,3.20000000,-1.95000000,3.74733238,0.80945923,0.85623839,,,0.88837978,
V033,151,reuse,3,4,1314,0,150,1,0.82318515,2.15000000,5.65000000,6.04524607,0.82318515,0.74144714,,,0.86945380,
V033,158,switch,8,8,1323,1319,,,,,,,,0.64004392,,,,no_last_seen|no_prev|no_old
V034,73,switch,4,4,1330,1329,72,1,0.35186077,-10.05000000,22.00000000,24.18682493,0.35186077,0.63097542,,,1.06982737,no_old
V034,74,switch,5,5,1336,1330,,,,,,,,0.90862767,0.13594071,37.16375923,,no_last_seen|no_prev
V034,74,reuse,5,4,1330,0,73,1,0.63097542,-4.75000000,8.75000000,9.95615388,0.63097542,0.80558369,,,1.03693296,
V034,147,switch,3,3,1337,1327,,,,,,,,0.97485274,,,,no_last_seen|no_prev|no_old
V034,201,switch,6,6,1338,1324,200,1,0.65131266,-5.05000000,-7.30000000,8.87651396,0.65131266,0.70111111,,,1.34211694,no_old
V034,203,switch,8,8,1324,1334,200,3,0.38968207,-15.40000000,16.90000000,22.86416410,,0.74492716,,,1.59776800,no_prev|no_old
V034,204,reuse,6,8,1324,0,203,1,0.74492716,-6.00000000,-2.40000000,6.46219777,0.74492716,0.70188578,,,1.08317373,
V034,229,switch,3,3,1334,1337,202,27,0.00000000,-207.05000000,-78.30000000,221.36077453,,0.75685349,,,0.67605551,no_prev|no_old
V034,230,reuse,8,3,1334,0,229,1,0.75685349,5.65000000,-0.10000000,5.65088489,0.75685349,0.67941937,,,0.96041420,
V035,210,switch,6,6,1341,1346,209,1,0.95545547,-0.55000000,1.50000000,1.59765453,0.95545547,0.98402002,0.48072176,41.72699965,0.96229569,
V035,210,switch,11,11,1346,1341,209,1,0.97247923,-0.75000000,0.10000000,0.75663730,0.97247923,0.95195503,0.48072176,41.72699965,1.00302116,
V035,211,reuse,11,6,1341,0,210,1,0.98402002,0.20000000,0.50000000,0.53851648,0.98402002,0.91084721,,,0.98700058,
V035,211,reuse,6,11,1346,0,210,1,0.95195503,-1.25000000,0.60000000,1.38654246,0.95195503,0.96514954,,,0.99507309,
V036,36,switch,0,0,1364,1356,,,,,,,,0.77484523,,,,no_last_seen|no_prev|no_old
V037,129,switch,2,2,1379,1373,,,,,,,,0.82909056,,,,no_last_seen|no_prev|no_old
V037,132,switch,9,9,1380,1366,,,,,,,,0.69497224,,,,no_last_seen|no_prev|no_old
V037,137,switch,5,5,1381,1372,,,,,,,,0.74738176,,,,no_last_seen|no_prev|no_old
V037,158,switch,12,12,1382,1377,,,,,,,,0.83603967,,,,no_last_seen|no_prev|no_old
V037,309,switch,7,7,1384,1368,,,,,,,,0.67035455,,,,no_last_seen|no_prev|no_old
V037,439,switch,10,10,1387,1375,,,,,,,,0.68545224,,,,no_last_seen|no_prev|no_old
V037,454,switch,11,11,1388,1369,,,,,,,,0.50088471,,,,no_last_seen|no_prev|no_old
V037,498,switch,8,8,1389,1371,,,,,,,,0.33142111,,,,no_last_seen|no_prev|no_old
V037,523,switch,10,10,1393,1387,,,,,,,,0.88785969,0.37623723,7.63888081,,no_last_seen|no_prev
V037,585,switch,10,10,1394,1393,,,,,,,,0.80897076,,,,no_last_seen|no_prev|no_old
V038,213,switch,11,11,1413,1406,,,,,,,,0.74265657,,,,no_last_seen|no_prev|no_old
V038,237,switch,8,8,1414,1412,,,,,,,,0.73977704,,,,no_last_seen|no_prev|no_old
V038,243,switch,12,12,1415,1405,,,,,,,,0.63067021,,,,no_last_seen|no_prev|no_old
V038,248,switch,7,7,1416,1402,,,,,,,,0.63248118,,,,no_last_seen|no_prev|no_old
V038,304,switch,13,13,1418,1404,,,,,,,,0.81171651,,,,no_last_seen|no_prev|no_old
V038,340,switch,3,3,1419,1399,,,,,,,,0.90105829,,,,no_last_seen|no_prev|no_old
V038,410,switch,3,3,1420,1419,,,,,,,,0.71791812,,,,no_last_seen|no_prev|no_old
V038,460,switch,14,14,1421,1417,,,,,,,,0.89465388,,,,no_last_seen|no_prev|no_old
V038,479,switch,5,5,1422,1411,478,1,0.87003379,-5.55000000,-0.80000000,5.60736123,0.87003379,0.85334426,,,0.99974022,no_old
V038,485,switch,10,10,1423,1407,,,,,,,,0.69023232,,,,no_last_seen|no_prev|no_old
V038,508,switch,9,9,1425,1400,,,,,,,,0.73685877,,,,no_last_seen|no_prev|no_old
V038,534,switch,11,11,1431,1413,,,,,,,,0.59203404,,,,no_last_seen|no_prev|no_old
V038,538,switch,11,11,1433,1413,,,,,,,,0.64619067,,,,no_last_seen|no_prev|no_old
V038,543,switch,12,12,1434,1415,542,1,0.95821535,-0.40000000,0.05000000,0.40311289,0.95821535,0.95563632,,,1.01325614,no_old
V038,550,switch,11,11,1431,1433,535,15,0.00000000,-49.70000000,6.25000000,50.09144138,,0.75571745,,,1.07672686,no_prev|no_old
V038,554,switch,11,11,1435,1431,,,,,,,,0.51354028,,,,no_last_seen|no_prev|no_old
V038,555,switch,6,6,1436,1410,,,,,,,,0.44510386,,,,no_last_seen|no_prev|no_old
V038,557,switch,2,2,1437,1408,,,,,,,,0.60937661,,,,no_last_seen|no_prev|no_old
V038,562,switch,11,11,1439,1435,,,,,,,,,,,,no_last_seen|no_prev|no_next|no_old
V038,566,switch,11,11,1440,1435,,,,,,,,0.48932348,,,,no_last_seen|no_prev|no_old
V038,575,switch,4,4,1441,1409,,,,,,,,0.58493687,,,,no_last_seen|no_prev|no_old
V038,592,switch,5,5,1442,1422,,,,,,,,0.52561788,,,,no_last_seen|no_prev|no_old
V038,598,switch,1,1,1443,1403,,,,,,,,0.20495392,,,,no_last_seen|no_prev|no_old
V038,609,switch,0,0,1444,1401,,,,,,,,0.60096621,,,,no_last_seen|no_prev|no_old
V038,729,switch,12,12,1445,1434,,,,,,,,0.45629397,,,,no_last_seen|no_prev|no_old
V038,734,switch,7,7,1446,1416,,,,,,,,0.42727240,,,,no_last_seen|no_prev|no_old
V038,744,switch,13,13,1447,1418,,,,,,,,0.76009131,,,,no_last_seen|no_prev|no_old
V038,770,switch,14,14,1448,1421,,,,,,,,0.92038005,,,,no_last_seen|no_prev|no_old
V038,891,switch,16,16,1449,1426,,,,,,,,0.50022970,,,,no_last_seen|no_prev|no_old
V038,922,switch,2,2,1440,1437,921,1,0.55612175,11.55000000,1.25000000,11.61744378,0.55612175,0.62169998,0.43094385,16.51438767,0.96976599,
V038,922,switch,11,11,1437,1440,921,1,0.73850207,6.45000000,-1.30000000,6.57970364,0.73850207,0.65077472,0.43094385,16.51438767,0.95635613,
V038,923,reuse,11,2,1440,0,922,1,0.62169998,9.45000000,0.50000000,9.46321827,0.62169998,0.61266993,,,0.99103233,
V038,923,reuse,2,11,1437,0,922,1,0.65077472,9.65000000,-0.80000000,9.68310384,0.65077472,0.70181290,,,0.97164426,
V038,964,switch,0,0,1450,1444,,,,,,,,0.85412971,,,,no_last_seen|no_prev|no_old
V038,1025,switch,16,16,1452,1449,,,,,,,,0.32642984,,,,no_last_seen|no_prev|no_old
V038,1032,switch,9,9,1453,1425,,,,,,,,0.48242849,,,,no_last_seen|no_prev|no_old
V038,1033,switch,17,17,1454,1430,1032,1,0.57391411,1.80000000,-18.75000000,18.83620185,0.57391411,0.33106011,,,0.90409736,no_old
V038,1035,switch,17,17,1457,1430,,,,,,,,0.40258773,,,,no_last_seen|no_prev|no_old
V038,1039,switch,3,3,1470,1420,,,,,,,,0.61142857,,,,no_last_seen|no_prev|no_old
V038,1044,switch,18,18,1483,1432,,,,,,,,0.30694534,,,,no_last_seen|no_prev|no_old
V038,1046,switch,5,5,1489,1442,,,,,,,,0.65134551,,,,no_last_seen|no_prev|no_old
V038,1049,switch,12,12,1505,1445,,,,,,,,,,,,no_last_seen|no_prev|no_next|no_old
V038,1050,switch,12,12,1508,1445,,,,,,,,,,,,no_last_seen|no_prev|no_next|no_old
V038,1051,switch,12,12,1511,1445,,,,,,,,,,,,no_last_seen|no_prev|no_next|no_old
V038,1067,switch,15,15,1552,1424,,,,,,,,,,,,no_last_seen|no_prev|no_next|no_old
V038,1069,switch,10,10,1556,1423,,,,,,,,0.30496277,,,,no_last_seen|no_prev|no_old
V038,1069,switch,15,15,1555,1424,,,,,,,,0.37437603,,,,no_last_seen|no_prev|no_old
V038,1071,switch,17,17,1552,1457,1067,4,0.79215480,-3.00000000,2.80000000,4.10365691,,0.50044940,,,0.91604806,no_prev|no_old
V038,1077,switch,15,15,1457,1555,1070,7,0.00000000,-162.90000000,-6.45000000,163.02764336,,,,,1.08727273,no_prev|no_next|no_old
V038,1078,switch,15,15,1555,1555,1076,2,0.30248210,-20.35000000,0.10000000,20.35024570,,0.61938518,1.00000000,0.00000000,1.02768404,no_prev
V038,1106,switch,13,13,1557,1447,,,,,,,,0.84744562,,,,no_last_seen|no_prev|no_old
V038,1135,switch,14,14,1558,1448,,,,,,,,0.84357508,,,,no_last_seen|no_prev|no_old
V038,1142,switch,12,12,1559,1445,,,,,,,,0.44554650,,,,no_last_seen|no_prev|no_old
V038,1162,switch,7,7,1560,1446,1161,1,0.47778566,6.05000000,2.00000000,6.37200910,0.47778566,0.56914638,,,1.03977273,no_old
V038,1272,switch,7,7,1562,1560,,,,,,,,0.47471340,,,,no_last_seen|no_prev|no_old
V038,1310,switch,8,8,1563,1414,1309,1,0.31905132,15.05000000,-1.40000000,15.11497602,0.31905132,0.33432290,,,1.01501224,no_old
V039,2,switch,8,8,1572,1575,1,1,0.40272756,12.55000000,-13.25000000,18.25006849,0.40272756,0.31602185,,,1.03771807,no_old
V039,3,switch,6,6,1575,1571,1,2,0.72453027,0.80000000,-8.60000000,8.63712915,,,,,0.84303882,no_prev|no_next|no_old
V039,3,reuse,7,8,1572,0,2,1,0.31602185,21.55000000,-1.30000000,21.58917553,0.31602185,0.26592642,,,1.01041574,
V039,9,switch,8,8,1593,1572,,,,,,,,0.43447315,0.53664505,15.31877932,,no_last_seen|no_prev
V039,9,reuse,8,7,1572,0,8,1,0.35817778,19.00000000,1.80000000,19.08507270,0.35817778,0.35330632,,,0.92187100,
V039,11,switch,6,6,1602,1571,,,,,,,,0.38204010,,,,no_last_seen|no_prev|no_old
V039,13,switch,9,9,1607,1573,,,,,,,,0.38304032,,,,no_last_seen|no_prev|no_old
V039,14,switch,2,2,1609,1574,,,,,,,,0.37489788,,,,no_last_seen|no_prev|no_old
V039,180,switch,6,6,1611,1602,,,,,,,,0.82178218,,,,no_last_seen|no_prev|no_old
V039,222,switch,7,7,1612,1572,,,,,,,,0.60381022,,,,no_last_seen|no_prev|no_old
V039,318,switch,8,8,1615,1593,,,,,,,,0.64070264,,,,no_last_seen|no_prev|no_old
V039,349,switch,11,11,1618,1569,348,1,0.92528156,-0.75000000,-1.20000000,1.41509717,0.92528156,0.87283059,,,1.00962822,no_old
V039,360,switch,12,12,1620,1610,,,,,,,,0.60300214,,,,no_last_seen|no_prev|no_old
V039,476,switch,12,12,1623,1620,,,,,,,,0.73189042,,,,no_last_seen|no_prev|no_old
V039,543,switch,3,3,1624,1565,542,1,0.79927667,0.90000000,3.35000000,3.46878941,0.79927667,0.85417118,,,1.25113122,no_old
V039,562,switch,15,15,1626,1616,,,,,,,,0.82721129,,,,no_last_seen|no_prev|no_old
V039,582,switch,19,19,1627,1622,,,,,,,,0.76991165,,,,no_last_seen|no_prev|no_old
V039,635,switch,13,13,1628,1613,,,,,,,,0.73952655,,,,no_last_seen|no_prev|no_old
V039,703,switch,5,5,1629,1570,702,1,0.66445734,2.90000000,-2.50000000,3.82883794,0.66445734,0.59368812,,,1.00948548,no_old
V039,706,switch,6,6,1623,1611,705,1,0.72072086,1.80000000,8.40000000,8.59069264,0.72072086,0.50416786,,,1.05905787,no_old
V039,706,switch,12,12,1614,1623,705,1,0.61354738,1.65000000,-14.05000000,14.14655435,0.61354738,0.43401895,0.38910918,15.33264491,0.89311615,
V039,707,switch,11,11,1621,1618,706,1,0.83222675,-2.45000000,-2.15000000,3.25960120,0.83222675,0.57292771,,,1.09113516,no_old
V039,707,reuse,12,6,1623,0,706,1,0.50416786,11.20000000,4.45000000,12.05165964,0.50416786,0.40736623,,,0.96381910,
V039,707,reuse,14,12,1614,0,706,1,0.43401895,10.60000000,-5.45000000,11.91899744,0.43401895,0.34202900,,,0.96565668,
V039,708,switch,18,18,1631,1621,,,,,,,,0.79063436,0.15609045,28.71671987,,no_last_seen|no_prev
V039,708,reuse,18,11,1621,0,707,1,0.57292771,10.15000000,-0.60000000,10.16771852,0.57292771,,,,1.00760666,no_next
V039,709,switch,11,11,1631,1621,708,1,0.79063436,-2.45000000,-4.80000000,5.38910939,0.79063436,0.48473887,,,1.15890130,no_old
V039,709,switch,12,12,1633,1614,,,,,,,,,,,,no_last_seen|no_prev|no_next|no_old
V039,710,switch,12,12,1635,1614,,,,,,,,,,,,no_last_seen|no_prev|no_next|no_old
V039,710,switch,18,18,1634,1621,,,,,,,,0.79324403,,,,no_last_seen|no_prev|no_old
V039,711,switch,11,11,1634,1631,710,1,0.79324403,1.10000000,-5.75000000,5.85427194,0.79324403,0.50549371,,,1.19307245,no_old
V039,711,switch,12,12,1636,1614,,,,,,,,,,,,no_last_seen|no_prev|no_next|no_old
V039,712,switch,12,12,1638,1614,,,,,,,,,,,,no_last_seen|no_prev|no_next|no_old
V039,712,switch,18,18,1637,1621,,,,,,,,0.75506800,,,,no_last_seen|no_prev|no_old
V039,713,switch,11,11,1637,1634,712,1,0.75506800,2.90000000,-6.25000000,6.89002903,0.75506800,0.42765014,,,1.19407370,no_old
V039,713,switch,12,12,1639,1614,,,,,,,,,,,,no_last_seen|no_prev|no_next|no_old
V039,713,switch,14,14,1618,1614,706,7,0.20882902,16.20000000,-22.05000000,27.36133220,,0.47485281,,,0.68739936,no_prev|no_old
V039,714,switch,12,12,1618,1614,713,1,0.47485281,-0.35000000,-23.35000000,23.35262298,0.47485281,0.32542807,,,1.04635735,no_old
V039,714,switch,18,18,1640,1621,,,,,,,,0.59020121,,,,no_last_seen|no_prev|no_old
V039,715,switch,11,11,1640,1637,714,1,0.59020121,8.30000000,-5.80000000,10.12570985,0.59020121,0.37019740,,,1.11765578,no_old
V039,715,switch,14,14,1621,1614,708,7,0.07464844,27.50000000,-22.65000000,35.62685083,,0.43344596,,,0.65977647,no_prev|no_old
V039,715,reuse,11,12,1618,0,714,1,0.32542807,14.20000000,-6.40000000,15.57562198,0.32542807,,,,1.03702739,no_next
V039,716,switch,12,12,1621,1618,715,1,0.43344596,-1.05000000,-24.80000000,24.82221787,0.43344596,0.37068217,,,1.06818182,no_old
V039,716,switch,14,14,1631,1614,710,6,0.34010306,9.75000000,-24.05000000,25.95120421,,0.36312736,,,0.63543225,no_prev|no_old
V039,717,switch,18,18,1643,1621,,,,,,,,0.40389291,0.00000000,187.60544368,,no_last_seen|no_prev
V039,717,reuse,11,12,1621,0,716,1,0.37068217,14.00000000,-5.50000000,15.04160896,0.37068217,,,,1.10212215,no_next
V039,717,reuse,11,14,1631,0,716,1,0.36312736,16.45000000,-0.55000000,16.45919196,0.36312736,0.46083209,,,0.98114306,
V039,718,switch,12,12,1631,1621,717,1,0.46083209,2.00000000,-21.90000000,21.99113458,0.46083209,0.36899578,,,1.03763899,no_old
V039,719,switch,14,14,1634,1631,712,7,0.16320989,27.00000000,-23.55000000,35.82739873,,0.47697426,0.07933248,42.40530627,0.68928568,no_prev
V039,719,reuse,14,12,1631,0,718,1,0.36899578,14.45000000,-7.40000000,16.23460810,0.36899578,0.31319465,,,1.01923077,
V039,720,reuse,11,14,1634,0,719,1,0.47697426,14.45000000,0.20000000,14.45138402,0.47697426,0.41779774,,,0.97648067,
V039,721,switch,9,9,1647,1607,,,,,,,,0.42521335,,,,no_last_seen|no_prev|no_old
V039,725,switch,3,3,1648,1624,,,,,,,,,,,,no_last_seen|no_prev|no_next|no_old
V039,726,switch,14,14,1637,1634,714,12,0.00000000,100.70000000,-20.50000000,102.76546112,,0.59792925,,,0.78252889,no_prev|no_old
V039,727,switch,3,3,1649,1624,,,,,,,,0.42613592,,,,no_last_seen|no_prev|no_old
V039,727,reuse,11,14,1637,0,726,1,0.59792925,10.80000000,-0.20000000,10.80185169,0.59792925,0.55674445,,,0.99525964,
V039,730,switch,11,11,1650,1640,,,,,,,,0.69288384,,,,no_last_seen|no_prev|no_old
V039,738,switch,4,4,1638,1568,728,10,0.25922404,15.05000000,19.95000000,24.99009804,,0.68101714,,,1.01451364,no_prev|no_old
V039,738,switch,11,11,1651,1650,,,,,,,,0.64546175,0.52358029,11.65128748,,no_last_seen|no_prev
V039,738,switch,18,18,1650,1643,737,1,0.75064776,-4.05000000,1.35000000,4.26907484,0.75064776,0.66192311,,,0.96877773,no_old
V039,739,reuse,11,18,1650,0,738,1,0.66192311,-5.90000000,1.15000000,6.01103153,0.66192311,0.47493232,,,0.93447354,
V039,740,switch,12,12,1652,1631,,,,,,,,0.49255602,,,,no_last_seen|no_prev|no_old
V039,740,switch,14,14,1617,1637,739,1,0.44156250,7.60000000,-19.95000000,21.34859480,0.44156250,0.62502559,,,0.95277917,no_old
V039,740,switch,16,16,1615,1617,739,1,0.33868702,20.75000000,0.65000000,20.76017823,0.33868702,0.95170219,0.10883091,35.75611836,0.95254266,
V039,741,switch,8,8,1653,1615,,,,,,,,0.45398029,0.00000000,50.65927852,,no_last_seen|no_prev
V039,741,switch,19,19,1655,1627,,,,,,,,0.52797711,,,,no_last_seen|no_prev|no_old
V039,741,reuse,16,14,1617,0,740,1,0.62502559,-6.00000000,-7.40000000,9.52680429,0.62502559,,,,0.98452152,no_next
V039,741,reuse,8,16,1615,0,740,1,0.95170219,0.45000000,1.15000000,1.23490890,0.95170219,0.53207672,,,0.97245738,
V039,742,switch,9,9,1658,1647,,,,,,,,0.41989723,,,,no_last_seen|no_prev|no_old
V039,742,switch,14,14,1615,1617,741,1,0.53207672,3.30000000,-20.05000000,20.31975640,0.53207672,,,,0.98153516,no_next|no_old
V039,742,switch,17,17,1656,1619,,,,,,,,0.24714768,,,,no_last_seen|no_prev|no_old
V039,743,switch,2,2,1647,1609,739,4,0.10073651,37.90000000,-14.60000000,40.61489874,,,,,1.06571069,no_prev|no_next|no_old
V039,743,switch,14,14,1659,1617,,,,,,,,0.36262287,,,,no_last_seen|no_prev|no_old
V039,744,switch,16,16,1662,1615,,,,,,,,0.35960882,,,,no_last_seen|no_prev|no_old
V039,745,switch,5,5,1664,1629,,,,,,,,0.45769360,,,,no_last_seen|no_prev|no_old
V039,745,switch,19,19,1643,1627,736,9,0.00000000,76.75000000,-1.15000000,76.75861515,,,,,0.89062623,no_prev|no_next|no_old
V039,746,switch,3,3,1648,1649,725,21,0.34717659,7.00000000,-22.95000000,23.99380128,,0.42367895,,,1.10972978,no_prev|no_old
V039,746,switch,19,19,1655,1627,744,2,0.00000000,-38.55000000,-0.85000000,38.55936981,,0.21174168,,,1.05547748,no_prev|no_old
V039,747,switch,17,17,1669,1656,,,,,,,,0.42630790,,,,no_last_seen|no_prev|no_old
V039,747,switch,18,18,1637,1650,739,8,0.20602999,19.15000000,22.65000000,29.66049561,,,,,1.10193206,no_prev|no_next|no_old
V039,748,switch,18,18,1615,1650,742,6,0.00000000,45.05000000,9.80000000,46.10360615,,,,,1.00184928,no_prev|no_next|no_old
V039,754,switch,2,2,1683,1609,,,,,,,,0.36047480,,,,no_last_seen|no_prev|no_old
V039,755,switch,6,6,1647,1623,743,12,0.00000000,114.30000000,-9.15000000,114.66565528,,,,,0.90578079,no_prev|no_next|no_old
V039,755,switch,18,18,1687,1650,,,,,,,,0.33339010,,,,no_last_seen|no_prev|no_old
V039,756,switch,6,6,1623,1623,754,2,0.01335695,-39.30000000,-2.30000000,39.36724527,,0.33573123,1.00000000,0.00000000,1.06698568,no_prev
V039,756,switch,13,13,1688,1628,,,,,,,,0.40489821,,,,no_last_seen|no_prev|no_old
V039,811,switch,4,4,1690,1638,,,,,,,,0.44516569,,,,no_last_seen|no_prev|no_old
V039,811,switch,8,8,1689,1653,,,,,,,,0.77887986,,,,no_last_seen|no_prev|no_old
V039,812,switch,16,16,1689,1662,811,1,0.77887986,2.60000000,2.10000000,3.34215499,0.77887986,0.56711714,,,1.18358885,no_old
V039,813,switch,8,8,1691,1653,,,,,,,,0.86215865,,,,no_last_seen|no_prev|no_old
V039,814,switch,16,16,1691,1689,813,1,0.86215865,-2.40000000,0.50000000,2.45153013,0.86215865,0.55743360,,,1.03492764,no_old
V039,815,switch,8,8,1692,1653,,,,,,,,0.83318609,,,,no_last_seen|no_prev|no_old
V039,816,switch,16,16,1692,1691,815,1,0.83318609,-3.60000000,-0.10000000,3.60138862,0.83318609,0.59471653,,,1.00000000,no_old
V039,817,switch,8,8,1693,1653,,,,,,,,0.66531676,0.00000000,117.34497220,,no_last_seen|no_prev
V039,817,switch,15,15,1653,1626,805,12,0.09640864,29.80000000,-23.45000000,37.92021229,,,,,1.26794476,no_prev|no_next|no_old
V039,818,switch,15,15,1662,1626,811,7,0.37768149,14.35000000,-6.80000000,15.87962531,,,,,1.04747206,no_prev|no_next|no_old
V039,818,switch,16,16,1693,1692,817,1,0.66531676,-7.65000000,-2.00000000,7.90711705,0.66531676,0.59237478,,,1.02786741,no_old
V039,819,switch,8,8,1694,1653,,,,,,,,0.59913014,,,,no_last_seen|no_prev|no_old
V039,819,switch,15,15,1689,1626,813,6,0.35019978,15.55000000,1.85000000,15.65966155,,,,,1.02981142,no_prev|no_next|no_old
V039,820,switch,15,15,1691,1626,815,5,0.39832639,14.00000000,8.45000000,16.35244630,,,,,1.01623021,no_prev|no_next|no_old
V039,820,switch,16,16,1694,1693,819,1,0.59913014,-9.25000000,-1.75000000,9.41408519,0.59913014,0.58008924,,,1.05972867,no_old
V039,821,switch,8,8,1696,1653,,,,,,,,0.57077462,,,,no_last_seen|no_prev|no_old
V039,821,switch,15,15,1692,1626,817,4,0.42989760,10.20000000,17.40000000,20.16928358,,0.45920756,,,1.04136129,no_prev|no_old
V039,822,switch,16,16,1696,1694,821,1,0.57077462,-10.30000000,-2.10000000,10.51189802,0.57077462,0.57159228,,,1.02328947,no_old
V039,822,reuse,16,15,1692,0,821,1,0.45920756,14.45000000,-2.15000000,14.60907252,0.45920756,0.38125623,,,1.01625906,
V039,823,switch,8,8,1699,1653,,,,,,,,0.44760711,,,,no_last_seen|no_prev|no_old
V039,823,switch,12,12,1700,1652,,,,,,,,0.33919348,,,,no_last_seen|no_prev|no_old
V039,826,switch,5,5,1701,1664,,,,,,,,,,,,no_last_seen|no_prev|no_next|no_old
V039,827,switch,6,6,1702,1623,,,,,,,,0.66681460,,,,no_last_seen|no_prev|no_old
V039,829,switch,5,5,1704,1664,,,,,,,,0.36792453,,,,no_last_seen|no_prev|no_old
V039,833,switch,2,2,1705,1683,,,,,,,,0.19798328,,,,no_last_seen|no_prev|no_old
V039,836,switch,9,9,1706,1658,,,,,,,,0.45185853,,,,no_last_seen|no_prev|no_old
V039,839,switch,1,1,1707,1566,,,,,,,,0.32440382,,,,no_last_seen|no_prev|no_old
V039,843,switch,3,3,1701,1648,826,17,0.45410554,-0.55000000,-30.45000000,30.45496675,,,,,1.13116030,no_prev|no_next|no_old
V039,845,switch,10,10,1701,1594,843,2,0.58235641,-0.05000000,20.85000000,20.85005995,,0.49551394,,,1.11601956,no_prev|no_old
V039,850,switch,3,3,1719,1648,,,,,,,,0.36048794,,,,no_last_seen|no_prev|no_old
V039,851,switch,5,5,1721,1704,,,,,,,,0.33027560,,,,no_last_seen|no_prev|no_old
V039,867,switch,3,3,1722,1719,,,,,,,,0.60552892,,,,no_last_seen|no_prev|no_old
V040,266,switch,17,17,1738,1731,,,,,,,,0.60572175,,,,no_last_seen|no_prev|no_old
V040,455,switch,17,17,1726,1738,454,1,0.89554101,-1.65000000,1.25000000,2.07002415,0.89554101,0.90848719,0.42528441,16.82624438,1.01408192,
V040,455,switch,18,18,1738,1726,454,1,0.77987062,4.85000000,0.75000000,4.90764709,0.77987062,0.75812127,0.42528441,16.82624438,1.03510804,
V040,456,reuse,18,17,1726,0,455,1,0.90848719,-1.85000000,0.40000000,1.89274932,0.90848719,0.95100309,,,1.00511961,
V040,456,reuse,17,18,1738,0,455,1,0.75812127,5.35000000,1.00000000,5.44265560,0.75812127,0.76876388,,,1.07154134,
V040,462,switch,7,7,1742,1737,,,,,,,,0.93121001,,,,no_last_seen|no_prev|no_old
V040,464,switch,3,3,1734,1732,463,1,0.40733894,9.70000000,9.10000000,13.30037593,0.40733894,0.41222218,,,1.07939810,no_old
V040,465,switch,5,5,1743,1734,,,,,,,,0.56028974,0.58860919,12.11156472,,no_last_seen|no_prev
V040,465,reuse,5,3,1734,0,464,1,0.41222218,11.40000000,3.25000000,11.85421866,0.41222218,0.50560975,,,1.03815298,
V040,486,switch,3,3,1743,1734,485,1,0.74822486,4.00000000,1.20000000,4.17612260,0.74822486,0.64542693,0.44183789,14.18846362,0.96488202,
V040,486,switch,5,5,1734,1743,485,1,0.61327869,7.70000000,0.35000000,7.70795044,0.61327869,0.60706868,0.44183789,14.18846362,0.97537123,
V040,487,reuse,5,3,1743,0,486,1,0.64542693,6.40000000,2.05000000,6.72030505,0.64542693,0.89282772,,,1.03340861,
V040,487,reuse,3,5,1734,0,486,1,0.60706868,7.65000000,0.95000000,7.70876125,0.60706868,0.84311765,,,1.04076706,
V040,537,switch,0,0,1725,1723,536,1,0.96058914,-0.65000000,-0.20000000,0.68007353,0.96058914,0.98486480,0.42432528,17.30585161,1.02288533,
V040,537,switch,4,4,1723,1725,536,1,0.90491699,1.80000000,-1.10000000,2.10950231,0.90491699,0.96846559,0.42432528,17.30585161,1.00866022,
V040,538,reuse,4,0,1725,0,537,1,0.98486480,-0.25000000,-0.05000000,0.25495098,0.98486480,0.88899293,,,1.01093841,
V040,538,reuse,0,4,1723,0,537,1,0.96846559,0.55000000,-0.40000000,0.68007353,0.96846559,0.72310215,,,1.01150414,
V040,575,switch,16,16,1744,1730,,,,,,,,0.88929001,,,,no_last_seen|no_prev|no_old
V040,579,switch,20,20,1745,1733,578,1,0.73835645,4.80000000,1.00000000,4.90306027,0.73835645,,,,0.86125887,no_next|no_old
V040,689,switch,9,9,1725,1729,688,1,0.88378267,1.40000000,2.95000000,3.26534837,0.88378267,0.69828048,,,1.00781191,no_old
V040,689,switch,20,20,1734,1745,688,1,0.76896693,3.05000000,-3.15000000,4.38463225,0.76896693,0.80008520,,,0.83897232,no_old
V040,690,switch,0,0,1747,1725,,,,,,,,0.82502297,0.31998859,18.19924449,,no_last_seen|no_prev
V040,690,switch,5,5,1746,1734,,,,,,,,0.61426606,0.24052268,22.32896101,,no_last_seen|no_prev
V040,690,reuse,0,9,1725,0,689,1,0.69828048,-6.85000000,1.35000000,6.98176196,0.69828048,,,,1.00919270,no_next
V040,690,reuse,5,20,1734,0,689,1,0.80008520,-3.10000000,-1.00000000,3.25729949,0.80008520,0.61502197,,,0.94884696,
V040,691,switch,9,9,1747,1725,690,1,0.82502297,1.60000000,4.70000000,4.96487663,0.82502297,0.64002789,,,1.05080410,no_old
V040,692,switch,0,0,1748,1725,,,,,,,,0.90135846,,,,no_last_seen|no_prev|no_old
V040,694,switch,9,9,1748,1747,693,1,0.69114985,-4.85000000,3.70000000,6.10020491,0.69114985,0.46610963,,,1.05272470,no_old
V040,695,switch,0,0,1749,1748,,,,,,,,0.90386895,0.37248658,15.03412784,,no_last_seen|no_prev
V040,695,switch,16,16,1750,1744,,,,,,,,0.44612789,,,,no_last_seen|no_prev|no_old
V040,695,reuse,0,9,1748,0,694,1,0.46610963,-11.70000000,0.50000000,11.71067889,0.46610963,,,,1.00427539,no_next
V040,696,switch,9,9,1749,1748,695,1,0.90386895,-0.80000000,2.80000000,2.91204396,0.90386895,0.49509343,,,1.03391315,no_old
V040,697,switch,0,0,1751,1748,,,,,,,,0.88119877,,,,no_last_seen|no_prev|no_old
V040,699,switch,2,2,1743,1736,698,1,0.79346529,-4.10000000,-0.30000000,4.11096096,0.79346529,0.46189641,,,1.00518135,no_old
V040,699,switch,9,9,1751,1749,698,1,0.47231145,-12.65000000,0.90000000,12.68197540,0.47231145,0.37835152,,,1.04022064,no_old
V040,699,switch,20,20,1746,1734,698,1,0.82447337,-1.95000000,-2.85000000,3.45325933,0.82447337,0.56081065,,,0.82447337,no_old
V040,700,switch,0,0,1754,1751,,,,,,,,0.80967327,0.36163797,17.10065788,,no_last_seen|no_prev
V040,700,switch,18,18,1752,1738,,,,,,,,,,,,no_last_seen|no_prev|no_next|no_old
V040,700,reuse,3,2,1743,0,699,1,0.46189641,-13.25000000,-0.05000000,13.25009434,0.46189641,0.34702476,,,0.97239389,
V040,700,reuse,0,9,1751,0,699,1,0.37835152,-16.25000000,-0.50000000,16.25769049,0.37835152,,,,0.99330350,no_next
V040,700,reuse,5,20,1746,0,699,1,0.56081065,-10.30000000,-1.55000000,10.41597331,0.56081065,0.42942776,,,0.91503256,
V040,701,switch,3,3,1757,1743,,,,,,,,0.87896078,0.23739706,22.37660609,,no_last_seen|no_prev
V040,701,switch,9,9,1754,1751,700,1,0.80967327,-3.60000000,-0.65000000,3.65820994,0.80967327,0.44115141,,,1.05463106,no_old
V040,701,switch,18,18,1745,1738,688,13,0.07236718,28.25000000,35.95000000,45.72160321,,0.43125841,,,0.97112940,no_prev|no_old
V040,702,switch,0,0,1761,1751,,,,,,,,0.86743584,,,,no_last_seen|no_prev|no_old
V040,702,switch,2,2,1757,1743,701,1,0.87896078,-1.45000000,-1.85000000,2.35053185,0.87896078,0.92789648,,,1.10818084,no_old
V040,702,reuse,20,18,1745,0,701,1,0.43125841,-15.05000000,0.30000000,15.05298974,0.43125841,0.78221908,,,1.01581177,
V040,703,switch,3,3,1765,1743,,,,,,,,0.43859939,,,,no_last_seen|no_prev|no_old
V040,703,switch,5,5,1766,1746,,,,,,,,0.52033852,0.02288629,31.65537079,,no_last_seen|no_prev
V040,703,switch,15,15,1764,1728,,,,,,,,,,,,no_last_seen|no_prev|no_next|no_old
V040,703,switch,16,16,1767,1750,,,,,,,,,,,,no_last_seen|no_prev|no_next|no_old
V040,704,switch,2,2,1765,1757,703,1,0.43859939,-13.95000000,-1.05000000,13.98946032,0.43859939,0.27561871,,,1.03958875,no_old
V040,704,switch,4,4,1746,1723,703,1,0.30211932,-11.45000000,26.30000000,28.68435985,0.30211932,0.32333109,0.02009883,54.27100976,1.24576138,
V040,704,switch,6,6,1747,1724,693,11,0.05504981,-24.90000000,-29.45000000,38.56569071,,0.22809169,,,0.67146810,no_prev|no_old
V040,704,switch,9,9,1761,1754,703,1,0.32944165,-20.15000000,-0.60000000,20.15893102,0.32944165,0.32367497,,,1.05807386,no_old
V040,704,switch,19,19,1723,1727,703,1,0.58667164,-0.85000000,21.50000000,21.51679577,0.58667164,0.39692551,,,0.92226803,no_old
V040,704,switch,20,20,1766,1746,703,1,0.52033852,-7.30000000,-4.50000000,8.57554663,0.52033852,0.08552628,0.06310387,38.53738445,0.76425405,
V040,705,switch,0,0,1773,1761,,,,,,,,0.55602213,0.43779108,15.39415473,,no_last_seen|no_prev
V040,705,switch,17,17,1769,1726,,,,,,,,0.35759924,,,,no_last_seen|no_prev|no_old
V040,705,switch,18,18,1768,1745,,,,,,,,0.40704299,,,,no_last_seen|no_prev|no_old
V040,705,reuse,20,4,1746,0,704,1,0.32333109,-19.05000000,8.15000000,20.72015927,0.32333109,0.30155792,,,1.08882277,
V040,705,reuse,9,6,1747,0,704,1,0.22809169,-17.40000000,-2.50000000,17.57868027,0.22809169,0.21683212,,,1.08118081,
V040,705,reuse,0,9,1761,0,704,1,0.32367497,-20.75000000,-1.55000000,20.80781103,0.32367497,,,,1.01873404,no_next
V040,705,reuse,4,19,1723,0,704,1,0.39692551,-15.75000000,7.35000000,17.38059263,0.39692551,0.31429468,,,0.98010928,
V040,706,switch,9,9,1773,1761,705,1,0.55602213,-11.00000000,0.00000000,11.00000000,0.55602213,0.36016949,,,1.07059961,no_old
V040,706,switch,15,15,1775,1728,,,,,,,,0.30674377,,,,no_last_seen|no_prev|no_old
V040,706,switch,16,16,1766,1750,705,1,0.19043789,-12.60000000,-20.05000000,23.68042440,0.19043789,0.12261054,,,0.83651896,no_old
V040,706,switch,20,20,1776,1766,,,,,,,,0.34658266,0.20623688,24.93481502,,no_last_seen|no_prev
V040,707,switch,5,5,1736,1746,698,9,0.00000000,-64.35000000,-23.25000000,68.42137824,,0.86540459,0.00000000,76.06092952,1.07204751,no_prev
V040,707,reuse,20,16,1766,0,706,1,0.12261054,-16.95000000,-5.95000000,17.96399176,0.12261054,0.63274328,,,0.97804228,
V040,708,switch,2,2,1783,1765,,,,,,,,,0.45135282,11.98592925,,no_last_seen|no_prev|no_next
V040,708,switch,9,9,1761,1773,705,3,0.00000000,-48.55000000,-2.60000000,48.61956911,,,0.51911796,12.42034621,1.00446120,no_prev|no_next
V040,708,reuse,9,0,1773,0,707,1,0.43777589,-15.30000000,-2.15000000,15.45032362,0.43777589,0.23014688,,,0.92121472,
V040,708,reuse,2,3,1765,0,707,1,0.33519991,-17.50000000,2.05000000,17.61966231,0.33519991,0.17816599,,,0.93508599,
V040,708,reuse,2,5,1736,0,707,1,0.86540459,-2.10000000,-1.30000000,2.46981781,0.86540459,0.57183536,,,1.04172352,
V040,709,switch,2,2,1765,1765,708,1,0.17816599,-24.75000000,-4.25000000,25.11224801,0.17816599,0.26196952,1.00000000,0.00000000,1.09259403,
V040,709,switch,4,4,1776,1746,708,1,0.25505311,-14.15000000,27.35000000,30.79358699,0.25505311,0.36639314,0.05512089,50.31065990,1.50747748,
V040,709,switch,5,5,1757,1736,703,6,0.17465362,-21.75000000,-26.65000000,34.39890987,,,0.05700101,34.25715254,1.05857677,no_prev|no_next
V040,709,switch,9,9,1773,1773,708,1,0.23014688,-24.75000000,-0.30000000,24.75181812,0.23014688,0.29641665,1.00000000,0.00000000,0.98402480,
V040,709,switch,17,17,1729,1769,688,21,0.39618387,-12.60000000,23.55000000,26.70884685,,0.48745893,,,0.80615576,no_prev|no_old
V040,709,switch,19,19,1746,1723,708,1,0.52743133,-3.15000000,21.85000000,22.07589183,0.52743133,0.45789613,,,0.90610253,no_old
V040,709,switch,20,20,1736,1776,708,1,0.57183536,-8.80000000,-1.75000000,8.97231854,0.57183536,0.38095989,0.10300501,40.13517784,0.89686593,
V040,710,switch,5,5,1743,1736,701,9,0.00000000,-68.30000000,-29.10000000,74.24082435,,0.37407879,0.00000000,40.60997414,1.10777882,no_prev
V040,710,switch,6,6,1784,1747,,,,,,,,0.47842072,,,,no_last_seen|no_prev|no_old
V040,710,switch,15,15,1752,1775,700,10,0.46581707,11.80000000,-8.55000000,14.57197653,,0.40068317,,,0.87702332,no_prev|no_old
V040,710,switch,18,18,1734,1768,698,12,0.00000000,-72.40000000,15.90000000,74.12536678,,0.36143370,,,1.02637220,no_prev|no_old
V040,710,reuse,3,2,1765,0,709,1,0.26196952,-21.80000000,-2.50000000,21.94288039,0.26196952,0.33023207,,,1.07040408,
V040,710,reuse,20,4,1776,0,709,1,0.36639314,-19.00000000,6.75000000,20.16339505,0.36639314,0.35737559,,,1.10958893,
V040,710,reuse,0,9,1773,0,709,1,0.29641665,-21.25000000,-1.90000000,21.33477209,0.29641665,0.28059113,,,1.03299280,
V040,710,reuse,9,17,1729,0,709,1,0.48745893,-16.30000000,-1.45000000,16.36436678,0.48745893,,,,1.03050292,no_next
V040,710,reuse,4,19,1746,0,709,1,0.45789613,-13.35000000,6.85000000,15.00483255,0.45789613,0.37916350,,,0.96093699,
V040,710,reuse,5,20,1736,0,709,1,0.38095989,-15.35000000,-3.35000000,15.71130166,0.38095989,0.44769265,,,0.87354474,
V040,711,switch,0,0,1791,1773,,,,,,,,0.37245964,0.57232498,10.98692405,,no_last_seen|no_prev
V040,711,switch,16,16,1736,1766,710,1,0.44769265,-4.35000000,-18.85000000,19.34541289,0.44769265,0.33615884,,,0.89237166,no_old
V040,711,switch,17,17,1725,1729,690,21,0.09242538,-31.65000000,18.85000000,36.83809170,,0.41757402,,,0.83369388,no_prev|no_old
V040,711,switch,20,20,1757,1736,709,2,0.69547339,-3.35000000,-7.20000000,7.94119009,,0.46443199,0.23292118,22.91069619,0.76832609,no_prev
V040,711,reuse,2,5,1743,0,710,1,0.37407879,-17.05000000,-2.40000000,17.21808642,0.37407879,0.31737511,,,0.96016846,
V040,711,reuse,20,18,1734,0,710,1,0.36143370,-18.25000000,-0.55000000,18.25828579,0.36143370,0.31856735,,,1.04326019,
V040,712,switch,10,10,1793,1739,,,,,,,,0.88855613,,,,no_last_seen|no_prev|no_old
V040,712,switch,15,15,1745,1752,703,9,0.45353242,11.35000000,-9.65000000,14.89781863,,0.90546917,,,0.95325945,no_prev|no_old
V040,712,reuse,20,16,1736,0,711,1,0.33615884,-14.30000000,-6.30000000,15.62625995,0.33615884,0.68029834,,,0.91645576,
V040,712,reuse,9,17,1725,0,711,1,0.41757402,-15.80000000,-1.20000000,15.84550409,0.41757402,0.78598756,,,1.00805781,
V040,712,reuse,2,20,1757,0,711,1,0.46443199,-12.05000000,-1.30000000,12.11992162,0.46443199,0.79317586,,,0.90485487,
V040,713,switch,2,2,1795,1765,,,,,,,,,0.50989423,13.56115777,,no_last_seen|no_prev|no_next
V040,713,reuse,2,3,1765,0,712,1,0.37575139,-17.70000000,1.55000000,17.76773762,0.37575139,0.38487708,,,0.96114608,
V040,713,reuse,18,15,1745,0,712,1,0.90546917,0.55000000,-0.65000000,0.85146932,0.90546917,,,,1.08003630,no_next
V040,714,switch,2,2,1765,1765,713,1,0.38487708,-17.05000000,-1.30000000,17.09948830,0.38487708,0.35665863,1.00000000,0.00000000,0.96193895,
V040,714,switch,6,6,1754,1784,703,11,0.00000000,-79.20000000,-33.65000000,86.05209178,,0.39343901,,,0.83385267,no_prev|no_old
V040,714,switch,11,11,1793,1740,713,1,0.85415894,-3.00000000,-0.55000000,3.05000000,0.85415894,0.36467905,,,1.05490222,no_old
V040,714,switch,15,15,1738,1745,698,16,0.00000000,-129.15000000,-15.80000000,130.11288368,,0.38566246,,,0.92236877,no_prev|no_old
V040,714,switch,20,20,1743,1757,713,1,0.80937290,-0.15000000,-3.35000000,3.35335653,0.80937290,0.37793959,,,0.80937290,no_old
V040,715,switch,3,3,1800,1765,,,,,,,,0.46340978,0.38064214,18.35926197,,no_last_seen|no_prev
V040,715,switch,10,10,1798,1793,,,,,,,,0.77670728,0.16276380,38.40081379,,no_last_seen|no_prev
V040,715,switch,17,17,1796,1725,,,,,,,,,,,,no_last_seen|no_prev|no_next|no_old
V040,715,reuse,3,2,1765,0,714,1,0.35665863,-17.90000000,-0.95000000,17.92519177,0.35665863,0.31998220,,,0.95993814,
V040,715,reuse,9,6,1754,0,714,1,0.39343901,-15.95000000,-2.10000000,16.08765054,0.39343901,0.40050075,,,1.06995718,
V040,715,reuse,10,11,1793,0,714,1,0.36467905,-19.50000000,-4.15000000,19.93671237,0.36467905,,,,0.97212126,no_next
V040,715,reuse,18,15,1738,0,714,1,0.38566246,-16.75000000,-1.40000000,16.80840564,0.38566246,0.38825210,,,1.03434288,
V040,715,reuse,5,20,1743,0,714,1,0.37793959,-14.65000000,-3.05000000,14.96412376,0.37793959,0.29086026,,,0.94863211,
V040,716,switch,11,11,1798,1793,715,1,0.77670728,6.10000000,-2.75000000,6.69122560,0.77670728,0.60917427,,,1.02009238,no_old
V040,717,switch,5,5,1795,1743,713,4,0.28485115,17.35000000,-21.90000000,27.93980136,,0.89541197,0.00000000,47.34091782,1.00294728,no_prev
V040,717,switch,10,10,1806,1793,,,,,,,,0.90931206,,,,no_last_seen|no_prev|no_old
V040,717,switch,17,17,1749,1725,698,19,0.00000000,-64.70000000,10.10000000,65.48358573,,0.94262624,,,0.83359670,no_prev|no_old
V040,717,switch,18,18,1805,1734,,,,,,,,0.84464600,,,,no_last_seen|no_prev|no_old
V040,718,switch,16,16,1810,1736,,,,,,,,,,,,no_last_seen|no_prev|no_next|no_old
V040,718,reuse,9,17,1749,0,717,1,0.94262624,-0.90000000,0.10000000,0.90553851,0.94262624,,,,1.05631147,no_next
V040,719,switch,2,2,1800,1765,718,1,0.53444553,-11.85000000,-4.35000000,12.62319294,0.53444553,0.49841770,,,1.12283334,no_old
V040,719,switch,11,11,1806,1798,718,1,0.86366802,-1.05000000,-5.15000000,5.25594901,0.86366802,0.58671728,,,0.95701364,no_old
V040,719,switch,16,16,1743,1736,718,1,0.40781893,-11.65000000,-9.65000000,15.12762374,0.40781893,0.41445298,,,1.20353591,no_old
V040,719,switch,17,17,1748,1749,695,24,0.00000000,-135.95000000,8.25000000,136.20009178,,0.37367875,,,0.90340575,no_prev|no_old
V040,719,switch,20,20,1795,1743,718,1,0.65400938,5.35000000,-4.40000000,6.92694016,0.65400938,0.54500122,0.22264776,24.41787255,0.72169263,
V040,720,switch,3,3,1815,1800,,,,,,,,0.87329463,0.33559700,21.12652361,,no_last_seen|no_prev
V040,720,switch,5,5,1812,1795,,,,,,,,0.43102692,0.00000000,51.85327858,,no_last_seen|no_prev
V040,720,switch,10,10,1814,1806,,,,,,,,0.64472284,0.33113140,33.64312708,,no_last_seen|no_prev
V040,720,switch,12,12,1813,1741,,,,,,,,0.41609810,,,,no_last_seen|no_prev|no_old
V040,720,switch,18,18,1811,1805,,,,,,,,0.45042970,,,,no_last_seen|no_prev|no_old
V040,720,reuse,3,2,1800,0,719,1,0.49841770,-15.25000000,-1.75000000,15.35008143,0.49841770,,,,1.04679485,no_next
V040,720,reuse,10,11,1806,0,719,1,0.58671728,-15.20000000,-4.60000000,15.88080602,0.58671728,0.55040265,,,0.97551442,
V040,720,reuse,20,16,1743,0,719,1,0.41445298,-14.60000000,-3.75000000,15.07390129,0.41445298,0.38728709,,,1.00750850,
V040,720,reuse,9,17,1748,0,719,1,0.37367875,-16.20000000,-0.80000000,16.21974106,0.37367875,0.35587993,,,1.09702307,
V040,720,reuse,5,20,1795,0,719,1,0.54500122,-9.25000000,-2.85000000,9.67910120,0.54500122,0.43151961,,,0.81132528,
V040,721,switch,2,2,1815,1800,720,1,0.87329463,1.45000000,-2.40000000,2.80401498,0.87329463,,,,1.05606048,no_next|no_old
V040,722,switch,2,2,1800,1800,720,2,0.20231016,-31.55000000,-0.60000000,31.55570471,,,1.00000000,0.00000000,0.96284271,no_prev|no_next
V040,722,switch,3,3,1816,1800,,,,,,,,0.89879802,0.31250370,22.84874176,,no_last_seen|no_prev
V040,723,switch,2,2,1765,1800,718,5,0.00000000,-78.65000000,-2.30000000,78.68362282,,,,,0.94897959,no_prev|no_next|no_old
V040,724,switch,2,2,1800,1800,722,2,0.26514170,-26.55000000,-1.40000000,26.58688587,,0.49793720,1.00000000,0.00000000,0.96297558,no_prev
V040,724,switch,16,16,1795,1743,723,1,0.48197699,-8.85000000,-9.90000000,13.27902481,0.48197699,0.46539376,,,1.12567069,no_old
V040,724,switch,18,18,1783,1811,708,16,0.39859243,11.15000000,-5.95000000,12.63823564,,0.39792175,,,0.88913964,no_prev|no_old
V040,725,switch,3,3,1818,1816,,,,,,,,0.45608609,,,,no_last_seen|no_prev|no_old
V040,725,switch,20,20,1817,1795,,,,,,,,0.65153064,0.29047689,23.46172415,,no_last_seen|no_prev
V040,725,reuse,20,16,1795,0,724,1,0.46539376,-13.10000000,-3.55000000,13.57249056,0.46539376,0.47826806,,,1.04233828,
V040,728,switch,5,5,1815,1812,721,7,0.49836648,-2.40000000,-21.85000000,21.98141260,,,,,1.00823442,no_prev|no_next|no_old
V040,729,switch,2,2,1765,1800,723,6,0.00000000,-93.25000000,-4.40000000,93.35374926,,0.45884177,,,1.11144978,no_prev|no_old
V040,729,switch,5,5,1812,1812,727,2,0.19534880,-29.05000000,-0.40000000,29.05275374,,0.46673210,1.00000000,0.00000000,1.00693563,no_prev
V040,733,switch,2,2,1800,1765,728,5,0.00000000,-60.10000000,0.45000000,60.10168467,,0.34854209,0.26086523,23.09826833,0.92455522,no_prev
V040,733,switch,3,3,1765,1818,732,1,0.26724995,-21.30000000,3.50000000,21.58564338,0.26724995,,,,0.95595044,no_next|no_old
V040,733,switch,20,20,1815,1817,728,5,0.66020107,3.95000000,-7.60000000,8.56519118,,0.66833790,,,0.75388536,no_prev|no_old
V040,734,switch,3,3,1818,1818,732,2,0.25213304,-23.20000000,0.70000000,23.21055794,,,1.00000000,0.00000000,0.98168636,no_prev|no_next
V040,734,switch,13,13,1764,1760,703,31,0.34933167,2.70000000,-34.70000000,34.80488471,,0.54721992,,,0.83277592,no_prev|no_old
V040,734,switch,16,16,1815,1795,733,1,0.66833790,-1.50000000,-10.45000000,10.55710661,0.66833790,0.57076098,,,0.94143107,no_old
V040,734,switch,20,20,1817,1817,732,2,0.27664876,-25.15000000,-1.55000000,25.19771815,,0.60204484,1.00000000,0.00000000,1.00378572,no_prev
V040,735,switch,3,3,1765,1818,733,2,0.06068766,-33.05000000,1.90000000,33.10456917,,0.47057468,,,0.95528452,no_prev|no_old
V040,736,switch,16,16,1795,1815,733,3,0.00000000,-38.50000000,-0.35000000,38.50159088,,0.49770474,,,0.92412867,no_prev|no_old
V040,736,reuse,2,3,1765,0,735,1,0.47057468,-13.20000000,0.05000000,13.20009470,0.47057468,0.54297694,,,0.99868413,
V040,738,switch,3,3,1800,1765,737,1,0.41000053,-15.90000000,4.25000000,16.45820464,0.41000053,0.78638267,,,0.90871153,no_old
V040,739,reuse,13,14,1760,0,733,6,0.49049052,5.70000000,8.00000000,9.82293235,,0.72894508,,,0.86212914,no_prev
V040,745,switch,14,14,1821,1760,,,,,,,,0.55033239,,,,no_last_seen|no_prev|no_old
V041,12,switch,11,11,1839,1835,,,,,,,,0.95922554,,,,no_last_seen|no_prev|no_old
V041,20,switch,13,13,1835,1836,19,1,0.60663526,6.20000000,-2.50000000,6.68505797,0.60663526,0.71208549,,,1.07879457,no_old
V041,21,reuse,11,13,1835,0,20,1,0.71208549,4.70000000,-1.10000000,4.82700735,0.71208549,0.70851202,,,1.04428598,
V041,90,switch,4,4,1844,1829,,,,,,,,0.84377987,,,,no_last_seen|no_prev|no_old
V041,95,switch,2,2,1845,1826,,,,,,,,0.65583295,,,,no_last_seen|no_prev|no_old
V041,150,switch,14,14,1843,1838,149,1,0.81113252,3.75000000,1.95000000,4.22670084,0.81113252,0.82963632,,,0.98182557,no_old
V041,150,switch,19,19,1846,1843,,,,,,,,0.67241747,0.44914677,14.37297812,,no_last_seen|no_prev
V041,151,reuse,19,14,1843,0,150,1,0.82963632,3.30000000,1.65000000,3.68951216,0.82963632,0.77140531,,,0.97540598,
V041,213,switch,2,2,1847,1845,,,,,,,,0.39785947,,,,no_last_seen|no_prev|no_old
V041,214,switch,8,8,1848,1832,213,1,0.39201788,-7.65000000,-4.30000000,8.77567661,0.39201788,0.57820498,,,1.32781488,no_old
V041,225,switch,0,0,1849,1825,,,,,,,,0.68979112,,,,no_last_seen|no_prev|no_old
V041,260,switch,1,1,1850,1830,,,,,,,,0.72438114,,,,no_last_seen|no_prev|no_old
V041,271,switch,3,3,1851,1833,,,,,,,,0.53964235,,,,no_last_seen|no_prev|no_old
V041,445,switch,6,6,1853,1828,,,,,,,,0.82037746,,,,no_last_seen|no_prev|no_old
V041,461,switch,8,8,1855,1848,,,,,,,,0.60522850,,,,no_last_seen|no_prev|no_old
V041,461,switch,9,9,1854,1827,,,,,,,,0.63632612,,,,no_last_seen|no_prev|no_old
V041,464,switch,9,9,1855,1854,463,1,0.57052844,0.60000000,16.55000000,16.56087256,0.57052844,0.59486394,,,1.02612225,no_old
V041,465,switch,8,8,1856,1855,,,,,,,,0.48035387,0.04985766,31.21926489,,no_last_seen|no_prev
V041,465,reuse,8,9,1855,0,464,1,0.59486394,4.90000000,5.80000000,7.59275971,0.59486394,0.59681428,,,1.01051669,
V041,466,switch,7,7,1857,1824,,,,,,,,0.64858351,,,,no_last_seen|no_prev|no_old
V041,505,switch,5,5,1858,1831,,,,,,,,0.35039371,,,,no_last_seen|no_prev|no_old
V041,505,switch,13,13,1859,1835,,,,,,,,0.40605084,,,,no_last_seen|no_prev|no_old
V041,508,switch,4,4,1866,1844,,,,,,,,,,,,no_last_seen|no_prev|no_next|no_old
V041,508,switch,8,8,1867,1856,,,,,,,,,,,,no_last_seen|no_prev|no_next|no_old
V041,510,switch,5,5,1873,1858,,,,,,,,0.39594936,,,,no_last_seen|no_prev|no_old
V041,510,switch,19,19,1871,1846,,,,,,,,0.45424945,,,,no_last_seen|no_prev|no_old
V041,513,switch,0,0,1889,1849,,,,,,,,,,,,no_last_seen|no_prev|no_next|no_old
V041,513,switch,2,2,1890,1847,,,,,,,,,,,,no_last_seen|no_prev|no_next|no_old
V041,513,switch,4,4,1892,1844,,,,,,,,,,,,no_last_seen|no_prev|no_next|no_old
V041,513,switch,6,6,1887,1853,,,,,,,,,,,,no_last_seen|no_prev|no_next|no_old
V041,513,switch,8,8,1891,1856,,,,,,,,,,,,no_last_seen|no_prev|no_next|no_old
V041,513,switch,14,14,1888,1843,,,,,,,,,,,,no_last_seen|no_prev|no_next|no_old
V041,515,switch,6,6,1894,1853,,,,,,,,0.40551317,,,,no_last_seen|no_prev|no_old
V041,515,switch,11,11,1898,1839,,,,,,,,0.47285490,,,,no_last_seen|no_prev|no_old
V041,515,switch,14,14,1893,1843,,,,,,,,0.50242835,,,,no_last_seen|no_prev|no_old
V041,518,switch,0,0,1909,1849,,,,,,,,,,,,no_last_seen|no_prev|no_next|no_old
V041,518,switch,2,2,1908,1847,,,,,,,,,,,,no_last_seen|no_prev|no_next|no_old
V041,518,switch,4,4,1911,1844,,,,,,,,,,,,no_last_seen|no_prev|no_next|no_old
V041,518,switch,8,8,1910,1856,,,,,,,,,,,,no_last_seen|no_prev|no_next|no_old
V041,519,switch,12,12,1888,1837,513,6,0.21874093,1.00000000,-53.75000000,53.75930152,,0.43371924,,,0.76599171,no_prev|no_old
V041,520,switch,17,17,1912,1841,,,,,,,,0.39122491,,,,no_last_seen|no_prev|no_old
V041,523,switch,0,0,1926,1849,,,,,,,,,,,,no_last_seen|no_prev|no_next|no_old
V041,523,switch,2,2,1925,1847,,,,,,,,,,,,no_last_seen|no_prev|no_next|no_old
V041,523,switch,4,4,1928,1844,,,,,,,,,,,,no_last_seen|no_prev|no_next|no_old
V041,523,switch,8,8,1927,1856,,,,,,,,,,,,no_last_seen|no_prev|no_next|no_old
V041,524,switch,14,14,1858,1893,508,16,0.00000000,150.80000000,14.50000000,151.49551148,,0.41910802,,,1.14689167,no_prev|no_old
V041,525,switch,0,0,1930,1849,,,,,,,,0.42067829,,,,no_last_seen|no_prev|no_old
V041,525,switch,8,8,1866,1856,508,17,0.38127767,-4.45000000,19.60000000,20.09881837,,0.39861448,,,1.16289204,no_prev|no_old
V041,525,switch,12,12,1929,1888,,,,,,,,0.54633393,,,,no_last_seen|no_prev|no_old
V041,525,reuse,5,14,1858,0,524,1,0.41910802,13.85000000,0.40000000,13.85577497,0.41910802,0.40898334,,,0.99274178,
V041,527,switch,10,10,1934,1834,,,,,,,,0.94909919,,,,no_last_seen|no_prev|no_old
V041,528,switch,4,4,1937,1844,,,,,,,,,,,,no_last_seen|no_prev|no_next|no_old
V041,528,switch,8,8,1936,1866,,,,,,,,,,,,no_last_seen|no_prev|no_next|no_old
V041,528,switch,14,14,1893,1858,523,5,0.00000000,74.15000000,-6.15000000,74.40460335,,,,,0.81950793,no_prev|no_next|no_old
V041,529,switch,14,14,1858,1858,527,2,0.03712665,31.30000000,-2.80000000,31.42499006,,0.32910640,1.00000000,0.00000000,0.97163475,no_prev
V041,529,switch,16,16,1934,1840,528,1,0.82654472,-2.15000000,-2.75000000,3.49070194,0.82654472,0.72024398,,,1.03712936,no_old
V041,530,switch,10,10,1938,1934,,,,,,,,0.50795650,0.08540391,31.30323466,,no_last_seen|no_prev
V041,530,reuse,10,16,1934,0,529,1,0.72024398,4.80000000,-2.25000000,5.30117911,0.72024398,0.64676547,,,1.02964369,
V041,531,switch,8,8,1892,1866,513,18,0.48033645,-5.00000000,11.05000000,12.12858195,,0.41337234,,,1.16929567,no_prev|no_old
V041,533,switch,4,4,1944,1844,,,,,,,,,,,,no_last_seen|no_prev|no_next|no_old
V041,533,switch,14,14,1893,1858,528,5,0.00000000,72.60000000,-8.80000000,73.13138861,,,,,0.98567218,no_prev|no_next|no_old
V041,533,switch,18,18,1868,1842,532,1,0.75859927,6.25000000,-0.50000000,6.26996810,0.75859927,0.25655787,,,1.10014601,no_old
V041,534,switch,14,14,1858,1858,532,2,0.21523875,21.80000000,-5.05000000,22.37727642,,0.48647595,1.00000000,0.00000000,0.99508979,no_prev
V041,537,switch,8,8,1947,1892,,,,,,,,0.90466926,,,,no_last_seen|no_prev|no_old
V041,539,switch,8,8,1911,1947,518,21,0.81765062,1.70000000,-2.25000000,2.82001773,,0.49050423,,,1.14908074,no_prev|no_old
V041,543,switch,9,9,1892,1855,533,10,0.13467502,19.15000000,-5.25000000,19.85661099,,,,,1.06539299,no_prev|no_next|no_old
V041,544,switch,9,9,1855,1855,542,2,0.19914794,20.65000000,-3.50000000,20.94451002,,0.51769918,1.00000000,0.00000000,0.98136646,no_prev
V041,545,switch,8,8,1948,1911,,,,,,,,0.48241124,,,,no_last_seen|no_prev|no_old
V041,548,switch,9,9,1947,1855,538,10,0.64494537,-4.00000000,-5.75000000,7.00446286,,,,,0.97548656,no_prev|no_next|no_old
V041,549,switch,9,9,1855,1855,547,2,0.29346050,16.05000000,-0.55000000,16.05942091,,0.62346905,1.00000000,0.00000000,0.94089086,no_prev
V041,563,switch,5,5,1893,1873,533,30,0.00000000,439.00000000,-58.00000000,442.81485973,,0.82571778,,,0.80727759,no_prev|no_old
V041,564,reuse,14,5,1893,0,563,1,0.82571778,3.45000000,0.10000000,3.45144897,0.82571778,0.90512031,,,0.99936958,
V041,571,switch,8,8,1911,1948,543,28,0.00000000,88.95000000,4.75000000,89.07673658,,0.79413909,,,1.05342113,no_prev|no_old
V041,574,switch,9,9,1892,1855,543,31,0.00000000,46.20000000,-2.60000000,46.27310234,,,,,1.03030303,no_prev|no_next|no_old
V041,575,switch,8,8,1949,1911,,,,,,,,0.53873664,,,,no_last_seen|no_prev|no_old
V041,575,switch,9,9,1947,1855,548,27,0.41168289,-10.90000000,4.15000000,11.66329713,,0.63814460,,,1.02396166,no_prev|no_old
V041,576,reuse,8,9,1947,0,575,1,0.63814460,-6.30000000,-0.30000000,6.30713881,0.63814460,0.57440199,,,1.00624025,
V041,589,switch,8,8,1892,1949,574,15,0.10626502,21.60000000,12.70000000,25.05693517,,0.76136425,,,1.25190804,no_prev|no_old
V041,591,switch,0,0,1950,1930,,,,,,,,0.62592560,,,,no_last_seen|no_prev|no_old
V041,591,switch,8,8,1949,1892,588,3,0.04366379,-26.15000000,3.00000000,26.32152161,,0.60539035,,,1.06458579,no_prev|no_old
V041,687,switch,10,10,1951,1938,,,,,,,,0.97244303,,,,no_last_seen|no_prev|no_old
V041,765,switch,17,17,1868,1912,764,1,0.73479606,8.45000000,-0.45000000,8.46197377,0.73479606,0.84649743,0.29757690,28.00111605,0.94903006,
V041,765,switch,18,18,1912,1868,764,1,0.85056444,3.75000000,-0.80000000,3.83438391,0.85056444,0.79576435,0.29757690,28.00111605,0.99946162,
V041,766,reuse,18,17,1868,0,765,1,0.84649743,4.35000000,0.40000000,4.36835209,0.84649743,0.90048420,,,0.96043018,
V041,766,reuse,17,18,1912,0,765,1,0.79576435,5.30000000,-0.85000000,5.36772764,0.79576435,0.80693113,,,0.96247864,
V041,776,switch,8,8,1952,1949,,,,,,,,0.59635905,,,,no_last_seen|no_prev|no_old
V041,796,switch,5,5,1953,1893,795,1,0.55622459,-8.30000000,-1.10000000,8.37257428,0.55622459,0.61505447,,,1.04014675,no_old
V041,838,switch,19,19,1954,1871,837,1,0.92381815,-0.60000000,0.80000000,1.00000000,0.92381815,0.40169114,,,1.03804197,no_old
V041,884,switch,0,0,1955,1950,883,1,0.60681480,-4.15000000,-2.05000000,4.62871472,0.60681480,0.65982918,,,0.99898330,no_old
V041,896,switch,4,4,1956,1844,,,,,,,,0.84249469,,,,no_last_seen|no_prev|no_old
V041,969,switch,18,18,1957,1912,968,1,0.93149547,0.65000000,-1.70000000,1.82002747,0.93149547,0.89366606,,,1.04294716,no_old
V041,975,switch,18,18,1912,1957,968,7,0.88452148,2.55000000,1.05000000,2.75771645,,0.91452231,,,0.95216955,no_prev|no_old
V042,4,switch,2,2,1969,1966,3,1,0.60403496,-3.40000000,15.15000000,15.52683161,0.60403496,0.55543220,,,1.03223973,no_old
V042,5,switch,5,5,1971,1965,,,,,,,,0.44277942,,,,no_last_seen|no_prev|no_old
V042,5,switch,7,7,1973,1969,,,,,,,,0.58897109,0.27104669,27.18073766,,no_last_seen|no_prev
V042,5,switch,8,8,1972,1963,,,,,,,,0.40521371,0.00000000,48.71041983,,no_last_seen|no_prev
V042,5,switch,10,10,1963,1970,4,1,0.57433588,-9.90000000,1.35000000,9.99162149,0.57433588,0.41868713,,,1.00173688,no_old
V042,5,reuse,7,2,1969,0,4,1,0.55543220,-8.35000000,5.45000000,9.97120855,0.55543220,0.56083251,,,1.05595432,
V042,6,reuse,8,10,1963,0,5,1,0.41868713,-16.10000000,0.60000000,16.11117625,0.41868713,0.38756640,,,1.02666617,
V042,24,switch,6,6,1965,1960,3,21,0.00000000,-54.45000000,0.85000000,54.45663412,,0.71162595,,,0.98745034,no_prev|no_old
V042,25,reuse,5,6,1965,0,24,1,0.71162595,4.35000000,1.45000000,4.58530261,0.71162595,0.64721973,,,1.02082713,
V042,49,switch,8,8,1963,1972,48,1,0.96387741,0.70000000,0.15000000,0.71589105,0.96387741,0.93127830,0.47491618,15.35610628,0.99330656,
V042,49,switch,10,10,1972,1963,48,1,0.84021751,-3.90000000,-0.50000000,3.93192065,0.84021751,0.85320646,0.47491618,15.35610628,1.00942779,
V042,50,switch,11,11,1976,1975,,,,,,,,0.89503074,,,,no_last_seen|no_prev|no_old
V042,50,reuse,10,8,1963,0,49,1,0.93127830,0.50000000,0.85000000,0.98615415,0.93127830,0.92189818,,,1.07379287,
V042,50,reuse,8,10,1972,0,49,1,0.85320646,-3.45000000,-0.50000000,3.48604360,0.85320646,0.88763074,,,1.04349940,
V042,94,switch,10,10,1963,1972,93,1,0.54183870,1.35000000,-26.05000000,26.08495735,0.54183870,0.35034075,,,0.92698415,no_old
V042,95,switch,18,18,1978,1959,,,,,,,,,,,,no_last_seen|no_prev|no_next|no_old
V042,95,reuse,8,10,1963,0,94,1,0.35034075,15.35000000,-9.20000000,17.89587941,0.35034075,0.28636821,,,0.98579197,
V042,96,switch,20,20,1985,1968,,,,,,,,0.48590008,,,,no_last_seen|no_prev|no_old
V042,98,switch,0,0,1993,1962,,,,,,,,,,,,no_last_seen|no_prev|no_next|no_old
V042,98,switch,8,8,1990,1963,,,,,,,,0.39970219,0.00000000,59.40700716,,no_last_seen|no_prev
V042,98,switch,12,12,1991,1977,,,,,,,,,,,,no_last_seen|no_prev|no_next|no_old
V042,98,switch,19,19,1992,1986,,,,,,,,,,,,no_last_seen|no_prev|no_next|no_old
V042,99,switch,8,8,1962,1963,93,6,0.00000000,50.00000000,-12.20000000,51.46688256,,0.38718649,,,0.94152240,no_prev|no_old
V042,99,switch,10,10,1990,1963,98,1,0.39970219,6.30000000,-31.05000000,31.68268455,0.39970219,0.24191462,,,0.90439584,no_old
V042,100,switch,19,19,1997,1986,,,,,,,,0.34128521,,,,no_last_seen|no_prev|no_old
V042,100,reuse,0,8,1962,0,99,1,0.38718649,20.30000000,0.25000000,20.30153935,0.38718649,,,,0.98379549,no_next
V042,101,switch,0,0,1999,1962,,,,,,,,0.34140883,,,,no_last_seen|no_prev|no_old
V042,101,switch,8,8,1993,1962,98,3,0.64429914,-1.60000000,-18.50000000,18.56906029,,,,,0.99121191,no_prev|no_next|no_old
V042,103,switch,8,8,2001,1962,,,,,,,,0.45677942,,,,no_last_seen|no_prev|no_old
V042,103,switch,12,12,2002,1977,,,,,,,,,,,,no_last_seen|no_prev|no_next|no_old
V042,105,switch,10,10,2001,1990,104,1,0.18124560,22.45000000,-9.55000000,24.39682356,0.18124560,0.13403189,,,0.98233177,no_old
V042,105,switch,15,15,2004,1992,,,,,,,,0.47912547,,,,no_last_seen|no_prev|no_old
V042,105,switch,19,19,2007,1997,,,,,,,,0.42400301,,,,no_last_seen|no_prev|no_old
V042,107,switch,8,8,1999,1962,103,4,0.28403364,20.85000000,-24.80000000,32.40003858,,0.91207980,,,0.98624754,no_prev|no_old
V042,108,switch,12,12,2013,1977,,,,,,,,,,,,no_last_seen|no_prev|no_next|no_old
V042,108,reuse,0,8,1999,0,107,1,0.91207980,1.20000000,-2.25000000,2.55000000,0.91207980,0.43561465,,,0.98308360,
V042,109,switch,8,8,2003,1999,105,4,0.51769358,-3.55000000,-26.75000000,26.98453261,,,0.13004898,45.26126931,0.95500193,no_prev|no_next
V042,109,switch,10,10,1999,2001,108,1,0.43561465,5.90000000,-29.85000000,30.42749579,0.43561465,0.38732205,,,0.88786273,no_old
V042,110,switch,12,12,2015,1977,,,,,,,,0.38240886,,,,no_last_seen|no_prev|no_old
V042,110,switch,16,16,2014,2012,,,,,,,,0.50378481,,,,no_last_seen|no_prev|no_old
V042,110,reuse,8,10,1999,0,109,1,0.38732205,17.35000000,-10.40000000,20.22825994,0.38732205,0.50848945,,,0.97244954,
V042,132,switch,19,19,1997,2007,103,29,0.00000000,430.65000000,-15.20000000,430.91816218,,0.80410503,,,0.78696511,no_prev|no_old
V042,180,switch,8,8,2016,1999,,,,,,,,0.77921214,,,,no_last_seen|no_prev|no_old
V042,195,switch,10,10,2017,1999,,,,,,,,0.61275569,,,,no_last_seen|no_prev|no_old
V042,236,switch,18,18,2018,1959,,,,,,,,0.65295137,,,,no_last_seen|no_prev|no_old
V042,263,switch,0,0,2019,1999,,,,,,,,0.56460478,,,,no_last_seen|no_prev|no_old
V042,285,switch,9,9,2020,1958,,,,,,,,0.48873476,,,,no_last_seen|no_prev|no_old
V042,296,switch,17,17,2021,1974,,,,,,,,0.47517536,,,,no_last_seen|no_prev|no_old
V042,307,switch,11,11,2022,1976,,,,,,,,0.95214618,,,,no_last_seen|no_prev|no_old
V042,337,switch,19,19,2023,1997,,,,,,,,0.94207205,,,,no_last_seen|no_prev|no_old
V042,344,switch,13,13,2024,1995,343,1,0.43939546,6.00000000,-0.20000000,6.00333241,0.43939546,0.35499756,,,1.03402710,no_old
V042,350,switch,20,20,2025,1985,,,,,,,,0.60966848,,,,no_last_seen|no_prev|no_old
V042,361,switch,1,1,2026,1961,,,,,,,,0.45064843,,,,no_last_seen|no_prev|no_old
V042,365,switch,1,1,2027,2026,,,,,,,,0.51540724,,,,no_last_seen|no_prev|no_old
V042,369,switch,15,15,2028,2004,368,1,0.65414370,4.40000000,1.20000000,4.56070170,0.65414370,0.35531966,,,0.95406591,no_old
V042,370,switch,16,16,2029,2014,,,,,,,,0.59881715,,,,no_last_seen|no_prev|no_old
V043,2,switch,6,6,2039,2045,1,1,0.70074242,3.10000000,-4.85000000,5.75608374,0.70074242,0.77117853,0.34146063,14.13523965,1.19458969,
V043,2,switch,7,7,2044,2039,1,1,0.54520320,5.45000000,5.45000000,7.70746391,0.54520320,0.52975599,0.40326202,11.79597389,1.00212611,
V043,2,switch,11,11,2041,2044,1,1,0.61877000,4.70000000,4.75000000,6.68225261,0.61877000,0.59505273,0.15850128,18.81555208,0.73408116,
V043,2,switch,13,13,2042,2041,1,1,0.59155507,-0.80000000,-9.55000000,9.58344927,0.59155507,0.69923874,0.39869800,12.42779144,1.49828400,
V043,2,switch,16,16,2045,2043,1,1,0.64321945,5.45000000,-0.10000000,5.45091735,0.64321945,0.76325962,,,1.00396825,no_old
V043,3,switch,8,8,2043,2037,1,2,0.60896858,5.05000000,3.70000000,6.26039136,,0.58367769,,,0.89236111,no_prev|no_old
V043,3,reuse,7,6,2039,0,2,1,0.77117853,-3.45000000,-1.70000000,3.84610192,0.77117853,0.82769059,,,1.00037995,
V043,3,reuse,11,7,2044,0,2,1,0.52975599,-7.45000000,0.95000000,7.51032622,0.52975599,0.66749148,,,0.99055452,
V043,3,reuse,13,11,2041,0,2,1,0.59505273,-5.90000000,1.35000000,6.05247883,0.59505273,0.67442041,,,0.89407202,
V043,3,reuse,6,16,2045,0,2,1,0.76325962,-3.25000000,-0.25000000,3.25960120,0.76325962,,,,0.97684001,no_next
V043,4,switch,6,6,2044,2039,3,1,0.66749148,3.70000000,-3.80000000,5.30377224,0.66749148,0.88109985,0.34638012,14.41839103,1.20455946,
V043,4,switch,7,7,2041,2044,3,1,0.67442041,2.80000000,4.80000000,5.55697760,0.67442041,0.89445938,0.18872017,17.46832848,0.98066349,
V043,4,switch,16,16,2039,2045,3,1,0.82769059,2.75000000,0.20000000,2.75726314,0.82769059,0.93467217,,,1.04240159,no_old
V043,4,reuse,16,8,2043,0,3,1,0.58367769,-6.55000000,0.80000000,6.59867411,0.58367769,0.86080485,,,1.03018636,
V043,5,switch,11,11,2047,2041,,,,,,,,0.50366555,0.23441771,15.78005070,,no_last_seen|no_prev
V043,5,reuse,7,6,2044,0,4,1,0.88109985,1.30000000,-1.05000000,1.67107750,0.88109985,0.82090900,,,1.05838509,
V043,5,reuse,11,7,2041,0,4,1,0.89445938,0.80000000,1.25000000,1.48408221,0.89445938,0.77877854,,,0.99808429,
V043,5,reuse,6,16,2039,0,4,1,0.93467217,0.90000000,0.15000000,0.91241438,0.93467217,0.84582061,,,1.01477833,
V043,6,switch,3,3,2032,2040,5,1,0.73641735,-1.85000000,-6.40000000,6.66201921,0.73641735,0.63052158,0.35149357,14.40694277,0.93290719,
V043,6,switch,7,7,2047,2041,5,1,0.50366555,-7.60000000,3.25000000,8.26574256,0.50366555,,0.05285295,23.70358623,0.92612831,no_next
V043,6,switch,8,8,2039,2043,5,1,0.84582061,1.65000000,2.10000000,2.67067407,0.84582061,,,,0.90923192,no_next|no_old
V043,6,switch,11,11,2042,2041,5,1,0.62338827,-5.10000000,5.40000000,7.42765104,0.62338827,0.64479638,0.00000000,32.44264169,0.78989055,
V043,6,switch,16,16,2044,2039,5,1,0.82090900,-2.70000000,-0.20000000,2.70739727,0.82090900,0.65049827,0.24372097,18.17752733,0.99620271,
V043,6,switch,17,17,2040,2046,5,1,0.70176825,-3.70000000,-0.55000000,3.74065502,0.70176825,0.42548670,0.16550153,19.02472076,0.90162044,
V043,6,reuse,17,4,2046,0,5,1,0.81344813,-1.85000000,-0.90000000,2.05730406,0.81344813,0.57696362,,,1.16541111,
V043,6,reuse,7,18,2041,0,5,1,0.77877854,0.90000000,-4.75000000,4.83451135,0.77877854,0.77360106,,,1.17884618,
V043,7,switch,2,2,2048,2032,,,,,,,,0.40004434,0.18301943,23.43437646,,no_last_seen|no_prev
V043,7,switch,7,7,2042,2041,6,1,0.64479638,-4.90000000,3.70000000,6.14003257,0.64479638,0.50978160,0.00000000,40.00703063,0.93421310,
V043,7,switch,8,8,2044,2043,6,1,0.65049827,5.25000000,1.65000000,5.50318090,0.65049827,0.63866890,,,0.92551459,no_old
V043,7,reuse,2,3,2032,0,6,1,0.63052158,-7.60000000,-2.30000000,7.94040301,0.63052158,0.56254170,,,0.94457672,
V043,7,reuse,3,17,2040,0,6,1,0.42548670,-8.95000000,-1.25000000,9.03686893,0.42548670,0.34459519,,,0.90048736,
V043,8,switch,4,4,2051,2046,,,,,,,,0.71423525,0.54531154,11.32960723,,no_last_seen|no_prev
V043,8,switch,6,6,2047,2044,6,2,0.63578469,4.55000000,-2.25000000,5.07592356,,0.90623155,0.00000000,32.80137192,1.29578234,no_prev
V043,8,switch,13,13,2046,2042,7,1,0.56216184,-8.55000000,-2.35000000,8.86707393,0.56216184,0.57298940,0.27130272,18.30764867,1.03635862,
V043,8,reuse,13,7,2042,0,7,1,0.50978160,-9.05000000,1.55000000,9.18177543,0.50978160,,,,0.96744665,no_next
V043,8,reuse,6,8,2044,0,7,1,0.63866890,-5.50000000,0.30000000,5.50817574,0.63866890,,,,0.93803471,no_next
V043,9,switch,7,7,2051,2042,8,1,0.71423525,4.35000000,0.50000000,4.37864134,0.71423525,0.88784508,,,1.04096003,no_old
V043,9,switch,8,8,2041,2044,8,1,0.84793151,1.20000000,2.30000000,2.59422435,0.84793151,0.93501984,,,0.91912727,no_old
V043,9,switch,16,16,2047,2039,8,1,0.90623155,1.40000000,-0.10000000,1.40356688,0.90623155,0.95817178,,,0.99651460,no_old
V043,9,reuse,4,13,2046,0,8,1,0.57298940,-8.75000000,-0.95000000,8.80142034,0.57298940,0.81767956,,,0.95082955,
V043,10,switch,4,4,2052,2046,,,,,,,,0.75797659,0.34730696,16.29800601,,no_last_seen|no_prev
V043,10,switch,6,6,2053,2044,,,,,,,,0.65521675,,,,no_last_seen|no_prev|no_old
V043,10,reuse,18,8,2041,0,9,1,0.93501984,0.50000000,0.85000000,0.98615415,0.93501984,,,,0.97711268,no_next
V043,11,switch,4,4,2040,2046,10,1,0.48269087,-7.05000000,3.55000000,7.89335163,0.48269087,0.34425876,,,1.07884035,no_old
V043,11,switch,5,5,2042,2038,8,3,0.29056628,-13.90000000,10.85000000,17.63327820,,0.49073773,0.22347834,20.58233466,1.27142857,no_prev
V043,11,switch,6,6,2051,2044,10,1,0.58229699,7.00000000,-1.30000000,7.11969100,0.58229699,0.71227955,,,1.01791526,no_old
V043,11,switch,7,7,2052,2051,10,1,0.75797659,-2.80000000,0.85000000,2.92617498,0.75797659,0.33571117,0.00000000,32.66025873,1.10124793,
V043,11,switch,8,8,2053,2041,10,1,0.65521675,3.45000000,4.75000000,5.87068991,0.65521675,0.44960671,,,0.95210705,no_old
V043,11,switch,9,9,2037,2035,2,9,0.21941930,-20.05000000,-9.00000000,21.97731785,,,,,0.91762153,no_prev|no_next|no_old
V043,11,switch,16,16,2038,2047,10,1,0.66954534,-3.05000000,-6.95000000,7.58979578,0.66954534,0.69964048,,,0.94326391,no_old
V043,11,switch,17,17,2032,2040,10,1,0.60494896,-7.75000000,-1.50000000,7.89382670,0.60494896,0.46722048,0.33901345,13.91087704,0.86425598,
V043,12,switch,3,3,2054,2032,,,,,,,,0.80144333,0.32823475,14.46590820,,no_last_seen|no_prev
V043,12,switch,9,9,2045,2035,3,9,0.64669166,-4.05000000,-3.20000000,5.16163734,,,,,0.86113719,no_prev|no_next|no_old
V043,12,switch,13,13,2055,2046,,,,,,,,,,,,no_last_seen|no_prev|no_next|no_old
V043,12,reuse,17,4,2040,0,11,1,0.34425876,-11.40000000,1.45000000,11.49184493,0.34425876,0.70440194,,,1.02206550,
V043,12,reuse,7,5,2042,0,11,1,0.49073773,-10.50000000,2.15000000,10.71785893,0.49073773,0.60180780,,,1.00802568,
V043,12,reuse,7,6,2051,0,11,1,0.71227955,4.25000000,-1.10000000,4.39004556,0.71227955,0.86994785,,,1.10872207,
V043,12,reuse,5,16,2038,0,11,1,0.69964048,-5.00000000,0.35000000,5.01223503,0.69964048,0.42313445,,,0.92493535,
V043,12,reuse,3,17,2032,0,11,1,0.46722048,-11.40000000,-0.60000000,11.41577855,0.46722048,0.74620208,,,0.90085597,
V043,13,switch,4,4,2032,2040,12,1,0.74620208,-2.80000000,3.20000000,4.25205833,0.74620208,0.26154160,0.31412393,15.22703188,1.05328570,
V043,13,switch,5,5,2046,2042,10,3,0.22728942,-13.80000000,22.00000000,25.96998267,,0.39957275,0.40855198,12.90087206,0.99388379,no_prev
V043,13,switch,6,6,2042,2051,12,1,0.60180780,-5.00000000,-6.95000000,8.56168792,0.60180780,0.51413966,0.05978462,27.44908924,0.94962362,
V043,13,switch,8,8,2051,2053,12,1,0.86994785,0.15000000,3.80000000,3.80295937,0.86994785,0.46793597,,,0.97313659,no_old
V043,13,switch,9,9,2039,2035,6,7,0.56290620,-7.20000000,-3.95000000,8.21233828,,,,,0.94483583,no_prev|no_next|no_old
V043,13,switch,13,13,2040,2046,12,1,0.70440194,-2.25000000,-5.10000000,5.57427125,0.70440194,0.49520710,0.00000000,34.59508636,1.34836852,
V043,13,switch,17,17,2054,2032,12,1,0.80144333,-0.00000000,-3.70000000,3.70000000,0.80144333,0.82857514,0.44324425,10.69871488,0.85015948,
V043,14,switch,3,3,2057,2032,,,,,,,,0.86530400,0.20963886,19.06016789,,no_last_seen|no_prev
V043,14,switch,9,9,2044,2035,8,6,0.82435975,-1.05000000,-3.40000000,3.55844067,,0.97723565,,,1.05574071,no_prev|no_old
V043,14,reuse,17,4,2032,0,13,1,0.26154160,-17.75000000,-2.45000000,17.91828675,0.26154160,0.64471192,,,0.93542140,
V043,14,reuse,13,5,2046,0,13,1,0.39957275,-12.30000000,4.75000000,13.18531380,0.39957275,0.73899153,,,0.97323827,
V043,14,reuse,5,6,2042,0,13,1,0.51413966,-9.15000000,-2.45000000,9.47232812,0.51413966,0.77243485,,,0.92349593,
V043,14,reuse,6,8,2051,0,13,1,0.46793597,-10.20000000,2.25000000,10.44521422,0.46793597,0.76487038,,,1.02143587,
V043,14,reuse,4,13,2040,0,13,1,0.49520710,-8.70000000,-2.75000000,9.12428079,0.49520710,0.77621338,,,1.04329873,
V043,15,switch,4,4,2054,2032,14,1,0.93439520,-0.45000000,1.00000000,1.09658561,0.93439520,0.49671336,0.34082625,13.80036231,1.02923080,
V043,15,switch,17,17,2032,2032,14,1,0.64471192,-6.30000000,-0.60000000,6.32850693,0.64471192,0.64352184,1.00000000,0.00000000,0.97663624,
V043,15,reuse,8,9,2044,0,14,1,0.97723565,0.00000000,-0.25000000,0.25000000,0.97723565,,,,1.01625709,no_next
V043,16,switch,4,4,2057,2032,15,1,0.78748890,-2.05000000,2.45000000,3.19452657,0.78748890,0.75491467,0.38224925,12.85972395,0.89282613,
V043,16,switch,5,5,2052,2046,15,1,0.60070115,-4.60000000,5.35000000,7.05567148,0.60070115,0.49138588,,,1.16201502,no_old
V043,16,switch,6,6,2055,2042,12,4,0.50511167,-3.90000000,11.25000000,11.90682577,,,0.23777536,15.87584643,0.84253286,no_prev|no_next
V043,16,switch,7,7,2054,2052,15,1,0.49671336,-6.90000000,6.90000000,9.75807358,0.49671336,,0.19076460,19.01900365,1.02510918,no_next
V043,16,switch,8,8,2042,2051,15,1,0.71266212,-3.95000000,2.50000000,4.67466576,0.71266212,0.48342365,,,0.97891192,no_old
V043,16,switch,9,9,2047,2044,10,6,0.54723077,7.00000000,-0.50000000,7.01783442,,0.54324569,,,0.82019071,no_prev|no_old
V043,16,switch,11,11,2032,2041,15,1,0.64352184,-5.35000000,2.55000000,5.92663480,0.64352184,0.50617110,,,1.05091306,no_old
V043,17,switch,4,4,2060,2032,,,,,,,,0.83696035,0.20548154,20.01012244,,no_last_seen|no_prev
V043,17,switch,6,6,2046,2042,15,2,0.27122588,-15.95000000,-8.20000000,17.93439433,,0.48224968,0.26819292,17.75197172,0.95291972,no_prev
V043,17,switch,17,17,2061,2032,,,,,,,,0.51155293,0.20730180,20.16587464,,no_last_seen|no_prev
V043,17,reuse,7,5,2052,0,16,1,0.49138588,-9.00000000,2.50000000,9.34077085,0.49138588,0.43132224,,,1.10716786,
V043,17,reuse,6,8,2042,0,16,1,0.48342365,-10.00000000,2.25000000,10.25000000,0.48342365,0.46723016,,,1.06679173,
V043,17,reuse,16,9,2047,0,16,1,0.54324569,-7.40000000,1.65000000,7.58172144,0.54324569,0.50818963,,,1.06634989,
V043,17,reuse,4,11,2032,0,16,1,0.50617110,-6.20000000,8.80000000,10.76475731,0.50617110,0.46464249,,,1.13888750,
V043,18,switch,3,3,2063,2057,,,,,,,,0.75846812,,,,no_last_seen|no_prev|no_old
V043,18,switch,18,18,2042,2041,17,1,0.46723016,-11.30000000,0.60000000,11.31591799,0.46723016,0.55843200,,,0.99313894,no_old
V043,18,reuse,5,6,2046,0,17,1,0.48224968,-10.15000000,-1.50000000,10.26023879,0.48224968,0.67787997,,,0.95464896,
V043,19,switch,4,4,2063,2060,18,1,0.75846812,3.60000000,1.10000000,3.76430604,0.75846812,0.91077262,0.34787458,14.53444185,1.02887810,
V043,19,switch,6,6,2054,2046,16,3,0.56720605,6.95000000,-3.00000000,7.56984148,,0.90728967,0.48771862,10.35434691,1.11965743,no_prev
V043,19,switch,7,7,2032,2052,18,1,0.49748570,-10.50000000,2.15000000,10.71785893,0.49748570,0.77923291,0.13537640,24.89764045,1.01118374,
V043,19,switch,8,8,2046,2042,18,1,0.67787997,-4.95000000,2.00000000,5.33877327,0.67787997,0.88127835,0.40641379,12.76136748,1.03068404,
V043,19,switch,11,11,2061,2032,18,1,0.52870111,-7.50000000,3.15000000,8.13464812,0.52870111,0.78380660,0.36211596,15.67681409,1.17746310,
V043,19,switch,14,14,2064,2058,,,,,,,,0.86756473,,,,no_last_seen|no_prev|no_old
V043,19,reuse,8,18,2042,0,18,1,0.55843200,-8.75000000,0.55000000,8.76726867,0.55843200,0.78851071,,,0.99512376,
V043,20,switch,3,3,2066,2057,,,,,,,,0.83516350,,,,no_last_seen|no_prev|no_old
V043,20,switch,12,12,2053,2033,12,8,0.00446247,-25.20000000,32.30000000,40.96742608,,,,,1.13326829,no_prev|no_next|no_old
V043,20,reuse,11,7,2032,0,19,1,0.77923291,-3.80000000,0.80000000,3.88329757,0.77923291,0.81744984,,,1.00347222,
V043,20,reuse,6,8,2046,0,19,1,0.88127835,-1.60000000,0.65000000,1.72699160,0.88127835,0.34713764,,,0.99508507,
V043,20,reuse,17,11,2061,0,19,1,0.78380660,-3.35000000,0.00000000,3.35000000,0.78380660,0.39852990,,,0.96926903,
V043,21,switch,5,5,2032,2052,20,1,0.81744984,-1.75000000,3.10000000,3.55984550,0.81744984,0.54741107,0.10388843,26.19704182,1.10192347,
V043,21,switch,6,6,2052,2054,20,1,0.77741914,0.25000000,-4.65000000,4.65671558,0.77741914,0.62048602,0.08910940,25.28462972,0.80488294,
V043,21,switch,7,7,2063,2032,20,1,0.81640229,-2.10000000,2.05000000,2.93470612,0.81640229,,0.31711541,16.71743102,1.02934113,no_next
V043,21,switch,9,9,2051,2047,15,6,0.76042560,-2.10000000,-4.10000000,4.60651712,,0.58385164,,,0.91529283,no_prev|no_old
V043,21,switch,11,11,2066,2061,20,1,0.83516350,1.00000000,-3.25000000,3.40036763,0.83516350,0.79125611,0.37692660,13.84088147,0.98829196,
V043,21,switch,12,12,2033,2033,19,2,0.04615512,-28.45000000,0.95000000,28.46585674,,0.38697738,1.00000000,0.00000000,1.02753054,no_prev
V043,21,switch,13,13,2061,2040,20,1,0.39852990,-12.35000000,0.05000000,12.35010121,0.39852990,0.48640575,,,0.98786784,no_old
V043,21,switch,18,18,2054,2042,20,1,0.83789800,-2.25000000,0.90000000,2.42332416,0.83789800,,,,1.02004579,no_next|no_old
V043,22,switch,7,7,2066,2032,21,1,0.79125611,0.35000000,5.35000000,5.36143637,0.79125611,0.61134254,0.22077355,21.48982317,1.08509120,
V043,22,switch,11,11,2068,2061,,,,,,,,0.68807317,0.24396124,20.40692284,,no_last_seen|no_prev
V043,22,switch,14,14,2067,2064,,,,,,,,0.56579696,,,,no_last_seen|no_prev|no_old
V043,22,switch,18,18,2046,2042,21,1,0.58997892,-7.40000000,-0.55000000,7.42041104,0.58997892,0.51339024,,,1.01880640,no_old
V043,22,reuse,7,5,2032,0,21,1,0.54741107,-9.70000000,1.70000000,9.84784240,0.54741107,,,,1.03530824,no_next
V043,22,reuse,5,6,2052,0,21,1,0.62048602,-6.40000000,-1.25000000,6.52092785,0.62048602,0.70563170,,,0.98396077,
V043,22,reuse,8,9,2051,0,21,1,0.58385164,-7.75000000,-0.60000000,7.77319111,0.58385164,0.51100393,,,0.98578835,
V043,22,reuse,11,13,2061,0,21,1,0.48640575,-9.05000000,-1.75000000,9.21764612,0.48640575,0.54012890,,,0.91561896,
V043,23,switch,3,3,2070,2057,,,,,,,,0.77784554,0.00000000,74.48404192,,no_last_seen|no_prev
V043,23,switch,5,5,2060,2032,22,1,0.56621258,-6.45000000,7.50000000,9.89204226,0.56621258,,,,0.96837989,no_next|no_old
V043,23,switch,8,8,2057,2046,17,6,0.26755977,-15.15000000,5.00000000,15.95376131,,0.70078997,0.10601513,23.87975084,1.02508961,no_prev
V043,23,reuse,8,18,2046,0,22,1,0.51339024,-9.60000000,0.40000000,9.60832972,0.51339024,0.49213933,,,1.04415763,
V043,24,switch,8,8,2063,2046,21,3,0.59802590,7.00000000,-2.25000000,7.35272058,,0.93659006,0.04797890,28.79522530,1.00179211,no_prev
V043,24,switch,11,11,2070,2068,23,1,0.77784554,3.35000000,-0.80000000,3.44419802,0.77784554,0.94795452,0.39676741,13.81638520,1.03566529,
V043,24,switch,13,13,2068,2061,23,1,0.82646963,-1.30000000,3.60000000,3.82753184,0.82646963,0.93032007,0.28192886,23.26848727,1.04113777,
V043,24,reuse,13,17,2061,0,23,1,0.56899885,-6.60000000,-0.95000000,6.66802070,0.56899885,0.45781358,,,0.95197267,
V043,25,switch,3,3,2071,2057,,,,,,,,0.89608434,0.00000000,82.35558572,,no_last_seen|no_prev
V043,25,switch,10,10,2043,2034,5,20,0.00000000,-31.65000000,31.10000000,44.37265487,,,,,1.12337326,no_prev|no_next|no_old
V043,25,switch,12,12,2055,2033,16,9,0.08756305,-14.40000000,32.00000000,35.09073952,,,,,1.10167201,no_prev|no_next|no_old
V043,25,switch,16,16,2054,2038,21,4,0.69662451,1.20000000,-7.70000000,7.79294553,,,,,0.82896503,no_prev|no_next|no_old
V043,25,switch,17,17,2040,2061,20,5,0.00000000,-50.45000000,-2.20000000,50.49794550,,0.31508201,0.41884415,12.25255075,0.70090909,no_prev
V043,25,reuse,4,8,2063,0,24,1,0.93659006,0.90000000,-0.25000000,0.93407708,0.93659006,0.58519703,,,0.99193303,
V043,25,reuse,11,13,2068,0,24,1,0.93032007,-0.60000000,1.20000000,1.34164079,0.93032007,0.67490579,,,1.00680272,
V043,26,switch,6,6,2063,2052,25,1,0.58519703,-7.10000000,-2.85000000,7.65065357,0.58519703,0.91411613,0.44742520,11.95669269,1.05733633,
V043,26,switch,7,7,2068,2066,25,1,0.67490579,-5.45000000,3.30000000,6.37122437,0.67490579,0.55987772,,,0.99865952,no_old
V043,26,switch,8,8,2060,2063,23,3,0.74103023,-3.30000000,-2.25000000,3.99405809,,0.75912682,0.39398238,13.20274593,0.81681622,no_prev
V043,26,switch,10,10,2034,2034,24,2,0.33331428,-15.05000000,0.70000000,15.06627028,,0.64760397,1.00000000,0.00000000,1.01311475,no_prev
V043,26,switch,12,12,2033,2033,24,2,0.09395730,-25.05000000,-1.85000000,25.11822048,,0.46116667,1.00000000,0.00000000,1.12408490,no_prev
V043,26,switch,13,13,2071,2068,25,1,0.89608434,-0.35000000,0.40000000,0.53150729,0.89608434,0.60655605,0.16816369,24.55687277,1.11596639,
V043,26,switch,16,16,2038,2038,24,2,0.36822812,-12.80000000,0.25000000,12.80244117,,0.61476505,1.00000000,0.00000000,1.03894438,no_prev
V043,26,switch,18,18,2052,2046,25,1,0.60589925,-6.90000000,-1.55000000,7.07195164,0.60589925,,,,1.03879026,no_next|no_old
V043,26,reuse,13,17,2040,0,25,1,0.31508201,-11.70000000,2.80000000,12.03037822,0.31508201,0.45621543,,,1.18390334,
V043,27,switch,3,3,2074,2057,,,,,,,,0.58964613,,,,no_last_seen|no_prev|no_old
V043,27,switch,7,7,2070,2066,26,1,0.57678879,-7.75000000,2.10000000,8.02947694,0.57678879,0.57066521,0.00000000,39.08071775,1.06703605,
V043,27,switch,9,9,2054,2051,25,2,0.40393530,11.55000000,1.05000000,11.59762907,,0.69899406,,,1.02011601,no_prev|no_old
V043,27,switch,18,18,2063,2046,26,1,0.91411613,1.00000000,-0.35000000,1.05948101,0.91411613,,,,1.05493515,no_next|no_old
V043,27,reuse,4,8,2060,0,26,1,0.75912682,-2.50000000,-3.75000000,4.50693909,0.75912682,0.62869816,,,1.04588103,
V043,28,switch,6,6,2060,2052,27,1,0.62869816,-6.95000000,-0.85000000,7.00178549,0.62869816,0.49904976,0.37034204,14.45311385,0.98947576,
V043,28,switch,8,8,2032,2060,22,6,0.00000000,-39.60000000,-4.95000000,39.90817585,,0.55207106,0.42790096,12.16192830,0.84803029,no_prev
V043,28,switch,11,11,2076,2070,,,,,,,,0.53473999,0.34770019,14.77235594,,no_last_seen|no_prev
V043,28,switch,18,18,2052,2046,26,2,0.23127929,-19.50000000,-0.60000000,19.50922859,,0.51326101,,,1.10554512,no_prev|no_old
V043,28,reuse,11,7,2070,0,27,1,0.57066521,-8.70000000,0.85000000,8.74142437,0.57066521,0.52997852,,,1.03305934,
V043,28,reuse,6,9,2054,0,27,1,0.69899406,-4.75000000,0.35000000,4.76287728,0.69899406,0.55372554,,,0.98337746,
V043,29,reuse,8,6,2060,0,28,1,0.49904976,-10.30000000,-0.70000000,10.32375901,0.49904976,0.79153887,,,1.04976848,
V043,29,reuse,5,8,2032,0,28,1,0.55207106,-9.15000000,-0.40000000,9.15873900,0.55207106,0.82344287,,,0.98798159,
V043,29,reuse,6,18,2052,0,28,1,0.51326101,-10.20000000,-0.60000000,10.21763182,0.51326101,0.79658992,,,1.03207729,
V043,31,switch,5,5,2074,2032,30,1,0.90957628,-0.55000000,0.90000000,1.05475116,0.90957628,0.75821964,0.00000000,59.72689930,1.09941301,
V043,31,switch,7,7,2076,2070,30,1,0.75115505,-3.95000000,1.70000000,4.30029069,0.75115505,0.74521096,,,1.06522236,no_old
V043,31,switch,18,18,2060,2052,30,1,0.83225694,-2.30000000,-0.65000000,2.39008368,0.83225694,0.69317317,,,1.06959779,no_old
V043,32,switch,6,6,2032,2060,31,1,0.63996948,-6.40000000,-2.15000000,6.75148132,0.63996948,0.65728930,0.34721622,15.71344965,1.00495271,
V043,32,switch,8,8,2061,2032,31,1,0.53492485,-9.10000000,-0.95000000,9.14945354,0.53492485,0.63048676,0.37438069,14.11559421,1.01739130,
V043,32,reuse,3,5,2074,0,31,1,0.75821964,-4.60000000,-0.80000000,4.66904701,0.75821964,0.65001228,,,1.07414248,
V043,32,reuse,11,7,2076,0,31,1,0.74521096,-4.40000000,-1.30000000,4.58802790,0.74521096,0.71351478,,,1.05095028,
V043,32,reuse,6,18,2060,0,31,1,0.69317317,-5.55000000,-0.75000000,5.60044641,0.69317317,0.63472101,,,1.02927094,
V043,33,reuse,8,6,2032,0,32,1,0.65728930,-6.30000000,-1.25000000,6.42281091,0.65728930,0.55666904,,,1.01372686,
V043,33,reuse,17,8,2061,0,32,1,0.63048676,-6.75000000,-1.00000000,6.82367203,0.63048676,0.60195543,,,1.03787565,
V043,35,switch,3,3,2078,2074,,,,,,,,0.62219962,0.41303365,14.57000343,,no_last_seen|no_prev
V043,35,switch,11,11,2079,2076,,,,,,,,0.90321970,0.49751586,9.38616002,,no_last_seen|no_prev
V043,35,switch,12,12,2042,2033,20,15,0.00000000,-94.90000000,9.20000000,95.34490023,,,,,1.37908519,no_prev|no_next|no_old
V043,36,switch,5,5,2071,2074,35,1,0.48346938,-12.05000000,-1.65000000,12.16244219,0.48346938,0.48945834,0.12455266,28.80386259,0.94694599,
V043,36,switch,7,7,2079,2076,35,1,0.90321970,0.55000000,0.05000000,0.55226805,0.90321970,,,,1.10715035,no_next|no_old
V043,36,switch,9,9,2063,2054,27,9,0.48830087,-5.05000000,-12.30000000,13.29633408,,0.72184346,,,0.82335774,no_prev|no_old
V043,36,switch,11,11,2074,2076,35,1,0.78737993,-3.50000000,-1.95000000,4.00655713,0.78737993,0.71541393,,,0.94322536,no_old
V043,36,switch,12,12,2033,2033,34,2,0.31820559,-16.50000000,-5.00000000,17.24093965,,0.63672580,1.00000000,0.00000000,0.93221130,no_prev
V043,37,switch,7,7,2076,2076,35,2,0.43743547,-12.70000000,-1.65000000,12.80673651,,0.71547922,1.00000000,0.00000000,1.00992908,no_prev
V043,37,switch,17,17,2080,2040,,,,,,,,0.72121037,,,,no_last_seen|no_prev|no_old
V043,37,reuse,13,5,2071,0,36,1,0.48945834,-12.05000000,0.00000000,12.05000000,0.48945834,0.40777860,,,1.02871652,
V043,37,reuse,8,9,2063,0,36,1,0.72184346,-4.60000000,-0.45000000,4.62195846,0.72184346,0.59632020,,,1.04457879,
V043,37,reuse,5,11,2074,0,36,1,0.71541393,-5.60000000,-0.90000000,5.67186036,0.71541393,0.62336749,,,0.98365531,
V043,38,reuse,5,13,2071,0,37,1,0.40777860,-14.20000000,4.90000000,15.02165104,0.40777860,0.58488196,,,1.19029149,
V043,39,switch,2,2,2071,2048,38,1,0.58488196,-8.95000000,3.40000000,9.57405348,0.58488196,0.82810489,0.39731137,14.43623912,1.03097660,
V043,39,switch,13,13,2048,2071,38,1,0.46371575,-10.90000000,-0.20000000,10.90183471,0.46371575,0.77220737,0.39731137,14.43623912,0.84478178,
V043,40,switch,6,6,2060,2032,39,1,0.48867860,-10.35000000,-1.65000000,10.48069654,0.48867860,0.55666172,,,0.98578644,no_old
V043,40,switch,12,12,2042,2033,35,5,0.00131362,-34.35000000,-6.40000000,34.94112906,,0.51136861,,,0.90528247,no_prev|no_old
V043,40,switch,18,18,2052,2060,30,10,0.00000000,-72.55000000,-3.75000000,72.64685127,,0.55414566,0.50976509,10.12052370,1.09026938,no_prev
V043,40,reuse,13,2,2071,0,39,1,0.82810489,-3.05000000,1.40000000,3.35596484,0.82810489,0.63312199,,,0.99983718,
V043,40,reuse,2,13,2048,0,39,1,0.77220737,-3.50000000,0.00000000,3.50000000,0.77220737,0.49250717,,,0.94895042,
V043,41,reuse,18,6,2060,0,40,1,0.55666172,-8.35000000,-1.85000000,8.55248502,0.55666172,0.69015945,,,1.01104978,
V043,41,reuse,18,12,2042,0,40,1,0.51136861,-10.05000000,-1.30000000,10.13373080,0.51136861,0.65478238,,,0.95481928,
V043,44,switch,2,2,2082,2071,,,,,,,,0.96130970,0.54190222,11.16165310,,no_last_seen|no_prev
V043,44,switch,4,4,2083,2063,,,,,,,,0.98825556,0.00000000,152.58133077,,no_last_seen|no_prev
V043,44,reuse,2,5,2071,0,43,1,0.67836518,-6.90000000,0.95000000,6.96509153,0.67836518,0.87959333,,,0.96307158,
V043,45,switch,6,6,2046,2060,25,20,0.00000000,-142.10000000,-7.20000000,142.28228983,,0.58088903,,,1.40452815,no_prev|no_old
V043,45,switch,8,8,2032,2061,39,6,0.00000000,-45.25000000,4.25000000,45.44914741,,0.67696819,,,1.10269413,no_prev|no_old
V043,46,switch,9,9,2054,2063,35,11,0.00000000,-54.15000000,-10.55000000,55.16815204,,0.94023601,,,1.46745747,no_prev|no_old
V043,46,switch,18,18,2033,2052,39,7,0.00000000,-66.95000000,-5.25000000,67.15552844,,0.80134749,,,1.13741497,no_prev|no_old
V043,46,reuse,18,6,2046,0,45,1,0.58088903,-8.60000000,-3.60000000,9.32308962,0.58088903,0.83177675,,,1.02533974,
V043,46,reuse,6,8,2032,0,45,1,0.67696819,-5.25000000,-2.10000000,5.65442305,0.67696819,0.85500022,,,1.03875257,
V043,47,reuse,12,18,2033,0,46,1,0.80134749,-3.40000000,-0.95000000,3.53022662,0.80134749,0.96505891,,,1.04267634,
V043,48,switch,11,11,2061,2074,44,4,0.13316314,-24.80000000,2.55000000,24.93075410,,0.90708321,,,1.20818361,no_prev|no_old
V043,49,switch,8,8,2060,2032,44,5,0.05355439,-31.45000000,-1.60000000,31.49067322,,,,,1.15350995,no_prev|no_next|no_old
V043,49,reuse,8,11,2061,0,48,1,0.90708321,-1.50000000,0.30000000,1.52970585,0.90708321,0.96595940,,,0.99853530,
V043,50,switch,8,8,2052,2032,45,5,0.03828904,-33.75000000,-2.65000000,33.85387718,,0.95400725,,,1.13576557,no_prev|no_old
V043,51,switch,11,11,2032,2061,48,3,0.23037318,-20.05000000,7.95000000,21.56861145,,0.81961541,,,1.14326143,no_prev|no_old
V043,51,reuse,18,8,2052,0,50,1,0.95400725,-0.20000000,-0.20000000,0.28284271,0.95400725,0.89408749,,,1.04821006,
V043,52,reuse,8,11,2032,0,51,1,0.81961541,-2.95000000,1.30000000,3.22374006,0.81961541,0.89589857,,,0.99858029,
V043,53,switch,12,12,2063,2042,45,8,0.21821816,-22.15000000,-1.20000000,22.18248183,,0.94846812,,,1.30158592,no_prev|no_old
V043,54,reuse,9,12,2063,0,53,1,0.94846812,-0.60000000,-0.75000000,0.96046864,0.94846812,0.97025633,,,0.96728854,
V043,56,switch,4,4,2061,2083,50,6,0.09852353,-26.25000000,7.95000000,27.42744975,,0.90152835,,,0.86301448,no_prev|no_old
V043,57,reuse,11,4,2061,0,56,1,0.90152835,-0.10000000,2.20000000,2.20227155,0.90152835,0.91684771,,,1.03742397,
V043,64,switch,2,2,2078,2082,63,1,0.89281077,1.35000000,0.00000000,1.35000000,0.89281077,0.95606721,0.40700284,19.11282292,1.05620099,
V043,64,switch,3,3,2082,2078,63,1,0.93447876,-0.70000000,-1.50000000,1.65529454,0.93447876,0.96686391,0.40700284,19.11282292,0.97314610,
V043,65,reuse,3,2,2078,0,64,1,0.95606721,0.55000000,-0.10000000,0.55901699,0.95606721,0.85738071,,,1.01577530,
V043,65,reuse,2,3,2082,0,64,1,0.96686391,-0.30000000,-0.60000000,0.67082039,0.96686391,0.94039094,,,0.97756962,
V043,66,switch,12,12,2080,2063,65,1,0.82744457,3.30000000,-0.75000000,3.38415425,0.82744457,0.82583993,0.39826301,15.16855300,1.02758917,
V043,66,switch,17,17,2063,2080,65,1,0.84238606,2.35000000,-0.45000000,2.39269722,0.84238606,0.93138764,0.39826301,15.16855300,0.92158950,
V043,67,reuse,17,12,2080,0,66,1,0.82583993,2.95000000,-1.70000000,3.40477606,0.82583993,0.78308471,,,1.02854347,
V043,67,reuse,12,17,2063,0,66,1,0.93138764,-0.85000000,0.80000000,1.16726175,0.93138764,0.94946329,,,0.98891172,
V043,88,switch,0,0,2085,2036,87,1,0.81156548,2.65000000,0.15000000,2.65424189,0.81156548,0.60354242,,,1.08543372,no_old
V043,142,switch,16,16,2086,2038,,,,,,,,0.36872091,,,,no_last_seen|no_prev|no_old
V043,143,switch,14,14,2087,2067,,,,,,,,0.48629672,,,,no_last_seen|no_prev|no_old
V043,145,switch,15,15,2088,2069,,,,,,,,0.58941630,,,,no_last_seen|no_prev|no_old
V043,146,switch,12,12,2038,2080,140,6,0.00000000,-47.05000000,-16.30000000,49.79349857,,0.47744585,,,0.97025808,no_prev|no_old
V043,147,switch,16,16,2089,2086,,,,,,,,0.51420829,,,,no_last_seen|no_prev|no_old
V043,147,reuse,16,12,2038,0,146,1,0.47744585,-10.10000000,-2.70000000,10.45466403,0.47744585,0.38846423,,,0.97802559,
V043,151,switch,12,12,2086,2038,145,6,0.00000000,-41.95000000,-22.05000000,47.39203520,,0.39939097,,,0.92775262,no_prev|no_old
V043,152,reuse,16,12,2086,0,151,1,0.39939097,-10.95000000,-2.00000000,11.13114999,0.39939097,0.33716453,,,1.01901141,
V043,160,switch,20,20,2092,2090,,,,,,,,,,,,no_last_seen|no_prev|no_next|no_old
V043,162,switch,20,20,2094,2090,,,,,,,,0.43335121,,,,no_last_seen|no_prev|no_old
V043,176,switch,9,9,2063,2054,175,1,0.55647550,-8.15000000,8.70000000,11.92109475,0.55647550,0.90887410,,,0.98597095,no_old
V043,177,switch,12,12,2080,2086,145,32,0.00000000,-303.60000000,-42.95000000,306.62299734,,0.89192993,,,0.69054224,no_prev|no_old
V043,177,switch,17,17,2095,2063,,,,,,,,0.52160009,0.22533529,23.16570741,,no_last_seen|no_prev
V043,177,reuse,17,9,2063,0,176,1,0.90887410,-0.40000000,3.05000000,3.07611768,0.90887410,0.84501826,,,0.98666216,
V043,179,switch,4,4,2054,2061,175,4,0.00000000,-38.65000000,-0.20000000,38.65051746,,0.81118696,,,0.87855054,no_prev|no_old
V043,180,reuse,9,4,2054,0,179,1,0.81118696,-3.00000000,0.00000000,3.00000000,0.81118696,,,,1.01556162,no_next
V043,182,switch,4,4,2096,2054,,,,,,,,0.51110660,,,,no_last_seen|no_prev|no_old
V043,182,switch,12,12,2097,2080,,,,,,,,0.54638660,,,,no_last_seen|no_prev|no_old
V043,186,switch,6,6,2061,2046,178,8,0.31309149,-19.10000000,-7.85000000,20.65024213,,0.72149451,,,1.18408531,no_prev|no_old
V043,186,switch,16,16,2086,2089,176,10,0.00000000,-39.55000000,9.70000000,40.72213771,,0.72282583,,,1.07982459,no_prev|no_old
V043,187,reuse,4,6,2061,0,186,1,0.72149451,6.00000000,1.85000000,6.27873395,0.72149451,0.64576499,,,1.03082614,
V043,187,reuse,12,16,2086,0,186,1,0.72282583,5.25000000,0.55000000,5.27873091,0.72282583,0.61673565,,,0.96681699,
V043,188,switch,8,8,2054,2052,180,8,0.00000000,-63.85000000,-21.60000000,67.40461779,,,,,1.23591140,no_prev|no_next|no_old
V043,189,switch,8,8,2052,2052,187,2,0.28665724,23.20000000,-1.30000000,23.23639387,,0.79392263,1.00000000,0.00000000,1.00290078,no_prev
V043,191,switch,8,8,2046,2052,185,6,0.30621787,14.15000000,-14.15000000,20.01112191,,0.56760804,,,1.00319400,no_prev|no_old
V043,192,switch,16,16,2098,2086,,,,,,,,0.49901529,,,,no_last_seen|no_prev|no_old
V043,192,reuse,6,8,2046,0,191,1,0.56760804,8.70000000,-1.10000000,8.76926451,0.56760804,0.49119766,,,0.99758162,
V043,204,switch,13,13,2099,2048,,,,,,,,0.91281976,,,,no_last_seen|no_prev|no_old
V043,207,switch,13,13,2100,2099,,,,,,,,0.51064716,,,,no_last_seen|no_prev|no_old
V043,271,switch,9,9,2033,2063,270,1,0.69368365,3.70000000,-1.65000000,4.05123438,0.69368365,0.72520920,0.13603623,26.23456689,0.77894349,
V043,271,switch,17,17,2063,2095,270,1,0.46939132,-2.55000000,19.90000000,20.06271417,0.46939132,0.46847971,,,1.16990507,no_old
V043,272,switch,18,18,2101,2033,,,,,,,,0.59836040,0.16079986,22.30274647,,no_last_seen|no_prev
V043,272,reuse,18,9,2033,0,271,1,0.72520920,-4.05000000,1.70000000,4.39232285,0.72520920,0.57380695,,,1.01700680,
V043,272,reuse,9,17,2063,0,271,1,0.46847971,-8.15000000,7.50000000,11.07576182,0.46847971,0.41468853,,,1.03918740,
V043,276,switch,9,9,2101,2033,275,1,0.81143617,-1.30000000,0.10000000,1.30384048,0.81143617,0.49917287,,,0.81143617,no_old
V043,277,switch,2,2,2103,2078,,,,,,,,0.74267207,,,,no_last_seen|no_prev|no_old
V043,277,switch,18,18,2102,2101,,,,,,,,0.81758548,0.32502235,14.64257491,,no_last_seen|no_prev
V043,277,reuse,18,9,2101,0,276,1,0.49917287,-9.30000000,-1.35000000,9.39747306,0.49917287,,,,0.88703800,no_next
V043,278,switch,9,9,2102,2101,277,1,0.81758548,-1.50000000,-3.30000000,3.62491379,0.81758548,0.39947284,,,0.81758548,no_old
V043,279,switch,18,18,2104,2101,,,,,,,,0.89470176,,,,no_last_seen|no_prev|no_old
V043,281,switch,17,17,2104,2063,280,1,0.42593233,4.00000000,23.10000000,23.44376250,0.42593233,0.50098782,,,0.96427109,no_old
V043,282,switch,18,18,2105,2104,,,,,,,,0.53581234,0.04347283,37.98976836,,no_last_seen|no_prev
V043,282,reuse,18,17,2104,0,281,1,0.50098782,-7.55000000,7.35000000,10.53684013,0.50098782,0.42132545,,,0.99523225,
V043,287,switch,9,9,2107,2102,,,,,,,,0.51351797,,,,no_last_seen|no_prev|no_old
V043,302,switch,11,11,2108,2032,,,,,,,,0.77381579,,,,no_last_seen|no_prev|no_old
V043,323,switch,20,20,2109,2094,,,,,,,,0.49114030,,,,no_last_seen|no_prev|no_old
V043,328,switch,15,15,2110,2088,,,,,,,,0.67303374,,,,no_last_seen|no_prev|no_old
V043,332,switch,15,15,2111,2110,,,,,,,,0.55983111,,,,no_last_seen|no_prev|no_old
V043,337,switch,14,14,2112,2087,,,,,,,,0.84271845,,,,no_last_seen|no_prev|no_old
V043,407,switch,3,3,2114,2082,,,,,,,,0.82310896,,,,no_last_seen|no_prev|no_old
V043,431,switch,6,6,2098,2061,430,1,0.43109043,-9.60000000,-4.00000000,10.40000000,0.43109043,0.29324790,,,1.03334194,no_old
V043,431,switch,17,17,2076,2104,430,1,0.50858942,-5.10000000,-15.25000000,16.08018968,0.50858942,0.55110557,,,1.15790899,no_old
V043,431,switch,18,18,2046,2105,430,1,0.56923614,-6.40000000,3.70000000,7.39256383,0.56923614,0.39524147,,,1.01004772,no_old
V043,432,switch,4,4,2115,2096,,,,,,,,0.36692590,,,,no_last_seen|no_prev|no_old
V043,432,switch,7,7,2117,2076,,,,,,,,0.49394914,0.17336669,29.46425801,,no_last_seen|no_prev
V043,432,switch,14,14,2120,2112,,,,,,,,0.51621115,,,,no_last_seen|no_prev|no_old
V043,432,reuse,16,6,2098,0,431,1,0.29324790,-14.75000000,-1.85000000,14.86556423,0.29324790,0.21433857,,,1.05509928,
V043,432,reuse,7,17,2076,0,431,1,0.55110557,-8.65000000,-5.60000000,10.30448931,0.55110557,0.50692129,,,1.01329735,
V043,432,reuse,8,18,2046,0,431,1,0.39524147,-11.25000000,1.95000000,11.41774934,0.39524147,0.33612260,,,0.98241024,
V043,435,switch,8,8,2129,2046,,,,,,,,0.57177920,0.17966918,20.53022163,,no_last_seen|no_prev
V043,435,switch,9,9,2128,2107,,,,,,,,,,,,no_last_seen|no_prev|no_next|no_old
V043,435,switch,16,16,2127,2098,,,,,,,,,0.50359808,10.81896483,,no_last_seen|no_prev|no_next
V043,436,switch,4,4,2105,2115,430,6,0.04172431,-26.25000000,-12.25000000,28.96765438,,0.41467807,,,0.79208767,no_prev|no_old
V043,436,switch,18,18,2129,2046,435,1,0.57177920,-6.20000000,6.15000000,8.73284032,0.57177920,0.37733747,,,0.98444188,no_old
V043,437,switch,6,6,2132,2098,,,,,,,,0.45303571,,,,no_last_seen|no_prev|no_old
V043,437,switch,8,8,2061,2046,430,7,0.06385198,-28.95000000,-17.40000000,33.77665614,,0.53535888,,,1.09000989,no_prev|no_old
V043,437,switch,9,9,2130,2107,,,,,,,,0.36862708,,,,no_last_seen|no_prev|no_old
V043,437,reuse,18,4,2105,0,436,1,0.41467807,-11.25000000,-0.80000000,11.27840858,0.41467807,0.41433179,,,1.00505723,
V043,438,reuse,6,8,2061,0,437,1,0.53535888,-10.15000000,-1.00000000,10.19914212,0.53535888,0.48215702,,,0.98563218,
V043,440,switch,16,16,2134,2098,,,,,,,,,,,,no_last_seen|no_prev|no_next|no_old
V043,441,switch,8,8,2127,2061,435,6,0.36273700,7.35000000,-23.90000000,25.00464957,,0.61008473,0.21554181,20.97742835,1.12429744,no_prev
V043,441,switch,18,18,2061,2129,440,1,0.73360643,-3.15000000,5.45000000,6.29483916,0.73360643,0.59906954,,,0.98844867,no_old
V043,442,reuse,8,18,2061,0,441,1,0.59906954,-7.80000000,2.35000000,8.14631819,0.59906954,0.53817961,,,1.00210251,
V043,449,switch,12,12,2107,2097,430,19,0.00000000,-59.20000000,3.55000000,59.30634452,,0.93773432,,,0.97201853,no_prev|no_old
V043,450,switch,10,10,2097,2034,448,2,0.11363987,-27.05000000,2.25000000,27.14341541,,0.47887447,,,0.92696811,no_prev|no_old
V043,450,reuse,9,12,2107,0,449,1,0.93773432,-0.85000000,0.15000000,0.86313383,0.93773432,,,,1.00692408,no_next
V043,451,switch,12,12,2128,2107,435,16,0.68822875,-4.45000000,0.40000000,4.46794136,,0.76193036,,,1.11119305,no_prev|no_old
V043,451,reuse,12,10,2097,0,450,1,0.47887447,-11.40000000,1.05000000,11.44825314,0.47887447,0.68831775,,,0.97825326,
V043,455,switch,18,18,2134,2061,440,15,0.65959273,2.60000000,-10.30000000,10.62308806,,0.81106870,,,1.12790733,no_prev|no_old
V043,457,switch,4,4,2115,2105,435,22,0.00000000,-176.95000000,-1.05000000,176.95311526,,0.83367437,,,0.98243141,no_prev|no_old
V043,473,switch,10,10,2107,2097,450,23,0.00000000,-64.35000000,3.55000000,64.44784713,,0.94863698,,,0.79552176,no_prev|no_old
V043,474,reuse,12,10,2107,0,473,1,0.94863698,-0.05000000,-0.90000000,0.90138782,0.94863698,0.97965996,,,1.00107343,
V043,499,switch,8,8,2136,2127,,,,,,,,0.96900489,,,,no_last_seen|no_prev|no_old
V043,508,switch,0,0,2137,2085,,,,,,,,0.86334624,,,,no_last_seen|no_prev|no_old
V043,513,switch,16,16,2138,2098,,,,,,,,0.90571268,,,,no_last_seen|no_prev|no_old
V043,522,switch,19,19,2139,2084,,,,,,,,0.76017865,,,,no_last_seen|no_prev|no_old
V043,546,switch,6,6,2140,2132,545,1,0.64528499,3.00000000,1.10000000,3.19530906,0.64528499,0.69629906,,,1.01379310,no_old
V043,565,switch,11,11,2141,2108,,,,,,,,0.60493653,,,,no_last_seen|no_prev|no_old
V043,609,switch,5,5,2142,2071,,,,,,,,0.88801639,,,,no_last_seen|no_prev|no_old
V043,612,switch,5,5,2143,2142,,,,,,,,0.68186243,,,,no_last_seen|no_prev|no_old
V043,623,switch,18,18,2142,2134,622,1,0.69175775,2.85000000,1.25000000,3.11207326,0.69175775,0.63249550,,,1.08611151,no_old
V043,624,reuse,5,18,2142,0,623,1,0.63249550,4.00000000,1.20000000,4.17612260,0.63249550,0.86684285,,,1.13054187,
V043,632,switch,3,3,2144,2114,,,,,,,,0.88404763,,,,no_last_seen|no_prev|no_old
V043,648,switch,19,19,2145,2139,,,,,,,,0.83699035,,,,no_last_seen|no_prev|no_old
V043,673,switch,14,14,2146,2120,,,,,,,,0.95550578,,,,no_last_seen|no_prev|no_old
V043,687,switch,2,2,2147,2103,,,,,,,,0.71372421,,,,no_last_seen|no_prev|no_old
V043,722,switch,5,5,2148,2143,,,,,,,,0.58951078,,,,no_last_seen|no_prev|no_old
V043,751,switch,8,8,2138,2136,750,1,0.47676795,13.70000000,0.70000000,13.71787156,0.47676795,0.51599613,0.32340622,18.85855244,0.92760904,
V043,751,switch,16,16,2136,2138,750,1,0.62440454,8.10000000,-1.30000000,8.20365772,0.62440454,0.68023939,0.32340622,18.85855244,1.04353120,
V043,752,switch,18,18,2150,2142,,,,,,,,0.67212650,,,,no_last_seen|no_prev|no_old
V043,752,reuse,16,8,2138,0,751,1,0.51599613,12.15000000,0.80000000,12.17630896,0.51599613,0.50415266,,,0.95741067,
V043,752,reuse,8,16,2136,0,751,1,0.68023939,6.60000000,-1.30000000,6.72681202,0.68023939,0.72238460,,,0.98144712,
V043,754,switch,1,1,2152,2031,,,,,,,,0.85347310,,,,no_last_seen|no_prev|no_old
V043,756,switch,3,3,2150,2144,755,1,0.53498043,-6.30000000,1.60000000,6.50000000,0.53498043,0.73772713,,,0.99571865,no_old
V043,757,switch,1,1,2154,2152,,,,,,,,0.36580098,,,,no_last_seen|no_prev|no_old
V043,757,switch,18,18,2153,2150,,,,,,,,0.77414847,0.00000000,43.74805710,,no_last_seen|no_prev
V043,761,reuse,18,3,2150,0,760,1,0.22402173,22.40000000,-0.30000000,22.40200884,0.22402173,0.27340179,,,1.05228538,
V043,766,switch,3,3,2153,2150,765,1,0.79101034,4.50000000,2.90000000,5.35350353,0.79101034,0.65733786,,,1.20120198,no_old
V043,767,switch,18,18,2156,2153,,,,,,,,0.65628783,0.40784780,23.44829418,,no_last_seen|no_prev
V043,767,switch,19,19,2155,2145,,,,,,,,0.56981818,,,,no_last_seen|no_prev|no_old
V043,767,reuse,18,3,2153,0,766,1,0.65733786,12.45000000,0.65000000,12.46695632,0.65733786,0.56803136,,,1.07120001,
V043,771,switch,3,3,2156,2153,770,1,0.61259908,13.10000000,-1.10000000,13.14610208,0.61259908,0.53393936,,,1.17139779,no_old
V043,772,switch,18,18,2157,2156,,,,,,,,0.53323534,0.55530554,14.38506170,,no_last_seen|no_prev
V043,772,reuse,18,3,2156,0,771,1,0.53393936,19.50000000,-1.10000000,19.53100100,0.53393936,0.53815132,,,1.06637520,
V043,773,switch,13,13,2158,2100,,,,,,,,0.83759674,,,,no_last_seen|no_prev|no_old
V043,792,switch,15,15,2159,2111,,,,,,,,0.84946618,,,,no_last_seen|no_prev|no_old
V043,802,switch,3,3,2153,2156,770,32,0.00000000,347.95000000,-32.70000000,349.48317914,,0.60663527,,,1.06620592,no_prev|no_old
V043,853,switch,12,12,2161,2128,,,,,,,,0.80439271,,,,no_last_seen|no_prev|no_old
V043,859,switch,12,12,2115,2161,858,1,0.82514370,-3.60000000,-0.20000000,3.60555128,0.82514370,0.90771611,0.35990982,16.40000000,0.95317176,
V043,861,switch,12,12,2161,2161,860,1,0.40655853,-12.15000000,0.65000000,12.16737441,0.40655853,,1.00000000,0.00000000,1.09750055,no_next
V043,867,switch,16,16,2140,2136,866,1,0.63772186,8.15000000,2.40000000,8.49602848,0.63772186,0.90923839,,,0.99447971,no_old
V043,868,reuse,6,16,2140,0,867,1,0.90923839,1.30000000,1.30000000,1.83847763,0.90923839,0.91725879,,,1.02398082,
V043,870,switch,6,6,2162,2140,,,,,,,,0.66539516,0.14742816,31.80644589,,no_last_seen|no_prev
V043,871,switch,6,6,2138,2140,870,1,0.67127519,7.50000000,-0.90000000,7.55380699,0.67127519,0.67366965,0.15689992,30.84420529,1.01684717,
V043,871,switch,8,8,2162,2138,870,1,0.66539516,4.20000000,-2.85000000,5.07567729,0.66539516,0.82987767,0.46373911,14.22146265,1.06146307,
V043,872,reuse,8,6,2138,0,871,1,0.67366965,7.45000000,-0.10000000,7.45067111,0.67366965,0.83495805,,,0.99873352,
V044,40,switch,14,14,2173,2172,,,,,,,,0.47810179,,,,no_last_seen|no_prev|no_old
V044,44,switch,0,0,2166,2165,43,1,0.85485604,5.25000000,-1.70000000,5.51837838,0.85485604,0.71907697,,,1.03306820,no_old
V044,45,switch,3,3,2175,2174,,,,,,,,0.38886500,,,,no_last_seen|no_prev|no_old
V044,45,switch,10,10,2176,2166,,,,,,,,0.57019653,0.36315711,32.59221533,,no_last_seen|no_prev
V044,45,reuse,10,0,2166,0,44,1,0.71907697,12.95000000,-1.20000000,13.00547961,0.71907697,0.67384281,,,0.98500089,
V044,49,switch,0,0,2176,2166,48,1,0.97084014,0.10000000,-0.55000000,0.55901699,0.97084014,0.68621280,,,0.97084014,no_old
V044,50,switch,10,10,2177,2176,,,,,,,,0.58946179,0.13149175,42.01859707,,no_last_seen|no_prev
V044,50,reuse,10,0,2176,0,49,1,0.68621280,11.05000000,0.10000000,11.05045248,0.68621280,0.61285483,,,0.99582896,
V044,69,switch,10,10,2166,2177,48,21,0.00000000,157.20000000,-5.20000000,157.28598157,,0.94239972,,,1.01790153,no_prev|no_old
V044,70,reuse,0,10,2166,0,69,1,0.94239972,-1.20000000,-1.20000000,1.69705627,0.94239972,0.85330083,,,0.96301189,
V044,113,switch,14,14,2183,2173,,,,,,,,,,,,no_last_seen|no_prev|no_next|no_old
V044,115,switch,4,4,2184,2182,,,,,,,,0.45374452,,,,no_last_seen|no_prev|no_old
V044,115,switch,14,14,2185,2173,,,,,,,,0.42972976,,,,no_last_seen|no_prev|no_old
V044,125,switch,16,16,2188,2186,,,,,,,,0.44336456,,,,no_last_seen|no_prev|no_old
V044,160,switch,6,6,2191,2190,,,,,,,,0.44643409,,,,no_last_seen|no_prev|no_old
V044,173,switch,17,17,2196,2192,,,,,,,,,,,,no_last_seen|no_prev|no_next|no_old
V044,177,reuse,6,7,2190,0,158,19,0.35670364,3.15000000,28.90000000,29.07116269,,0.95643903,,,1.52931104,no_prev
V044,178,switch,17,17,2201,2192,,,,,,,,,,,,no_last_seen|no_prev|no_next|no_old
V044,182,switch,17,17,2205,2192,,,,,,,,0.88892175,,,,no_last_seen|no_prev|no_old
V044,185,switch,17,17,2208,2205,,,,,,,,0.50659571,,,,no_last_seen|no_prev|no_old
V044,208,switch,2,2,2210,2167,,,,,,,,0.74494143,,,,no_last_seen|no_prev|no_old
V044,368,switch,9,9,2211,2209,,,,,,,,0.82093275,,,,no_last_seen|no_prev|no_old
V044,388,switch,19,19,2212,2207,,,,,,,,0.41136896,,,,no_last_seen|no_prev|no_old
V044,447,switch,15,15,2213,2178,,,,,,,,0.94515687,,,,no_last_seen|no_prev|no_old
V045,5,switch,8,8,2235,2232,,,,,,,,0.49373888,,,,no_last_seen|no_prev|no_old
V045,5,switch,10,10,2236,2233,,,,,,,,0.56102767,,,,no_last_seen|no_prev|no_old
V045,15,switch,9,9,2235,2231,14,1,0.50160937,5.95000000,-1.05000000,6.04193678,0.50160937,0.63562909,,,0.93850245,no_old
V045,16,reuse,8,9,2235,0,15,1,0.63562909,3.50000000,-1.40000000,3.76961536,0.63562909,0.64573057,,,0.87766758,
V045,18,switch,8,8,2231,2235,13,5,0.00000000,25.20000000,4.30000000,25.56423283,,0.44971432,0.18371832,9.93201893,0.69357854,no_prev
V045,19,reuse,9,8,2231,0,18,1,0.44971432,4.45000000,2.90000000,5.31154403,0.44971432,0.49028991,,,1.23725945,
V045,30,switch,9,9,2232,2235,3,27,0.00000000,99.30000000,-12.65000000,100.10250996,,0.91349003,,,0.65516632,no_prev|no_old
V045,31,reuse,8,9,2232,0,30,1,0.91349003,0.65000000,0.05000000,0.65192024,0.91349003,0.90786912,,,0.97754930,
V045,60,switch,9,9,2226,2232,59,1,0.82756030,-1.25000000,-1.75000000,2.15058132,0.82756030,0.59171371,,,0.84221941,no_old
V045,60,switch,17,17,2227,2229,59,1,0.44787522,-1.70000000,-12.70000000,12.81327437,0.44787522,0.35287647,,,0.84783019,no_old
V045,61,switch,11,11,2241,2226,,,,,,,,0.34131821,0.12638826,14.06875972,,no_last_seen|no_prev
V045,61,switch,14,14,2242,2219,,,,,,,,0.32077681,,,,no_last_seen|no_prev|no_old
V045,61,switch,16,16,2240,2227,,,,,,,,0.45956587,0.05749172,22.71001982,,no_last_seen|no_prev
V045,61,switch,19,19,2239,2224,,,,,,,,0.53522536,,,,no_last_seen|no_prev|no_old
V045,61,reuse,11,9,2226,0,60,1,0.59171371,-4.95000000,-0.55000000,4.98046183,0.59171371,0.50020929,,,0.91304925,
V045,61,reuse,16,17,2227,0,60,1,0.35287647,-5.85000000,-4.75000000,7.53558226,0.35287647,0.32376579,,,0.95743989,
V045,67,switch,20,20,2244,2223,,,,,,,,0.64033694,,,,no_last_seen|no_prev|no_old
V045,71,switch,17,17,2249,2227,,,,,,,,0.40643270,,,,no_last_seen|no_prev|no_old
V045,110,switch,16,16,2249,2240,109,1,0.69103007,2.05000000,2.55000000,3.27184963,0.69103007,0.58064516,,,1.18457970,no_old
V045,111,switch,17,17,2250,2249,,,,,,,,0.48079659,0.22867582,9.78174320,,no_last_seen|no_prev
V045,111,reuse,17,16,2249,0,110,1,0.58064516,3.85000000,2.05000000,4.36176570,0.58064516,0.50834700,,,1.04815170,
V045,115,switch,16,16,2250,2249,114,1,0.50799490,4.55000000,2.85000000,5.36889188,0.50799490,0.46059787,,,1.25126672,no_old
V045,116,switch,17,17,2251,2250,,,,,,,,0.35902211,0.26508370,10.21812116,,no_last_seen|no_prev
V045,116,reuse,17,16,2250,0,115,1,0.46059787,6.00000000,2.25000000,6.40800281,0.46059787,0.41341070,,,1.09404160,
V045,120,switch,16,16,2251,2250,119,1,0.42822133,6.20000000,-0.95000000,6.27236000,0.42822133,0.38666051,,,1.30584560,no_old
V045,121,switch,17,17,2252,2251,,,,,,,,0.40944940,0.19647399,14.57026081,,no_last_seen|no_prev
V045,121,reuse,17,16,2251,0,120,1,0.38666051,8.20000000,0.85000000,8.24393717,0.38666051,0.37996879,,,1.12089940,
V045,125,switch,16,16,2252,2251,124,1,0.50813733,7.40000000,-2.70000000,7.87718224,0.50813733,0.50302037,,,1.28214575,no_old
V045,126,switch,0,0,2253,2234,,,,,,,,0.66862319,,,,no_last_seen|no_prev|no_old
V045,126,reuse,17,16,2252,0,125,1,0.50302037,9.05000000,-0.10000000,9.05055247,0.50302037,0.46639137,,,1.07997965,
V045,127,switch,17,17,2255,2252,,,,,,,,0.36002053,0.25422632,16.51945822,,no_last_seen|no_prev
V045,130,switch,16,16,2255,2252,129,1,0.42022651,7.20000000,-6.60000000,9.76729236,0.42022651,0.39441949,,,1.43553814,no_old
V045,131,switch,17,17,2256,2255,,,,,,,,0.46835254,0.28055613,17.53974059,,no_last_seen|no_prev
V045,131,reuse,17,16,2255,0,130,1,0.39441949,10.75000000,-1.40000000,10.84077949,0.39441949,0.38533665,,,1.11841715,
V045,143,switch,16,16,2264,2255,,,,,,,,0.33434207,,,,no_last_seen|no_prev|no_old
V045,146,switch,16,16,2265,2264,,,,,,,,0.39793801,,,,no_last_seen|no_prev|no_old
V045,151,switch,16,16,2267,2265,,,,,,,,0.45608239,,,,no_last_seen|no_prev|no_old
V045,154,switch,8,8,2222,2231,153,1,0.81378703,2.15000000,3.15000000,3.81379077,0.81378703,0.62731057,0.32700909,17.27338994,0.98442439,
V045,155,reuse,6,8,2222,0,154,1,0.62731057,5.95000000,5.20000000,7.90205669,0.62731057,0.71347841,,,1.04308317,
V045,157,switch,6,6,2231,2222,156,1,0.86093814,-0.25000000,3.90000000,3.90800461,0.86093814,0.83768305,0.23449362,21.66748716,1.03800800,
V045,158,reuse,8,6,2231,0,157,1,0.83768305,-1.95000000,2.85000000,3.45325933,0.83768305,0.90517159,,,1.00092331,
V045,160,switch,10,10,2222,2236,159,1,0.73588892,5.00000000,0.30000000,5.00899191,0.73588892,0.74252701,,,1.01486733,no_old
V045,161,switch,17,17,2252,2256,129,32,0.00000000,270.80000000,42.40000000,274.09925210,,0.89286079,,,1.49709821,no_prev|no_old
V045,161,reuse,8,10,2222,0,160,1,0.74252701,-4.55000000,1.20000000,4.70558179,0.74252701,0.53501910,,,1.01438935,
V045,162,reuse,16,17,2252,0,161,1,0.89286079,-1.65000000,0.60000000,1.75570499,0.89286079,,,,0.99654590,no_next
V045,164,switch,17,17,2268,2252,,,,,,,,,,,,no_last_seen|no_prev|no_next|no_old
V045,165,switch,10,10,2231,2222,164,1,0.87908697,1.75000000,-1.55000000,2.33773395,0.87908697,0.65648709,,,1.01778971,no_old
V045,166,switch,6,6,2271,2231,,,,,,,,0.53586000,0.17464644,29.47969640,,no_last_seen|no_prev
V045,166,switch,8,8,2272,2222,,,,,,,,0.50005879,,,,no_last_seen|no_prev|no_old
V045,166,switch,14,14,2270,2242,,,,,,,,0.49350455,,,,no_last_seen|no_prev|no_old
V045,166,switch,17,17,2269,2252,,,,,,,,0.41946365,,,,no_last_seen|no_prev|no_old
V045,166,reuse,6,10,2231,0,165,1,0.65648709,-8.20000000,-0.95000000,8.25484706,0.65648709,0.54423637,,,1.03690159,
V045,169,switch,16,16,2273,2267,,,,,,,,,,,,no_last_seen|no_prev|no_next|no_old
V045,171,switch,2,2,2274,2225,,,,,,,,0.60673823,,,,no_last_seen|no_prev|no_old
V045,171,switch,12,12,2275,2220,,,,,,,,0.59287174,,,,no_last_seen|no_prev|no_old
V045,171,switch,16,16,2276,2267,,,,,,,,0.67177104,,,,no_last_seen|no_prev|no_old
V045,171,switch,17,17,2277,2269,,,,,,,,0.48980586,,,,no_last_seen|no_prev|no_old
V045,176,switch,19,19,2278,2239,,,,,,,,0.78264107,,,,no_last_seen|no_prev|no_old
V045,178,switch,17,17,2269,2277,169,9,0.00000000,-112.65000000,12.10000000,113.29798101,,0.61518544,,,0.68095281,no_prev|no_old
V045,179,switch,0,0,2279,2253,,,,,,,,0.62516025,,,,no_last_seen|no_prev|no_old
V045,187,switch,1,1,2280,2221,,,,,,,,0.77815499,,,,no_last_seen|no_prev|no_old
V045,192,switch,15,15,2281,2218,,,,,,,,0.87737939,,,,no_last_seen|no_prev|no_old
V045,194,switch,20,20,2282,2244,,,,,,,,0.66444498,,,,no_last_seen|no_prev|no_old
V045,225,switch,18,18,2283,2214,,,,,,,,0.37257591,,,,no_last_seen|no_prev|no_old
V046,4,switch,7,7,2293,2290,3,1,0.90245143,3.45000000,3.00000000,4.57192520,0.90245143,0.55256553,0.63306728,16.15340521,0.92783447,
V046,4,reuse,7,8,2290,0,3,1,0.47327451,22.15000000,-19.35000000,29.41164735,0.47327451,0.74373810,,,0.67941889,
V046,89,switch,5,5,2290,2288,88,1,0.86694786,5.20000000,0.90000000,5.27730992,0.86694786,0.89400356,0.51088992,27.33848021,0.99307900,
V046,90,reuse,8,5,2290,0,89,1,0.89400356,3.60000000,1.60000000,3.93954312,0.89400356,0.87655820,,,0.98325835,
V046,92,switch,8,8,2288,2290,91,1,0.95154945,1.65000000,0.75000000,1.81245690,0.95154945,0.83518532,0.39857357,31.86259563,0.97954705,
V046,93,reuse,5,8,2288,0,92,1,0.83518532,-0.20000000,-5.35000000,5.35373701,0.83518532,0.91121579,,,0.83518532,
V046,103,switch,7,7,2288,2293,102,1,0.92703976,1.30000000,0.55000000,1.41155942,0.92703976,0.93372573,,,0.92703976,no_old
V046,104,reuse,8,7,2288,0,103,1,0.93372573,-1.40000000,0.95000000,1.69189243,0.93372573,0.92366810,,,0.94659359,
V046,107,switch,2,2,2296,2287,,,,,,,,0.81967335,,,,no_last_seen|no_prev|no_old
V046,111,switch,4,4,2297,2291,,,,,,,,0.58341692,,,,no_last_seen|no_prev|no_old
V046,111,switch,8,8,2298,2288,,,,,,,,0.82932217,0.60641230,17.80147466,,no_last_seen|no_prev
V046,545,switch,3,3,2288,2289,544,1,0.82794600,-5.70000000,-0.80000000,5.75586657,0.82794600,0.80309870,0.47399395,19.62810485,0.97463263,
V046,545,switch,7,7,2289,2288,544,1,0.94919789,-0.95000000,-1.20000000,1.53052279,0.94919789,0.95581840,0.47399395,19.62810485,1.04276967,
V046,546,reuse,7,3,2288,0,545,1,0.80309870,-6.75000000,-0.70000000,6.78619923,0.80309870,0.72102398,,,0.99621872,
V046,546,reuse,3,7,2289,0,545,1,0.95581840,-0.25000000,-1.10000000,1.12805142,0.95581840,0.97199682,,,1.03559017,
V046,872,switch,9,9,2299,2294,,,,,,,,0.79767101,,,,no_last_seen|no_prev|no_old
V046,883,switch,4,4,2300,2297,,,,,,,,0.53548985,,,,no_last_seen|no_prev|no_old
V046,885,switch,8,8,2301,2298,,,,,,,,0.22579865,,,,no_last_seen|no_prev|no_old
V046,1002,switch,6,6,2302,2292,,,,,,,,0.83399003,,,,no_last_seen|no_prev|no_old
V047,714,switch,4,4,2313,2312,,,,,,,,0.73666230,,,,no_last_seen|no_prev|no_old
V047,888,switch,6,6,2318,2310,,,,,,,,0.89565203,,,,no_last_seen|no_prev|no_old
V047,908,switch,8,8,2319,2308,,,,,,,,0.58416593,,,,no_last_seen|no_prev|no_old
V047,922,switch,9,9,2320,2303,,,,,,,,0.57603470,,,,no_last_seen|no_prev|no_old
V047,926,switch,7,7,2321,2306,,,,,,,,0.55343709,,,,no_last_seen|no_prev|no_old
V047,1009,switch,5,5,2322,2311,,,,,,,,0.34240095,,,,no_last_seen|no_prev|no_old
V047,1101,switch,3,3,2318,2304,1100,1,0.33007375,13.90000000,-36.45000000,39.01041528,0.33007375,0.30696289,,,0.91106750,no_old
V047,1102,switch,1,1,2325,2305,,,,,,,,0.50006653,,,,no_last_seen|no_prev|no_old
V047,1102,switch,8,8,2323,2319,,,,,,,,0.40231611,,,,no_last_seen|no_prev|no_old
V047,1102,reuse,6,3,2318,0,1101,1,0.30696289,20.65000000,-14.50000000,25.23237008,0.30696289,0.31250668,,,0.97961001,
V047,1107,switch,3,3,2331,2318,,,,,,,,0.40543020,,,,no_last_seen|no_prev|no_old
V047,1109,switch,8,8,2337,2323,,,,,,,,0.40240437,,,,no_last_seen|no_prev|no_old
V047,1112,switch,2,2,2346,2307,,,,,,,,0.54968238,,,,no_last_seen|no_prev|no_old
V047,1112,switch,6,6,2345,2318,,,,,,,,0.49232898,,,,no_last_seen|no_prev|no_old
V047,1112,switch,8,8,2344,2337,,,,,,,,0.62243052,,,,no_last_seen|no_prev|no_old
V047,1117,switch,1,1,2323,2325,1105,12,0.00000000,235.30000000,-73.75000000,246.58700797,,0.73773210,,,0.95432816,no_prev|no_old
V047,1118,switch,2,2,2325,2346,1116,2,0.23723133,42.40000000,-11.25000000,43.86710043,,0.83668304,,,1.06455311,no_prev|no_old
V047,1118,switch,8,8,2337,2344,1110,8,0.00000000,93.10000000,4.20000000,93.19468869,,0.93752375,,,0.97397153,no_prev|no_old
V047,1118,reuse,8,1,2323,0,1117,1,0.73773210,7.05000000,-1.65000000,7.24051103,0.73773210,0.85228464,,,0.98275497,
V047,1119,reuse,1,2,2325,0,1118,1,0.83668304,5.15000000,-3.05000000,5.98539890,0.83668304,,,,0.98803855,no_next
V047,1120,switch,1,1,2307,2323,1105,15,0.00000000,283.35000000,7.40000000,283.44661314,,0.89595672,0.21121994,39.13531014,0.86291778,no_prev
V047,1120,switch,2,2,2323,2325,1119,1,0.29026375,26.00000000,-12.05000000,28.65663100,0.29026375,0.80807863,,,1.13513018,no_old
V047,1121,reuse,2,1,2307,0,1120,1,0.89595672,2.75000000,-1.50000000,3.13249102,0.89595672,0.41978056,,,0.92143985,
V047,1121,reuse,1,2,2323,0,1120,1,0.80807863,4.55000000,-3.65000000,5.83309523,0.80807863,,,,1.05928302,no_next
V047,1122,switch,2,2,2307,2323,1121,1,0.41978056,23.45000000,-9.55000000,25.32005134,0.41978056,0.83191669,,,1.16952998,no_old
V047,1123,switch,1,1,2347,2307,,,,,,,,0.79192170,0.12615958,47.20415766,,no_last_seen|no_prev
V047,1123,reuse,1,2,2307,0,1122,1,0.83191669,4.90000000,-3.10000000,5.79827561,0.83191669,0.88900574,,,1.05529622,
V048,59,switch,0,0,2351,2349,58,1,0.70962403,10.60000000,0.70000000,10.62308806,0.70962403,0.72395333,0.49956682,25.48023744,0.97163089,
V048,59,switch,1,1,2349,2351,58,1,0.84430475,5.95000000,-3.60000000,6.95431521,0.84430475,0.88194188,0.49956682,25.48023744,0.99297189,
V048,60,reuse,1,0,2351,0,59,1,0.72395333,10.05000000,0.45000000,10.06006958,0.72395333,0.70648597,,,1.01054477,
V048,60,reuse,0,1,2349,0,59,1,0.88194188,3.80000000,-3.45000000,5.13249452,0.88194188,0.70710685,,,0.98331977,
V048,216,switch,0,0,2349,2351,215,1,0.83039601,-8.20000000,-1.65000000,8.36435891,0.83039601,0.71497548,0.51518456,27.85327629,1.00775442,
V048,216,switch,1,1,2351,2349,215,1,0.88200169,-4.75000000,-1.65000000,5.02841923,0.88200169,0.83200228,0.51518456,27.85327629,0.96899037,
V048,217,reuse,1,0,2349,0,216,1,0.71497548,-15.15000000,-1.65000000,15.23958661,0.71497548,0.82035260,,,0.99162610,
V048,217,reuse,0,1,2351,0,216,1,0.83200228,-6.15000000,-3.60000000,7.12618411,0.83200228,0.82483783,,,0.92407754,
V048,332,switch,7,7,2353,2350,331,1,0.85881724,5.35000000,-4.35000000,6.89528825,0.85881724,0.85852961,,,1.13126364,no_old
V048,333,reuse,2,7,2353,0,332,1,0.85852961,3.65000000,-17.30000000,17.68085122,0.85852961,0.90961088,,,1.05583042,
V048,334,switch,2,2,2350,2353,330,4,0.68876982,4.40000000,-24.15000000,24.54755589,,0.85788404,0.57625555,34.43301468,0.68876982,no_prev
V048,335,reuse,7,2,2350,0,334,1,0.85788404,-0.05000000,-9.10000000,9.10013736,0.85788404,0.93663750,,,0.85788404,
V048,349,switch,5,5,2360,2352,,,,,,,,0.71556042,,,,no_last_seen|no_prev|no_old
V048,389,switch,4,4,2361,2355,,,,,,,,0.87477967,,,,no_last_seen|no_prev|no_old
V048,402,switch,6,6,2362,2354,,,,,,,,0.31698929,,,,no_last_seen|no_prev|no_old
V048,404,switch,8,8,2363,2358,,,,,,,,0.68046775,,,,no_last_seen|no_prev|no_old
V048,554,switch,0,0,2350,2349,553,1,0.77770995,8.35000000,16.05000000,18.09212536,0.77770995,0.85281040,,,1.13116694,no_old
V048,555,reuse,2,0,2350,0,554,1,0.85281040,9.40000000,1.40000000,9.50368350,0.85281040,0.90757488,,,1.02435352,
V048,578,switch,2,2,2349,2350,553,25,0.08130531,92.70000000,-96.40000000,133.73948557,,,0.49917553,33.37281828,0.61894148,no_prev|no_next
V048,581,reuse,0,2,2349,0,578,3,0.80594184,5.10000000,7.45000000,9.02842733,,0.90406313,,,1.22116274,no_prev
V049,52,switch,4,4,2374,2369,,,,,,,,0.88479767,,,,no_last_seen|no_prev|no_old
V049,54,switch,9,9,2375,2373,,,,,,,,0.92534718,,,,no_last_seen|no_prev|no_old
V049,115,switch,1,1,2372,2367,114,1,0.78014973,5.35000000,9.85000000,11.20914805,0.78014973,0.63635315,0.39568208,33.48089007,0.95221456,
V049,115,switch,8,8,2367,2372,114,1,0.55539971,10.05000000,13.10000000,16.51098119,0.55539971,0.39620661,0.39568208,33.48089007,0.87467880,
V049,116,reuse,8,1,2372,0,115,1,0.63635315,11.85000000,13.20000000,17.73872882,0.63635315,0.72736915,,,0.95763667,
V049,116,reuse,1,8,2367,0,115,1,0.39620661,14.75000000,20.80000000,25.49906861,0.39620661,0.58634953,,,0.91982676,
V049,236,switch,8,8,2377,2367,,,,,,,,0.66138695,,,,no_last_seen|no_prev|no_old
V049,237,switch,7,7,2377,2371,236,1,0.66138695,11.90000000,4.70000000,12.79453008,0.66138695,0.95218044,,,1.36351235,no_old
V049,238,switch,8,8,2371,2367,236,2,0.37415919,-42.65000000,-20.40000000,47.27771674,,0.70422257,,,0.74784997,no_prev|no_old
V049,239,reuse,7,8,2371,0,238,1,0.70422257,-14.85000000,-5.75000000,15.92435242,0.70422257,0.77638244,,,0.97429836,
V049,288,switch,0,0,2379,2370,,,,,,,,0.72653180,,,,no_last_seen|no_prev|no_old
V049,288,switch,3,3,2380,2364,,,,,,,,0.77517798,,,,no_last_seen|no_prev|no_old
V049,304,switch,5,5,2381,2366,,,,,,,,0.93494664,,,,no_last_seen|no_prev|no_old
V049,445,switch,1,1,2377,2372,444,1,0.84924911,-5.25000000,-2.45000000,5.79353088,0.84924911,0.96576617,0.38828777,34.63249919,0.97362159,
V049,445,switch,7,7,2372,2377,444,1,0.80782052,8.45000000,-0.80000000,8.48778534,0.80782052,0.81621088,0.38828777,34.63249919,1.03638178,
V049,446,reuse,7,1,2377,0,445,1,0.96576617,-1.10000000,-0.40000000,1.17046999,0.96576617,0.91218858,,,1.02860548,
V049,446,reuse,1,7,2372,0,445,1,0.81621088,7.40000000,-2.35000000,7.76418057,0.81621088,0.82413423,,,0.99589773,
V049,584,switch,2,2,2372,2368,583,1,0.74812096,8.30000000,-1.45000000,8.42570472,0.74812096,0.82579367,0.41197093,24.46681426,0.97708920,
V049,584,switch,7,7,2368,2372,583,1,0.89736630,-1.85000000,0.65000000,1.96086716,0.89736630,0.91543555,0.41197093,24.46681426,0.89736630,
V049,585,reuse,7,2,2372,0,584,1,0.82579367,5.45000000,-0.80000000,5.50840267,0.82579367,0.80331923,,,0.97899133,
V049,585,reuse,2,7,2368,0,584,1,0.91543555,-1.00000000,0.10000000,1.00498756,0.91543555,0.94660290,,,0.91543555,
V049,706,switch,0,0,2382,2379,,,,,,,,0.64943015,,,,no_last_seen|no_prev|no_old
V050,462,switch,2,2,2390,2384,461,1,0.95041532,-0.10000000,-0.65000000,0.65764732,0.95041532,0.96107840,0.46396283,31.13265970,0.95041532,
V050,462,switch,8,8,2384,2390,461,1,0.97089814,0.85000000,0.05000000,0.85146932,0.97089814,0.98384771,0.46396283,31.13265970,1.00387368,
V050,463,reuse,8,2,2390,0,462,1,0.96107840,0.20000000,-0.30000000,0.36055513,0.96107840,0.96466082,,,0.96232408,
V050,463,reuse,2,8,2384,0,462,1,0.98384771,-0.10000000,-0.40000000,0.41231056,0.98384771,0.95804837,,,1.01111111,
V050,574,switch,2,2,2384,2390,573,1,0.95024071,1.15000000,-1.40000000,1.81176709,0.95024071,0.98238115,0.40518792,28.99836202,1.00288839,
V050,574,switch,8,8,2390,2384,573,1,0.84694893,5.30000000,-0.85000000,5.36772764,0.84694893,0.91696879,0.40518792,28.99836202,1.00401213,
V050,575,reuse,8,2,2384,0,574,1,0.98238115,-0.20000000,-0.95000000,0.97082439,0.98238115,0.97937893,,,1.00779973,
V050,575,reuse,2,8,2390,0,574,1,0.91696879,2.45000000,1.70000000,2.98202951,0.91696879,0.96088822,,,1.04635107,
V050,875,switch,2,2,2393,2384,,,,,,,,0.92443268,,,,no_last_seen|no_prev|no_old
V051,387,switch,0,0,2404,2398,,,,,,,,0.86836199,,,,no_last_seen|no_prev|no_old
V051,389,switch,2,2,2398,2396,376,13,0.22929324,49.80000000,18.15000000,53.00436303,,0.92956433,,,1.25603963,no_prev|no_old
V051,390,reuse,0,2,2398,0,389,1,0.92956433,-1.40000000,5.15000000,5.33689985,0.92956433,0.94046788,,,1.05679428,
V051,404,switch,2,2,2402,2398,403,1,0.85521605,-7.25000000,-3.20000000,7.92480284,0.85521605,0.81598546,0.38313632,47.71944048,1.04021278,
V051,404,switch,7,7,2398,2402,403,1,0.89861911,1.30000000,-8.80000000,8.89550448,0.89861911,0.89149218,0.38313632,47.71944048,0.97383720,
V051,405,reuse,7,2,2402,0,404,1,0.81598546,-8.95000000,-5.90000000,10.71972481,0.81598546,0.82106524,,,1.02042629,
V051,405,reuse,2,7,2398,0,404,1,0.89149218,-2.60000000,-6.40000000,6.90796642,0.89149218,0.94085424,,,0.97941983,
V051,459,switch,1,1,2405,2401,,,,,,,,0.93860929,,,,no_last_seen|no_prev|no_old
V051,465,switch,5,5,2406,2403,,,,,,,,0.87872881,,,,no_last_seen|no_prev|no_old
V051,475,switch,8,8,2407,2394,,,,,,,,0.82031394,,,,no_last_seen|no_prev|no_old
V051,492,switch,9,9,2408,2397,491,1,0.49206848,8.30000000,-11.90000000,14.50861813,0.49206848,0.54576827,,,0.86503067,no_old
V051,712,switch,0,0,2399,2404,711,1,0.74370775,7.80000000,5.65000000,9.63132909,0.74370775,0.73837319,,,0.95037079,no_old
V051,713,reuse,3,0,2399,0,712,1,0.73837319,6.85000000,9.20000000,11.47006975,0.73837319,0.74589069,,,1.05741088,
V051,714,switch,5,5,2400,2406,713,1,0.90617100,-1.15000000,5.50000000,5.61894118,0.90617100,0.86105357,0.47263592,37.48499700,1.00189718,
V051,714,switch,6,6,2406,2400,713,1,0.69824867,-8.30000000,18.80000000,20.55066909,0.69824867,0.77341135,0.47263592,37.48499700,1.08953560,
V051,715,reuse,6,5,2400,0,714,1,0.86105357,-2.95000000,5.70000000,6.41813836,0.86105357,0.87748995,,,1.02567207,
V051,715,reuse,5,6,2406,0,714,1,0.77341135,-5.85000000,14.55000000,15.68199605,0.77341135,0.81723720,,,1.11296970,
V052,16,switch,2,2,2409,2413,15,1,0.71120452,-0.15000000,20.00000000,20.00056249,0.71120452,0.35822159,,,0.98533514,no_old
V052,16,switch,4,4,2411,2412,15,1,0.47357670,-12.90000000,-9.85000000,16.23060381,0.47357670,0.31618935,0.15499152,30.95884365,1.10475625,
V052,16,switch,5,5,2412,2410,15,1,0.35042516,-19.30000000,3.80000000,19.67053634,0.35042516,0.26607767,,,1.06687636,no_old
V052,16,switch,7,7,2415,2416,15,1,0.47179480,-13.35000000,24.20000000,27.63806252,0.47179480,0.40686737,,,1.13095824,no_old
V052,17,switch,6,6,2420,2415,,,,,,,,0.43496420,0.09828625,72.36010641,,no_last_seen|no_prev
V052,17,switch,8,8,2418,2417,,,,,,,,0.33854833,,,,no_last_seen|no_prev|no_old
V052,17,reuse,0,2,2409,0,16,1,0.35822159,-16.45000000,7.50000000,18.07906248,0.35822159,0.21264183,,,0.98677249,
V052,17,reuse,3,4,2411,0,16,1,0.31618935,-21.55000000,-5.00000000,22.12244336,0.31618935,0.65421088,,,1.00770130,
V052,17,reuse,4,5,2412,0,16,1,0.26607767,-24.30000000,0.40000000,24.30329196,0.26607767,,,,1.00396040,no_next
V052,17,reuse,6,7,2415,0,16,1,0.40686737,-23.80000000,7.85000000,25.06117515,0.40686737,0.37227968,,,1.01079558,
V052,18,switch,4,4,2423,2411,,,,,,,,0.84432794,0.22980119,26.05307084,,no_last_seen|no_prev
V052,18,switch,5,5,2411,2412,17,1,0.65421088,-7.55000000,6.30000000,9.83323446,0.65421088,,,,1.09726095,no_next|no_old
V052,19,switch,4,4,2426,2411,,,,,,,,0.83953238,,,,no_last_seen|no_prev|no_old
V052,19,switch,5,5,2423,2412,18,1,0.84432794,1.15000000,7.35000000,7.43942202,0.84432794,,,,1.14668524,no_next|no_old
V052,20,switch,4,4,2428,2411,,,,,,,,0.37052343,,,,no_last_seen|no_prev|no_old
V052,20,switch,5,5,2426,2412,19,1,0.83953238,0.90000000,7.35000000,7.40489703,0.83953238,,,,1.16092764,no_next|no_old
V052,20,switch,9,9,2417,2425,15,5,0.30835500,-26.80000000,10.60000000,28.82013185,,0.42212975,,,1.17054715,no_prev|no_old
V052,21,switch,2,2,2429,2409,,,,,,,,,,,,no_last_seen|no_prev|no_next|no_old
V052,21,switch,5,5,2428,2412,20,1,0.37052343,-18.45000000,7.55000000,19.93501944,0.37052343,0.30109774,,,1.14622992,no_old
V052,21,switch,6,6,2410,2420,15,6,0.00000000,-73.10000000,-37.80000000,82.29489656,,0.19314169,,,0.65208867,no_prev|no_old
V052,21,reuse,8,10,2417,0,20,1,0.42212975,9.10000000,35.00000000,36.16365579,0.42212975,0.54702376,,,1.24599659,
V052,22,switch,1,1,2437,2414,,,,,,,,0.45442297,,,,no_last_seen|no_prev|no_old
V052,22,switch,4,4,2435,2411,,,,,,,,0.82379745,,,,no_last_seen|no_prev|no_old
V052,22,switch,9,9,2433,2425,,,,,,,,0.39315137,,,,no_last_seen|no_prev|no_old
V052,22,reuse,5,6,2410,0,21,1,0.19314169,-23.50000000,-4.50000000,23.92697223,0.19314169,,,,0.99887246,no_next
V052,23,switch,4,4,2440,2411,,,,,,,,0.82954362,,,,no_last_seen|no_prev|no_old
V052,23,switch,5,5,2435,2428,22,1,0.82379745,0.85000000,8.15000000,8.19420527,0.82379745,,,,1.17980579,no_next|no_old
V052,23,switch,6,6,2423,2410,19,4,0.51200063,1.70000000,-34.40000000,34.44198020,,,,,0.69098052,no_prev|no_next|no_old
V052,24,switch,4,4,2443,2411,,,,,,,,0.83840280,,,,no_last_seen|no_prev|no_old
V052,24,switch,5,5,2440,2428,23,1,0.82954362,1.55000000,8.25000000,8.39434333,0.82954362,,,,1.16195286,no_next|no_old
V052,24,switch,6,6,2426,2410,20,4,0.50870892,0.85000000,-34.65000000,34.66042412,,,,,0.68759795,no_prev|no_next|no_old
V052,25,switch,4,4,2446,2411,,,,,,,,0.54973051,,,,no_last_seen|no_prev|no_old
V052,25,switch,5,5,2443,2428,24,1,0.83840280,1.55000000,7.20000000,7.36495078,0.83840280,,,,1.16877096,no_next|no_old
V052,25,switch,6,6,2412,2410,17,8,0.00000000,-108.55000000,-39.35000000,115.46222326,,,,,0.68853198,no_prev|no_next|no_old
V052,26,switch,4,4,2449,2411,,,,,,,,0.82617891,0.00000000,135.32202334,,no_last_seen|no_prev
V052,26,switch,5,5,2446,2428,25,1,0.54973051,-11.90000000,8.35000000,14.53727966,0.54973051,,,,1.15799176,no_next|no_old
V052,26,switch,6,6,2411,2410,18,8,0.00000000,-113.85000000,-35.80000000,119.34597815,,0.34420091,,,0.67362866,no_prev|no_old
V052,27,switch,0,0,2451,2409,,,,,,,,0.38918841,,,,no_last_seen|no_prev|no_old
V052,27,switch,2,2,2450,2409,,,,,,,,0.47468128,,,,no_last_seen|no_prev|no_old
V052,27,switch,4,4,2452,2411,,,,,,,,0.77780018,0.00000000,138.18759894,,no_last_seen|no_prev
V052,27,switch,5,5,2449,2428,26,1,0.82617891,-0.25000000,8.35000000,8.35374168,0.82617891,,,,1.16853420,no_next|no_old
V052,27,reuse,4,6,2411,0,26,1,0.34420091,-18.45000000,-2.35000000,18.59905912,0.34420091,0.37317353,,,1.01393474,
V052,28,switch,3,3,2453,2411,,,,,,,,0.57440123,0.00000000,163.72318101,,no_last_seen|no_prev
V052,28,switch,5,5,2452,2428,27,1,0.77780018,3.00000000,8.85000000,9.34465088,0.77780018,0.58624928,,,1.16774841,no_old
V052,29,switch,4,4,2453,2411,28,1,0.57440123,2.25000000,-30.95000000,31.03167736,0.57440123,0.52578463,0.00000000,135.37231068,1.00977271,
V052,30,switch,3,3,2455,2411,,,,,,,,0.74893547,0.00000000,158.05647725,,no_last_seen|no_prev
V052,31,switch,3,3,2413,2411,15,16,0.00000000,-202.65000000,59.90000000,211.31737387,,0.45957093,0.00000000,163.71010965,1.20149634,no_prev
V052,31,switch,5,5,2455,2452,30,1,0.74893547,1.05000000,-14.15000000,14.18890412,0.74893547,0.60480838,,,1.21608421,no_old
V052,32,switch,4,4,2429,2453,21,11,0.30650559,17.05000000,15.55000000,23.07606986,,0.70551660,,,1.18023366,no_prev|no_old
V052,32,reuse,2,3,2413,0,31,1,0.45957093,-12.90000000,1.90000000,13.03917175,0.45957093,0.49002727,,,0.98623188,
V052,44,switch,3,3,2428,2413,22,22,0.00000000,-313.85000000,35.60000000,315.86260067,,0.81573550,,,0.87228503,no_prev|no_old
V052,45,reuse,5,3,2428,0,44,1,0.81573550,-4.05000000,0.45000000,4.07492331,0.81573550,0.91595897,,,0.97288161,
V052,48,switch,3,3,2452,2428,30,18,0.00000000,-139.75000000,33.10000000,143.61640749,,0.89574772,,,0.83250733,no_prev|no_old
V052,49,reuse,5,3,2452,0,48,1,0.89574772,-2.25000000,0.45000000,2.29455878,0.89574772,0.93733306,,,0.97736885,
V052,92,switch,1,1,2457,2437,,,,,,,,0.81614201,,,,no_last_seen|no_prev|no_old
V052,111,switch,0,0,2458,2451,,,,,,,,0.80917896,,,,no_last_seen|no_prev|no_old
V052,120,switch,5,5,2459,2455,,,,,,,,0.67412522,,,,no_last_seen|no_prev|no_old
V052,128,switch,4,4,2459,2429,127,1,0.39057929,21.00000000,1.45000000,21.05000000,0.39057929,0.43426315,0.42732991,22.72366608,0.84371378,
V052,128,switch,5,5,2429,2459,127,1,0.59269226,15.10000000,6.95000000,16.62265021,0.59269226,0.55095591,0.42732991,22.72366608,1.02979061,
V052,129,reuse,5,4,2459,0,128,1,0.43426315,16.80000000,5.25000000,17.60120734,0.43426315,0.43282723,,,0.86119346,
V052,129,reuse,4,5,2429,0,128,1,0.55095591,15.15000000,12.85000000,19.86567391,0.55095591,0.59668548,,,0.97542450,
V052,131,switch,5,5,2459,2429,130,1,0.45010694,14.95000000,10.00000000,17.98617525,0.45010694,0.45657788,,,0.98521126,no_old
V052,132,reuse,4,5,2459,0,131,1,0.45657788,15.75000000,6.00000000,16.85415379,0.45657788,0.47872564,,,0.94057225,
V052,135,reuse,5,4,2459,0,134,1,0.59937464,11.90000000,0.35000000,11.90514595,0.59937464,0.64299101,,,0.98131673,
V052,136,reuse,4,5,2459,0,135,1,0.64299101,9.60000000,1.55000000,9.72432517,0.64299101,0.81323446,,,0.92606333,
V052,137,switch,5,5,2461,2459,,,,,,,,0.72415769,0.77999150,7.77190453,,no_last_seen|no_prev
V052,137,reuse,5,4,2459,0,136,1,0.81323446,4.40000000,-0.20000000,4.40454311,0.81323446,0.58050368,,,0.97088619,
V052,142,switch,4,4,2461,2459,141,1,0.92419641,0.60000000,-2.10000000,2.18403297,0.92419641,0.80963656,,,1.08202108,no_old
V052,142,switch,5,5,2429,2461,141,1,0.96585638,-0.35000000,0.00000000,0.35000000,0.96585638,0.91713775,0.49286195,17.87805918,0.96585638,
V052,143,reuse,5,4,2461,0,142,1,0.80963656,-4.00000000,-2.60000000,4.77074418,0.80963656,0.84202968,,,0.96910045,
V052,145,switch,5,5,2460,2429,133,12,0.53674955,8.40000000,9.95000000,13.02161664,,0.65182094,,,0.93748604,no_prev|no_old
V052,236,switch,7,7,2411,2415,235,1,0.68869265,-4.85000000,-13.70000000,14.53315176,0.68869265,0.85087908,,,1.05839690,no_old
V052,237,switch,6,6,2463,2411,,,,,,,,0.57957457,0.06007449,46.90612966,,no_last_seen|no_prev
V052,237,reuse,6,7,2411,0,236,1,0.85087908,3.60000000,-2.15000000,4.19314917,0.85087908,0.73658695,,,1.01567164,
V052,241,switch,5,5,2415,2460,235,6,0.68821106,-6.35000000,12.50000000,14.02043152,,0.76309351,,,0.88445182,no_prev|no_old
V052,242,reuse,7,5,2415,0,241,1,0.76309351,5.75000000,5.60000000,8.02636281,0.76309351,0.80102772,,,0.99019333,
V052,252,switch,4,4,2465,2461,,,,,,,,0.77732975,0.00000000,90.47087929,,no_last_seen|no_prev
V052,252,switch,7,7,2461,2411,245,7,0.00000000,51.65000000,13.85000000,53.47471365,,0.96130470,,,1.15340523,no_prev|no_old
V052,253,reuse,4,7,2461,0,252,1,0.96130470,0.65000000,0.75000000,0.99247166,0.96130470,0.92249772,,,0.99331761,
V052,283,switch,6,6,2466,2463,,,,,,,,0.82906416,,,,no_last_seen|no_prev|no_old
V052,286,switch,6,6,2418,2466,285,1,0.75437080,8.00000000,-2.95000000,8.52657610,0.75437080,0.80053832,0.35851001,29.34246070,0.90422611,
V052,286,switch,8,8,2466,2418,285,1,0.71524023,8.55000000,-3.50000000,9.23864168,0.71524023,0.88665764,0.35851001,29.34246070,0.93111552,
V052,287,reuse,8,6,2418,0,286,1,0.80053832,6.00000000,1.10000000,6.10000000,0.80053832,0.90103005,,,1.11105315,
V052,287,reuse,6,8,2466,0,286,1,0.88665764,2.75000000,0.95000000,2.90946731,0.88665764,0.95415126,,,1.07915515,
V052,376,switch,5,5,2465,2415,375,1,0.52439737,12.00000000,12.30000000,17.18400419,0.52439737,0.56643855,,,0.88784879,no_old
V052,376,switch,7,7,2466,2461,375,1,0.68351091,3.85000000,15.70000000,16.16516316,0.68351091,0.72541028,,,1.24888554,no_old
V052,377,switch,4,4,2468,2465,,,,,,,,0.56058380,0.42861288,20.04906482,,no_last_seen|no_prev
V052,377,switch,8,8,2467,2466,,,,,,,,0.59982620,0.22411806,49.78897970,,no_last_seen|no_prev
V052,377,reuse,4,5,2465,0,376,1,0.56643855,12.65000000,3.80000000,13.20842534,0.56643855,0.63721624,,,1.00379201,
V052,377,reuse,8,7,2466,0,376,1,0.72541028,9.15000000,5.20000000,10.52437647,0.72541028,0.72992768,,,1.09000872,
V052,387,switch,7,7,2461,2466,375,12,0.00000000,93.35000000,-1.90000000,93.36933383,,0.93944934,,,1.21231821,no_prev|no_old
V052,389,switch,5,5,2415,2465,375,14,0.00000000,78.15000000,3.20000000,78.21548760,,0.96464165,,,0.81028777,no_prev|no_old
V052,391,switch,4,4,2465,2468,388,3,0.57838739,14.25000000,-7.30000000,16.01101184,,0.89625890,,,0.86794358,no_prev|no_old
V052,392,reuse,5,4,2465,0,391,1,0.89625890,-2.75000000,-1.20000000,3.00041664,0.89625890,0.83023090,,,0.96607431,
V052,399,switch,10,10,2469,2417,,,,,,,,0.62258497,,,,no_last_seen|no_prev|no_old
V052,436,switch,5,5,2470,2415,435,1,0.64563316,6.20000000,2.20000000,6.57875368,0.64563316,0.50226473,,,0.96376570,no_old
V052,462,switch,6,6,2467,2418,461,1,0.86214329,4.20000000,2.85000000,5.07567729,0.86214329,0.90073106,0.57996426,17.77055148,1.01310230,
V052,462,switch,8,8,2418,2467,461,1,0.79437205,4.25000000,-7.05000000,8.23194995,0.79437205,0.77301236,0.57996426,17.77055148,0.84937606,
V052,463,reuse,8,6,2467,0,462,1,0.90073106,3.15000000,1.65000000,3.55598088,0.90073106,0.89050248,,,1.00940984,
V052,463,reuse,6,8,2418,0,462,1,0.77301236,-6.95000000,-2.75000000,7.47428926,0.77301236,0.75148354,,,0.89714286,
V052,509,switch,0,0,2457,2458,508,1,0.83949723,-6.20000000,-0.75000000,6.24519816,0.83949723,0.62459774,,,1.08211448,no_old
V052,510,reuse,1,0,2457,0,509,1,0.62459774,-5.10000000,1.65000000,5.36027052,0.62459774,0.81421335,,,0.62459774,
V052,513,switch,0,0,2458,2457,512,1,0.82685841,8.00000000,-1.35000000,8.11310668,0.82685841,0.93332708,0.39550958,28.60878362,1.04398751,
V052,513,reuse,0,1,2457,0,512,1,0.78103963,-0.10000000,14.40000000,14.40034722,0.78103963,0.85936980,,,0.97800429,
V052,526,switch,4,4,2470,2465,525,1,0.30003010,-12.50000000,-48.75000000,50.32705535,0.30003010,0.28447857,,,0.78337296,no_old
V052,527,reuse,5,4,2470,0,526,1,0.28447857,-19.25000000,-18.15000000,26.45722964,0.28447857,0.25218518,,,0.89833474,
V052,531,switch,5,5,2452,2470,525,6,0.00000000,-50.85000000,39.00000000,64.08371478,,0.51643949,,,1.59496401,no_prev|no_old
V052,532,switch,3,3,2483,2452,,,,,,,,0.38206054,0.00000000,134.83683658,,no_last_seen|no_prev
V052,532,switch,4,4,2482,2470,,,,,,,,0.47981917,,,,no_last_seen|no_prev|no_old
V052,532,reuse,3,5,2452,0,531,1,0.51643949,-14.85000000,3.55000000,15.26843148,0.51643949,0.52232534,,,1.02114613,
V053,43,switch,3,3,2484,2489,42,1,0.60666647,-8.10000000,-11.90000000,14.39513807,0.60666647,0.45539279,,,1.07692993,no_old
V053,43,switch,6,6,2490,2485,37,6,0.00000000,-60.05000000,-12.20000000,61.27676966,,0.21520504,,,0.99863709,no_prev|no_old
V053,44,switch,1,1,2497,2486,,,,,,,,0.42740935,,,,no_last_seen|no_prev|no_old
V053,44,reuse,5,3,2484,0,43,1,0.45539279,-16.10000000,10.15000000,19.03240657,0.45539279,0.37276417,,,1.18267635,
V053,44,reuse,4,6,2490,0,43,1,0.21520504,-21.20000000,-2.10000000,21.30375554,0.21520504,0.15517740,,,0.99539362,
V053,46,switch,6,6,2489,2490,42,4,0.00000000,-42.00000000,-35.70000000,55.12249994,,0.24499135,,,0.68641408,no_prev|no_old
V053,47,reuse,3,6,2489,0,46,1,0.24499135,-21.45000000,-6.05000000,22.28687955,0.24499135,,,,0.92040704,no_next
V053,48,switch,3,3,2513,2484,,,,,,,,0.42081512,,,,no_last_seen|no_prev|no_old
V053,49,switch,4,4,2520,2490,,,,,,,,0.63566460,,,,no_last_seen|no_prev|no_old
V053,49,switch,6,6,2522,2489,,,,,,,,0.35214078,,,,no_last_seen|no_prev|no_old
V053,49,switch,8,8,2518,2500,,,,,,,,0.44582549,,,,no_last_seen|no_prev|no_old
V053,49,switch,9,9,2519,2512,,,,,,,,0.48843974,,,,no_last_seen|no_prev|no_old
V053,50,switch,3,3,2520,2513,49,1,0.63566460,-7.20000000,11.60000000,13.65283853,0.63566460,,,,1.18395299,no_next|no_old
V053,50,switch,4,4,2526,2490,,,,,,,,0.66985608,,,,no_last_seen|no_prev|no_old
V053,50,switch,5,5,2486,2484,42,8,0.00000000,-95.15000000,-15.80000000,96.45290301,,0.31434847,,,0.77736212,no_prev|no_old
V053,51,switch,3,3,2526,2513,50,1,0.66985608,-6.05000000,10.80000000,12.37911548,0.66985608,0.39702451,,,1.21474270,no_old
V053,51,reuse,1,5,2486,0,50,1,0.31434847,-20.40000000,-0.35000000,20.40300223,0.31434847,0.28431921,,,0.99565731,
V053,53,switch,4,4,2486,2490,52,1,0.49481353,-12.45000000,-5.00000000,13.41650103,0.49481353,0.38896343,,,1.11987094,no_old
V053,53,switch,6,6,2513,2522,49,4,0.13331245,-28.60000000,-46.80000000,54.84706009,,0.38248434,,,0.64045453,no_prev|no_old
V053,54,switch,2,2,2539,2488,,,,,,,,0.33084871,,,,no_last_seen|no_prev|no_old
V053,54,reuse,5,4,2486,0,53,1,0.38896343,-17.75000000,-1.10000000,17.78405184,0.38896343,0.37315575,,,1.01160891,
V053,54,reuse,3,6,2513,0,53,1,0.38248434,-16.80000000,-4.25000000,17.32923830,0.38248434,0.39755041,,,0.98322804,
V053,55,switch,3,3,2543,2526,,,,,,,,0.35578043,,,,no_last_seen|no_prev|no_old
V053,56,switch,5,5,2545,2486,,,,,,,,0.40904753,0.06554362,34.85875069,,no_last_seen|no_prev
V053,58,switch,3,3,2486,2543,57,1,0.45223618,-14.05000000,7.85000000,16.09425363,0.45223618,0.54182384,,,1.18099750,no_old
V053,58,switch,4,4,2545,2486,57,1,0.81568773,-2.45000000,-5.70000000,6.20423243,0.81568773,0.57633193,0.32513996,20.44027886,1.09621968,
V053,59,switch,5,5,2546,2545,,,,,,,,0.45352124,0.06016084,33.27461495,,no_last_seen|no_prev
V053,59,reuse,4,3,2486,0,58,1,0.54182384,-12.30000000,3.20000000,12.70944531,0.54182384,0.56938766,,,1.06485839,
V053,59,reuse,5,4,2545,0,58,1,0.57633193,-10.25000000,-1.90000000,10.42461030,0.57633193,0.53211684,,,1.02281827,
V053,61,switch,6,6,2522,2513,52,9,0.00000000,-175.25000000,-9.05000000,175.48351774,,0.60522799,,,1.09607564,no_prev|no_old
V053,65,switch,3,3,2543,2486,57,8,0.00000000,-99.35000000,-0.65000000,99.35212630,,0.73651169,,,1.01886373,no_prev|no_old
V053,66,switch,9,9,2529,2519,65,1,0.51931418,-15.45000000,7.50000000,17.17418120,0.51931418,0.78296370,,,1.48219529,no_old
V053,67,switch,5,5,2486,2546,64,3,0.02955486,-42.35000000,0.55000000,42.35357128,,0.68007559,,,0.86412746,no_prev|no_old
V053,67,switch,10,10,2547,2529,,,,,,,,0.90068455,0.33490559,32.37360036,,no_last_seen|no_prev
V053,67,reuse,10,9,2529,0,66,1,0.78296370,-7.40000000,3.75000000,8.29593274,0.78296370,0.84023502,,,1.08121003,
V053,68,reuse,3,5,2486,0,67,1,0.68007559,-8.05000000,1.60000000,8.20746611,0.68007559,0.85552191,,,1.03115394,
V053,70,switch,3,3,2484,2543,47,23,0.00000000,-377.30000000,-2.75000000,377.31002173,,0.80222442,,,0.96195894,no_prev|no_old
V053,72,switch,4,4,2486,2545,71,1,0.94325389,-1.00000000,1.30000000,1.64012195,0.94325389,0.96464834,,,0.98707175,no_old
V053,72,switch,5,5,2543,2486,69,3,0.19585332,-22.70000000,-12.75000000,26.03560063,,0.82096010,0.23140608,30.80036526,0.69693555,no_prev
V053,73,reuse,5,4,2486,0,72,1,0.96464834,-0.50000000,1.15000000,1.25399362,0.96464834,0.98929658,,,0.98342526,
V053,73,reuse,3,5,2543,0,72,1,0.82096010,-2.55000000,-2.85000000,3.82426464,0.82096010,0.91231421,,,0.97816496,
V053,89,switch,2,2,2548,2539,,,,,,,,0.76296850,,,,no_last_seen|no_prev|no_old
V053,95,switch,0,0,2549,2487,,,,,,,,0.48360690,,,,no_last_seen|no_prev|no_old
V053,97,switch,1,1,2550,2497,,,,,,,,0.41132618,,,,no_last_seen|no_prev|no_old
V053,98,switch,0,0,2546,2487,66,32,0.00000000,-197.80000000,-11.15000000,198.11401389,,0.70002056,,,1.02982725,no_prev|no_old
V053,99,reuse,5,0,2546,0,98,1,0.70002056,7.25000000,-0.40000000,7.26102610,0.70002056,0.60032006,,,1.09812804,
V053,101,switch,0,0,2545,2546,71,30,0.00000000,-164.15000000,-6.55000000,164.28062880,,0.71760115,,,1.07716366,no_prev|no_old
V053,102,reuse,4,0,2545,0,101,1,0.71760115,7.05000000,-1.35000000,7.17809167,0.71760115,,,,1.01043116,no_next
V053,104,switch,0,0,2551,2545,,,,,,,,0.68455593,,,,no_last_seen|no_prev|no_old
V053,113,switch,3,3,2543,2484,112,1,0.67318344,8.05000000,4.05000000,9.01138169,0.67318344,0.89498969,0.49724496,28.48341623,1.05857596,
V053,113,switch,5,5,2484,2543,112,1,0.72812306,5.35000000,-2.65000000,5.97034337,0.72812306,0.76250808,0.49724496,28.48341623,1.11893214,
V053,114,reuse,5,3,2543,0,113,1,0.89498969,2.05000000,1.90000000,2.79508497,0.89498969,0.81699137,,,1.05932455,
V053,114,reuse,3,5,2484,0,113,1,0.76250808,-5.15000000,-1.45000000,5.35023364,0.76250808,0.92322494,,,1.04092324,
V053,130,switch,3,3,2553,2543,,,,,,,,0.82415170,,,,no_last_seen|no_prev|no_old
V053,232,switch,3,3,2484,2553,231,1,0.91621891,1.55000000,2.25000000,2.73221522,0.91621891,0.89073275,0.31591444,27.61272352,1.04051425,
V053,232,switch,5,5,2553,2484,231,1,0.80862790,2.90000000,-3.90000000,4.86004115,0.80862790,0.66892060,0.31591444,27.61272352,0.89861450,
V053,233,reuse,5,3,2484,0,232,1,0.89073275,-2.20000000,3.35000000,4.00780489,0.89073275,0.93879343,,,1.06668488,
V053,233,reuse,3,5,2553,0,232,1,0.66892060,7.20000000,-1.60000000,7.37563557,0.66892060,0.69554892,,,0.98162847,
V054,40,switch,3,3,2562,2560,39,1,0.69415347,-6.55000000,4.50000000,7.94685472,0.69415347,0.50600677,,,1.14255756,no_old
V054,40,switch,4,4,2559,2562,39,1,0.86192597,-0.75000000,-5.75000000,5.79870675,0.86192597,0.51422623,0.13855658,31.67400354,1.13597504,
V054,41,switch,2,2,2565,2559,,,,,,,,,0.04273931,35.48552522,,no_last_seen|no_prev|no_next
V054,41,reuse,4,3,2562,0,40,1,0.50600677,-14.70000000,0.85000000,14.72455432,0.50600677,0.41759509,,,1.03604587,
V054,41,reuse,2,4,2559,0,40,1,0.51422623,-12.35000000,-2.20000000,12.54442107,0.51422623,0.40510362,,,1.07328761,
V054,43,switch,3,3,2559,2562,42,1,0.79790292,-3.35000000,3.45000000,4.80884602,0.79790292,,,,1.12718904,no_next|no_old
V054,43,switch,4,4,2565,2559,41,2,0.54825804,-9.40000000,-7.45000000,11.99426947,,0.84122500,0.24853762,24.24896905,1.18733732,no_prev
V054,44,switch,3,3,2565,2562,43,1,0.84122500,1.60000000,2.65000000,3.09556134,0.84122500,,,,1.18874261,no_next|no_old
V054,44,switch,4,4,2567,2559,,,,,,,,,,,,no_last_seen|no_prev|no_next|no_old
V054,45,switch,3,3,2569,2562,,,,,,,,,0.00000000,97.19470150,,no_last_seen|no_prev|no_next
V054,45,switch,6,6,2562,2557,42,3,0.27580853,-16.90000000,-35.90000000,39.67896168,,,,,0.59856881,no_prev|no_next|no_old
V054,46,switch,0,0,2571,2558,,,,,,,,0.42667423,,,,no_last_seen|no_prev|no_old
V054,46,switch,3,3,2574,2562,,,,,,,,,,,,no_last_seen|no_prev|no_next|no_old
V054,46,switch,4,4,2575,2559,,,,,,,,0.85100261,,,,no_last_seen|no_prev|no_old
V054,46,switch,6,6,2565,2557,44,2,0.48978935,5.25000000,-32.45000000,32.87194853,,,,,0.62716765,no_prev|no_next|no_old
V054,47,switch,3,3,2575,2562,46,1,0.85100261,-1.65000000,3.45000000,3.82426464,0.85100261,,,,1.17508453,no_next|no_old
V054,47,switch,4,4,2580,2559,,,,,,,,0.85595996,,,,no_last_seen|no_prev|no_old
V054,47,switch,6,6,2567,2557,44,3,0.46965567,4.10000000,-34.55000000,34.79242015,,,,,0.67292292,no_prev|no_next|no_old
V054,48,switch,3,3,2580,2562,47,1,0.85595996,-1.50000000,3.05000000,3.39889688,0.85595996,,,,1.16827894,no_next|no_old
V054,48,switch,4,4,2586,2559,,,,,,,,0.86288013,,,,no_last_seen|no_prev|no_old
V054,48,switch,6,6,2569,2557,45,3,0.44413584,0.80000000,-39.90000000,39.90801924,,,,,0.60487564,no_prev|no_next|no_old
V054,49,switch,1,1,2587,2556,,,,,,,,,,,,no_last_seen|no_prev|no_next|no_old
V054,49,switch,3,3,2586,2562,48,1,0.86288013,-0.30000000,3.00000000,3.01496269,0.86288013,,,,1.15890952,no_next|no_old
V054,49,switch,4,4,2591,2559,,,,,,,,,,,,no_last_seen|no_prev|no_next|no_old
V054,49,switch,6,6,2574,2557,46,3,0.43612958,-1.70000000,-39.80000000,39.83628999,,,,,0.57624147,no_prev|no_next|no_old
V054,50,switch,3,3,2595,2562,,,,,,,,0.46584928,,,,no_last_seen|no_prev|no_old
V054,50,switch,6,6,2580,2557,48,2,0.47079762,4.80000000,-37.25000000,37.55798850,,,,,0.64710343,no_prev|no_next|no_old
V054,50,switch,7,7,2560,2564,39,11,0.00000000,-116.45000000,16.85000000,117.66275961,,0.36866925,,,0.79577069,no_prev|no_old
V054,51,switch,1,1,2596,2556,,,,,,,,0.57678058,,,,no_last_seen|no_prev|no_old
V054,51,switch,4,4,2602,2559,,,,,,,,0.48675040,,,,no_last_seen|no_prev|no_old
V054,51,switch,6,6,2586,2557,49,2,0.35186038,11.05000000,-37.65000000,39.23805551,,0.39332860,,,0.65233990,no_prev|no_old
V054,51,switch,8,8,2597,2581,,,,,,,,0.57977621,,,,no_last_seen|no_prev|no_old
V054,51,reuse,3,7,2560,0,50,1,0.36866925,-19.55000000,-0.45000000,19.55517834,0.36866925,,,,1.12302639,no_next
V054,52,switch,2,2,2556,2559,44,8,0.00000000,-109.10000000,-1.50000000,109.11031115,,0.50274392,,,0.83664844,no_prev|no_old
V054,52,switch,7,7,2564,2560,49,3,0.00000000,-95.35000000,-7.30000000,95.62903586,,0.49169388,,,1.15384401,no_prev|no_old
V054,53,switch,5,5,2606,2561,,,,,,,,0.41151825,,,,no_last_seen|no_prev|no_old
V054,53,switch,6,6,2591,2586,49,4,0.41447055,5.90000000,-39.80000000,40.23493507,,0.47436572,,,0.70635832,no_prev|no_old
V054,53,reuse,1,2,2556,0,52,1,0.50274392,-13.95000000,1.55000000,14.03584696,0.50274392,0.50506032,,,1.01974237,
V054,56,switch,5,5,2607,2606,,,,,,,,0.55999262,,,,no_last_seen|no_prev|no_old
V054,56,switch,6,6,2608,2591,,,,,,,,0.60493112,,,,no_last_seen|no_prev|no_old
V054,57,switch,7,7,2575,2564,47,10,0.65839176,6.10000000,14.15000000,15.40884486,,0.84667012,,,1.00980363,no_prev|no_old
V054,59,switch,2,2,2587,2556,49,10,0.84306551,0.05000000,2.65000000,2.65047166,,,,,0.84306551,no_prev|no_next|no_old
V054,60,switch,2,2,2556,2556,58,2,0.42360284,-19.40000000,1.50000000,19.45790328,,0.78065814,1.00000000,0.00000000,1.02392421,no_prev
V054,62,switch,1,1,2558,2596,44,18,0.00000000,-151.50000000,66.15000000,165.31204584,,0.79229062,,,1.33117869,no_prev|no_old
V054,63,reuse,0,1,2558,0,62,1,0.79229062,-9.40000000,2.80000000,9.80815987,0.79229062,0.83463953,,,0.99870823,
V054,65,switch,8,8,2581,2597,49,16,0.00000000,-252.50000000,-20.10000000,253.29875641,,0.84916621,,,0.93346867,no_prev|no_old
V054,67,switch,5,5,2606,2607,54,13,0.00000000,-97.50000000,14.40000000,98.55764811,,0.90800854,,,0.90783642,no_prev|no_old
V054,68,switch,4,4,2564,2602,56,12,0.00000000,-317.90000000,-32.40000000,319.54681973,,,,,0.81031306,no_prev|no_next|no_old
V054,69,switch,4,4,2587,2602,59,10,0.47747247,-5.25000000,-39.65000000,39.99606231,,0.86033275,,,0.91387928,no_prev|no_old
V054,94,switch,0,0,2609,2571,,,,,,,,0.61067378,,,,no_last_seen|no_prev|no_old
V054,135,switch,9,9,2608,2599,134,1,0.78842205,2.05000000,13.55000000,13.70419644,0.78842205,0.66688949,,,1.05846602,no_old
V054,136,switch,6,6,2610,2608,,,,,,,,0.52355781,0.30816787,35.93243660,,no_last_seen|no_prev
V054,136,reuse,6,9,2608,0,135,1,0.66688949,12.30000000,5.65000000,13.53560121,0.66688949,0.57282313,,,1.01248942,
V054,139,switch,5,5,2614,2606,,,,,,,,,,,,no_last_seen|no_prev|no_next|no_old
V054,140,switch,3,3,2575,2595,139,1,0.38712414,7.75000000,-50.10000000,50.69588248,0.38712414,0.40091006,,,0.93549365,no_old
V054,140,switch,7,7,2605,2575,139,1,0.32773109,20.45000000,36.25000000,41.62048774,0.32773109,0.46707274,0.08844757,62.40458717,1.49928721,
V054,140,switch,9,9,2610,2608,139,1,0.38771669,26.80000000,13.40000000,29.96331090,0.38771669,0.42294845,,,1.25704105,no_old
V054,140,switch,10,10,2599,2579,134,6,0.68406034,-1.40000000,24.70000000,24.73964430,,0.51752124,,,1.14320870,no_prev|no_old
V054,141,switch,2,2,2617,2556,,,,,,,,0.42467895,,,,no_last_seen|no_prev|no_old
V054,141,switch,5,5,2615,2606,,,,,,,,0.42121999,,,,no_last_seen|no_prev|no_old
V054,141,switch,6,6,2619,2610,,,,,,,,0.47875326,0.34681405,35.32265562,,no_last_seen|no_prev
V054,141,switch,8,8,2608,2581,139,2,0.27519503,20.55000000,-46.75000000,51.06725957,,0.35605799,,,0.55652281,no_prev|no_old
V054,141,reuse,7,3,2575,0,140,1,0.40091006,19.80000000,-10.00000000,22.18197466,0.40091006,0.31274998,,,0.77320903,
V054,141,reuse,11,7,2605,0,140,1,0.46707274,23.70000000,13.00000000,27.03127818,0.46707274,0.50753181,,,1.14721182,
V054,141,reuse,6,9,2610,0,140,1,0.42294845,28.60000000,6.20000000,29.26431274,0.42294845,0.43836784,,,1.06863808,
V054,141,reuse,9,10,2599,0,140,1,0.51752124,20.15000000,2.15000000,20.26437761,0.51752124,0.42721449,,,1.02387245,
V054,142,switch,0,0,2606,2609,134,8,0.18979211,19.95000000,53.55000000,57.14547226,,0.61293836,,,1.65319005,no_prev|no_old
V054,142,switch,11,11,2581,2605,139,3,0.75241051,1.30000000,-10.80000000,10.87795937,,0.58651988,0.16582238,60.21662976,1.17801378,no_prev
V054,142,reuse,9,8,2608,0,141,1,0.35605799,21.55000000,-11.70000000,24.52126628,0.35605799,0.40189556,,,0.87221069,
V054,143,switch,4,4,2625,2587,,,,,,,,,,,,no_last_seen|no_prev|no_next|no_old
V054,143,reuse,5,0,2606,0,142,1,0.61293836,12.95000000,1.60000000,13.04846734,0.61293836,0.56224531,,,0.99769355,
V054,143,reuse,8,11,2581,0,142,1,0.58651988,15.20000000,0.20000000,15.20131573,0.58651988,0.59394934,,,1.00749164,
V054,149,switch,3,3,2625,2575,148,1,0.98843090,-0.20000000,0.00000000,0.20000000,0.98843090,0.98104658,0.40012215,19.32162001,1.00079117,
V054,149,switch,4,4,2575,2625,148,1,0.80287687,3.85000000,0.70000000,3.91311896,0.80287687,0.91712881,0.40012215,19.32162001,0.87757074,
V054,150,reuse,4,3,2625,0,149,1,0.98104658,0.10000000,-0.65000000,0.65764732,0.98104658,0.98465308,,,1.00912958,
V054,150,reuse,3,4,2575,0,149,1,0.91712881,1.70000000,-0.70000000,1.83847763,0.91712881,0.90446166,,,0.97356061,
V054,155,switch,0,0,2609,2606,139,16,0.00000000,162.20000000,-27.10000000,164.44832015,,0.91756782,,,0.92642927,no_prev|no_old
V054,209,switch,11,11,2627,2581,,,,,,,,0.27362495,,,,no_last_seen|no_prev|no_old
V054,214,switch,8,8,2628,2608,,,,,,,,0.34752432,,,,no_last_seen|no_prev|no_old
V054,217,switch,9,9,2629,2610,,,,,,,,0.61550621,,,,no_last_seen|no_prev|no_old
V054,227,switch,6,6,2630,2619,,,,,,,,0.71503172,,,,no_last_seen|no_prev|no_old
V054,275,switch,1,1,2631,2558,,,,,,,,0.70087712,,,,no_last_seen|no_prev|no_old
V055,40,switch,1,1,2633,2638,39,1,0.74081679,4.55000000,7.80000000,9.03008859,0.74081679,0.52577054,,,1.05553557,no_old
V055,41,switch,0,0,2640,2637,,,,,,,,0.51685409,,,,no_last_seen|no_prev|no_old
V055,41,reuse,2,1,2633,0,40,1,0.52577054,14.15000000,1.75000000,14.25780488,0.52577054,0.40381107,,,0.98887875,
V055,42,switch,2,2,2642,2633,,,,,,,,0.79344241,0.11771539,34.66273215,,no_last_seen|no_prev
V055,43,switch,1,1,2642,2633,42,1,0.79344241,-3.20000000,5.35000000,6.23397947,0.79344241,,,,1.04543061,no_next|no_old
V055,43,reuse,8,9,2643,0,42,1,0.39317556,0.65000000,38.50000000,38.50548662,0.39317556,0.29318801,,,1.38760822,
V055,44,switch,1,1,2644,2633,,,,,,,,,,,,no_last_seen|no_prev|no_next|no_old
V055,45,switch,6,6,2637,2636,39,6,0.00000000,50.75000000,22.90000000,55.67739667,,0.21959374,,,0.82033708,no_prev|no_old
V055,46,switch,1,1,2653,2633,,,,,,,,,,,,no_last_seen|no_prev|no_next|no_old
V055,46,switch,5,5,2650,2635,,,,,,,,0.54399724,,,,no_last_seen|no_prev|no_old
V055,46,reuse,0,6,2637,0,45,1,0.21959374,22.50000000,2.25000000,22.61222015,0.21959374,,,,1.05002359,no_next
V055,47,switch,1,1,2660,2633,,,,,,,,,0.00000000,127.62868996,,no_last_seen|no_prev|no_next
V055,47,switch,3,3,2632,2634,44,3,0.03712412,40.95000000,-58.65000000,71.53128686,,0.24507538,,,0.87448169,no_prev|no_old
V055,47,switch,6,6,2633,2637,42,5,0.02504422,41.35000000,43.35000000,59.90863878,,0.32944207,,,0.93419924,no_prev|no_old
V055,48,switch,1,1,2665,2633,,,,,,,,,0.00000000,134.68813051,,no_last_seen|no_prev|no_next
V055,48,switch,8,8,2668,2643,,,,,,,,0.33650808,,,,no_last_seen|no_prev|no_old
V055,48,switch,9,9,2666,2643,,,,,,,,0.35911406,,,,no_last_seen|no_prev|no_old
V055,48,reuse,4,3,2632,0,47,1,0.24507538,26.20000000,-8.35000000,27.49840904,0.24507538,0.22769971,,,0.97981554,
V055,48,reuse,1,6,2633,0,47,1,0.32944207,21.55000000,5.00000000,22.12244336,0.32944207,0.31012187,,,1.00212543,
V055,49,switch,1,1,2670,2633,,,,,,,,,0.00000000,136.10778817,,no_last_seen|no_prev|no_next
V055,50,switch,4,4,2635,2632,44,6,0.04095471,60.45000000,63.45000000,87.63620827,,0.54806432,,,1.10106867,no_prev|no_old
V055,50,switch,6,6,2640,2633,44,6,0.00000000,80.00000000,23.75000000,83.45095865,,0.43467586,,,0.81666005,no_prev|no_old
V055,50,switch,9,9,2668,2666,49,1,0.33702313,10.70000000,39.05000000,40.48941220,0.33702313,0.41990271,,,0.81386718,no_old
V055,50,reuse,9,11,2643,0,44,6,0.19702868,21.80000000,46.60000000,51.44706017,,0.60095683,,,1.98542534,no_prev
V055,51,switch,1,1,2678,2633,,,,,,,,0.56268073,,,,no_last_seen|no_prev|no_old
V055,51,switch,8,8,2677,2643,,,,,,,,0.51262021,0.00000000,295.61084638,,no_last_seen|no_prev
V055,51,reuse,5,4,2635,0,50,1,0.54806432,18.50000000,6.80000000,19.71014967,0.54806432,0.56996764,,,1.01114206,
V055,51,reuse,0,6,2640,0,50,1,0.43467586,16.45000000,1.60000000,16.52762838,0.43467586,0.47683932,,,1.00554960,
V055,52,switch,0,0,2683,2640,,,,,,,,0.45742371,0.00000000,122.66137330,,no_last_seen|no_prev
V055,52,switch,2,2,2682,2633,,,,,,,,0.55238278,,,,no_last_seen|no_prev|no_old
V055,52,switch,3,3,2681,2632,,,,,,,,0.44954980,,,,no_last_seen|no_prev|no_old
V055,54,switch,7,7,2644,2639,44,10,0.41582013,-12.20000000,-16.90000000,20.84346420,,0.80152954,,,0.76442112,no_prev|no_old
V055,93,switch,5,5,2684,2650,92,1,0.83322543,-3.45000000,1.50000000,3.76198086,0.83322543,0.81099251,,,1.08635426,no_old
V055,240,switch,8,8,2644,2677,239,1,0.40525740,-13.15000000,-24.65000000,27.93823545,0.40525740,0.42953558,,,0.83648260,no_old
V055,241,switch,7,7,2686,2644,,,,,,,,0.55281640,0.27300349,39.29834602,,no_last_seen|no_prev
V055,241,reuse,7,8,2644,0,240,1,0.42953558,-15.10000000,-9.45000000,17.81326753,0.42953558,0.47228989,,,0.93101648,
V056,25,switch,2,2,2693,2691,24,1,0.63814978,-2.45000000,21.40000000,21.53978876,0.63814978,0.45179633,,,0.99357132,no_old
V056,25,switch,4,4,2692,2689,24,1,0.70608282,-5.45000000,-5.95000000,8.06876694,0.70608282,0.41753626,0.10906925,32.25387574,1.01914740,
V056,25,switch,5,5,2689,2687,24,1,0.44857589,-14.55000000,-1.10000000,14.59152151,0.44857589,0.34757534,,,1.09197392,no_old
V056,26,switch,3,3,2696,2692,,,,,,,,0.41397807,0.04053014,39.58396140,,no_last_seen|no_prev
V056,26,reuse,1,2,2693,0,25,1,0.45179633,-14.90000000,8.25000000,17.03151491,0.45179633,0.35057440,,,0.98515099,
V056,26,reuse,3,4,2692,0,25,1,0.41753626,-16.10000000,-2.45000000,16.28534617,0.41753626,0.32259806,,,1.00140206,
V056,26,reuse,4,5,2689,0,25,1,0.34757534,-19.55000000,-1.60000000,19.61536388,0.34757534,0.29849096,,,1.02994434,
V056,29,switch,10,10,2700,2701,28,1,0.59856872,-5.20000000,23.50000000,24.06844407,0.59856872,0.47430158,,,1.44863132,no_old
V056,30,switch,4,4,2696,2692,29,1,0.50327691,-12.00000000,-12.95000000,17.65509841,0.50327691,0.43585087,0.22420559,27.38110662,1.00636492,
V056,30,switch,5,5,2692,2689,29,1,0.35447120,-18.70000000,1.20000000,18.73846312,0.35447120,0.35561513,,,1.09918858,no_old
V056,30,reuse,9,10,2700,0,29,1,0.47430158,-36.85000000,4.45000000,37.11771814,0.47430158,0.55054250,,,1.06830352,
V056,31,switch,1,1,2706,2693,,,,,,,,0.35095361,,,,no_last_seen|no_prev|no_old
V056,31,switch,3,3,2705,2696,,,,,,,,0.58077919,0.25120116,36.77125236,,no_last_seen|no_prev
V056,31,switch,9,9,2708,2700,,,,,,,,0.63704601,0.34490559,46.59154966,,no_last_seen|no_prev
V056,31,reuse,3,4,2696,0,30,1,0.43585087,-16.65000000,-5.95000000,17.68120471,0.43585087,0.43549663,,,0.98853423,
V056,31,reuse,4,5,2692,0,30,1,0.35561513,-19.55000000,0.25000000,19.55159840,0.35561513,0.38171220,,,1.03062068,
V056,32,switch,2,2,2709,2693,,,,,,,,0.43985583,,,,no_last_seen|no_prev|no_old
V056,32,reuse,10,11,2701,0,28,4,0.20607798,15.85000000,-72.25000000,73.96813503,,0.39578228,,,0.78194019,no_prev
V056,36,switch,11,11,2711,2701,,,,,,,,0.53093292,,,,no_last_seen|no_prev|no_old
V056,43,switch,4,4,2692,2696,42,1,0.44225599,-11.90000000,-16.95000000,20.71020280,0.44225599,0.66802361,,,0.77432124,no_old
V056,43,switch,5,5,2689,2692,29,14,0.00000000,-219.35000000,1.65000000,219.35620575,,0.62575825,0.47086344,20.33973943,1.00478844,no_prev
V056,44,reuse,5,4,2692,0,43,1,0.66802361,-6.20000000,-4.50000000,7.66093989,0.66802361,0.58120710,,,0.94305925,
V056,71,switch,0,0,2712,2690,,,,,,,,0.92221424,,,,no_last_seen|no_prev|no_old
V056,76,switch,1,1,2713,2706,,,,,,,,0.81338850,,,,no_last_seen|no_prev|no_old
V056,91,switch,6,6,2694,2688,90,1,0.70209166,11.30000000,3.65000000,11.87486842,0.70209166,0.81894845,0.35926326,40.08397435,0.92149637,
V056,91,switch,7,7,2688,2694,90,1,0.92389841,-1.35000000,-2.70000000,3.01869177,0.92389841,0.93869062,0.35926326,40.08397435,1.05625886,
V056,92,reuse,7,6,2694,0,91,1,0.81894845,6.65000000,1.15000000,6.74870358,0.81894845,0.89537050,,,0.97029709,
V056,92,reuse,6,7,2688,0,91,1,0.93869062,-0.75000000,-3.10000000,3.18943569,0.93869062,0.85975215,,,1.00800501,
V056,106,switch,4,4,2689,2692,105,1,0.85152828,-0.20000000,7.45000000,7.45268408,0.85152828,0.73021741,,,0.90938512,no_old
V056,106,switch,5,5,2714,2689,,,,,,,,0.84192218,0.33811739,23.37140347,,no_last_seen|no_prev
V056,107,reuse,5,4,2689,0,106,1,0.73021741,-5.90000000,3.60000000,6.91158448,0.73021741,0.64004032,,,0.91417415,
V056,220,switch,6,6,2688,2694,219,1,0.65141518,-7.95000000,-10.35000000,13.05086204,0.65141518,0.57820478,,,0.80660065,no_old
V056,221,switch,5,5,2715,2714,,,,,,,,0.46237101,,,,no_last_seen|no_prev|no_old
V056,221,switch,7,7,2717,2688,,,,,,,,0.66851389,0.54012346,22.70297337,,no_last_seen|no_prev
V056,221,switch,9,9,2711,2708,220,1,0.76216710,-8.30000000,2.95000000,8.80866051,0.76216710,0.73584218,,,1.05326520,no_old
V056,221,switch,11,11,2716,2711,,,,,,,,0.67461219,0.34233636,34.94284619,,no_last_seen|no_prev
V056,221,reuse,7,6,2688,0,220,1,0.57820478,-11.65000000,-3.05000000,12.04263260,0.57820478,0.51393990,,,0.89157300,
V056,222,reuse,11,9,2711,0,221,1,0.73584218,-10.75000000,0.30000000,10.75418523,0.73584218,0.69058286,,,1.00974267,
V056,226,switch,2,2,2720,2709,,,,,,,,0.60078365,,,,no_last_seen|no_prev|no_old
V056,226,switch,4,4,2721,2689,,,,,,,,0.44595441,,,,no_last_seen|no_prev|no_old
V056,226,switch,5,5,2718,2715,,,,,,,,0.46521430,,,,no_last_seen|no_prev|no_old
V056,226,switch,6,6,2719,2688,,,,,,,,0.56755420,,,,no_last_seen|no_prev|no_old
V056,230,switch,5,5,2715,2718,224,6,0.00000000,-73.20000000,-11.25000000,74.05945247,,,,,0.84768263,no_prev|no_next|no_old
V056,231,switch,5,5,2689,2718,224,7,0.00000000,-59.60000000,21.90000000,63.49622036,,0.73905424,,,1.11005460,no_prev|no_old
V056,231,switch,6,6,2688,2719,224,7,0.00000000,-60.85000000,45.20000000,75.80080804,,0.54258615,0.34792908,17.57000285,0.61197190,no_prev
V056,231,switch,7,7,2719,2717,230,1,0.67842025,9.55000000,0.60000000,9.56882960,0.67842025,0.62804476,,,0.96654528,no_old
V056,232,switch,2,2,2709,2720,224,8,0.00997761,-54.60000000,-8.80000000,55.30461102,,0.84293958,,,1.13534858,no_prev|no_old
V056,232,reuse,4,5,2689,0,231,1,0.73905424,5.75000000,-2.70000000,6.35236177,0.73905424,0.65133787,,,0.88729530,
V056,232,reuse,6,7,2719,0,231,1,0.62804476,11.70000000,0.25000000,11.70267064,0.62804476,0.58833397,,,0.99330855,
V056,233,switch,1,1,2717,2713,230,3,0.07752912,-35.10000000,11.90000000,37.06237985,,0.81756167,,,1.19030442,no_prev|no_old
V056,233,switch,6,6,2714,2688,219,14,0.01675441,-39.90000000,26.60000000,47.95383196,,0.60577547,,,0.60725151,no_prev|no_old
V056,234,reuse,7,1,2717,0,233,1,0.81756167,3.60000000,0.25000000,3.60867012,0.81756167,,,,1.07561767,no_next
V056,234,reuse,5,6,2714,0,233,1,0.60577547,8.50000000,0.25000000,8.50367568,0.60577547,0.42118672,,,0.97257614,
V056,235,switch,1,1,2688,2717,232,3,0.14922989,-29.80000000,0.60000000,29.80603966,,0.90772493,,,1.84157141,no_prev|no_old
V056,235,switch,9,9,2708,2711,219,16,0.00558753,-67.80000000,-18.10000000,70.17442554,,0.90678111,,,1.00088377,no_prev|no_old
V056,236,switch,2,2,2715,2709,230,6,0.00000000,-88.85000000,23.75000000,91.96947863,,,,,1.04774731,no_prev|no_next|no_old
V056,236,switch,5,5,2723,2689,,,,,,,,0.78348984,,,,no_last_seen|no_prev|no_old
V056,236,reuse,6,1,2688,0,235,1,0.90772493,1.25000000,-1.05000000,1.63248277,0.90772493,0.82447788,,,1.05945340,
V056,237,switch,2,2,2718,2709,229,8,0.00000000,-75.05000000,15.95000000,76.72616894,,0.98820542,,,0.83865317,no_prev|no_old
V056,238,reuse,5,2,2718,0,237,1,0.98820542,0.10000000,0.15000000,0.18027756,0.98820542,0.90067771,,,1.00004046,
V057,12,switch,5,5,2725,2727,11,1,0.93665253,-0.25000000,-3.95000000,3.95790349,0.93665253,0.63412689,,,1.00421227,no_old
V057,13,switch,4,4,2731,2725,,,,,,,,0.48087291,0.17159693,29.17567480,,no_last_seen|no_prev
V057,13,reuse,4,5,2725,0,12,1,0.63412689,8.65000000,-2.00000000,8.87820365,0.63412689,0.50378977,,,0.99174137,
V057,17,switch,4,4,2726,2731,16,1,0.45190135,13.25000000,-20.10000000,24.07431204,0.45190135,0.42083998,0.16942099,31.32866100,0.88301859,
V057,17,switch,5,5,2731,2725,16,1,0.71798805,6.25000000,-0.85000000,6.30753518,0.71798805,0.46064848,,,1.03741735,no_old
V057,18,switch,3,3,2735,2726,,,,,,,,0.53310959,0.40338604,29.02417096,,no_last_seen|no_prev
V057,18,switch,6,6,2733,2730,,,,,,,,0.51323706,,,,no_last_seen|no_prev|no_old
V057,18,switch,7,7,2734,2732,,,,,,,,0.41473568,,,,no_last_seen|no_prev|no_old
V057,18,reuse,3,4,2726,0,17,1,0.42083998,16.80000000,-8.20000000,18.69438418,0.42083998,0.39871322,,,0.93631813,
V057,18,reuse,4,5,2731,0,17,1,0.46064848,14.95000000,-0.45000000,14.95677104,0.46064848,0.38377919,,,1.00019560,
V057,20,reuse,7,9,2732,0,16,4,0.57635999,8.70000000,14.10000000,16.56804153,,0.51742570,,,1.25886053,no_prev
V057,22,switch,5,5,2726,2731,21,1,0.52989383,11.45000000,2.05000000,11.63206774,0.52989383,0.41717754,,,1.12776585,no_old
V057,22,switch,7,7,2730,2734,16,6,0.00000000,81.65000000,-22.30000000,84.64048972,,0.23604556,,,0.81169951,no_prev|no_old
V057,22,reuse,9,10,2732,0,21,1,0.53681820,-4.15000000,28.40000000,28.70161145,0.53681820,0.57284429,,,1.08538116,
V057,23,switch,8,8,2740,2736,,,,,,,,0.38604104,,,,no_last_seen|no_prev|no_old
V057,23,switch,9,9,2739,2732,,,,,,,,0.37263993,0.00000000,81.87368320,,no_last_seen|no_prev
V057,23,reuse,4,5,2726,0,22,1,0.41717754,16.90000000,0.50000000,16.90739483,0.41717754,0.35846122,,,1.02206011,
V057,23,reuse,6,7,2730,0,22,1,0.23604556,20.15000000,-3.10000000,20.38706698,0.23604556,0.21815177,,,1.04409043,
V057,27,switch,5,5,2735,2726,26,1,0.36265655,16.60000000,-20.95000000,26.72943134,0.36265655,0.34649616,,,1.00844193,no_old
V057,27,switch,9,9,2734,2739,21,6,0.00000000,102.85000000,11.60000000,103.50208935,,0.40945262,,,0.96127461,no_prev|no_old
V057,28,switch,3,3,2750,2735,,,,,,,,0.45817079,0.29353930,36.86424419,,no_last_seen|no_prev
V057,28,switch,7,7,2748,2730,,,,,,,,0.36146203,,,,no_last_seen|no_prev|no_old
V057,28,switch,10,10,2749,2732,,,,,,,,0.42834126,0.00513347,79.76477919,,no_last_seen|no_prev
V057,28,switch,11,11,2732,2743,26,2,0.46447235,5.25000000,39.25000000,39.59955808,,0.58916079,,,1.25947024,no_prev|no_old
V057,28,reuse,3,5,2735,0,27,1,0.34649616,19.85000000,-7.60000000,21.25517584,0.34649616,0.33532232,,,0.98628679,
V057,28,reuse,7,9,2734,0,27,1,0.40945262,20.70000000,0.10000000,20.70024154,0.40945262,0.38384310,,,0.99947393,
V057,29,reuse,10,11,2732,0,28,1,0.58916079,14.60000000,7.50000000,16.41371378,0.58916079,0.55346480,,,1.02814815,
V057,33,switch,4,4,2756,2726,,,,,,,,0.80161027,,,,no_last_seen|no_prev|no_old
V057,34,switch,4,4,2735,2726,33,1,0.09350534,31.05000000,-3.70000000,31.26967381,0.09350534,0.25695740,,,0.87208625,no_old
V057,34,switch,5,5,2756,2735,33,1,0.80161027,0.25000000,5.45000000,5.45573093,0.80161027,0.55306913,0.44701008,14.25245593,1.24748901,
V057,35,reuse,5,4,2735,0,34,1,0.25695740,20.65000000,-1.45000000,20.70084539,0.25695740,0.36097409,,,0.90212850,
V057,41,switch,9,9,2739,2734,26,15,0.00000000,301.15000000,-31.10000000,302.75160198,,0.62360911,,,1.75369607,no_prev|no_old
V057,44,switch,7,7,2730,2748,26,18,0.00000000,320.70000000,-31.80000000,322.27275715,,0.65798118,,,1.00624691,no_prev|no_old
V057,46,switch,4,4,2756,2735,45,1,0.35073665,16.50000000,-5.75000000,17.47319376,0.35073665,0.56713161,,,0.74343427,no_old
V057,46,switch,5,5,2726,2756,26,20,0.00000000,323.85000000,4.45000000,323.88057212,,0.68981322,0.32198331,18.56966613,1.20916563,no_prev
V057,46,switch,6,6,2725,2733,16,30,0.00000000,292.60000000,-32.80000000,294.43267482,,0.91914819,,,0.68349748,no_prev|no_old
V057,46,switch,7,7,2734,2730,40,6,0.00000000,108.60000000,-24.75000000,111.38457030,,0.75856287,,,0.59824969,no_prev|no_old
V057,47,reuse,5,4,2756,0,46,1,0.56713161,8.05000000,-3.85000000,8.92328415,0.56713161,,,,0.83061394,no_next
V057,47,reuse,5,6,2725,0,46,1,0.91914819,1.00000000,-0.15000000,1.01118742,0.91914819,0.94026550,,,1.02044386,
V057,47,reuse,9,7,2734,0,46,1,0.75856287,6.10000000,-0.60000000,6.12943717,0.75856287,0.82902730,,,0.90189906,
V057,48,switch,4,4,2726,2756,47,1,0.37629169,15.90000000,-6.90000000,17.33262819,0.37629169,0.78099491,,,0.75832920,no_old
V057,49,switch,5,5,2757,2726,,,,,,,,0.93487122,0.22594206,24.69817807,,no_last_seen|no_prev
V057,49,reuse,5,4,2726,0,48,1,0.78099491,3.45000000,-2.55000000,4.29010489,0.78099491,0.90810757,,,0.92660825,
V057,51,switch,4,4,2731,2726,21,30,0.00000000,460.10000000,-3.85000000,460.11610763,,0.83287911,,,0.87647076,no_prev|no_old
V057,52,reuse,5,4,2731,0,51,1,0.83287911,3.45000000,-0.50000000,3.48604360,0.83287911,0.95311811,,,1.05147698,
V057,63,switch,0,0,2759,2728,,,,,,,,0.56581576,,,,no_last_seen|no_prev|no_old
V057,63,switch,2,2,2758,2724,,,,,,,,0.80709268,,,,no_last_seen|no_prev|no_old
V057,70,switch,1,1,2760,2729,,,,,,,,0.84104024,,,,no_last_seen|no_prev|no_old
V057,214,switch,6,6,2732,2725,213,1,0.92121290,-1.85000000,3.10000000,3.61005540,0.92121290,0.94492709,0.43698910,27.56320010,1.02907625,
V057,214,switch,11,11,2725,2732,213,1,0.90194374,1.70000000,4.10000000,4.43846820,0.90194374,0.92089929,0.43698910,27.56320010,1.01978136,
V057,215,reuse,11,6,2732,0,214,1,0.94492709,-0.30000000,2.85000000,2.86574598,0.94492709,0.90912593,,,1.01754705,
V057,215,reuse,6,11,2725,0,214,1,0.92089929,-0.75000000,5.45000000,5.50136347,0.92089929,0.91639938,,,0.99502320,
V058,156,switch,2,2,2781,2777,,,,,,,,0.79763236,,,,no_last_seen|no_prev|no_old
V058,162,switch,15,15,2782,2764,,,,,,,,0.58888542,,,,no_last_seen|no_prev|no_old
V058,192,switch,1,1,2783,2768,,,,,,,,0.66484462,,,,no_last_seen|no_prev|no_old
V058,202,switch,11,11,2784,2769,,,,,,,,0.78953928,,,,no_last_seen|no_prev|no_old
V058,329,switch,11,11,2786,2784,,,,,,,,0.48555014,,,,no_last_seen|no_prev|no_old
V058,371,switch,0,0,2788,2767,,,,,,,,0.33689852,,,,no_last_seen|no_prev|no_old
V058,372,switch,4,4,2789,2778,,,,,,,,,,,,no_last_seen|no_prev|no_next|no_old
V058,373,switch,15,15,2783,2782,372,1,0.62566529,-6.50000000,8.40000000,10.62120520,0.62566529,0.65188045,,,1.19925335,no_old
V058,374,reuse,1,15,2783,0,373,1,0.65188045,7.80000000,3.80000000,8.67640479,0.65188045,,,,1.01611317,no_next
V058,375,switch,15,15,2799,2783,,,,,,,,0.44165042,,,,no_last_seen|no_prev|no_old
V058,377,switch,2,2,2782,2781,372,5,0.38808170,-2.55000000,-32.75000000,32.84912480,,,,,0.57121034,no_prev|no_next|no_old
V058,377,switch,3,3,2771,2765,371,6,0.44760060,2.70000000,28.10000000,28.22941728,,,,,0.81519038,no_prev|no_next|no_old
V058,377,switch,14,14,2778,2771,370,7,0.00000000,-29.65000000,36.75000000,47.21954045,,,0.00000000,167.99610115,1.21276072,no_prev|no_next
V058,377,switch,15,15,2813,2799,,,,,,,,,,,,no_last_seen|no_prev|no_next|no_old
V058,378,switch,2,2,2772,2781,372,6,0.44901972,2.65000000,26.85000000,26.98045589,,,,,0.73936312,no_prev|no_next|no_old
V058,378,switch,15,15,2818,2799,,,,,,,,,,,,no_last_seen|no_prev|no_next|no_old
V058,379,switch,15,15,2827,2799,,,,,,,,,,,,no_last_seen|no_prev|no_next|no_old
V058,380,switch,15,15,2837,2799,,,,,,,,,,,,no_last_seen|no_prev|no_next|no_old
V058,381,switch,2,2,2813,2781,377,4,0.28708694,8.65000000,-35.05000000,36.10159276,,,,,0.64104673,no_prev|no_next|no_old
V058,381,switch,3,3,2778,2765,377,4,0.48712391,-3.55000000,21.30000000,21.59380698,,,,,1.01264501,no_prev|no_next|no_old
V058,381,switch,4,4,2780,2778,372,9,0.61852001,-4.45000000,2.60000000,5.15388203,,,0.00000000,328.33947752,0.73645281,no_prev|no_next
V058,381,switch,15,15,2847,2799,,,,,,,,,,,,no_last_seen|no_prev|no_next|no_old
V058,382,switch,2,2,2827,2781,379,3,0.29259885,-9.00000000,-36.95000000,38.03028399,,,,,0.68964909,no_prev|no_next|no_old
V058,382,switch,15,15,2857,2799,,,,,,,,,,,,no_last_seen|no_prev|no_next|no_old
V058,383,switch,2,2,2837,2781,380,3,0.31472249,-6.85000000,-37.40000000,38.02213171,,,,,0.72166924,no_prev|no_next|no_old
V058,383,switch,5,5,2773,2780,377,6,0.00000000,51.35000000,39.50000000,64.78481689,,0.19752986,,,0.81819123,no_prev|no_old
V058,383,switch,15,15,2868,2799,,,,,,,,,,,,no_last_seen|no_prev|no_next|no_old
V058,384,switch,2,2,2847,2781,381,3,0.32099939,-4.90000000,-38.65000000,38.95936986,,,,,0.71739665,no_prev|no_next|no_old
V058,384,switch,15,15,2876,2799,,,,,,,,0.45788354,,,,no_last_seen|no_prev|no_old
V058,384,reuse,7,5,2773,0,383,1,0.19752986,24.80000000,5.00000000,25.29901184,0.19752986,,,,1.02528151,no_next
V058,385,switch,2,2,2857,2781,382,3,0.30920028,-6.70000000,-38.10000000,38.68462227,,,,,0.70818045,no_prev|no_next|no_old
V058,385,switch,5,5,2782,2773,377,8,0.50078079,0.15000000,-24.15000000,24.15046583,,,,,0.86219041,no_prev|no_next|no_old
V058,385,switch,7,7,2813,2773,381,4,0.08011500,12.70000000,-52.60000000,54.11145905,,,,,0.71576378,no_prev|no_next|no_old
V058,385,switch,17,17,2884,2772,,,,,,,,0.60158201,,,,no_last_seen|no_prev|no_old
V058,386,switch,2,2,2868,2781,383,3,0.28538559,-10.60000000,-36.65000000,38.15209693,,,,,0.70192565,no_prev|no_next|no_old
V058,386,switch,7,7,2827,2773,382,4,0.12808213,5.00000000,-53.30000000,53.53400788,,,,,0.68984785,no_prev|no_next|no_old
V058,386,switch,14,14,2780,2771,381,5,0.40632122,-4.30000000,23.15000000,23.54596568,,,,,1.21219468,no_prev|no_next|no_old
V058,387,switch,7,7,2837,2773,383,4,0.15900785,-4.25000000,-50.70000000,50.87781933,,,,,0.70986307,no_prev|no_next|no_old
V058,387,switch,10,10,2895,2762,,,,,,,,0.37850472,,,,no_last_seen|no_prev|no_old
V058,388,switch,7,7,2847,2773,384,4,0.11851897,-14.20000000,-48.65000000,50.68000099,,,,,0.74865377,no_prev|no_next|no_old
V058,389,switch,4,4,2910,2778,,,,,,,,0.36845888,,,,no_last_seen|no_prev|no_old
V058,389,switch,7,7,2857,2773,385,4,0.08059074,-22.25000000,-49.15000000,53.95169135,,,,,0.73281248,no_prev|no_next|no_old
V058,389,switch,18,18,2914,2779,,,,,,,,,,,,no_last_seen|no_prev|no_next|no_old
V058,390,switch,2,2,2884,2781,386,4,0.64657056,4.45000000,10.70000000,11.58846409,,,0.00000000,228.46065854,0.90690925,no_prev|no_next
V058,390,switch,3,3,2780,2765,386,4,0.13596547,-21.70000000,15.50000000,26.66720833,,0.41632775,,,0.88407166,no_prev|no_old
V058,390,switch,5,5,2781,2773,376,14,0.00000000,147.80000000,-16.55000000,148.72371196,,0.33675272,,,0.66064658,no_prev|no_old
V058,390,switch,7,7,2868,2773,386,4,0.05210023,-29.35000000,-48.85000000,56.98899016,,0.51919694,,,0.72967024,no_prev|no_old
V058,390,switch,12,12,2771,2774,377,13,0.09478416,-21.70000000,12.25000000,24.91891852,,0.28030779,,,0.76921603,no_prev|no_old
V058,391,reuse,5,3,2780,0,390,1,0.41632775,12.80000000,1.35000000,12.87099452,0.41632775,,,,1.04679227,no_next
V058,391,reuse,2,5,2781,0,390,1,0.33675272,15.95000000,-0.20000000,15.95125387,0.33675272,0.29385471,,,0.97852761,
V058,392,switch,14,14,2928,2771,,,,,,,,0.34400765,,,,no_last_seen|no_prev|no_old
V058,393,switch,3,3,2934,2780,,,,,,,,0.51294883,,,,no_last_seen|no_prev|no_old
V058,393,switch,7,7,2932,2868,,,,,,,,0.49585685,,,,no_last_seen|no_prev|no_old
V058,393,switch,8,8,2936,2766,,,,,,,,,,,,no_last_seen|no_prev|no_next|no_old
V058,394,switch,6,6,2778,2763,381,13,0.00000000,-41.25000000,78.35000000,88.54538384,,,,,0.98167029,no_prev|no_next|no_old
V058,394,switch,8,8,2941,2766,,,,,,,,0.28658485,,,,no_last_seen|no_prev|no_old
V058,395,switch,18,18,2945,2779,,,,,,,,0.44658936,,,,no_last_seen|no_prev|no_old
V058,396,switch,6,6,2946,2763,,,,,,,,0.42904989,,,,no_last_seen|no_prev|no_old
V058,396,switch,12,12,2948,2774,,,,,,,,0.41271755,,,,no_last_seen|no_prev|no_old
V058,396,switch,16,16,2947,2776,,,,,,,,0.42874251,,,,no_last_seen|no_prev|no_old
V058,400,switch,10,10,2818,2895,378,22,0.62094163,0.70000000,13.25000000,13.26847768,,0.78154124,,,0.66636113,no_prev|no_old
V060,89,switch,1,1,2971,2963,,,,,,,,0.87438199,,,,no_last_seen|no_prev|no_old
V060,148,switch,7,7,2972,2962,,,,,,,,0.96790552,,,,no_last_seen|no_prev|no_old
V060,216,switch,2,2,2969,2965,215,1,0.82225355,-9.65000000,0.85000000,9.68736290,0.82225355,0.87367500,0.38260020,40.96001099,1.00595809,
V060,216,switch,9,9,2965,2969,215,1,0.94002500,-1.70000000,1.50000000,2.26715681,0.94002500,0.91093013,0.38260020,40.96001099,1.05066387,
V060,217,reuse,9,2,2969,0,216,1,0.87367500,-5.60000000,-2.25000000,6.03510563,0.87367500,0.88313801,,,0.94773820,
V060,217,reuse,2,9,2965,0,216,1,0.91093013,-3.20000000,1.10000000,3.38378486,0.91093013,0.83957379,,,1.05182253,
V060,262,switch,2,2,2973,2969,,,,,,,,0.87142309,,,,no_last_seen|no_prev|no_old
V060,426,switch,3,3,2967,2966,425,1,0.89653975,3.05000000,3.65000000,4.75657440,0.89653975,0.93649324,0.46968799,30.54950900,0.94367205,
V060,426,switch,8,8,2966,2967,425,1,0.86877894,3.60000000,2.40000000,4.32666153,0.86877894,0.94181107,0.46968799,30.54950900,0.92337075,
V060,427,reuse,8,3,2967,0,426,1,0.93649324,-1.10000000,2.40000000,2.64007576,0.93649324,0.95713038,,,0.93649324,
V060,427,reuse,3,8,2966,0,426,1,0.94181107,0.60000000,3.60000000,3.64965752,0.94181107,0.98786637,,,1.03682958,
V060,428,switch,2,2,2974,2973,,,,,,,,0.86114883,,,,no_last_seen|no_prev|no_old
V060,442,switch,1,1,2967,2971,441,1,0.87736789,2.55000000,5.35000000,5.92663480,0.87736789,0.83727483,0.51137429,22.99184638,0.95789895,
V060,442,switch,3,3,2971,2967,441,1,0.97845402,0.65000000,-0.50000000,0.82006097,0.97845402,0.98858786,0.51137429,22.99184638,0.99846389,
V060,443,reuse,3,1,2967,0,442,1,0.83727483,3.60000000,6.70000000,7.60591875,0.83727483,0.85835627,,,0.97712769,
V060,443,reuse,1,3,2971,0,442,1,0.98858786,0.15000000,-0.70000000,0.71589105,0.98858786,0.95860728,,,1.00649609,
V060,506,switch,4,4,2976,2968,,,,,,,,0.89890805,,,,no_last_seen|no_prev|no_old
V060,562,switch,2,2,2977,2974,,,,,,,,0.84365901,,,,no_last_seen|no_prev|no_old
V060,566,switch,9,9,2978,2965,,,,,,,,0.74002830,,,,no_last_seen|no_prev|no_old
V060,769,switch,0,0,2976,2961,768,1,0.75532452,-0.25000000,-9.50000000,9.50328890,0.75532452,0.88555492,,,1.32393424,no_old
V060,770,reuse,4,0,2976,0,769,1,0.88555492,1.50000000,-5.35000000,5.55630273,0.88555492,0.77624741,,,1.12923545,
V060,771,switch,4,4,2961,2976,768,3,0.79060256,0.75000000,10.20000000,10.22753636,,0.94011190,0.39251135,48.24067267,0.86926630,no_prev
V060,772,reuse,0,4,2961,0,771,1,0.94011190,0.45000000,2.45000000,2.49098374,0.94011190,0.95235528,,,0.95900093,
V061,28,switch,9,9,2989,2981,,,,,,,,0.69075938,,,,no_last_seen|no_prev|no_old
V061,112,switch,2,2,2990,2988,,,,,,,,0.87746763,,,,no_last_seen|no_prev|no_old
V061,120,switch,3,3,2991,2986,,,,,,,,0.68877167,,,,no_last_seen|no_prev|no_old
V061,138,switch,0,0,2992,2987,,,,,,,,0.50514750,,,,no_last_seen|no_prev|no_old
V061,140,switch,1,1,2993,2985,,,,,,,,0.64863629,,,,no_last_seen|no_prev|no_old
V061,196,switch,0,0,2993,2992,195,1,0.96794942,0.10000000,0.05000000,0.11180340,0.96794942,0.86821225,0.41268488,22.93278221,0.96794942,
V061,196,switch,1,1,2992,2993,195,1,0.73347445,9.00000000,1.85000000,9.18817174,0.73347445,0.75808268,0.41268488,22.93278221,0.97767411,
V061,197,reuse,1,0,2993,0,196,1,0.86821225,2.50000000,2.70000000,3.67967390,0.86821225,0.83504862,,,1.06505851,
V061,197,reuse,0,1,2992,0,196,1,0.75808268,8.35000000,0.70000000,8.37928995,0.75808268,0.72395243,,,0.96899763,
V061,250,switch,0,0,2984,2993,249,1,0.91039497,-0.70000000,-4.50000000,4.55411901,0.91039497,0.91936371,0.47056956,18.63934012,0.97880367,
V061,250,switch,8,8,2993,2984,249,1,0.80616248,-5.50000000,5.75000000,7.95691523,0.80616248,0.89636796,0.47056956,18.63934012,1.00576533,
V061,251,reuse,8,0,2984,0,250,1,0.91936371,-1.40000000,-1.70000000,2.20227155,0.91936371,0.88550131,,,0.99283121,
V061,251,reuse,0,8,2993,0,250,1,0.89636796,-2.75000000,2.95000000,4.03298897,0.89636796,0.95040227,,,1.00807699,
V061,256,switch,6,6,2980,2979,255,1,0.95448390,1.10000000,-0.90000000,1.42126704,0.95448390,0.93784417,0.44595787,34.17166224,0.95448390,
V061,256,switch,7,7,2979,2980,255,1,0.89516214,-2.65000000,-4.40000000,5.13638978,0.89516214,0.77222447,0.44595787,34.17166224,1.04995955,
V061,257,reuse,7,6,2980,0,256,1,0.93784417,-1.35000000,-2.10000000,2.49649755,0.93784417,0.97802389,,,1.06007019,
V061,257,reuse,6,7,2979,0,256,1,0.77222447,-9.80000000,-0.10000000,9.80051019,0.77222447,0.81856556,,,0.95530958,
V062,303,switch,0,0,3000,2999,302,1,0.89115125,-3.05000000,-3.65000000,4.75657440,0.89115125,0.92203868,0.45561149,41.38553491,0.94654125,
V062,303,switch,7,7,2999,3000,302,1,0.95149038,1.20000000,1.85000000,2.20510771,0.95149038,0.96131207,0.45561149,41.38553491,0.96643594,
V062,304,reuse,7,0,3000,0,303,1,0.92203868,-2.15000000,-2.35000000,3.18512166,0.92203868,0.94700289,,,0.96392678,
V062,304,reuse,0,7,2999,0,303,1,0.96131207,1.05000000,-1.20000000,1.59452187,0.96131207,0.94362343,,,0.98831559,
V062,387,switch,1,1,3009,3007,,,,,,,,0.74428280,,,,no_last_seen|no_prev|no_old
V062,398,switch,3,3,3010,3003,,,,,,,,0.45101472,,,,no_last_seen|no_prev|no_old
V062,411,switch,4,4,3011,3008,,,,,,,,0.88390873,,,,no_last_seen|no_prev|no_old
V062,414,switch,6,6,3012,3001,,,,,,,,0.74762370,,,,no_last_seen|no_prev|no_old
V062,505,switch,0,0,3013,3000,,,,,,,,0.91379881,,,,no_last_seen|no_prev|no_old
V063,28,switch,2,2,3024,3015,27,1,0.92552376,-0.85000000,1.70000000,1.90065778,0.92552376,0.91893095,0.45934694,41.58873044,0.92552376,
V063,28,switch,9,9,3015,3024,27,1,0.79135243,10.25000000,1.25000000,10.32593821,0.79135243,0.78057686,0.45934694,41.58873044,0.98161810,
V063,29,reuse,9,2,3024,0,28,1,0.91893095,-1.85000000,2.15000000,2.83637092,0.91893095,0.87401863,,,0.92794238,
V063,29,reuse,2,9,3015,0,28,1,0.78057686,9.10000000,4.55000000,10.17410930,0.78057686,0.87513818,,,1.00602217,
V063,257,switch,2,2,3019,3024,256,1,0.72193878,-1.15000000,22.65000000,22.67917547,0.72193878,0.77706092,0.43747257,54.63233932,0.76594433,
V063,257,switch,7,7,3024,3019,256,1,0.85937980,3.75000000,-0.80000000,3.83438391,0.85937980,0.79832580,0.43747257,54.63233932,1.11904313,
V063,258,reuse,7,2,3019,0,257,1,0.77706092,0.80000000,14.05000000,14.07275737,0.77706092,0.82963070,,,0.78540943,
V063,258,reuse,2,7,3024,0,257,1,0.79832580,0.15000000,13.95000000,13.95080643,0.79832580,0.94498124,,,0.83549222,
V063,342,switch,0,0,3025,3017,,,,,,,,0.67002023,,,,no_last_seen|no_prev|no_old
V063,347,switch,4,4,3026,3022,,,,,,,,0.66297286,,,,no_last_seen|no_prev|no_old
V063,351,switch,3,3,3027,3023,,,,,,,,0.78278519,,,,no_last_seen|no_prev|no_old
V063,710,switch,3,3,3026,3027,709,1,0.81559232,-8.65000000,-2.40000000,8.97677559,0.81559232,0.75800495,0.48946672,31.66389900,0.97344977,
V063,710,switch,4,4,3027,3026,709,1,0.72401381,-15.90000000,1.10000000,15.93800489,0.72401381,0.68143594,0.48946672,31.66389900,0.97281849,
V063,711,reuse,4,3,3026,0,710,1,0.75800495,-12.35000000,-0.50000000,12.36011731,0.75800495,0.67969151,,,1.01838939,
V063,711,reuse,3,4,3027,0,710,1,0.68143594,-19.10000000,0.70000000,19.11282292,0.68143594,0.77221769,,,1.00863481,
V063,796,switch,2,2,3021,3019,795,1,0.92449809,0.60000000,-5.15000000,5.18483365,0.92449809,0.91646986,,,0.94654318,no_old
V063,797,reuse,5,2,3021,0,796,1,0.91646986,2.70000000,-1.85000000,3.27299557,0.91646986,0.92963183,,,1.01825467,
V063,799,switch,5,5,3028,3021,,,,,,,,0.86033962,0.38859924,40.94584839,,no_last_seen|no_prev
V063,808,switch,1,1,3028,3018,807,1,0.80475902,10.45000000,-2.40000000,10.72205671,0.80475902,0.81415817,0.45756211,33.39618242,1.03355602,
V063,808,switch,5,5,3018,3028,807,1,0.93774674,-1.05000000,-3.35000000,3.51069794,0.93774674,0.94883665,0.45756211,33.39618242,0.97575169,
V063,809,reuse,5,1,3028,0,808,1,0.81415817,9.30000000,-3.60000000,9.97246208,0.81415817,0.88135768,,,1.03878986,
V063,809,reuse,1,5,3018,0,808,1,0.94883665,1.25000000,-1.85000000,2.23271136,0.94883665,0.83001981,,,0.96954330,
V063,829,switch,8,8,3029,3020,,,,,,,,0.80516041,,,,no_last_seen|no_prev|no_old
V063,832,switch,9,9,3030,3015,,,,,,,,0.55489299,,,,no_last_seen|no_prev|no_old
V064,486,switch,7,7,3041,3033,,,,,,,,0.81829278,,,,no_last_seen|no_prev|no_old
V064,501,switch,6,6,3042,3034,,,,,,,,0.71978815,,,,no_last_seen|no_prev|no_old
V064,567,switch,9,9,3044,3038,,,,,,,,0.95831858,,,,no_last_seen|no_prev|no_old
V064,610,switch,8,8,3045,3037,,,,,,,,0.90170280,,,,no_last_seen|no_prev|no_old
V064,746,switch,9,9,3046,3044,,,,,,,,0.81079309,,,,no_last_seen|no_prev|no_old
V064,759,switch,4,4,3047,3040,,,,,,,,0.79072418,,,,no_last_seen|no_prev|no_old
V065,17,switch,4,4,3057,3054,16,1,0.96983388,0.90000000,0.10000000,0.90553851,0.96983388,0.98391877,0.43782325,27.33866310,1.00742574,
V065,17,switch,9,9,3054,3057,16,1,0.74075669,-8.55000000,-0.40000000,8.55935161,0.74075669,0.72951542,0.43782325,27.33866310,1.01789314,
V065,18,reuse,9,4,3057,0,17,1,0.98391877,0.60000000,-0.05000000,0.60207973,0.98391877,0.96657365,,,0.99283746,
V065,18,reuse,4,9,3054,0,17,1,0.72951542,-9.15000000,-1.20000000,9.22835305,0.72951542,0.80351975,,,1.03254906,
V065,235,switch,5,5,3051,3053,234,1,0.95092871,0.50000000,-3.60000000,3.63455637,0.95092871,0.94929227,0.51819764,25.69362761,1.04659963,
V065,235,switch,6,6,3053,3051,234,1,0.86683090,3.35000000,-3.65000000,4.95429107,0.86683090,0.86160087,0.51819764,25.69362761,1.10116403,
V065,236,reuse,6,5,3051,0,235,1,0.94929227,0.80000000,-2.95000000,3.05655034,0.94929227,0.92690359,,,1.03601451,
V065,236,reuse,5,6,3053,0,235,1,0.86160087,3.50000000,-4.50000000,5.70087713,0.86160087,0.92305165,,,1.11476778,
V065,285,switch,4,4,3053,3057,284,1,0.95276454,-0.45000000,-2.85000000,2.88530761,0.95276454,0.83183032,0.51435066,40.97267382,1.04102310,
V065,285,switch,6,6,3057,3053,284,1,0.95369578,1.15000000,2.50000000,2.75181758,0.95369578,0.82224108,0.51435066,40.97267382,0.97422542,
V065,286,reuse,6,4,3053,0,285,1,0.83183032,8.10000000,-1.50000000,8.23771813,0.83183032,0.88464587,,,1.00854701,
V065,286,reuse,4,6,3057,0,285,1,0.82224108,0.15000000,11.65000000,11.65096563,0.82224108,0.88387334,,,0.82586566,
V065,340,switch,1,1,3059,3048,,,,,,,,0.92245676,,,,no_last_seen|no_prev|no_old
V065,351,switch,9,9,3060,3054,,,,,,,,0.76592176,,,,no_last_seen|no_prev|no_old
V065,376,switch,7,7,3061,3055,,,,,,,,0.61753947,,,,no_last_seen|no_prev|no_old
V065,390,switch,8,8,3062,3056,,,,,,,,0.89359916,,,,no_last_seen|no_prev|no_old
V065,491,switch,4,4,3063,3053,,,,,,,,0.96956526,,,,no_last_seen|no_prev|no_old
V065,556,switch,5,5,3057,3051,555,1,0.77588024,6.55000000,3.55000000,7.45016778,0.77588024,0.81638115,0.36769485,37.80955567,0.94478469,
V065,556,switch,6,6,3051,3057,555,1,0.93149530,-0.50000000,1.45000000,1.53378617,0.93149530,0.84333850,0.36769485,37.80955567,0.93149530,
V065,557,reuse,6,5,3057,0,556,1,0.81638115,5.55000000,2.00000000,5.89936437,0.81638115,0.84750675,,,0.97370957,
V065,557,reuse,5,6,3051,0,556,1,0.84333850,4.70000000,1.70000000,4.99799960,0.84333850,0.88567283,,,1.01062461,
V065,589,switch,0,0,3064,3052,,,,,,,,0.59481896,,,,no_last_seen|no_prev|no_old
V065,596,switch,4,4,3065,3063,,,,,,,,0.73142037,,,,no_last_seen|no_prev|no_old
V065,654,switch,5,5,3066,3057,,,,,,,,0.61304198,,,,no_last_seen|no_prev|no_old
V065,942,switch,5,5,3067,3066,939,3,0.75594240,9.05000000,-2.75000000,9.45859398,,0.97033761,,,1.02807886,no_prev|no_old
V065,946,switch,2,2,3067,3050,945,1,0.91740624,-2.50000000,-1.15000000,2.75181758,0.91740624,0.93632753,0.44679743,45.14005981,1.03658339,
V065,946,switch,5,5,3050,3067,945,1,0.76542896,0.35000000,6.45000000,6.45948914,0.76542896,0.88894696,0.44679743,45.14005981,0.76542896,
V065,947,reuse,5,2,3067,0,946,1,0.93632753,-1.70000000,-1.05000000,1.99812412,0.93632753,0.91299395,,,1.03787252,
V065,947,reuse,2,5,3050,0,946,1,0.88894696,0.70000000,0.70000000,0.98994949,0.88894696,0.93451959,,,0.88894696,
V066,24,reuse,7,9,3075,0,20,4,0.49401802,-16.65000000,-7.95000000,18.45060975,,0.37232551,,,0.83980488,no_prev
V066,26,reuse,9,11,3075,0,25,1,0.42572726,-12.40000000,28.10000000,30.71432890,0.42572726,0.44756021,,,1.14691367,
V066,28,switch,10,10,3089,3079,,,,,,,,0.38538194,,,,no_last_seen|no_prev|no_old
V066,31,switch,7,7,3098,3075,,,,,,,,0.36803937,,,,no_last_seen|no_prev|no_old
V066,35,switch,9,9,3105,3075,,,,,,,,0.43037780,,,,no_last_seen|no_prev|no_old
V066,35,switch,11,11,3106,3075,,,,,,,,0.43245490,,,,no_last_seen|no_prev|no_old
V066,39,switch,3,3,3072,3070,38,1,0.15831462,25.75000000,11.15000000,28.06038132,0.15831462,0.38767786,,,1.00486067,no_old
V066,40,switch,5,5,3107,3072,,,,,,,,0.57433259,0.13529927,28.77103578,,no_last_seen|no_prev
V066,40,reuse,5,3,3072,0,39,1,0.38767786,15.55000000,4.65000000,16.23037276,0.38767786,0.55957775,,,0.99395264,
V066,44,switch,3,3,3109,3072,,,,,,,,0.95926423,,,,no_last_seen|no_prev|no_old
V066,44,switch,4,4,3110,3073,,,,,,,,0.97881195,,,,no_last_seen|no_prev|no_old
V066,48,switch,2,2,3070,3069,38,10,0.00000000,257.70000000,-22.05000000,258.64162948,,0.80260452,,,0.91224985,no_prev|no_old
V066,49,reuse,3,2,3070,0,48,1,0.80260452,5.40000000,-0.90000000,5.47448628,0.80260452,0.93438593,,,0.99197861,
V066,52,switch,2,2,3072,3070,42,10,0.00000000,215.75000000,-27.40000000,217.48292462,,0.65187547,,,1.01967099,no_prev|no_old
V066,53,reuse,3,2,3072,0,52,1,0.65187547,7.90000000,-2.25000000,8.21416460,0.65187547,0.81000479,,,1.04545953,
V066,81,switch,1,1,3111,3071,,,,,,,,0.79290730,,,,no_last_seen|no_prev|no_old
V066,84,switch,0,0,3112,3068,,,,,,,,0.50077812,,,,no_last_seen|no_prev|no_old
V067,31,reuse,6,7,3119,0,30,1,0.77609097,1.50000000,-10.40000000,10.50761629,0.77609097,0.34260829,,,0.93733525,
V067,32,switch,6,6,3120,3119,,,,,,,,0.74370523,0.28961402,25.81908209,,no_last_seen|no_prev
V067,33,switch,7,7,3120,3119,32,1,0.74370523,4.20000000,-10.30000000,11.12339876,0.74370523,0.38451415,,,0.92926410,no_old
V067,34,switch,6,6,3121,3119,,,,,,,,0.62568033,,,,no_last_seen|no_prev|no_old
V067,36,switch,6,6,3123,3121,,,,,,,,0.37666533,0.57494931,16.45433074,,no_last_seen|no_prev
V067,36,switch,7,7,3121,3120,35,1,0.36149976,27.25000000,-9.55000000,28.87498918,0.36149976,0.28386752,,,0.94905463,no_old
V067,37,reuse,6,7,3121,0,36,1,0.28386752,32.70000000,-8.60000000,33.81198013,0.28386752,0.27388734,,,0.93902939,
V067,41,reuse,7,9,3120,0,34,7,0.00000000,68.20000000,-10.20000000,68.95853827,,0.34458173,,,0.83477300,no_prev
V067,61,switch,3,3,3117,3116,60,1,0.38651255,13.00000000,17.30000000,21.64000924,0.38651255,0.67440397,,,0.99315068,no_old
V067,62,switch,4,4,3134,3117,,,,,,,,0.99092607,0.18240783,35.14384726,,no_last_seen|no_prev
V067,62,reuse,4,3,3117,0,61,1,0.67440397,5.25000000,7.95000000,9.52706670,0.67440397,0.89612360,,,1.00638808,
V067,80,switch,0,0,3135,3113,,,,,,,,0.60024649,,,,no_last_seen|no_prev|no_old
V067,113,switch,3,3,3136,3117,,,,,,,,0.85811151,,,,no_last_seen|no_prev|no_old
V067,114,switch,3,3,3134,3117,113,1,0.90151226,0.35000000,7.15000000,7.15856131,0.90151226,0.87623483,,,0.99017052,no_old
V067,114,switch,4,4,3136,3134,113,1,0.85811151,2.50000000,-2.40000000,3.46554469,0.85811151,0.95272266,0.37755610,34.86434425,1.03441114,
V067,115,reuse,4,3,3134,0,114,1,0.87623483,0.10000000,10.45000000,10.45047846,0.87623483,0.92801711,,,1.03245958,
V068,28,reuse,9,11,3145,0,26,2,0.42143782,1.75000000,44.60000000,44.63431976,,,,,1.13067717,no_prev|no_next
V068,29,reuse,8,10,3146,0,26,3,0.64084842,-6.60000000,-21.25000000,22.25134827,,0.36798761,,,0.83001467,no_prev
V068,34,switch,9,9,3165,3145,,,,,,,,0.45486534,,,,no_last_seen|no_prev|no_old
V068,36,switch,8,8,3170,3146,,,,,,,,0.57218498,0.00000000,229.91644678,,no_last_seen|no_prev
V068,37,switch,11,11,3172,3145,,,,,,,,0.40033896,,,,no_last_seen|no_prev|no_old
V068,97,switch,0,0,3174,3137,,,,,,,,0.69089981,,,,no_last_seen|no_prev|no_old
V068,155,switch,3,3,3175,3139,,,,,,,,0.74780299,,,,no_last_seen|no_prev|no_old
V068,210,switch,7,7,3143,3144,209,1,0.72280388,6.55000000,-10.90000000,12.71662298,0.72280388,,,,1.23439961,no_next|no_old
V068,212,switch,7,7,3144,3144,211,1,0.81229392,5.75000000,-5.60000000,8.02636281,0.81229392,0.82848308,1.00000000,0.00000000,1.03595595,
V068,253,switch,6,6,3144,3143,252,1,0.97283829,-0.85000000,0.20000000,0.87321246,0.97283829,0.97778806,0.45332855,25.77426042,1.00856045,
V068,253,switch,7,7,3143,3144,252,1,0.82204252,-4.90000000,-1.00000000,5.00099990,0.82204252,0.76300508,0.45332855,25.77426042,0.99101333,
V068,254,reuse,7,6,3144,0,253,1,0.97778806,-0.85000000,-0.05000000,0.85146932,0.97778806,0.96109954,,,0.99860786,
V068,254,reuse,6,7,3143,0,253,1,0.76300508,-6.95000000,-0.20000000,6.95287710,0.76300508,0.69505498,,,0.98888468,
V068,295,switch,1,1,3174,3138,294,1,0.89112490,2.30000000,1.85000000,2.95169443,0.89112490,,,,0.92547748,no_next|no_old
V068,327,switch,0,0,3176,3174,,,,,,,,0.56348103,,,,no_last_seen|no_prev|no_old
V068,334,switch,4,4,3181,3141,,,,,,,,0.74518720,,,,no_last_seen|no_prev|no_old
V068,394,switch,9,9,3182,3165,,,,,,,,0.90991629,,,,no_last_seen|no_prev|no_old
V069,49,reuse,9,11,3211,0,48,1,0.41531523,-12.90000000,21.20000000,24.81632527,0.41531523,0.46299826,,,0.93554495,
V069,54,switch,9,9,3226,3211,,,,,,,,0.40783634,,,,no_last_seen|no_prev|no_old
V069,55,switch,11,11,3226,3211,54,1,0.40783634,-22.80000000,17.00000000,28.44011252,0.40783634,0.56251977,,,0.95173202,no_old
V069,56,switch,9,9,3231,3211,,,,,,,,0.42890422,,,,no_last_seen|no_prev|no_old
V069,96,switch,2,2,3239,3185,,,,,,,,0.68003184,,,,no_last_seen|no_prev|no_old
V069,115,switch,1,1,3240,3184,,,,,,,,0.77848767,,,,no_last_seen|no_prev|no_old
V069,136,switch,0,0,3241,3183,,,,,,,,0.43859618,,,,no_last_seen|no_prev|no_old
V069,164,switch,5,5,3187,3238,163,1,0.59650812,-14.25000000,1.65000000,14.34520826,0.59650812,0.59373677,,,1.02524690,no_old
V069,165,reuse,4,5,3187,0,164,1,0.59373677,-13.25000000,5.30000000,14.27068674,0.59373677,0.57630810,,,0.94344582,
V069,169,reuse,5,4,3187,0,168,1,0.58857052,-15.05000000,2.25000000,15.21725994,0.58857052,0.64893797,,,1.01685579,
V069,175,switch,5,5,3243,3187,,,,,,,,0.63228795,0.67106224,17.93669423,,no_last_seen|no_prev
V069,180,switch,4,4,3243,3187,179,1,0.54800165,18.80000000,7.40000000,20.20396001,0.54800165,0.66885521,0.27511211,44.90303442,1.03982626,
V069,180,switch,5,5,3187,3243,179,1,0.88665960,3.95000000,1.60000000,4.26174847,0.88665960,0.78644689,0.27511211,44.90303442,0.99665507,
V069,181,reuse,5,4,3243,0,180,1,0.66885521,11.85000000,7.75000000,14.15927258,0.66885521,0.67587099,,,0.99273988,
V069,181,reuse,4,5,3187,0,180,1,0.78644689,8.40000000,2.25000000,8.69611982,0.78644689,0.79559777,,,1.01114803,
V069,190,switch,10,10,3244,3225,,,,,,,,0.89720652,,,,no_last_seen|no_prev|no_old
V069,215,switch,6,6,3245,3199,,,,,,,,0.81077586,,,,no_last_seen|no_prev|no_old
V069,219,switch,11,11,3246,3226,218,1,0.95495262,0.10000000,-0.45000000,0.46097722,0.95495262,0.79567632,,,0.95495262,no_old
V069,240,switch,8,8,3231,3208,239,1,0.68788253,10.75000000,-5.85000000,12.23866823,0.68788253,0.68515680,,,1.12397141,no_old
V069,241,reuse,9,8,3231,0,240,1,0.68515680,11.30000000,-6.90000000,13.24009063,0.68515680,0.74161295,,,1.05156140,
V069,242,switch,1,1,3243,3240,241,1,0.69581818,6.20000000,-9.55000000,11.38606605,0.69581818,0.76910250,0.44288080,40.64984625,1.39209344,
V069,242,switch,4,4,3240,3243,241,1,0.75037999,4.85000000,-13.50000000,14.34477257,0.75037999,0.81724394,0.44288080,40.64984625,1.13337339,
V069,243,reuse,4,1,3243,0,242,1,0.76910250,9.00000000,-0.90000000,9.04488806,0.76910250,0.85424400,,,0.99080170,
V069,243,reuse,1,4,3240,0,242,1,0.81724394,0.65000000,-12.25000000,12.26723278,0.81724394,0.80388032,,,1.11165408,
V069,244,switch,7,7,3208,3201,239,5,0.08665109,54.30000000,-55.90000000,77.93138007,,0.66080579,,,1.13539449,no_prev|no_old
V069,245,reuse,8,7,3208,0,244,1,0.66080579,10.40000000,-11.30000000,15.35740864,0.66080579,0.70428314,,,0.87623416,
V070,13,switch,8,8,3257,3256,,,,,,,,0.51365711,,,,no_last_seen|no_prev|no_old
V070,26,switch,7,7,3260,3253,,,,,,,,0.68629787,,,,no_last_seen|no_prev|no_old
V070,32,switch,6,6,3260,3251,31,1,0.62528067,-10.80000000,9.25000000,14.21979254,0.62528067,0.60621679,0.44394942,31.85545479,0.96046312,
V070,32,switch,7,7,3251,3260,31,1,0.63044995,-10.45000000,-2.00000000,10.63966635,0.63044995,0.64834126,0.44394942,31.85545479,0.94513863,
V070,33,reuse,7,6,3260,0,32,1,0.60621679,-10.80000000,11.50000000,15.77624797,0.60621679,0.65575991,,,0.94761899,
V070,33,reuse,6,7,3251,0,32,1,0.64834126,-8.85000000,-4.50000000,9.92836845,0.64834126,0.61940039,,,0.91308491,
V070,35,switch,9,9,3256,3250,11,24,0.00000000,-122.75000000,8.50000000,123.04394540,,0.68061459,,,0.98073022,no_prev|no_old
V070,36,reuse,8,9,3256,0,35,1,0.68061459,-8.05000000,-2.65000000,8.47496313,0.68061459,0.62944590,,,0.99606759,
V070,67,switch,7,7,3257,3251,66,1,0.56684216,-15.20000000,3.65000000,15.63209839,0.56684216,0.57928171,0.44588044,21.24011535,1.01255702,
V070,67,switch,8,8,3251,3257,66,1,0.43551426,-18.20000000,0.75000000,18.21544674,0.43551426,0.44479611,0.44588044,21.24011535,1.03437074,
V070,68,reuse,8,7,3257,0,67,1,0.57928171,-15.10000000,3.05000000,15.40495050,0.57928171,0.60074575,,,1.00809883,
V070,68,reuse,7,8,3251,0,67,1,0.44479611,-18.20000000,0.15000000,18.20061812,0.44479611,0.45473119,,,1.00526944,
V070,105,switch,1,1,3261,3254,,,,,,,,0.47583065,,,,no_last_seen|no_prev|no_old
V070,109,switch,0,0,3262,3247,,,,,,,,0.92958806,,,,no_last_seen|no_prev|no_old
V070,111,switch,2,2,3263,3255,,,,,,,,0.73030725,,,,no_last_seen|no_prev|no_old
V070,118,switch,3,3,3264,3252,,,,,,,,0.74059769,,,,no_last_seen|no_prev|no_old
V070,122,switch,7,7,3251,3257,121,1,0.76529929,8.85000000,-2.15000000,9.10741456,0.76529929,0.75455181,,,0.92351581,no_old
V070,123,reuse,8,7,3251,0,122,1,0.75455181,7.85000000,0.30000000,7.85573039,0.75455181,0.77731124,,,0.88143355,
V070,125,switch,8,8,3257,3251,118,7,0.04217623,60.70000000,-44.35000000,75.17587711,,0.75115933,0.81048902,9.89760072,0.89811035,no_prev
V070,126,reuse,7,8,3257,0,125,1,0.75115933,8.05000000,-2.90000000,8.55643033,0.75115933,0.77976381,,,0.93569205,
V070,134,switch,4,4,3264,3248,133,1,0.62001507,9.90000000,8.80000000,13.24575404,0.62001507,0.92354871,,,0.99391463,no_old
V070,135,switch,3,3,3265,3264,,,,,,,,0.65243932,0.16813016,40.20609407,,no_last_seen|no_prev
V070,135,reuse,3,4,3264,0,134,1,0.92354871,-1.20000000,2.35000000,2.63865496,0.92354871,0.78899923,,,0.98783790,
V070,136,switch,8,8,3248,3257,133,3,0.02836395,38.20000000,3.80000000,38.38853996,,0.93040803,,,0.95938944,no_prev|no_old
V070,137,reuse,4,8,3248,0,136,1,0.93040803,0.15000000,2.05000000,2.05548048,0.93040803,0.84759500,,,1.06845716,
V070,139,switch,7,7,3267,3251,,,,,,,,0.85783870,,,,no_last_seen|no_prev|no_old
V070,142,switch,0,0,3268,3262,141,1,0.84930653,6.15000000,-2.75000000,6.73683902,0.84930653,,,,1.05695586,no_next|no_old
V070,143,switch,0,0,3262,3262,141,2,0.87196649,2.35000000,-5.30000000,5.79762883,,,1.00000000,0.00000000,1.07919295,no_prev|no_next
V070,144,switch,0,0,3268,3262,142,2,0.84086796,5.00000000,-5.65000000,7.54470013,,0.91733226,,,1.05083547,no_prev|no_old
V070,251,switch,6,6,3267,3260,250,1,0.87465279,-1.85000000,7.35000000,7.57924798,0.87465279,0.86457413,0.47648604,48.64609440,0.94309116,
V070,251,switch,7,7,3260,3267,250,1,0.80140634,-4.25000000,-5.75000000,7.15017482,0.80140634,0.80997990,0.47648604,48.64609440,0.90446568,
V070,252,reuse,7,6,3267,0,251,1,0.86457413,-3.30000000,-3.45000000,4.77414914,0.86457413,0.84457647,,,1.09702441,
V070,252,reuse,6,7,3260,0,251,1,0.80997990,-3.90000000,-3.15000000,5.01323249,0.80997990,0.77072439,,,0.89771453,
V070,280,switch,0,0,3269,3268,,,,,,,,0.81544058,,,,no_last_seen|no_prev|no_old
V070,296,switch,1,1,3270,3261,,,,,,,,0.58910196,,,,no_last_seen|no_prev|no_old
V070,303,switch,2,2,3272,3263,,,,,,,,0.88251336,,,,no_last_seen|no_prev|no_old
V070,355,switch,11,11,3273,3259,,,,,,,,0.60792884,,,,no_last_seen|no_prev|no_old
V070,378,switch,6,6,3277,3267,377,1,0.31918924,-21.65000000,1.95000000,21.73764017,0.31918924,0.39171254,0.46924145,19.89798985,1.05890544,
V070,378,switch,7,7,3267,3260,377,1,0.36719755,-24.75000000,4.65000000,25.18303000,0.36719755,0.41194634,,,0.91920390,no_old
V070,379,reuse,6,7,3267,0,378,1,0.41194634,-22.15000000,2.25000000,22.26398437,0.41194634,0.38999600,,,0.99876810,
V070,433,switch,1,1,3279,3270,,,,,,,,0.59555161,,,,no_last_seen|no_prev|no_old
V070,444,switch,0,0,3280,3269,,,,,,,,0.68665308,,,,no_last_seen|no_prev|no_old
V070,448,switch,2,2,3281,3272,,,,,,,,0.65676867,,,,no_last_seen|no_prev|no_old
V070,453,switch,4,4,3265,3264,452,1,0.71642248,7.45000000,-8.90000000,11.60657141,0.71642248,0.75337630,,,1.20476985,no_old
V070,455,reuse,3,4,3265,0,454,1,0.70712765,8.25000000,-11.25000000,13.95080643,0.70712765,0.71836100,,,0.97848812,
V070,456,reuse,4,3,3265,0,455,1,0.71836100,7.95000000,-9.60000000,12.46444945,0.71836100,0.73692964,,,0.95948668,
V070,457,reuse,3,4,3265,0,456,1,0.73692964,7.45000000,-7.50000000,10.57130550,0.73692964,0.67295283,,,0.96521246,
V070,458,reuse,4,3,3265,0,457,1,0.67295283,9.85000000,-7.15000000,12.17148306,0.67295283,0.70767856,,,0.90527974,
V070,489,switch,4,4,3284,3265,,,,,,,,0.87347542,0.70133964,22.50827626,,no_last_seen|no_prev
V070,495,switch,3,3,3284,3265,494,1,0.82645053,5.85000000,1.65000000,6.07823988,0.82645053,0.78372397,0.39848409,40.92340406,1.11769093,
V070,495,switch,4,4,3265,3284,494,1,0.89969147,0.80000000,6.05000000,6.10266335,0.89969147,0.85603469,0.39848409,40.92340406,0.91729323,
V070,496,reuse,4,3,3284,0,495,1,0.78372397,9.35000000,0.35000000,9.35654851,0.78372397,0.85345778,,,1.06765129,
V070,496,reuse,3,4,3265,0,495,1,0.85603469,-1.50000000,0.50000000,1.58113883,0.85603469,0.83943457,,,0.87476855,
V071,165,switch,8,8,3295,3288,,,,,,,,0.64793505,,,,no_last_seen|no_prev|no_old
V071,189,switch,4,4,3296,3289,,,,,,,,0.67738398,,,,no_last_seen|no_prev|no_old
V071,192,switch,9,9,3297,3286,,,,,,,,0.64882536,,,,no_last_seen|no_prev|no_old
V071,344,switch,1,1,3298,3290,,,,,,,,0.71942979,,,,no_last_seen|no_prev|no_old
V071,345,switch,3,3,3299,3294,,,,,,,,0.54733917,,,,no_last_seen|no_prev|no_old
V071,348,switch,2,2,3300,3292,,,,,,,,0.81548387,,,,no_last_seen|no_prev|no_old
V071,349,switch,5,5,3285,3293,348,1,0.82849189,-11.65000000,-4.75000000,12.58113667,0.82849189,0.79703028,0.47235161,50.37072563,0.91861875,
V071,349,switch,7,7,3293,3285,348,1,0.93184813,-3.50000000,1.25000000,3.71651719,0.93184813,0.95572990,0.47235161,50.37072563,0.97505112,
V071,350,reuse,7,5,3285,0,349,1,0.79703028,-14.25000000,-3.85000000,14.76092816,0.79703028,0.79890319,,,0.92192073,
V071,350,reuse,5,7,3293,0,349,1,0.95572990,-1.70000000,-1.35000000,2.17082933,0.95572990,0.95593141,,,0.98077067,
V072,30,switch,0,0,3306,3303,29,1,0.86029833,-6.15000000,-2.30000000,6.56601097,0.86029833,0.84392830,,,1.01881731,no_old
V072,31,reuse,1,0,3306,0,30,1,0.84392830,-7.45000000,-2.00000000,7.71378636,0.84392830,0.80555810,,,0.99372842,
V072,32,switch,1,1,3303,3306,31,1,0.79635639,-5.30000000,-11.25000000,12.43593583,0.79635639,0.85172056,0.61444703,34.12037514,0.81702784,
V072,33,reuse,0,1,3303,0,32,1,0.85172056,-4.70000000,-4.80000000,6.71788657,0.85172056,0.92012535,,,0.90707607,
V072,83,switch,2,2,3303,3305,72,11,0.81918009,-8.15000000,-11.30000000,13.93242621,,0.96797140,,,1.21815055,no_prev|no_old
V072,84,reuse,1,2,3303,0,83,1,0.96797140,1.25000000,0.05000000,1.25099960,0.96797140,0.92350308,,,0.96797140,
V072,87,switch,1,1,3311,3303,,,,,,,,0.87851119,0.19523592,101.28622809,,no_last_seen|no_prev
V072,130,switch,6,6,3312,3301,,,,,,,,0.67000594,,,,no_last_seen|no_prev|no_old
V072,135,switch,8,8,3313,3310,,,,,,,,0.58742996,,,,no_last_seen|no_prev|no_old
V072,141,switch,9,9,3314,3308,,,,,,,,0.65373188,,,,no_last_seen|no_prev|no_old
V072,435,switch,2,2,3314,3303,434,1,0.73341659,-12.55000000,-0.45000000,12.55806514,0.73341659,0.77064899,0.38171476,35.54215807,1.03176485,
V072,435,switch,9,9,3303,3314,434,1,0.85039040,-5.70000000,-1.55000000,5.90698739,0.85039040,0.95806272,0.38171476,35.54215807,1.00646705,
V072,436,reuse,9,2,3314,0,435,1,0.77064899,-10.80000000,-0.10000000,10.80046295,0.77064899,0.80060254,,,1.03229496,
V072,436,reuse,2,9,3303,0,435,1,0.95806272,-1.35000000,-0.65000000,1.49833241,0.95806272,0.92862808,,,0.99565442,
V072,571,switch,3,3,3315,3307,570,1,0.71255321,-5.15000000,2.35000000,5.66083033,0.71255321,0.65490679,,,1.10475614,no_old
V072,583,switch,3,3,3304,3307,582,1,0.79458053,-8.65000000,4.45000000,9.72753823,0.79458053,0.54173733,,,1.02882394,no_old
V072,583,switch,4,4,3315,3304,582,1,0.95906383,-0.50000000,3.05000000,3.09071189,0.95906383,0.93394377,0.51641580,27.98646995,1.01152605,
V072,584,reuse,4,3,3304,0,583,1,0.54173733,-25.35000000,7.50000000,26.43619678,0.54173733,0.71974311,,,1.03124628,
V073,37,switch,3,3,3323,3324,36,1,0.78459032,-3.50000000,5.85000000,6.81707415,0.78459032,0.93951928,,,1.14325193,no_old
V073,38,switch,4,4,3327,3323,,,,,,,,0.92585004,0.51431996,31.16941610,,no_last_seen|no_prev
V073,38,reuse,4,3,3323,0,37,1,0.93951928,0.90000000,1.60000000,1.83575598,0.93951928,0.73532824,,,1.02016595,
V073,198,switch,1,1,3321,3319,197,1,0.92641303,-1.55000000,-0.05000000,1.55080624,0.92641303,0.87848107,0.46835372,17.61732102,1.00006326,
V073,198,switch,5,5,3319,3321,197,1,0.78649628,-5.40000000,1.45000000,5.59128787,0.78649628,0.82265898,0.46835372,17.61732102,1.04446882,
V073,199,reuse,5,1,3321,0,198,1,0.87848107,-2.85000000,0.75000000,2.94703241,0.87848107,0.86500590,,,1.00849107,
V073,199,reuse,1,5,3319,0,198,1,0.82265898,-4.55000000,1.20000000,4.70558179,0.82265898,0.88604725,,,1.02802901,
V073,231,switch,5,5,3318,3319,230,1,0.60559919,18.55000000,1.35000000,18.59905912,0.60559919,0.59254483,,,1.03681809,no_old
V073,232,switch,5,5,3319,3319,226,6,0.77421872,6.00000000,-0.55000000,6.02515560,,0.93864518,1.00000000,0.00000000,0.93445180,no_prev
V073,425,switch,0,0,3323,3318,424,1,0.79466810,-5.75000000,-5.40000000,7.88812398,0.79466810,0.88717790,,,0.93229466,no_old
V073,426,reuse,3,0,3323,0,425,1,0.88717790,-3.05000000,-2.30000000,3.82001309,0.88717790,0.92738272,,,0.95890756,
V073,430,switch,3,3,3318,3323,421,9,0.56358252,15.35000000,19.25000000,24.62082452,,0.96577133,0.18275019,53.12664115,1.07058208,no_prev
V073,431,reuse,0,3,3318,0,430,1,0.96577133,1.20000000,0.55000000,1.32003788,0.96577133,0.94897137,,,0.97165566,
V073,448,switch,3,3,3322,3318,447,1,0.92794073,-1.40000000,4.10000000,4.33243580,0.92794073,0.92162609,0.50790266,31.80742838,1.06849202,
V073,448,switch,8,8,3318,3322,447,1,0.81204278,4.85000000,10.25000000,11.33953262,0.81204278,0.85052955,0.50790266,31.80742838,0.93858463,
V073,449,reuse,8,3,3322,0,448,1,0.92162609,1.70000000,4.35000000,4.67038542,0.92162609,0.86925943,,,1.01439232,
V073,449,reuse,3,8,3318,0,448,1,0.85052955,4.10000000,6.75000000,7.89762623,0.85052955,0.91961124,,,0.98220063,
V073,500,switch,7,7,3328,3317,,,,,,,,0.80041797,,,,no_last_seen|no_prev|no_old
V073,559,switch,5,5,3329,3319,,,,,,,,0.90817136,,,,no_last_seen|no_prev|no_old
V073,767,switch,2,2,3331,3326,,,,,,,,0.84940319,,,,no_last_seen|no_prev|no_old
V074,53,switch,10,10,3344,3335,,,,,,,,0.75517246,,,,no_last_seen|no_prev|no_old
V074,186,switch,9,9,3345,3343,,,,,,,,0.63652365,,,,no_last_seen|no_prev|no_old
V074,188,switch,6,6,3345,3340,187,1,0.55007946,-11.70000000,-2.15000000,11.89590266,0.55007946,0.59857165,0.44269437,27.46024399,1.03310493,
V074,188,switch,9,9,3340,3345,187,1,0.64506244,-8.75000000,1.10000000,8.81887181,0.64506244,0.66964628,0.44269437,27.46024399,0.98669269,
V074,189,reuse,9,6,3345,0,188,1,0.59857165,-10.45000000,0.20000000,10.45191370,0.59857165,0.60684522,,,0.99545205,
V074,189,reuse,6,9,3340,0,188,1,0.66964628,-7.80000000,1.80000000,8.00499844,0.66964628,0.71673832,,,1.01338916,
V074,283,switch,1,1,3336,3338,282,1,0.81825764,0.55000000,15.05000000,15.06004648,0.81825764,0.79038473,0.50456682,48.14730003,0.89959506,
V074,283,switch,2,2,3338,3336,282,1,0.85798955,-4.20000000,3.55000000,5.49931814,0.85798955,0.86112998,0.50456682,48.14730003,1.12817888,
V074,284,reuse,2,1,3336,0,283,1,0.79038473,4.15000000,7.80000000,8.83529852,0.79038473,0.77503379,,,0.82111892,
V074,284,reuse,1,2,3338,0,283,1,0.86112998,-3.45000000,7.10000000,7.89382670,0.86112998,0.90686373,,,1.07673551,
V074,300,switch,1,1,3338,3336,299,1,0.93445002,-2.15000000,-0.10000000,2.15232433,0.93445002,0.89085233,0.47914148,23.25043010,1.02724356,
V074,300,switch,2,2,3336,3338,299,1,0.90975462,2.05000000,-1.60000000,2.60048072,0.90975462,0.89912148,0.47914148,23.25043010,1.04985972,
V074,301,reuse,2,1,3338,0,300,1,0.89085233,-4.05000000,-1.05000000,4.18389770,0.89085233,0.81140793,,,1.02109097,
V074,301,reuse,1,2,3336,0,300,1,0.89912148,1.95000000,-3.05000000,3.62008287,0.89912148,0.89900648,,,1.03923557,
V074,359,switch,5,5,3346,3339,,,,,,,,0.59982654,,,,no_last_seen|no_prev|no_old
V074,364,switch,7,7,3347,3341,,,,,,,,0.78389610,,,,no_last_seen|no_prev|no_old
V074,394,switch,8,8,3348,3342,,,,,,,,0.87897793,,,,no_last_seen|no_prev|no_old
V074,487,switch,5,5,3345,3346,486,1,0.79254150,6.00000000,3.20000000,6.80000000,0.79254150,0.81445359,0.42568165,25.88484112,0.98741253,
V074,487,switch,6,6,3346,3345,486,1,0.79233902,-3.70000000,6.75000000,7.69756455,0.79233902,0.83632726,0.42568165,25.88484112,1.01669723,
V074,488,reuse,6,5,3345,0,487,1,0.81445359,5.70000000,1.55000000,5.90698739,0.81445359,0.81414885,,,0.96162655,
V074,488,reuse,5,6,3346,0,487,1,0.83632726,-1.40000000,9.15000000,9.25648421,0.83632726,0.81608167,,,1.02571435,
V074,570,switch,8,8,3349,3348,,,,,,,,0.62480620,,,,no_last_seen|no_prev|no_old
V074,594,switch,7,7,3350,3347,,,,,,,,0.85795130,,,,no_last_seen|no_prev|no_old
V074,598,switch,10,10,3351,3344,,,,,,,,0.67343648,,,,no_last_seen|no_prev|no_old
V075,71,switch,0,0,3364,3353,,,,,,,,0.93829427,,,,no_last_seen|no_prev|no_old
V075,82,switch,6,6,3359,3358,81,1,0.70688451,2.65000000,3.75000000,4.59184059,0.70688451,0.84432095,,,1.41465824,no_old
V075,83,reuse,7,6,3359,0,82,1,0.84432095,-4.50000000,-0.35000000,4.51359059,0.84432095,0.76895105,,,1.06803839,
V075,84,switch,7,7,3361,3359,83,1,0.83767151,5.70000000,0.35000000,5.71073550,0.83767151,0.76585595,0.82155461,12.68197540,1.05736979,
V075,85,switch,11,11,3358,3361,81,4,0.24409928,-31.10000000,-46.00000000,55.52666026,,0.81349370,0.49404971,26.84180508,0.55310124,no_prev
V075,85,reuse,11,7,3361,0,84,1,0.76585595,5.55000000,8.25000000,9.94308805,0.76585595,0.87094572,,,0.79111454,
V075,86,reuse,6,11,3358,0,85,1,0.81349370,-3.65000000,-5.95000000,6.98032951,0.81349370,0.78839416,,,0.97338865,
V075,151,switch,10,10,3365,3362,150,1,0.90035537,0.80000000,-3.95000000,4.03019851,0.90035537,0.94925501,,,1.08482759,no_old
V075,158,switch,6,6,3366,3359,157,1,0.53583219,13.65000000,-0.20000000,13.65146512,0.53583219,0.57242593,,,1.04640343,no_old
V075,190,switch,0,0,3352,3364,189,1,0.87568744,-0.45000000,-3.35000000,3.38008876,0.87568744,0.90291952,0.36315174,18.06855002,0.87568744,
V075,190,switch,2,2,3364,3352,189,1,0.79675991,5.40000000,11.50000000,12.70472353,0.79675991,0.72765021,0.36315174,18.06855002,1.00107441,
V075,191,reuse,2,0,3352,0,190,1,0.90291952,-2.05000000,-1.30000000,2.42744722,0.90291952,0.87935768,,,0.97177292,
V075,191,reuse,0,2,3364,0,190,1,0.72765021,11.80000000,9.25000000,14.99341522,0.72765021,0.69469200,,,1.02286045,
V075,201,switch,10,10,3367,3365,,,,,,,,0.76053129,,,,no_last_seen|no_prev|no_old
V075,217,switch,7,7,3360,3361,216,1,0.61467509,9.50000000,8.05000000,12.45200787,0.61467509,0.67066849,,,1.33718291,no_old
V075,218,reuse,8,7,3360,0,217,1,0.67066849,9.15000000,-6.60000000,11.28195462,0.67066849,0.82798566,,,1.22019415,
V075,220,switch,8,8,3361,3360,219,1,0.66133857,8.00000000,-17.25000000,19.01479687,0.66133857,0.68235722,0.61607924,42.69010424,0.88121329,
V075,221,switch,6,6,3360,3366,220,1,0.68933535,9.95000000,-6.40000000,11.83057480,0.68933535,0.69735904,,,1.01434055,no_old
V075,221,switch,7,7,3361,3360,220,1,0.68235722,9.85000000,0.05000000,9.85012690,0.68235722,0.72722486,0.66833702,36.25248267,1.12138952,
V075,222,reuse,7,6,3360,0,221,1,0.69735904,8.55000000,-10.95000000,13.89262394,0.69735904,0.75577929,,,1.08079006,
V075,227,switch,7,7,3366,3361,226,1,0.73528314,9.25000000,3.40000000,9.85507483,0.73528314,0.77659868,0.50103211,21.61903097,1.03181138,
V075,227,reuse,7,8,3361,0,226,1,0.70647340,7.25000000,1.00000000,7.31864058,0.70647340,0.67503292,,,0.86317372,
V075,228,reuse,6,7,3366,0,227,1,0.77659868,7.90000000,2.90000000,8.41546196,0.77659868,0.90277628,,,1.08769262,
V075,243,switch,7,7,3361,3366,242,1,0.87198311,-2.90000000,0.35000000,2.92104433,0.87198311,0.87213293,0.30180902,24.24133866,1.02105657,
V075,243,switch,8,8,3366,3361,242,1,0.76345657,-5.70000000,-1.85000000,5.99270390,0.76345657,0.78174091,0.30180902,24.24133866,1.01395666,
V075,244,reuse,8,7,3361,0,243,1,0.87213293,-2.90000000,-0.45000000,2.93470612,0.87213293,0.89642282,,,0.96813255,
V075,244,reuse,7,8,3366,0,243,1,0.78174091,-5.60000000,-0.45000000,5.61805126,0.78174091,0.79349115,,,1.02702981,
V075,258,switch,2,2,3368,3364,,,,,,,,0.93676577,,,,no_last_seen|no_prev|no_old
V076,23,switch,8,8,3378,3377,,,,,,,,0.36682826,,,,no_last_seen|no_prev|no_old
V076,29,reuse,8,10,3377,0,21,8,0.24990152,22.85000000,-32.30000000,39.56529414,,0.40964326,,,0.54543989,no_prev
V076,30,reuse,10,11,3377,0,29,1,0.40964326,-3.65000000,41.50000000,41.66020283,0.40964326,,,,1.42567539,no_next
V076,31,switch,11,11,3382,3377,,,,,,,,0.38002264,,,,no_last_seen|no_prev|no_old
V076,39,switch,10,10,3392,3377,,,,,,,,0.44378948,,,,no_last_seen|no_prev|no_old
V076,46,switch,3,3,3374,3372,45,1,0.15897123,-33.20000000,0.55000000,33.20455541,0.15897123,0.57216415,,,1.04390001,no_old
V076,47,switch,5,5,3393,3374,,,,,,,,0.92005261,0.00000000,42.35755541,,no_last_seen|no_prev
V076,47,reuse,5,3,3374,0,46,1,0.57216415,-12.65000000,-0.45000000,12.65800142,0.57216415,,,,1.02683509,no_next
V076,48,switch,3,3,3373,3374,47,1,0.18297909,-24.10000000,-35.45000000,42.86621630,0.18297909,0.58561792,,,0.97385960,no_old
V076,49,switch,4,4,3394,3373,,,,,,,,0.97122024,0.01122210,64.02618605,,no_last_seen|no_prev
V076,49,reuse,4,3,3373,0,48,1,0.58561792,-7.20000000,-15.50000000,17.09064071,0.58561792,0.89111587,,,0.99370345,
V076,74,switch,0,0,3395,3370,,,,,,,,0.52008619,,,,no_last_seen|no_prev|no_old
V076,88,switch,1,1,3396,3371,,,,,,,,0.81740435,,,,no_last_seen|no_prev|no_old
V076,174,switch,0,0,3394,3395,173,1,0.87317522,-3.50000000,1.00000000,3.64005494,0.87317522,0.88447358,0.45822569,28.74760860,0.98489993,
V076,174,switch,4,4,3395,3394,173,1,0.74643378,-8.25000000,2.10000000,8.51307817,0.74643378,0.71422800,0.45822569,28.74760860,1.02280401,
V076,175,reuse,4,0,3394,0,174,1,0.88447358,-3.75000000,0.55000000,3.79011873,0.88447358,0.90289000,,,1.02535383,
V076,175,reuse,0,4,3395,0,174,1,0.71422800,-8.45000000,5.55000000,10.10964886,0.71422800,0.69062756,,,0.97237290,
V076,337,switch,4,4,3393,3395,336,1,0.69943281,-10.80000000,4.40000000,11.66190379,0.69943281,0.71435486,0.41745926,38.05798208,1.02315485,
V076,337,switch,5,5,3395,3393,336,1,0.79661902,-4.55000000,-7.40000000,8.68691545,0.79661902,0.77440910,0.41745926,38.05798208,0.95141925,
V076,338,reuse,5,4,3393,0,337,1,0.71435486,-10.85000000,3.10000000,11.28417033,0.71435486,0.80410123,,,1.03536068,
V076,338,reuse,4,5,3395,0,337,1,0.77440910,-5.90000000,-6.05000000,8.45059170,0.77440910,0.76532983,,,0.96719592,
V077,3,switch,18,18,3415,3405,2,1,0.74233336,-0.05000000,5.80000000,5.80021551,0.74233336,0.52477731,,,1.13052545,no_old
V077,4,switch,19,19,3417,3415,,,,,,,,0.71337465,0.27479599,11.21215858,,no_last_seen|no_prev
V077,4,reuse,19,18,3415,0,3,1,0.52477731,5.25000000,2.50000000,5.81485167,0.52477731,,,,1.05971174,no_next
V077,5,switch,18,18,3417,3415,4,1,0.71337465,-0.25000000,6.20000000,6.20503828,0.71337465,0.48646948,,,1.18724917,no_old
V077,6,switch,19,19,3418,3415,,,,,,,,0.74067699,,,,no_last_seen|no_prev|no_old
V077,7,switch,18,18,3418,3417,6,1,0.74067699,0.65000000,5.80000000,5.83630876,0.74067699,0.44125226,,,1.15221168,no_old
V077,8,switch,19,19,3419,3415,,,,,,,,0.74427891,,,,no_last_seen|no_prev|no_old
V077,9,switch,18,18,3419,3418,8,1,0.74427891,0.90000000,5.10000000,5.17880295,0.74427891,0.43010706,,,1.09115748,no_old
V077,10,switch,19,19,3420,3415,,,,,,,,0.69287209,,,,no_last_seen|no_prev|no_old
V077,11,switch,18,18,3420,3419,10,1,0.69287209,1.90000000,4.55000000,4.93077073,0.69287209,0.44733357,,,1.08736691,no_old
V077,12,switch,19,19,3421,3415,,,,,,,,0.64420380,,,,no_last_seen|no_prev|no_old
V077,13,switch,18,18,3421,3420,12,1,0.64420380,2.40000000,4.90000000,5.45618915,0.64420380,0.41818108,,,1.19084565,no_old
V077,14,switch,19,19,3422,3415,,,,,,,,0.66521847,,,,no_last_seen|no_prev|no_old
V077,15,switch,18,18,3422,3421,14,1,0.66521847,2.35000000,5.05000000,5.57000898,0.66521847,0.45755191,,,1.15935614,no_old
V077,16,switch,19,19,3423,3415,,,,,,,,0.64793854,,,,no_last_seen|no_prev|no_old
V077,17,switch,18,18,3423,3422,16,1,0.64793854,2.30000000,4.75000000,5.27754678,0.64793854,0.41334973,,,1.17777375,no_old
V077,18,switch,19,19,3424,3415,,,,,,,,0.59180132,,,,no_last_seen|no_prev|no_old
V077,19,switch,18,18,3424,3423,18,1,0.59180132,3.65000000,5.00000000,6.19051694,0.59180132,0.40619560,,,1.11217539,no_old
V077,20,switch,19,19,3425,3415,,,,,,,,0.39541511,,,,no_last_seen|no_prev|no_old
V077,39,switch,18,18,3425,3424,38,1,0.48889947,7.95000000,1.60000000,8.10940812,0.48889947,0.50599479,0.44667593,8.69841940,0.99590164,
V077,39,switch,19,19,3424,3425,38,1,0.57745765,5.50000000,1.30000000,5.65154846,0.57745765,0.49389021,0.44667593,8.69841940,0.97518660,
V077,40,reuse,19,18,3425,0,39,1,0.50599479,7.50000000,1.80000000,7.71297608,0.50599479,0.46715583,,,1.00000000,
V077,40,reuse,18,19,3424,0,39,1,0.49389021,7.15000000,1.00000000,7.21959140,0.49389021,0.56356288,,,1.02080475,
V077,134,switch,12,12,3426,3412,,,,,,,,0.26347055,,,,no_last_seen|no_prev|no_old
V077,159,switch,13,13,3427,3401,,,,,,,,0.46872838,,,,no_last_seen|no_prev|no_old
V077,162,switch,16,16,3428,3409,,,,,,,,0.73714218,,,,no_last_seen|no_prev|no_old
V077,163,switch,19,19,3429,3424,,,,,,,,0.52765512,,,,no_last_seen|no_prev|no_old
V077,170,switch,18,18,3430,3425,,,,,,,,0.83300885,,,,no_last_seen|no_prev|no_old
V077,171,switch,17,17,3431,3403,,,,,,,,0.85206424,,,,no_last_seen|no_prev|no_old
V077,182,switch,15,15,3432,3404,,,,,,,,0.82536200,,,,no_last_seen|no_prev|no_old
V077,246,switch,17,17,3432,3431,245,1,0.76741904,-4.80000000,0.10000000,4.80104155,0.76741904,0.71395181,0.60194441,8.30857990,1.04526282,
V077,247,switch,15,15,3431,3432,246,1,0.66357952,6.10000000,4.55000000,7.61002628,0.66357952,0.73688045,0.29414225,20.95292342,0.93092126,
V077,247,reuse,15,17,3432,0,246,1,0.71395181,-6.45000000,-0.85000000,6.50576667,0.71395181,0.65760010,,,1.02728737,
V077,248,reuse,17,15,3431,0,247,1,0.73688045,3.00000000,5.50000000,6.26498204,0.73688045,0.82065785,,,1.01726875,
V077,271,switch,8,8,3434,3416,,,,,,,,0.87221237,,,,no_last_seen|no_prev|no_old
V077,291,switch,4,4,3435,3397,,,,,,,,0.85558753,,,,no_last_seen|no_prev|no_old
V077,321,switch,1,1,3436,3398,320,1,0.94644026,-0.35000000,-0.40000000,0.53150729,0.94644026,0.74436839,,,1.01769231,no_old
V077,332,switch,2,2,3437,3414,,,,,,,,0.41808233,,,,no_last_seen|no_prev|no_old
V077,342,switch,0,0,3439,3400,,,,,,,,0.30991821,,,,no_last_seen|no_prev|no_old
V077,342,switch,3,3,3438,3407,341,1,0.00000000,22.25000000,-1.95000000,22.33528598,0.00000000,0.01080929,,,1.13019741,no_old
V077,382,switch,16,16,3440,3428,,,,,,,,0.79380773,,,,no_last_seen|no_prev|no_old
V077,395,switch,17,17,3441,3432,,,,,,,,0.72922366,,,,no_last_seen|no_prev|no_old
V077,402,switch,15,15,3442,3431,,,,,,,,0.44946637,,,,no_last_seen|no_prev|no_old
V077,403,switch,18,18,3443,3430,,,,,,,,0.63699617,,,,no_last_seen|no_prev|no_old
V077,405,switch,19,19,3445,3429,,,,,,,,0.34201016,,,,no_last_seen|no_prev|no_old
V077,512,switch,20,20,3452,3449,,,,,,,,0.33558117,,,,no_last_seen|no_prev|no_old
V077,536,switch,12,12,3454,3426,535,1,0.86524453,-1.25000000,-0.05000000,1.25099960,0.86524453,0.64451722,,,1.08715084,no_old
V078,138,switch,6,6,3477,3463,,,,,,,,0.86065289,,,,no_last_seen|no_prev|no_old
V078,157,switch,1,1,3478,3462,,,,,,,,0.52162070,,,,no_last_seen|no_prev|no_old
V078,193,switch,17,17,3479,3472,,,,,,,,0.42529597,,,,no_last_seen|no_prev|no_old
V078,196,switch,15,15,3480,3459,,,,,,,,0.48337863,,,,no_last_seen|no_prev|no_old
V078,205,switch,20,20,3481,3475,,,,,,,,0.56251052,,,,no_last_seen|no_prev|no_old
V078,220,switch,19,19,3482,3474,,,,,,,,0.97690475,,,,no_last_seen|no_prev|no_old
V078,298,switch,18,18,3483,3473,297,1,0.85115701,-0.80000000,0.00000000,0.80000000,0.85115701,0.84048301,,,1.03520073,no_old
V078,431,switch,10,10,3498,3458,,,,,,,,0.73528486,,,,no_last_seen|no_prev|no_old
V079,158,switch,5,5,3506,3501,157,1,0.57273619,-6.05000000,5.25000000,8.01030586,0.57273619,0.82863020,,,1.14504737,no_old
V079,159,switch,11,11,3520,3506,,,,,,,,0.74306873,0.28480276,16.61693413,,no_last_seen|no_prev
V079,159,reuse,11,5,3506,0,158,1,0.82863020,2.20000000,1.60000000,2.72029410,0.82863020,0.64987049,,,1.06106249,
V079,172,switch,3,3,3521,3499,,,,,,,,0.42668517,,,,no_last_seen|no_prev|no_old
V079,174,switch,4,4,3522,3502,,,,,,,,0.65993470,,,,no_last_seen|no_prev|no_old
V079,186,switch,1,1,3523,3510,,,,,,,,0.48117110,,,,no_last_seen|no_prev|no_old
V079,216,switch,15,15,3525,3518,,,,,,,,0.86031060,,,,no_last_seen|no_prev|no_old
V079,236,switch,14,14,3526,3516,,,,,,,,0.58743029,,,,no_last_seen|no_prev|no_old
V079,239,switch,4,4,3527,3522,,,,,,,,0.41452890,,,,no_last_seen|no_prev|no_old
V079,244,switch,11,11,3506,3520,243,1,0.17662841,-13.50000000,20.70000000,24.71315439,0.17662841,0.12406439,,,1.10608646,no_old
V079,245,switch,17,17,3528,3519,,,,,,,,,,,,no_last_seen|no_prev|no_next|no_old
V079,245,reuse,5,11,3506,0,244,1,0.12406439,-18.80000000,12.95000000,22.82854573,0.12406439,,,,1.03617471,no_next
V079,248,switch,16,16,3538,3517,,,,,,,,0.66036333,,,,no_last_seen|no_prev|no_old
V079,250,switch,10,10,3508,3511,244,6,0.00000000,-55.70000000,-3.50000000,55.80985576,,,,,0.83527881,no_prev|no_next|no_old
V079,252,switch,9,9,3503,3508,249,3,0.00000000,-38.85000000,5.40000000,39.22349423,,0.08860574,,,0.93898624,no_prev|no_old
V079,253,reuse,8,9,3503,0,252,1,0.08860574,-23.70000000,3.40000000,23.94263979,0.08860574,0.06086328,,,1.01327194,
V079,260,switch,17,17,3595,3519,,,,,,,,0.37905104,,,,no_last_seen|no_prev|no_old
V079,263,switch,18,18,3604,3528,,,,,,,,0.32881909,,,,no_last_seen|no_prev|no_old
V079,268,switch,10,10,3609,3511,,,,,,,,0.55920249,,,,no_last_seen|no_prev|no_old
V079,269,switch,13,13,3610,3513,,,,,,,,0.66096681,,,,no_last_seen|no_prev|no_old
V079,318,switch,10,10,3611,3609,,,,,,,,0.87617453,,,,no_last_seen|no_prev|no_old
V079,332,switch,8,8,3612,3503,,,,,,,,0.56439769,,,,no_last_seen|no_prev|no_old
V079,333,switch,9,9,3612,3503,332,1,0.56439769,-4.00000000,1.35000000,4.22167029,0.56439769,0.15886019,,,0.66081168,no_old
V079,334,switch,8,8,3613,3503,,,,,,,,0.49666523,,,,no_last_seen|no_prev|no_old
V079,347,switch,3,3,3614,3521,,,,,,,,0.18764918,,,,no_last_seen|no_prev|no_old
V079,356,switch,11,11,3615,3506,,,,,,,,0.55971063,,,,no_last_seen|no_prev|no_old
V079,362,switch,5,5,3616,3506,,,,,,,,0.67545420,,,,no_last_seen|no_prev|no_old
V079,423,switch,12,12,3617,3509,422,1,0.82722931,-1.45000000,-1.20000000,1.88215302,0.82722931,0.79752897,,,1.07680356,no_old
V079,543,switch,14,14,3618,3526,,,,,,,,0.60635439,,,,no_last_seen|no_prev|no_old
V079,586,switch,3,3,3619,3614,,,,,,,,0.72332603,,,,no_last_seen|no_prev|no_old
V079,605,switch,13,13,3620,3610,,,,,,,,0.87258795,,,,no_last_seen|no_prev|no_old
V079,627,switch,9,9,3621,3612,,,,,,,,0.73668099,,,,no_last_seen|no_prev|no_old
V080,146,switch,2,2,3670,3622,,,,,,,,0.35591331,,,,no_last_seen|no_prev|no_old
V080,148,switch,9,9,3634,3631,133,15,0.00000000,-40.30000000,2.65000000,40.38703381,,,,,1.23283610,no_prev|no_next|no_old
V080,148,switch,12,12,3679,3635,,,,,,,,0.39806697,,,,no_last_seen|no_prev|no_old
V080,150,switch,13,13,3685,3626,,,,,,,,0.41390046,,,,no_last_seen|no_prev|no_old
V080,212,switch,6,6,3687,3630,,,,,,,,0.86958875,,,,no_last_seen|no_prev|no_old
V080,282,switch,1,1,3689,3625,,,,,,,,0.36921441,,,,no_last_seen|no_prev|no_old
V080,289,switch,18,18,3702,3638,,,,,,,,0.37828256,,,,no_last_seen|no_prev|no_old
V080,291,switch,16,16,3705,3636,,,,,,,,0.43060883,,,,no_last_seen|no_prev|no_old
V081,81,switch,7,7,3729,3713,,,,,,,,0.61747841,,,,no_last_seen|no_prev|no_old
V081,166,switch,10,10,3742,3719,,,,,,,,0.29413635,,,,no_last_seen|no_prev|no_old
V081,168,switch,4,4,3751,3714,,,,,,,,0.22685291,,,,no_last_seen|no_prev|no_old
V081,168,switch,5,5,3748,3715,,,,,,,,0.32537422,,,,no_last_seen|no_prev|no_old
V081,184,switch,2,2,3783,3718,,,,,,,,0.39927352,,,,no_last_seen|no_prev|no_old
V081,185,switch,1,1,3788,3721,,,,,,,,,,,,no_last_seen|no_prev|no_next|no_old
V081,187,switch,1,1,3791,3721,,,,,,,,0.44789406,,,,no_last_seen|no_prev|no_old
V081,190,switch,3,3,3788,3724,185,5,0.53280501,-2.75000000,13.20000000,13.48341574,,0.40877208,,,1.20131529,no_prev|no_old
V081,192,switch,0,0,3804,3712,,,,,,,,0.69322855,,,,no_last_seen|no_prev|no_old
V081,195,switch,6,6,3810,3720,,,,,,,,0.36707321,,,,no_last_seen|no_prev|no_old
V081,196,switch,11,11,3813,3722,,,,,,,,0.32234392,,,,no_last_seen|no_prev|no_old
V081,198,switch,3,3,3817,3788,,,,,,,,0.40754928,,,,no_last_seen|no_prev|no_old
V081,245,switch,7,7,3819,3729,244,1,0.68821820,-6.45000000,0.05000000,6.45019380,0.68821820,0.77203498,,,1.06848701,no_old
V081,314,switch,11,11,3821,3813,,,,,,,,0.37949567,,,,no_last_seen|no_prev|no_old
V081,319,switch,12,12,3822,3717,,,,,,,,0.33763378,,,,no_last_seen|no_prev|no_old
V081,334,switch,8,8,3823,3716,,,,,,,,0.30992566,,,,no_last_seen|no_prev|no_old
V081,339,switch,17,17,3824,3728,,,,,,,,0.35324561,,,,no_last_seen|no_prev|no_old
V081,340,switch,16,16,3825,3726,,,,,,,,0.67070079,,,,no_last_seen|no_prev|no_old
V081,343,switch,15,15,3826,3725,,,,,,,,0.31014853,,,,no_last_seen|no_prev|no_old
V081,348,switch,18,18,3827,3727,,,,,,,,0.26221835,,,,no_last_seen|no_prev|no_old
V081,382,switch,7,7,3828,3819,,,,,,,,0.89799284,,,,no_last_seen|no_prev|no_old
V081,399,switch,9,9,3829,3723,,,,,,,,0.58353784,,,,no_last_seen|no_prev|no_old
V081,453,switch,4,4,3830,3751,,,,,,,,0.41515921,,,,no_last_seen|no_prev|no_old
V081,456,switch,5,5,3831,3748,,,,,,,,0.47175764,,,,no_last_seen|no_prev|no_old
V082,48,switch,11,11,3848,3846,,,,,,,,0.62052304,,,,no_last_seen|no_prev|no_old
V082,90,switch,11,11,3849,3848,89,1,0.87023827,1.95000000,-0.15000000,1.95576072,0.87023827,0.93995845,,,0.97188336,no_old
V082,230,switch,8,8,3857,3841,,,,,,,,0.42834172,,,,no_last_seen|no_prev|no_old
V082,257,switch,7,7,3858,3833,256,1,0.91848373,0.00000000,-0.90000000,0.90000000,0.91848373,0.95460623,,,1.08875091,no_old
V082,261,switch,5,5,3859,3834,,,,,,,,0.78588613,,,,no_last_seen|no_prev|no_old
V082,377,switch,16,16,3861,3851,,,,,,,,,,,,no_last_seen|no_prev|no_next|no_old
V082,385,switch,19,19,3880,3860,,,,,,,,,,,,no_last_seen|no_prev|no_next|no_old
V082,398,switch,15,15,3853,3850,378,20,0.00000000,-124.15000000,-29.50000000,127.60671025,,,,,0.98196515,no_prev|no_next|no_old
V082,407,switch,9,9,4002,3843,,,,,,,,0.39941692,,,,no_last_seen|no_prev|no_old
V082,409,switch,3,3,4016,3839,,,,,,,,0.39302455,,,,no_last_seen|no_prev|no_old
V082,413,switch,10,10,4049,3844,,,,,,,,,,,,no_last_seen|no_prev|no_next|no_old
V082,414,switch,10,10,4056,3844,,,,,,,,,,,,no_last_seen|no_prev|no_next|no_old
V082,415,switch,6,6,4057,3838,,,,,,,,0.39935403,,,,no_last_seen|no_prev|no_old
V082,416,switch,11,11,4065,3849,,,,,,,,0.37583152,,,,no_last_seen|no_prev|no_old
V082,416,switch,16,16,4063,3851,,,,,,,,0.37152029,,,,no_last_seen|no_prev|no_old
V082,417,switch,4,4,4068,3842,,,,,,,,0.40516409,,,,no_last_seen|no_prev|no_old
V082,417,switch,10,10,4071,3844,,,,,,,,,,,,no_last_seen|no_prev|no_next|no_old
V082,417,switch,13,13,4069,3840,,,,,,,,0.53111493,,,,no_last_seen|no_prev|no_old
V082,418,switch,10,10,4074,3844,,,,,,,,,,,,no_last_seen|no_prev|no_next|no_old
V082,418,switch,12,12,4073,3845,,,,,,,,0.39200135,,,,no_last_seen|no_prev|no_old
V082,418,switch,15,15,4072,3850,,,,,,,,0.43426143,,,,no_last_seen|no_prev|no_old
V082,419,switch,10,10,4075,3844,,,,,,,,,,,,no_last_seen|no_prev|no_next|no_old
V082,420,switch,10,10,4076,3844,,,,,,,,0.36663438,,,,no_last_seen|no_prev|no_old
V082,423,switch,8,8,4079,3857,,,,,,,,0.55924419,,,,no_last_seen|no_prev|no_old
V083,392,switch,4,4,4100,4083,,,,,,,,0.87569467,,,,no_last_seen|no_prev|no_old
V083,421,switch,2,2,4101,4084,,,,,,,,,,,,no_last_seen|no_prev|no_next|no_old
V083,423,switch,2,2,4102,4084,,,,,,,,0.48914418,,,,no_last_seen|no_prev|no_old
V083,444,switch,12,12,4103,4094,,,,,,,,0.82879681,,,,no_last_seen|no_prev|no_old
V083,448,switch,5,5,4104,4087,,,,,,,,0.47809541,,,,no_last_seen|no_prev|no_old
V083,448,switch,13,13,4105,4081,,,,,,,,0.47137578,,,,no_last_seen|no_prev|no_old
V083,483,switch,16,16,4106,4098,,,,,,,,0.72974423,,,,no_last_seen|no_prev|no_old
V083,501,switch,10,10,4107,4090,,,,,,,,0.49691369,,,,no_last_seen|no_prev|no_old
V083,590,switch,5,5,4103,4104,589,1,0.93035843,0.50000000,-0.60000000,0.78102497,0.93035843,0.90804630,0.47566101,10.51522705,1.05624600,
V083,590,switch,12,12,4104,4103,589,1,0.87243765,1.45000000,0.55000000,1.55080624,0.87243765,0.90979208,0.47566101,10.51522705,1.01157541,
V083,591,reuse,12,5,4103,0,590,1,0.90804630,0.75000000,0.25000000,0.79056942,0.90804630,0.88422360,,,1.06456211,
V083,591,reuse,5,12,4104,0,590,1,0.90979208,1.10000000,0.15000000,1.11018017,0.90979208,0.93049741,,,1.06569961,
V083,611,switch,0,0,4109,4080,,,,,,,,0.63458769,,,,no_last_seen|no_prev|no_old
V083,674,switch,4,4,4110,4100,,,,,,,,0.90400021,,,,no_last_seen|no_prev|no_old
V083,677,switch,10,10,4111,4107,,,,,,,,0.69357726,,,,no_last_seen|no_prev|no_old
V083,699,switch,15,15,4112,4097,,,,,,,,0.72955694,,,,no_last_seen|no_prev|no_old
V083,704,switch,16,16,4113,4106,703,1,0.92571587,-0.35000000,-1.75000000,1.78465683,0.92571587,0.91324351,,,1.06671941,no_old
V083,718,switch,6,6,4114,4086,,,,,,,,0.77875219,,,,no_last_seen|no_prev|no_old
V083,746,switch,21,21,4116,4108,,,,,,,,0.54078695,,,,no_last_seen|no_prev|no_old
V083,750,switch,10,10,4117,4111,,,,,,,,0.52464182,,,,no_last_seen|no_prev|no_old
V083,750,switch,11,11,4118,4092,,,,,,,,0.41751561,,,,no_last_seen|no_prev|no_old
V083,750,switch,12,12,4121,4104,,,,,,,,0.31602852,,,,no_last_seen|no_prev|no_old
V083,750,switch,16,16,4119,4113,,,,,,,,0.38817138,,,,no_last_seen|no_prev|no_old
V083,750,switch,21,21,4124,4116,,,,,,,,0.40870305,,,,no_last_seen|no_prev|no_old
V083,755,switch,1,1,4142,4088,,,,,,,,,,,,no_last_seen|no_prev|no_next|no_old
V083,758,switch,5,5,4149,4103,,,,,,,,,,,,no_last_seen|no_prev|no_next|no_old
V083,760,switch,6,6,4152,4114,,,,,,,,0.37930131,,,,no_last_seen|no_prev|no_old
V083,761,switch,5,5,4154,4103,,,,,,,,0.40362560,,,,no_last_seen|no_prev|no_old
V083,763,switch,2,2,4157,4102,,,,,,,,,,,,no_last_seen|no_prev|no_next|no_old
V083,767,switch,2,2,4160,4102,,,,,,,,0.41044020,,,,no_last_seen|no_prev|no_old
V083,770,switch,2,2,4161,4160,,,,,,,,0.38540251,,,,no_last_seen|no_prev|no_old
V083,841,switch,4,4,4164,4110,840,1,0.52320091,-6.65000000,-1.75000000,6.87640895,0.52320091,0.59234925,,,1.06124273,no_old
V083,875,switch,6,6,4117,4152,874,1,0.83650551,2.75000000,0.10000000,2.75181758,0.83650551,0.86166295,0.31086912,15.31486206,0.97110468,
V083,875,switch,10,10,4152,4117,874,1,0.82953162,-2.25000000,0.85000000,2.40520269,0.82953162,0.85820766,0.31086912,15.31486206,1.03863459,
V083,876,reuse,10,6,4117,0,875,1,0.86166295,2.20000000,-0.05000000,2.20056811,0.86166295,0.88679105,,,0.97184105,
V083,876,reuse,6,10,4152,0,875,1,0.85820766,-2.05000000,0.20000000,2.05973299,0.85820766,0.94073286,,,1.01433280,
V084,142,switch,8,8,4183,4171,,,,,,,,0.33162399,,,,no_last_seen|no_prev|no_old
V084,142,switch,11,11,4182,4176,,,,,,,,0.34267376,,,,no_last_seen|no_prev|no_old
V084,142,switch,15,15,4184,4179,,,,,,,,0.31529507,,,,no_last_seen|no_prev|no_old
V084,146,switch,16,16,4179,4181,140,6,0.00000000,43.45000000,12.20000000,45.13028362,,0.37119496,,,1.15786769,no_prev|no_old
V084,147,switch,4,4,4186,4167,,,,,,,,0.40161407,,,,no_last_seen|no_prev|no_old
V084,147,switch,9,9,4189,4168,,,,,,,,0.37572754,,,,no_last_seen|no_prev|no_old
V084,147,switch,11,11,4187,4182,,,,,,,,0.35264371,,,,no_last_seen|no_prev|no_old
V084,147,switch,15,15,4188,4184,,,,,,,,0.36467829,,,,no_last_seen|no_prev|no_old
V084,147,reuse,15,16,4179,0,146,1,0.37119496,14.50000000,-1.25000000,14.55377958,0.37119496,0.35215886,,,1.06958471,
V084,148,switch,12,12,4195,4177,,,,,,,,0.35648680,,,,no_last_seen|no_prev|no_old
V084,149,switch,14,14,4199,4180,,,,,,,,0.36474260,,,,no_last_seen|no_prev|no_old
V084,152,switch,4,4,4171,4186,140,12,0.00000000,92.45000000,11.00000000,93.10210792,,0.32142966,,,1.01104426,no_prev|no_old
V084,152,switch,12,12,4204,4195,,,,,,,,0.42395838,,,,no_last_seen|no_prev|no_old
V084,153,switch,16,16,4210,4179,,,,,,,,0.45252551,,,,no_last_seen|no_prev|no_old
V084,153,reuse,8,4,4171,0,152,1,0.32142966,14.10000000,-0.70000000,14.11736519,0.32142966,0.28499677,,,1.00735294,
V084,154,switch,11,11,4215,4187,,,,,,,,0.35982511,,,,no_last_seen|no_prev|no_old
V084,157,switch,11,11,4226,4215,,,,,,,,0.38832053,,,,no_last_seen|no_prev|no_old
V084,157,switch,14,14,4228,4199,,,,,,,,0.39246166,,,,no_last_seen|no_prev|no_old
V084,157,switch,15,15,4225,4188,,,,,,,,0.50349540,,,,no_last_seen|no_prev|no_old
V084,162,switch,10,10,4233,4169,,,,,,,,0.39987292,,,,no_last_seen|no_prev|no_old
V084,170,switch,10,10,4238,4233,,,,,,,,,,,,no_last_seen|no_prev|no_next|no_old
V084,172,switch,10,10,4239,4233,,,,,,,,0.48604548,,,,no_last_seen|no_prev|no_old
V084,255,switch,2,2,4242,4165,254,1,0.87975313,-1.00000000,0.00000000,1.00000000,0.87975313,0.82885437,,,1.07059955,no_old
V084,426,switch,11,11,4244,4226,,,,,,,,0.59945445,,,,no_last_seen|no_prev|no_old
V084,429,switch,10,10,4246,4239,,,,,,,,0.49611371,,,,no_last_seen|no_prev|no_old
V084,446,switch,3,3,4247,4174,445,1,0.73670001,-2.35000000,-3.70000000,4.38320659,0.73670001,0.69038442,,,1.17699100,no_old
V085,52,switch,12,12,4259,4264,51,1,0.84134877,-1.90000000,0.45000000,1.95256242,0.84134877,0.79295908,0.50566554,8.65332306,0.99159664,
V085,52,switch,14,14,4264,4259,51,1,0.86023953,-1.75000000,1.00000000,2.01556444,0.86023953,0.78699222,0.50566554,8.65332306,1.02053917,
V085,53,reuse,14,12,4259,0,52,1,0.79295908,-2.65000000,-0.35000000,2.67301328,0.79295908,0.81376045,,,0.99906073,
V085,53,reuse,12,14,4264,0,52,1,0.78699222,-3.45000000,0.15000000,3.45325933,0.78699222,0.75529443,,,1.00852929,
V085,104,switch,15,15,4265,4252,,,,,,,,0.72148097,,,,no_last_seen|no_prev|no_old
V085,113,switch,16,16,4267,4256,,,,,,,,0.50883367,,,,no_last_seen|no_prev|no_old
V085,120,switch,14,14,4269,4264,,,,,,,,0.75097352,,,,no_last_seen|no_prev|no_old
V085,134,switch,13,13,4271,4257,,,,,,,,0.86349853,,,,no_last_seen|no_prev|no_old
V085,224,switch,1,1,4272,4251,,,,,,,,0.63652393,,,,no_last_seen|no_prev|no_old
V085,279,switch,4,4,4273,4248,,,,,,,,0.51336027,,,,no_last_seen|no_prev|no_old
V085,355,switch,13,13,4274,4271,,,,,,,,0.40292009,,,,no_last_seen|no_prev|no_old
V085,386,switch,12,12,4275,4259,,,,,,,,0.64141350,,,,no_last_seen|no_prev|no_old
V085,438,switch,8,8,4275,4258,436,2,0.56435158,6.05000000,6.10000000,8.59142014,,0.71416268,0.45391020,14.63634176,0.58947832,no_prev
V085,438,switch,12,12,4258,4275,437,1,0.71755529,10.00000000,0.90000000,10.04041832,0.71755529,0.65137835,0.45391020,14.63634176,0.94947764,
V085,439,reuse,12,8,4275,0,438,1,0.71416268,4.25000000,-2.00000000,4.69707356,0.71416268,0.80575475,,,0.84055248,
V085,439,reuse,8,12,4258,0,438,1,0.65137835,9.90000000,4.95000000,11.06853649,0.65137835,0.73263209,,,1.06664849,
V085,470,switch,0,0,4277,4263,,,,,,,,,,,,no_last_seen|no_prev|no_next|no_old
V085,470,switch,17,17,4262,4270,469,1,0.43299775,8.25000000,-5.50000000,9.91526601,0.43299775,0.42288826,,,0.88283648,no_old
V085,471,reuse,10,17,4262,0,470,1,0.42288826,9.20000000,-1.45000000,9.31356538,0.42288826,0.38727443,,,0.95944811,
V085,474,switch,17,17,4265,4262,473,1,0.27002639,10.80000000,-16.05000000,19.34534828,0.27002639,0.29904096,,,0.85536691,no_old
V085,475,switch,10,10,4283,4262,,,,,,,,0.47201685,,,,no_last_seen|no_prev|no_old
V085,475,switch,11,11,4281,4254,,,,,,,,0.39671406,,,,no_last_seen|no_prev|no_old
V085,475,reuse,15,17,4265,0,474,1,0.29904096,12.15000000,-5.00000000,13.13858820,0.29904096,0.24181023,,,0.95149830,
V085,476,switch,18,18,4286,4268,,,,,,,,0.38254274,,,,no_last_seen|no_prev|no_old
V085,479,switch,17,17,4289,4265,,,,,,,,0.31862280,,,,no_last_seen|no_prev|no_old
V085,480,switch,18,18,4291,4286,,,,,,,,0.48917814,,,,no_last_seen|no_prev|no_old
V085,481,switch,15,15,4292,4265,,,,,,,,0.36364577,,,,no_last_seen|no_prev|no_old
V086,62,switch,5,5,4301,4297,,,,,,,,0.37458937,,,,no_last_seen|no_prev|no_old
V086,67,switch,1,1,4304,4296,,,,,,,,0.42249520,,,,no_last_seen|no_prev|no_old
V086,67,switch,3,3,4306,4294,,,,,,,,0.40077617,,,,no_last_seen|no_prev|no_old
V086,67,switch,4,4,4305,4295,,,,,,,,0.41628009,,,,no_last_seen|no_prev|no_old
V086,67,switch,7,7,4308,4302,,,,,,,,0.36448499,,,,no_last_seen|no_prev|no_old
V086,71,switch,2,2,4296,4293,65,6,0.00000000,50.55000000,-18.00000000,53.65913249,,0.39257332,,,0.87317615,no_prev|no_old
V086,71,reuse,8,9,4309,0,67,4,0.47661716,8.75000000,-9.20000000,12.69655465,,0.33633951,,,0.94310493,no_prev
V086,72,switch,7,7,4326,4308,,,,,,,,0.33717006,,,,no_last_seen|no_prev|no_old
V086,72,reuse,1,2,4296,0,71,1,0.39257332,14.20000000,-2.15000000,14.36184180,0.39257332,0.33905373,,,0.98467550,
V086,77,switch,10,10,4349,4339,,,,,,,,0.35076777,,,,no_last_seen|no_prev|no_old
V086,82,switch,13,13,4402,4381,,,,,,,,0.51436311,,,,no_last_seen|no_prev|no_old
V086,84,reuse,5,11,4297,0,60,24,0.00000000,85.50000000,-27.45000000,89.79839921,,,,,0.82642402,no_prev|no_next
V086,86,switch,7,7,4295,4326,65,21,0.00000000,156.55000000,6.35000000,156.67873180,,0.32219676,,,0.92636260,no_prev|no_old
V086,87,switch,10,10,4446,4349,,,,,,,,0.36438679,,,,no_last_seen|no_prev|no_old
V086,87,reuse,4,7,4295,0,86,1,0.32219676,14.60000000,0.55000000,14.61035592,0.32219676,0.28505907,,,1.00553148,
V086,88,switch,3,3,4458,4306,,,,,,,,0.35732395,,,,no_last_seen|no_prev|no_old
V086,89,switch,2,2,4472,4296,,,,,,,,0.37399833,,,,no_last_seen|no_prev|no_old
V086,89,reuse,11,15,4297,0,84,5,0.25706996,12.25000000,-7.80000000,14.52248257,,0.27370637,,,0.89730424,no_prev
V086,92,switch,2,2,4495,4472,,,,,,,,0.50778717,,,,no_last_seen|no_prev|no_old
V086,92,switch,3,3,4493,4458,,,,,,,,0.43461517,,,,no_last_seen|no_prev|no_old
V086,92,switch,6,6,4498,4299,,,,,,,,0.35905545,,,,no_last_seen|no_prev|no_old
V086,92,switch,7,7,4494,4295,,,,,,,,0.40910723,,,,no_last_seen|no_prev|no_old
V086,92,switch,8,8,4497,4309,,,,,,,,0.37690743,,,,no_last_seen|no_prev|no_old
V086,97,switch,5,5,4538,4301,,,,,,,,,,,,no_last_seen|no_prev|no_next|no_old
V086,97,switch,9,9,4537,4309,,,,,,,,,,,,no_last_seen|no_prev|no_next|no_old
V086,97,switch,15,15,4535,4297,,,,,,,,0.37589360,,,,no_last_seen|no_prev|no_old
V086,97,switch,16,16,4531,4509,,,,,,,,0.55111027,,,,no_last_seen|no_prev|no_old
V086,97,switch,18,18,4534,4511,,,,,,,,0.47621383,,,,no_last_seen|no_prev|no_old
V086,99,switch,5,5,4542,4301,,,,,,,,0.37025596,,,,no_last_seen|no_prev|no_old
V086,99,switch,9,9,4540,4309,,,,,,,,0.38082690,,,,no_last_seen|no_prev|no_old
V086,102,switch,5,5,4546,4542,,,,,,,,0.36870269,,,,no_last_seen|no_prev|no_old
V086,102,switch,9,9,4545,4540,,,,,,,,0.38517473,,,,no_last_seen|no_prev|no_old
V086,116,switch,11,11,4540,4297,100,16,0.00000000,64.75000000,-26.05000000,69.79373181,,0.41926740,,,0.90488759,no_prev|no_old
V086,117,reuse,9,11,4540,0,116,1,0.41926740,7.25000000,-0.05000000,7.25017241,0.41926740,0.43419968,,,0.98244169,
V086,303,switch,19,19,4566,4548,,,,,,,,0.71061548,,,,no_last_seen|no_prev|no_old
V086,364,switch,13,13,4577,4402,,,,,,,,0.37169738,,,,no_last_seen|no_prev|no_old
V086,364,switch,17,17,4578,4532,,,,,,,,0.33847750,,,,no_last_seen|no_prev|no_old
V086,366,switch,9,9,4583,4545,,,,,,,,,,,,no_last_seen|no_prev|no_next|no_old
V086,369,switch,16,16,4595,4531,,,,,,,,,,,,no_last_seen|no_prev|no_next|no_old
V086,375,switch,8,8,4583,4497,366,9,0.26769562,6.35000000,30.05000000,30.71359634,,0.47814088,,,1.08214518,no_prev|no_old
V086,379,switch,8,8,4647,4583,,,,,,,,0.42812574,,,,no_last_seen|no_prev|no_old
V086,380,switch,10,10,4655,4446,,,,,,,,0.54860203,,,,no_last_seen|no_prev|no_old
V086,383,switch,13,13,4534,4577,367,16,0.00000000,-216.15000000,-3.75000000,216.18252705,,0.27247712,,,1.30768681,no_prev|no_old
V086,384,switch,7,7,4686,4494,,,,,,,,0.26186043,,,,no_last_seen|no_prev|no_old
V086,384,switch,10,10,4679,4655,,,,,,,,0.54489639,,,,no_last_seen|no_prev|no_old
V086,384,reuse,18,13,4534,0,383,1,0.27247712,-20.70000000,0.25000000,20.70150961,0.27247712,0.24738956,,,1.03788033,
V086,386,switch,5,5,4699,4546,,,,,,,,,,,,no_last_seen|no_prev|no_next|no_old
V086,386,switch,8,8,4693,4647,,,,,,,,0.41972827,,,,no_last_seen|no_prev|no_old
V086,390,switch,13,13,4715,4534,,,,,,,,0.33937739,,,,no_last_seen|no_prev|no_old
V086,391,switch,6,6,4724,4498,,,,,,,,0.29489420,,,,no_last_seen|no_prev|no_old
V086,394,switch,5,5,4736,4546,,,,,,,,0.36672105,,,,no_last_seen|no_prev|no_old
V086,394,switch,6,6,4733,4724,,,,,,,,0.60246057,,,,no_last_seen|no_prev|no_old
V086,394,switch,8,8,4734,4693,,,,,,,,0.43586747,,,,no_last_seen|no_prev|no_old
V086,395,switch,1,1,4743,4304,,,,,,,,,,,,no_last_seen|no_prev|no_next|no_old
V086,395,switch,4,4,4742,4305,,,,,,,,0.34901383,,,,no_last_seen|no_prev|no_old
V086,395,switch,11,11,4595,4540,369,26,0.34209002,14.75000000,3.85000000,15.24417922,,,,,0.89586958,no_prev|no_next|no_old
V086,395,switch,13,13,4740,4715,,,,,,,,,,,,no_last_seen|no_prev|no_next|no_old
V086,398,switch,9,9,4577,4545,367,31,0.00000000,-478.10000000,-49.15000000,480.61973794,,0.25968672,,,0.70474755,no_prev|no_old
V086,399,switch,1,1,4751,4304,,,,,,,,0.50861369,,,,no_last_seen|no_prev|no_old
V086,399,switch,2,2,4752,4495,,,,,,,,0.40920892,,,,no_last_seen|no_prev|no_old
V086,399,reuse,13,9,4577,0,398,1,0.25968672,-17.70000000,1.00000000,17.72822608,0.25968672,0.26303462,,,0.99602043,
V086,401,switch,3,3,4743,4493,395,6,0.26266988,12.95000000,-33.75000000,36.14920469,,0.66307847,,,0.84910748,no_prev|no_old
V086,402,switch,11,11,4757,4540,,,,,,,,,,,,no_last_seen|no_prev|no_next|no_old
V086,404,switch,11,11,4760,4540,,,,,,,,0.39761531,,,,no_last_seen|no_prev|no_old
V086,422,switch,9,9,4740,4577,395,27,0.62868007,-1.85000000,-11.45000000,11.59849128,,0.74855388,,,0.80664943,no_prev|no_old
V086,437,switch,0,0,4763,4298,,,,,,,,0.68675202,,,,no_last_seen|no_prev|no_old
V086,439,switch,12,12,4764,4559,,,,,,,,0.87432942,,,,no_last_seen|no_prev|no_old
V086,445,switch,9,9,4765,4740,,,,,,,,0.44048328,,,,no_last_seen|no_prev|no_old
V086,464,switch,14,14,4766,4533,,,,,,,,0.59304983,,,,no_last_seen|no_prev|no_old
V086,469,switch,13,13,4767,4715,,,,,,,,0.50670752,,,,no_last_seen|no_prev|no_old
V086,481,switch,19,19,4768,4566,,,,,,,,0.60411589,,,,no_last_seen|no_prev|no_old
V086,486,switch,15,15,4769,4535,,,,,,,,0.66504713,,,,no_last_seen|no_prev|no_old
V086,515,switch,15,15,4785,4769,,,,,,,,0.37320479,,,,no_last_seen|no_prev|no_old
V086,527,switch,17,17,4786,4578,,,,,,,,0.37276383,,,,no_last_seen|no_prev|no_old
V086,530,switch,16,16,4788,4531,,,,,,,,0.49209539,,,,no_last_seen|no_prev|no_old
V086,530,switch,17,17,4787,4786,,,,,,,,0.37132634,,,,no_last_seen|no_prev|no_old
V086,535,switch,5,5,4790,4736,,,,,,,,0.34106297,,,,no_last_seen|no_prev|no_old
V086,535,switch,18,18,4792,4534,,,,,,,,0.63787258,,,,no_last_seen|no_prev|no_old
V086,540,switch,7,7,4798,4686,,,,,,,,0.41543598,,,,no_last_seen|no_prev|no_old
V086,541,switch,18,18,4786,4792,540,1,0.40099921,11.90000000,0.15000000,11.90094534,0.40099921,0.49359341,,,1.16218250,no_old
V086,542,reuse,17,18,4786,0,541,1,0.49359341,10.45000000,0.05000000,10.45011962,0.49359341,0.55984364,,,1.12118718,
V086,547,switch,15,15,4812,4785,,,,,,,,0.32142470,,,,no_last_seen|no_prev|no_old
V086,550,switch,15,15,4816,4812,,,,,,,,0.36353196,,,,no_last_seen|no_prev|no_old
V086,553,switch,11,11,4820,4760,,,,,,,,,,,,no_last_seen|no_prev|no_next|no_old
V086,555,switch,15,15,4822,4816,,,,,,,,0.36202801,,,,no_last_seen|no_prev|no_old
V086,557,switch,11,11,4824,4760,,,,,,,,,,,,no_last_seen|no_prev|no_next|no_old
V086,560,switch,11,11,4826,4760,,,,,,,,0.56007281,,,,no_last_seen|no_prev|no_old
V086,582,switch,15,15,4824,4822,557,25,0.79180301,-1.30000000,3.10000000,3.36154726,,0.81784038,,,1.12350774,no_prev|no_old
V086,584,switch,15,15,4822,4824,581,3,0.20217418,17.05000000,7.00000000,18.43102005,,0.61897857,,,1.02732240,no_prev|no_old
V086,590,switch,20,20,4827,4565,,,,,,,,0.77562631,,,,no_last_seen|no_prev|no_old
V086,712,switch,10,10,4828,4679,,,,,,,,0.73255873,,,,no_last_seen|no_prev|no_old
V086,714,switch,15,15,4829,4822,,,,,,,,,,,,no_last_seen|no_prev|no_next|no_old
V086,716,switch,15,15,4830,4822,,,,,,,,0.57720404,,,,no_last_seen|no_prev|no_old
V086,745,switch,9,9,4831,4765,744,1,0.36682506,-8.75000000,-0.85000000,8.79118877,0.36682506,0.53728025,,,1.05768692,no_old
V086,754,switch,11,11,4832,4826,,,,,,,,,,,,no_last_seen|no_prev|no_next|no_old
V086,756,switch,11,11,4833,4826,,,,,,,,0.63128303,,,,no_last_seen|no_prev|no_old
V087,104,switch,11,11,4848,4838,103,1,0.66299272,-8.90000000,-0.90000000,8.94538987,0.66299272,0.70419759,,,0.99537100,no_old
V087,104,switch,14,14,4850,4849,,,,,,,,0.47712413,,,,no_last_seen|no_prev|no_old
V087,196,switch,18,18,4856,4854,195,1,0.83707409,-3.05000000,-0.75000000,3.14085975,0.83707409,0.70302242,,,0.98193811,no_old
V087,197,switch,19,19,4854,4855,195,2,0.83998979,-1.90000000,3.70000000,4.15932687,,0.90871925,,,1.16664801,no_prev|no_old
V087,198,reuse,18,19,4854,0,197,1,0.90871925,-0.95000000,2.45000000,2.62773667,0.90871925,0.90588640,,,1.05122184,
V087,213,switch,14,14,4847,4850,212,1,0.62855285,7.90000000,0.05000000,7.90015823,0.62855285,0.69260843,,,0.89244955,no_old
V087,214,switch,13,13,4857,4847,,,,,,,,0.46617385,0.37248084,15.06154043,,no_last_seen|no_prev
V087,214,reuse,13,14,4847,0,213,1,0.69260843,6.40000000,-0.65000000,6.43292313,0.69260843,0.78496105,,,0.97039358,
V087,216,switch,6,6,4858,4843,,,,,,,,0.43187114,,,,no_last_seen|no_prev|no_old
V087,222,switch,7,7,4859,4841,,,,,,,,,,,,no_last_seen|no_prev|no_next|no_old
V087,224,switch,7,7,4860,4841,,,,,,,,0.48195195,,,,no_last_seen|no_prev|no_old
V087,229,switch,3,3,4859,4844,222,7,0.35568798,-5.25000000,29.05000000,29.52058604,,0.67674248,,,1.29908392,no_prev|no_old
V087,234,switch,2,2,4861,4834,,,,,,,,0.79568762,,,,no_last_seen|no_prev|no_old
V087,239,switch,4,4,4862,4839,,,,,,,,0.45449653,,,,no_last_seen|no_prev|no_old
V087,261,switch,1,1,4863,4837,,,,,,,,0.81582608,,,,no_last_seen|no_prev|no_old
V087,283,switch,10,10,4865,4842,,,,,,,,,,,,no_last_seen|no_prev|no_next|no_old
V087,285,switch,10,10,4866,4842,,,,,,,,0.75323783,,,,no_last_seen|no_prev|no_old
V087,286,switch,6,6,4867,4858,,,,,,,,0.56842191,,,,no_last_seen|no_prev|no_old
V087,289,switch,0,0,4868,4836,,,,,,,,0.76873257,,,,no_last_seen|no_prev|no_old
V087,315,switch,6,6,4870,4867,,,,,,,,0.55166221,,,,no_last_seen|no_prev|no_old
V087,318,switch,9,9,4867,4845,313,5,0.44552145,8.15000000,16.35000000,18.26868906,,,,,1.22411806,no_prev|no_next|no_old
V087,319,switch,3,3,4840,4859,318,1,0.63230723,5.35000000,11.45000000,12.63823564,0.63230723,0.61597451,0.01874350,48.37832676,1.05639602,
V087,319,switch,7,7,4859,4860,318,1,0.46556732,0.50000000,-31.45000000,31.45397431,0.46556732,0.47596768,,,0.84987786,no_old
V087,319,switch,8,8,4862,4840,318,1,0.51687639,-12.85000000,-11.00000000,16.91515593,0.51687639,0.50416364,0.13624584,37.45360463,0.81739109,
V087,319,switch,9,9,4848,4845,318,1,0.55726726,2.65000000,-22.60000000,22.75483465,0.55726726,0.61613170,,,0.97991065,no_old
V087,319,switch,11,11,4835,4848,318,1,0.65379557,-6.40000000,-0.65000000,6.43292313,0.65379557,0.49236697,0.12591682,39.13444774,0.88925273,
V087,320,switch,4,4,4872,4862,,,,,,,,0.40266400,0.31067119,24.23288056,,no_last_seen|no_prev
V087,320,switch,5,5,4874,4835,,,,,,,,0.53715066,0.22550991,25.93573789,,no_last_seen|no_prev
V087,320,switch,12,12,4871,4846,,,,,,,,0.50899743,,,,no_last_seen|no_prev|no_old
V087,320,switch,15,15,4873,4851,,,,,,,,0.38149992,,,,no_last_seen|no_prev|no_old
V087,320,reuse,8,3,4840,0,319,1,0.61597451,-9.10000000,4.65000000,10.21922208,0.61597451,0.48971239,,,1.01120618,
V087,320,reuse,3,7,4859,0,319,1,0.47596768,-10.05000000,-12.15000000,15.76784703,0.47596768,0.42268856,,,0.92526186,
V087,320,reuse,4,8,4862,0,319,1,0.50416364,-16.20000000,-2.60000000,16.40731544,0.50416364,0.50912301,,,0.91879337,
V087,320,reuse,11,9,4848,0,319,1,0.61613170,-8.20000000,-8.00000000,11.45600279,0.61613170,0.55438149,,,0.96737405,
V087,320,reuse,5,11,4835,0,319,1,0.49236697,-12.50000000,-0.05000000,12.50010000,0.49236697,0.45459142,,,0.97727418,
V087,321,switch,13,13,4875,4857,,,,,,,,0.44699164,,,,no_last_seen|no_prev|no_old
V087,324,switch,3,3,4862,4840,323,1,0.59777197,-6.35000000,12.35000000,13.88686430,0.59777197,0.48127723,0.02217994,51.54633838,1.19581009,
V087,324,switch,7,7,4840,4859,323,1,0.38303095,-5.75000000,-33.45000000,33.94060989,0.38303095,0.35180244,,,0.84897671,no_old
V087,324,switch,8,8,4872,4862,323,1,0.41806430,-11.15000000,-11.95000000,16.34395913,0.41806430,0.30640379,0.15007837,31.28338217,0.78934839,
V087,324,switch,9,9,4835,4848,323,1,0.54862843,-2.35000000,-22.30000000,22.42348100,0.54862843,0.47655803,,,0.98228936,no_old
V087,324,switch,11,11,4874,4835,323,1,0.46715814,-13.80000000,-1.80000000,13.91689621,0.46715814,0.43458318,0.06252566,43.61401724,0.77918935,
V087,325,switch,5,5,4881,4874,,,,,,,,0.56655200,0.27364261,22.72955125,,no_last_seen|no_prev
V087,325,switch,13,13,4878,4875,,,,,,,,0.44442523,,,,no_last_seen|no_prev|no_old
V087,325,switch,14,14,4877,4847,,,,,,,,0.45750946,,,,no_last_seen|no_prev|no_old
V087,325,switch,17,17,4876,4852,,,,,,,,0.57272883,,,,no_last_seen|no_prev|no_old
V087,325,reuse,8,3,4862,0,324,1,0.48127723,-16.00000000,5.45000000,16.90273646,0.48127723,0.42322099,,,1.02567714,
V087,325,reuse,3,7,4840,0,324,1,0.35180244,-15.35000000,-12.75000000,19.95457341,0.35180244,0.30073355,,,0.91610973,
V087,325,reuse,4,8,4872,0,324,1,0.30640379,-16.35000000,-4.50000000,16.95796273,0.30640379,0.26037358,,,0.94496733,
V087,325,reuse,11,9,4835,0,324,1,0.47655803,-12.80000000,-8.45000000,15.33761716,0.47655803,0.42774923,,,0.98988915,
V087,325,reuse,5,11,4874,0,324,1,0.43458318,-15.30000000,-0.10000000,15.30032679,0.43458318,0.47245302,,,0.91226708,
V087,326,switch,10,10,4884,4866,,,,,,,,0.48629866,,,,no_last_seen|no_prev|no_old
V087,329,switch,3,3,4872,4862,328,1,0.12615195,-25.50000000,16.50000000,30.37268510,0.12615195,0.20147604,,,1.13011525,no_old
V087,329,switch,6,6,4860,4870,318,11,0.00000000,-49.65000000,16.05000000,52.17973745,,0.31612797,0.00000000,78.02871266,0.98307164,no_prev
V087,329,switch,8,8,4889,4872,,,,,,,,0.31835750,0.29891211,19.20416621,,no_last_seen|no_prev
V087,329,switch,9,9,4874,4835,328,1,0.31166202,-14.10000000,-24.30000000,28.09448344,0.31166202,0.33431855,,,1.04841950,no_old
V087,329,switch,11,11,4881,4874,328,1,0.46497716,-14.95000000,-2.05000000,15.08989728,0.46497716,0.38659388,0.13565086,37.81124171,0.85926682,
V087,329,switch,13,13,4846,4878,318,11,0.00000000,-53.25000000,-14.85000000,55.28186864,,0.43366047,,,0.98526977,no_prev|no_old
V087,329,switch,14,14,4875,4877,323,6,0.00000000,-78.95000000,-1.20000000,78.95911917,,0.25931863,,,0.99085511,no_prev|no_old
V087,330,switch,5,5,4893,4881,,,,,,,,0.44643339,0.14572449,32.76530177,,no_last_seen|no_prev
V087,330,switch,7,7,4862,4840,328,2,0.12662001,-26.70000000,-40.95000000,48.88550399,,0.31923598,,,0.81574779,no_prev|no_old
V087,330,switch,19,19,4894,4854,,,,,,,,0.55229886,,,,no_last_seen|no_prev|no_old
V087,330,reuse,8,3,4872,0,329,1,0.20147604,-23.60000000,5.60000000,24.25530870,0.20147604,0.23084807,,,1.06131691,
V087,330,reuse,7,6,4860,0,329,1,0.31612797,-18.50000000,0.75000000,18.51519646,0.31612797,0.26974485,,,1.03854513,
V087,330,reuse,11,9,4874,0,329,1,0.33431855,-19.25000000,-8.20000000,20.92373055,0.33431855,0.35214293,,,1.02823952,
V087,330,reuse,5,11,4881,0,329,1,0.38659388,-18.50000000,-1.50000000,18.56071119,0.38659388,0.39012675,,,0.95170577,
V087,330,reuse,12,13,4846,0,329,1,0.43366047,-16.95000000,-0.95000000,16.97660154,0.43366047,0.40965884,,,1.05765191,
V087,330,reuse,13,14,4875,0,329,1,0.25931863,-18.65000000,-1.20000000,18.68856602,0.25931863,0.26097062,,,1.09035119,
V087,331,switch,10,10,4870,4884,330,1,0.26815937,-21.05000000,0.30000000,21.05213766,0.26815937,0.28082366,,,0.99146629,no_old
V087,331,switch,16,16,4896,4853,,,,,,,,0.32753171,,,,no_last_seen|no_prev|no_old
V087,331,reuse,3,7,4862,0,330,1,0.31923598,-19.15000000,-9.55000000,21.39918223,0.31923598,0.31133083,,,0.94175816,
V087,332,reuse,6,10,4870,0,331,1,0.28082366,-21.15000000,-0.10000000,21.15023641,0.28082366,0.29858539,,,1.02208976,
V087,334,switch,14,14,4878,4875,328,6,0.00000000,-80.35000000,-6.65000000,80.62471705,,0.48807945,,,0.94962326,no_prev|no_old
V087,335,switch,16,16,4901,4896,,,,,,,,0.54178711,,,,no_last_seen|no_prev|no_old
V087,335,reuse,13,14,4878,0,334,1,0.48807945,-16.90000000,0.50000000,16.90739483,0.48807945,0.49045729,,,1.01780897,
V087,336,switch,18,18,4905,4856,,,,,,,,0.37589739,,,,no_last_seen|no_prev|no_old
V087,340,switch,18,18,4915,4905,,,,,,,,0.41309993,,,,no_last_seen|no_prev|no_old
V087,341,switch,6,6,4918,4860,,,,,,,,0.37114661,,,,no_last_seen|no_prev|no_old
V087,344,switch,9,9,4860,4874,333,11,0.00000000,-120.35000000,13.25000000,121.07718613,,0.47249111,,,1.04182381,no_prev|no_old
V087,345,reuse,6,9,4860,0,344,1,0.47249111,-14.05000000,0.85000000,14.07568826,0.47249111,,,,0.98688830,no_next
V087,346,switch,9,9,4874,4860,343,3,0.00000000,-60.45000000,3.20000000,60.53463884,,0.41921388,,,0.91162353,no_prev|no_old
V087,350,switch,19,19,4867,4894,318,32,0.00000000,42.65000000,62.55000000,75.70683589,,0.80356743,,,1.09080474,no_prev|no_old
V087,351,reuse,6,19,4867,0,350,1,0.80356743,-4.05000000,-0.30000000,4.06109591,0.80356743,0.67286607,,,1.01999432,
V087,355,switch,14,14,4875,4878,333,22,0.00000000,-354.95000000,-13.30000000,355.19908854,,0.57387031,,,0.89476887,no_prev|no_old
V087,386,switch,9,9,4921,4874,,,,,,,,0.62030347,,,,no_last_seen|no_prev|no_old
V087,399,switch,19,19,4901,4867,398,1,0.66310282,5.50000000,8.30000000,9.95690715,0.66310282,0.56595255,,,1.00235996,no_old
V087,400,reuse,16,19,4901,0,399,1,0.56595255,11.20000000,3.50000000,11.73413823,0.56595255,0.50258621,,,1.03811803,
V087,402,switch,16,16,4922,4901,,,,,,,,0.43064727,0.38809965,17.54458606,,no_last_seen|no_prev
V087,405,switch,10,10,4924,4870,,,,,,,,0.56773147,,,,no_last_seen|no_prev|no_old
V087,405,switch,16,16,4923,4922,,,,,,,,0.52687719,,,,no_last_seen|no_prev|no_old
V087,406,switch,8,8,4925,4889,,,,,,,,0.33887389,,,,no_last_seen|no_prev|no_old
V087,408,switch,6,6,4926,4918,,,,,,,,0.28547953,,,,no_last_seen|no_prev|no_old
V087,409,switch,8,8,4924,4925,408,1,0.39476456,10.40000000,19.65000000,22.23246500,0.39476456,0.44515706,,,1.01624669,no_old
V087,409,switch,19,19,4923,4901,408,1,0.55983026,9.95000000,6.20000000,11.72358733,0.55983026,0.49895513,,,0.80925988,no_old
V087,410,switch,7,7,4926,4862,409,1,0.43635867,7.70000000,-12.50000000,14.68128060,0.43635867,0.30453600,,,0.91076826,no_old
V087,410,switch,10,10,4927,4924,,,,,,,,0.49073001,0.28063268,30.75000000,,no_last_seen|no_prev
V087,410,switch,16,16,4928,4923,,,,,,,,0.47242175,0.25245168,23.20053879,,no_last_seen|no_prev
V087,410,switch,18,18,4922,4915,403,7,0.00000000,34.70000000,3.35000000,34.86133245,,0.67920909,,,0.87378280,no_prev|no_old
V087,410,reuse,10,8,4924,0,409,1,0.44515706,12.80000000,6.80000000,14.49413675,0.44515706,0.44151726,,,0.99547511,
V087,410,reuse,16,19,4923,0,409,1,0.49895513,12.95000000,1.85000000,13.08147545,0.49895513,0.38895418,,,0.92733587,
V087,411,switch,3,3,4929,4872,,,,,,,,0.48820470,,,,no_last_seen|no_prev|no_old
V087,411,reuse,16,18,4922,0,410,1,0.67920909,5.85000000,-0.20000000,5.85341781,0.67920909,0.61506074,,,1.00627594,
V087,414,switch,6,6,4925,4918,413,1,0.18224910,19.00000000,-0.85000000,19.01900365,0.18224910,0.32480038,,,1.06114528,no_old
V087,414,switch,18,18,4915,4922,409,5,0.14179494,39.70000000,1.20000000,39.71813188,,0.72662098,,,1.08652419,no_prev|no_old
V087,415,switch,7,7,4930,4926,,,,,,,,0.42515139,,,,no_last_seen|no_prev|no_old
V087,415,reuse,8,6,4925,0,414,1,0.32480038,14.50000000,-0.15000000,14.50077584,0.32480038,0.40431796,,,1.02004018,
V087,416,switch,2,2,4931,4861,,,,,,,,0.66398438,,,,no_last_seen|no_prev|no_old
V087,418,switch,4,4,4932,4872,,,,,,,,,,,,no_last_seen|no_prev|no_next|no_old
V087,419,switch,6,6,4930,4925,418,1,0.43330814,9.70000000,10.05000000,13.96755168,0.43330814,0.46458731,,,1.08001639,no_old
V087,420,switch,4,4,4933,4872,,,,,,,,0.61948884,,,,no_last_seen|no_prev|no_old
V087,420,switch,7,7,4934,4930,,,,,,,,0.45821078,0.19448684,23.43144255,,no_last_seen|no_prev
V087,420,reuse,7,6,4930,0,419,1,0.46458731,11.00000000,3.10000000,11.42847321,0.46458731,0.47327231,,,1.02491445,
V087,425,switch,1,1,4935,4863,,,,,,,,0.70192231,,,,no_last_seen|no_prev|no_old
V087,434,switch,0,0,4937,4868,,,,,,,,0.77114228,,,,no_last_seen|no_prev|no_old
V087,442,switch,18,18,4922,4915,413,29,0.00000000,173.00000000,8.50000000,173.20868916,,0.73809042,,,1.16619523,no_prev|no_old
V087,458,switch,4,4,4924,4933,457,1,0.81542981,-3.70000000,0.15000000,3.70303929,0.81542981,0.96245940,0.57002441,12.29888206,1.02502850,
V087,458,switch,8,8,4933,4924,457,1,0.87698150,-1.45000000,-3.90000000,4.16082924,0.87698150,0.90825830,0.57002441,12.29888206,0.92839000,
V087,459,switch,3,3,4924,4929,458,1,0.96245940,0.55000000,-0.50000000,0.74330344,0.96245940,0.90341883,0.40261254,16.88586687,1.02633503,
V087,459,switch,4,4,4929,4933,458,1,0.78223500,5.20000000,1.05000000,5.30495052,0.78223500,0.56035005,0.23377551,30.34345069,0.99028078,
V087,459,reuse,4,8,4933,0,458,1,0.90825830,-1.30000000,-2.45000000,2.77353565,0.90825830,0.94521236,,,0.96507412,
V087,460,reuse,8,3,4924,0,459,1,0.90341883,1.40000000,1.50000000,2.05182845,0.90341883,0.94802466,,,0.96098564,
V087,460,reuse,3,4,4929,0,459,1,0.56035005,12.95000000,0.30000000,12.95347444,0.56035005,0.68080939,,,0.99131585,
V087,474,switch,3,3,4933,4924,473,1,0.75416583,-6.05000000,0.25000000,6.05516309,0.75416583,0.65520902,0.38590597,17.69018089,0.99166718,
V087,474,switch,8,8,4924,4933,473,1,0.87913892,-2.05000000,-0.40000000,2.08865986,0.87913892,0.79846298,0.38590597,17.69018089,1.02723430,
V087,475,reuse,8,3,4933,0,474,1,0.65520902,-8.95000000,0.05000000,8.95013966,0.65520902,0.71440887,,,1.00476091,
V087,475,reuse,3,8,4924,0,474,1,0.79846298,-3.45000000,-1.50000000,3.76198086,0.79846298,0.79518942,,,0.98944893,
V087,484,switch,18,18,4939,4922,,,,,,,,0.57585778,,,,no_last_seen|no_prev|no_old
V087,528,switch,1,1,4940,4935,,,,,,,,0.88916574,,,,no_last_seen|no_prev|no_old
V087,536,switch,0,0,4941,4937,,,,,,,,0.82873637,,,,no_last_seen|no_prev|no_old
V087,556,switch,19,19,4942,4923,,,,,,,,0.90847998,,,,no_last_seen|no_prev|no_old
V087,583,switch,16,16,4943,4928,,,,,,,,0.95707982,,,,no_last_seen|no_prev|no_old
V087,597,switch,7,7,4945,4934,,,,,,,,0.36539040,,,,no_last_seen|no_prev|no_old
V087,597,switch,9,9,4944,4921,,,,,,,,0.36984814,,,,no_last_seen|no_prev|no_old
V087,601,switch,7,7,4929,4945,600,1,0.23679177,-11.15000000,-29.75000000,31.77081995,0.23679177,0.24303127,,,0.83955119,no_old
V087,601,switch,11,11,4921,4881,595,6,0.00000000,-34.65000000,-0.45000000,34.65292195,,0.38325463,,,0.90295587,no_prev|no_old
V087,601,switch,15,15,4871,4873,600,1,0.46880486,-7.60000000,17.30000000,18.89576672,0.46880486,0.48104024,,,1.05894880,no_old
V087,602,switch,12,12,4946,4871,,,,,,,,0.57240161,0.29551732,27.59601420,,no_last_seen|no_prev
V087,602,switch,14,14,4947,4875,,,,,,,,0.31108735,,,,no_last_seen|no_prev|no_old
V087,602,reuse,4,7,4929,0,601,1,0.24303127,-15.15000000,-10.90000000,18.66366791,0.24303127,0.24775824,,,0.91688225,
V087,602,reuse,9,11,4921,0,601,1,0.38325463,-12.50000000,0.15000000,12.50089997,0.38325463,0.32345426,,,0.98517520,
V087,602,reuse,12,15,4871,0,601,1,0.48104024,-11.75000000,7.70000000,14.04822053,0.48104024,0.50530275,,,1.09008840,
V087,603,switch,13,13,4954,4846,,,,,,,,0.31525347,,,,no_last_seen|no_prev|no_old
V087,607,switch,13,13,4961,4954,,,,,,,,0.48939779,,,,no_last_seen|no_prev|no_old
V087,608,switch,9,9,4966,4944,,,,,,,,0.34533519,,,,no_last_seen|no_prev|no_old
V087,611,switch,11,11,4944,4921,600,11,0.00000000,-136.15000000,6.10000000,136.28658224,,0.28771914,,,0.91869545,no_prev|no_old
V087,612,reuse,9,11,4944,0,611,1,0.28771914,-16.50000000,0.50000000,16.50757402,0.28771914,0.27295585,,,0.99444444,
V087,625,switch,13,13,4934,4961,595,30,0.00000000,-223.30000000,3.65000000,223.32982895,,,,,0.73200819,no_prev|no_next|no_old
V088,139,switch,1,1,4993,4985,,,,,,,,0.81134221,,,,no_last_seen|no_prev|no_old
V088,151,switch,4,4,4994,4983,,,,,,,,0.45040478,,,,no_last_seen|no_prev|no_old
V088,153,switch,12,12,4995,4987,,,,,,,,0.60521058,,,,no_last_seen|no_prev|no_old
V088,154,switch,4,4,4996,4994,,,,,,,,0.54624548,,,,no_last_seen|no_prev|no_old
V088,157,switch,0,0,4997,4977,,,,,,,,0.73107232,,,,no_last_seen|no_prev|no_old
V088,171,switch,7,7,4981,4988,170,1,0.63094340,5.55000000,-0.25000000,5.55562778,0.63094340,0.64655448,0.54196835,7.71038261,0.96644258,
V088,171,switch,8,8,4988,4981,170,1,0.84777694,2.00000000,0.50000000,2.06155281,0.84777694,0.78019248,0.54196835,7.71038261,0.95158949,
V088,172,reuse,8,7,4981,0,171,1,0.64655448,5.25000000,-0.10000000,5.25095229,0.64655448,0.47650106,,,0.98164908,
V088,172,reuse,7,8,4988,0,171,1,0.78019248,3.10000000,0.35000000,3.11969550,0.78019248,0.61155844,,,0.95466448,
V088,255,switch,9,9,4998,4982,254,1,0.81080577,0.80000000,-1.05000000,1.32003788,0.81080577,0.67236579,,,1.02116586,no_old
V088,266,switch,10,10,5000,4984,,,,,,,,0.60881146,,,,no_last_seen|no_prev|no_old
V088,325,switch,17,17,5003,5002,,,,,,,,0.70649798,,,,no_last_seen|no_prev|no_old
V088,385,switch,4,4,5006,4996,,,,,,,,0.48914797,,,,no_last_seen|no_prev|no_old
V088,412,switch,5,5,5008,4978,,,,,,,,0.64695766,,,,no_last_seen|no_prev|no_old
V088,412,switch,13,13,5009,4991,,,,,,,,0.71501863,,,,no_last_seen|no_prev|no_old
V088,533,switch,16,16,5010,5001,532,1,0.89214101,0.90000000,-0.55000000,1.05475116,0.89214101,0.88040652,,,1.10518868,no_old
V088,548,switch,17,17,5011,5003,,,,,,,,0.88775480,,,,no_last_seen|no_prev|no_old
V089,28,switch,6,6,5019,5016,27,1,0.75621777,4.55000000,-0.20000000,4.55439348,0.75621777,0.83357601,0.27738544,19.21932621,1.03343465,
V089,28,switch,7,7,5016,5019,27,1,0.62684552,-7.30000000,0.85000000,7.34931970,0.62684552,0.80746105,0.27738544,19.21932621,0.92271855,
V089,29,reuse,7,6,5019,0,28,1,0.83357601,2.60000000,1.00000000,2.78567766,0.83357601,0.87837241,,,1.00123340,
V089,29,reuse,6,7,5016,0,28,1,0.80746105,-2.80000000,0.25000000,2.81113856,0.80746105,0.78341828,,,0.91695652,
V089,57,switch,0,0,5021,5020,,,,,,,,0.42645243,,,,no_last_seen|no_prev|no_old
V089,79,switch,9,9,5023,5022,,,,,,,,0.73583826,,,,no_last_seen|no_prev|no_old
V089,103,reuse,9,12,5022,0,77,26,0.46374977,1.00000000,24.40000000,24.42048321,,0.56073866,,,1.19641888,no_prev
V089,104,switch,11,11,5026,5025,,,,,,,,0.42354922,,,,no_last_seen|no_prev|no_old
V089,105,switch,12,12,5025,5022,102,3,0.18523801,14.35000000,-12.80000000,19.22920955,,0.32622785,,,1.17661599,no_prev|no_old
V089,106,reuse,11,12,5025,0,105,1,0.32622785,12.20000000,-2.00000000,12.36284757,0.32622785,0.25494788,,,1.06764706,
V089,109,switch,12,12,5027,5025,,,,,,,,0.38754730,,,,no_last_seen|no_prev|no_old
V089,124,switch,14,14,5032,5030,,,,,,,,0.52544964,0.00000000,73.12677348,,no_last_seen|no_prev
V089,124,reuse,14,15,5030,0,121,3,0.26348280,-2.85000000,39.45000000,39.55281280,,0.54729734,,,1.69110169,no_prev
V089,129,switch,15,15,5035,5030,,,,,,,,0.59726474,,,,no_last_seen|no_prev|no_old
V089,167,switch,7,7,5038,5016,,,,,,,,0.69342421,,,,no_last_seen|no_prev|no_old
V089,251,switch,8,8,5040,5015,,,,,,,,0.88029735,,,,no_last_seen|no_prev|no_old
V089,276,switch,2,2,5041,5012,,,,,,,,0.79771471,,,,no_last_seen|no_prev|no_old
V089,361,switch,11,11,5042,5026,,,,,,,,0.90379123,,,,no_last_seen|no_prev|no_old
V089,411,switch,10,10,5045,5024,,,,,,,,0.91456329,,,,no_last_seen|no_prev|no_old
V089,513,switch,14,14,5046,5032,,,,,,,,0.63050873,,,,no_last_seen|no_prev|no_old
V089,523,switch,10,10,5048,5045,,,,,,,,0.57626126,,,,no_last_seen|no_prev|no_old
V089,572,switch,0,0,5049,5021,,,,,,,,0.69048870,,,,no_last_seen|no_prev|no_old
V089,573,switch,12,12,5049,5027,572,1,0.69048870,0.10000000,10.90000000,10.90045871,0.69048870,0.70784098,,,1.19440655,no_old
V089,574,switch,0,0,5050,5021,,,,,,,,0.71222243,,,,no_last_seen|no_prev|no_old
V089,576,switch,12,12,5050,5049,575,1,0.52683121,7.55000000,10.95000000,13.30056390,0.52683121,0.58332807,,,1.15747027,no_old
V089,577,switch,0,0,5051,5050,,,,,,,,0.62801635,0.50472476,13.38628029,,no_last_seen|no_prev
V089,577,reuse,0,12,5050,0,576,1,0.58332807,9.30000000,3.45000000,9.91929937,0.58332807,0.61023622,,,1.02891052,
V089,595,switch,13,13,5052,5029,,,,,,,,0.71087509,,,,no_last_seen|no_prev|no_old
V089,598,switch,17,17,5053,5036,,,,,,,,0.94083587,,,,no_last_seen|no_prev|no_old
V089,712,switch,11,11,5046,5042,711,1,0.26150850,13.50000000,14.55000000,19.84823670,0.26150850,0.37676468,,,1.16548043,no_old
V089,713,switch,14,14,5055,5046,,,,,,,,0.34630605,0.26440566,22.53097867,,no_last_seen|no_prev
V089,713,reuse,14,11,5046,0,712,1,0.37676468,12.95000000,4.75000000,13.79365796,0.37676468,0.48109785,,,1.11617570,
V089,717,switch,11,11,5055,5046,716,1,0.34828993,10.60000000,14.55000000,18.00173603,0.34828993,0.33692383,,,1.33956443,no_old
V089,717,switch,14,14,5019,5055,716,1,0.64326753,4.85000000,-5.00000000,6.96580936,0.64326753,0.38412794,0.06576393,31.22466973,0.74028835,
V089,718,switch,3,3,5056,5013,,,,,,,,0.40799021,,,,no_last_seen|no_prev|no_old
V089,718,switch,6,6,5057,5019,,,,,,,,0.51815111,0.13059503,30.58864168,,no_last_seen|no_prev
V089,718,reuse,14,11,5055,0,717,1,0.33692383,16.35000000,5.30000000,17.18756818,0.33692383,0.31440401,,,1.09828868,
V089,718,reuse,6,14,5019,0,717,1,0.38412794,13.80000000,-1.25000000,13.85649667,0.38412794,0.36404711,,,0.92172025,
V089,722,switch,11,11,5019,5055,721,1,0.19023091,21.40000000,14.70000000,25.96247292,0.19023091,0.23780104,,,1.25889095,no_old
V089,722,switch,14,14,5057,5019,721,1,0.35631972,19.35000000,-7.20000000,20.64612554,0.35631972,0.33243998,0.22252774,26.08471775,0.89817752,
V089,723,reuse,14,11,5019,0,722,1,0.23780104,22.55000000,5.60000000,23.23494136,0.23780104,0.21894875,,,1.05475967,
V089,723,reuse,6,14,5057,0,722,1,0.33243998,21.75000000,-1.75000000,21.82028872,0.33243998,0.34952220,,,0.92807018,
V089,724,switch,15,15,5067,5035,,,,,,,,0.65298382,,,,no_last_seen|no_prev|no_old
V089,724,switch,17,17,5066,5053,,,,,,,,0.60960768,,,,no_last_seen|no_prev|no_old
V089,724,switch,18,18,5062,5037,723,1,0.46838448,19.45000000,3.05000000,19.68768651,0.46838448,0.54187969,,,0.71770551,no_old
V089,726,switch,6,6,5073,5057,,,,,,,,,0.37089052,18.95474875,,no_last_seen|no_prev|no_next
V089,727,switch,10,10,5046,5048,716,11,0.00000000,116.85000000,11.35000000,117.39993612,,0.38611900,,,1.05678050,no_prev|no_old
V089,727,switch,13,13,5042,5052,711,16,0.00000000,55.10000000,-1.90000000,55.13274889,,0.50829833,,,0.94005490,no_prev|no_old
V089,728,switch,11,11,5078,5019,,,,,,,,,,,,no_last_seen|no_prev|no_next|no_old
V089,728,reuse,11,10,5046,0,727,1,0.38611900,17.90000000,1.35000000,17.95083564,0.38611900,0.40456053,,,1.10434805,
V089,728,reuse,11,13,5042,0,727,1,0.50829833,14.35000000,0.75000000,14.36958594,0.50829833,0.42194292,,,1.04132031,
V089,729,switch,11,11,5080,5019,,,,,,,,,,,,no_last_seen|no_prev|no_next|no_old
V089,730,switch,11,11,5082,5019,,,,,,,,,,,,no_last_seen|no_prev|no_next|no_old
V089,731,switch,11,11,5085,5019,,,,,,,,,,,,no_last_seen|no_prev|no_next|no_old
V089,731,switch,16,16,5084,5033,,,,,,,,0.49261042,,,,no_last_seen|no_prev|no_old
V089,733,switch,6,6,5088,5057,,,,,,,,0.49489899,,,,no_last_seen|no_prev|no_old
V089,733,switch,10,10,5089,5046,,,,,,,,,,,,no_last_seen|no_prev|no_next|no_old
V089,733,switch,13,13,5090,5042,,,,,,,,0.41521379,,,,no_last_seen|no_prev|no_old
V089,734,switch,10,10,5073,5046,726,8,0.42315046,-7.75000000,19.60000000,21.07658654,,0.60434112,,,1.19428756,no_prev|no_old
V089,737,switch,10,10,5080,5073,729,8,0.53990203,-5.20000000,13.65000000,14.60693329,,0.50263278,,,0.97479564,no_prev|no_old
V089,739,switch,10,10,5082,5080,730,9,0.49180209,5.70000000,13.30000000,14.46996890,,,,,0.93514930,no_prev|no_next|no_old
V089,740,switch,10,10,5085,5080,731,9,0.47238503,-7.70000000,13.55000000,15.58500882,,0.47552477,,,0.93534415,no_prev|no_old
V089,743,switch,10,10,5098,5085,,,,,,,,0.58065856,,,,no_last_seen|no_prev|no_old
V089,773,switch,21,21,5106,5099,,,,,,,,0.41196587,,,,no_last_seen|no_prev|no_old
V090,68,switch,14,14,5121,5118,,,,,,,,0.68926881,,,,no_last_seen|no_prev|no_old
V090,71,switch,15,15,5122,5112,,,,,,,,0.57614710,,,,no_last_seen|no_prev|no_old
V090,232,switch,20,20,5127,5125,,,,,,,,0.44232536,,,,no_last_seen|no_prev|no_old
V090,233,switch,4,4,5130,5116,,,,,,,,0.34557862,,,,no_last_seen|no_prev|no_old
V090,237,switch,15,15,5137,5122,,,,,,,,0.37684781,,,,no_last_seen|no_prev|no_old
V090,237,switch,16,16,5136,5134,,,,,,,,0.46051951,,,,no_last_seen|no_prev|no_old
V090,242,switch,4,4,5148,5130,,,,,,,,0.41824990,,,,no_last_seen|no_prev|no_old
V090,264,switch,8,8,5122,5114,235,29,0.00000000,240.40000000,-16.05000000,240.93518319,,0.94380346,,,1.01393189,no_prev|no_old
V090,265,reuse,15,8,5122,0,264,1,0.94380346,-0.45000000,-0.85000000,0.96176920,0.94380346,0.67574083,,,0.99592328,
V090,270,switch,4,4,5149,5148,,,,,,,,0.42380254,,,,no_last_seen|no_prev|no_old
V090,271,switch,14,14,5114,5121,263,8,0.37029690,10.85000000,-10.55000000,15.13357195,,0.68153981,,,0.87908102,no_prev|no_old
V090,272,switch,8,8,5150,5122,,,,,,,,0.55835188,,,,no_last_seen|no_prev|no_old
V090,272,reuse,8,14,5114,0,271,1,0.68153981,-5.50000000,-0.50000000,5.52268051,0.68153981,0.63798121,,,1.00338762,
V090,275,switch,14,14,5122,5114,270,5,0.40866857,9.30000000,-6.95000000,11.61001723,,,,,0.95094319,no_prev|no_next|no_old
V090,277,switch,1,1,5154,5109,,,,,,,,0.56546094,,,,no_last_seen|no_prev|no_old
V090,277,switch,3,3,5151,5108,,,,,,,,0.43156228,,,,no_last_seen|no_prev|no_old
V090,277,switch,4,4,5152,5149,,,,,,,,0.36811672,,,,no_last_seen|no_prev|no_old
V090,277,switch,14,14,5153,5114,,,,,,,,0.36523527,,,,no_last_seen|no_prev|no_old
V090,279,switch,16,16,5155,5136,,,,,,,,0.63984796,,,,no_last_seen|no_prev|no_old
V090,282,switch,14,14,5157,5153,,,,,,,,0.45169073,,,,no_last_seen|no_prev|no_old
V090,282,switch,15,15,5158,5137,,,,,,,,0.42104635,,,,no_last_seen|no_prev|no_old
V090,283,switch,9,9,5161,5119,,,,,,,,0.59489336,,,,no_last_seen|no_prev|no_old
V090,286,switch,8,8,5137,5150,280,6,0.00000000,-47.10000000,-15.55000000,49.60052923,,0.43789101,,,0.90230681,no_prev|no_old
V090,287,switch,0,0,5170,5111,,,,,,,,0.48112816,,,,no_last_seen|no_prev|no_old
V090,287,reuse,15,8,5137,0,286,1,0.43789101,-10.45000000,-1.25000000,10.52449524,0.43789101,0.41972582,,,1.01654826,
V090,288,switch,4,4,5122,5152,275,13,0.01452416,25.45000000,-14.45000000,29.26610668,,,,,0.97634239,no_prev|no_next|no_old
V090,289,switch,4,4,5121,5152,270,19,0.00000000,-37.50000000,-15.20000000,40.46344029,,,,,0.88818650,no_prev|no_next|no_old
V090,290,switch,4,4,5114,5152,274,16,0.26108831,-13.20000000,-13.85000000,19.13275986,,,,,0.90942090,no_prev|no_next|no_old
V090,290,switch,5,5,5176,5117,,,,,,,,,,,,no_last_seen|no_prev|no_next|no_old
V090,290,switch,8,8,5150,5137,285,5,0.00000000,-71.55000000,1.60000000,71.56788735,,0.16205870,,,1.00767857,no_prev|no_old
V090,292,switch,4,4,5177,5152,,,,,,,,0.39747974,,,,no_last_seen|no_prev|no_old
V090,297,switch,5,5,5183,5117,,,,,,,,0.40039860,,,,no_last_seen|no_prev|no_old
V090,352,switch,14,14,5150,5157,351,1,0.47280160,8.10000000,-7.35000000,10.93766428,0.47280160,0.39704412,,,1.09605749,no_old
V090,353,switch,0,0,5191,5170,,,,,,,,0.38701046,,,,no_last_seen|no_prev|no_old
V090,353,switch,15,15,5186,5158,,,,,,,,0.43221207,,,,no_last_seen|no_prev|no_old
V090,353,switch,17,17,5189,5120,,,,,,,,0.40386575,,,,no_last_seen|no_prev|no_old
V090,353,reuse,8,14,5150,0,352,1,0.39704412,12.25000000,-2.85000000,12.57716184,0.39704412,0.33379023,,,1.02366917,
V090,355,switch,15,15,5120,5186,351,4,0.64833282,4.45000000,6.50000000,7.87734092,,0.44211037,,,0.87166624,no_prev|no_old
V090,356,reuse,17,15,5120,0,355,1,0.44211037,12.20000000,0.90000000,12.23315168,0.44211037,,,,1.01880878,no_next
V090,358,switch,0,0,5217,5191,,,,,,,,0.38392297,,,,no_last_seen|no_prev|no_old
V090,358,switch,13,13,5222,5113,,,,,,,,0.35474376,,,,no_last_seen|no_prev|no_old
V090,358,switch,14,14,5223,5150,,,,,,,,0.34338329,,,,no_last_seen|no_prev|no_old
V090,358,switch,15,15,5214,5120,,,,,,,,0.36364149,,,,no_last_seen|no_prev|no_old
V090,358,switch,17,17,5220,5189,,,,,,,,0.34743140,,,,no_last_seen|no_prev|no_old
V090,358,switch,18,18,5215,5123,,,,,,,,0.37638735,,,,no_last_seen|no_prev|no_old
V090,361,switch,8,8,5177,5150,351,10,0.00000000,30.40000000,11.50000000,32.50246145,,,,,1.14790047,no_prev|no_next|no_old
V090,362,switch,15,15,5189,5214,356,6,0.00000000,85.00000000,6.60000000,85.25585024,,0.31998560,,,0.82337662,no_prev|no_old
V090,362,switch,17,17,5110,5220,351,11,0.00000000,68.35000000,-2.85000000,68.40939263,,0.35435496,,,1.14082268,no_prev|no_old
V090,363,switch,6,6,5151,5110,351,12,0.00000000,47.15000000,-5.70000000,47.49328900,,0.33679327,0.00000000,188.77724969,1.04482174,no_prev
V090,363,switch,14,14,5247,5223,,,,,,,,0.34346202,,,,no_last_seen|no_prev|no_old
V090,363,switch,19,19,5250,5129,,,,,,,,0.52568988,,,,no_last_seen|no_prev|no_old
V090,363,reuse,17,15,5189,0,362,1,0.31998560,16.65000000,0.50000000,16.65750582,0.31998560,0.31084512,,,1.06907685,
V090,363,reuse,6,17,5110,0,362,1,0.35435496,15.45000000,-0.90000000,15.47619139,0.35435496,0.33998388,,,1.07688734,
V090,364,reuse,3,6,5151,0,363,1,0.33679327,14.75000000,-1.25000000,14.80287134,0.33679327,0.27344473,,,1.01801862,
V090,368,switch,3,3,5271,5151,,,,,,,,0.35116747,,,,no_last_seen|no_prev|no_old
V090,368,switch,6,6,5272,5151,,,,,,,,0.41673010,,,,no_last_seen|no_prev|no_old
V090,368,switch,14,14,5275,5247,,,,,,,,0.41230237,,,,no_last_seen|no_prev|no_old
V090,368,switch,16,16,5274,5155,,,,,,,,0.51643461,,,,no_last_seen|no_prev|no_old
V090,373,switch,4,4,5295,5177,,,,,,,,0.34448353,,,,no_last_seen|no_prev|no_old
V090,373,switch,14,14,5296,5275,,,,,,,,0.44934669,,,,no_last_seen|no_prev|no_old
V090,374,switch,8,8,5300,5150,,,,,,,,0.47732562,,,,no_last_seen|no_prev|no_old
V090,377,switch,14,14,5300,5296,376,1,0.37734810,12.25000000,-8.90000000,15.14174693,0.37734810,0.45110621,,,0.94153364,no_old
V090,378,switch,8,8,5308,5300,,,,,,,,0.49040443,0.39458299,14.35496430,,no_last_seen|no_prev
V090,378,switch,20,20,5307,5127,,,,,,,,0.44356048,,,,no_last_seen|no_prev|no_old
V090,378,reuse,8,14,5300,0,377,1,0.45110621,11.35000000,-3.25000000,11.80614247,0.45110621,0.45988707,,,0.99849663,
V090,380,switch,15,15,5214,5189,361,19,0.00000000,305.55000000,-3.90000000,305.57488853,,0.65330103,,,1.36700592,no_prev|no_old
V090,381,switch,17,17,5220,5110,361,20,0.00000000,325.05000000,-18.50000000,325.57603183,,0.49153538,,,1.12643495,no_prev|no_old
V090,389,switch,14,14,5247,5300,366,23,0.00000000,354.55000000,-14.15000000,354.83224910,,0.50734564,,,1.07573360,no_prev|no_old
V090,391,switch,14,14,5275,5247,371,20,0.00000000,262.30000000,-10.00000000,262.49055221,,0.41470077,,,1.11885246,no_prev|no_old
V090,394,switch,14,14,5296,5275,376,18,0.00000000,194.35000000,-4.20000000,194.39537675,,0.59417756,,,1.13717122,no_prev|no_old
V090,405,switch,16,16,5250,5274,404,1,0.73613395,9.40000000,-0.75000000,9.42987275,0.73613395,0.69959196,0.49331587,20.56191868,0.92613657,
V090,405,switch,19,19,5274,5250,404,1,0.82692975,5.65000000,0.70000000,5.69319770,0.82692975,0.87402060,0.49331587,20.56191868,0.98442856,
V090,406,reuse,19,16,5250,0,405,1,0.69959196,10.70000000,2.15000000,10.91386733,0.69959196,0.65010640,,,0.94977711,
V090,406,reuse,16,19,5274,0,405,1,0.87402060,3.90000000,0.60000000,3.94588393,0.87402060,0.76302726,,,1.00051134,
V090,428,switch,6,6,5309,5272,,,,,,,,0.64161888,,,,no_last_seen|no_prev|no_old
V090,483,switch,2,2,5250,5107,482,1,0.97233098,0.50000000,-0.50000000,0.70710678,0.97233098,0.92684790,0.49643460,20.40055146,1.00687706,
V090,483,switch,9,9,5310,5161,,,,,,,,0.83316500,,,,no_last_seen|no_prev|no_old
V090,483,switch,16,16,5107,5250,482,1,0.86201738,3.60000000,-1.25000000,3.81083980,0.86201738,0.89824495,0.49643460,20.40055146,0.95985427,
V090,484,reuse,16,2,5250,0,483,1,0.92684790,-1.60000000,-0.35000000,1.63783394,0.92684790,0.97437632,,,1.01604002,
V090,484,reuse,2,16,5107,0,483,1,0.89824495,2.45000000,-1.05000000,2.66552059,0.89824495,0.95020470,,,0.97053717,
V090,516,switch,1,1,5311,5154,,,,,,,,0.55057141,,,,no_last_seen|no_prev|no_old
V090,521,switch,4,4,5312,5295,,,,,,,,0.59463692,,,,no_last_seen|no_prev|no_old
V090,522,switch,0,0,5313,5217,,,,,,,,0.55153225,,,,no_last_seen|no_prev|no_old
V090,534,switch,3,3,5316,5271,,,,,,,,0.31162862,,,,no_last_seen|no_prev|no_old
V090,534,switch,8,8,5317,5308,,,,,,,,0.38366070,0.00000000,46.34004748,,no_last_seen|no_prev
V090,534,switch,14,14,5308,5296,532,2,0.46339417,-12.90000000,3.80000000,13.44804819,,0.42579922,,,1.22818396,no_prev|no_old
V090,534,switch,17,17,5319,5220,,,,,,,,0.38185797,,,,no_last_seen|no_prev|no_old
V090,534,switch,20,20,5315,5307,,,,,,,,,,,,no_last_seen|no_prev|no_next|no_old
V090,535,reuse,8,14,5308,0,534,1,0.42579922,-16.40000000,0.45000000,16.40617262,0.42579922,0.32367150,,,1.01884422,
V090,538,switch,14,14,5317,5308,537,1,0.53984704,-11.90000000,1.75000000,12.02798819,0.53984704,0.39321194,,,1.26922401,no_old
V090,539,switch,3,3,5322,5316,,,,,,,,0.37839613,,,,no_last_seen|no_prev|no_old
V090,539,switch,15,15,5321,5214,,,,,,,,0.40656575,,,,no_last_seen|no_prev|no_old
V090,539,reuse,8,14,5317,0,538,1,0.39321194,-21.70000000,0.65000000,21.70973284,0.39321194,0.33022897,,,1.05278188,
V090,540,switch,4,4,5327,5312,,,,,,,,0.35536813,,,,no_last_seen|no_prev|no_old
V090,543,switch,2,2,5214,5250,537,6,0.00000000,-90.85000000,37.10000000,98.13323851,,0.41217459,,,1.19050179,no_prev|no_old
V090,543,switch,14,14,5220,5317,532,11,0.00000000,-148.00000000,-47.40000000,155.40514792,,0.16716204,,,0.86932260,no_prev|no_old
V090,544,switch,0,0,5343,5313,,,,,,,,0.40876960,,,,no_last_seen|no_prev|no_old
V090,544,switch,11,11,5344,5184,,,,,,,,0.56161048,,,,no_last_seen|no_prev|no_old
V090,544,reuse,15,2,5214,0,543,1,0.41217459,-21.25000000,3.05000000,21.46776653,0.41217459,0.37784638,,,1.06118659,
V090,544,reuse,17,14,5220,0,543,1,0.16716204,-24.05000000,-2.50000000,24.17958850,0.16716204,0.11083828,,,1.00293255,
V090,545,switch,4,4,5350,5327,,,,,,,,,,,,no_last_seen|no_prev|no_next|no_old
V090,546,switch,8,8,5358,5317,,,,,,,,0.44289178,,,,no_last_seen|no_prev|no_old
V090,549,switch,14,14,5319,5220,537,12,0.00000000,-214.30000000,-50.30000000,220.12401050,,0.28469669,,,0.96702496,no_prev|no_old
V090,549,switch,17,17,5368,5319,,,,,,,,0.32967947,0.00000000,178.17882169,,no_last_seen|no_prev
V090,550,reuse,17,14,5319,0,549,1,0.28469669,-21.80000000,-8.40000000,23.36236289,0.28469669,0.29705838,,,0.80658616,
V090,551,switch,4,4,5375,5327,,,,,,,,0.39579317,,,,no_last_seen|no_prev|no_old
V090,551,switch,6,6,5376,5309,,,,,,,,0.31183819,,,,no_last_seen|no_prev|no_old
V090,552,switch,8,8,5319,5358,551,1,0.28306467,-22.50000000,-1.60000000,22.55681715,0.28306467,0.12477666,,,1.01407071,no_old
V090,553,switch,4,4,5296,5375,532,21,0.00000000,-280.00000000,-10.00000000,280.17851452,,0.33611696,,,0.99525121,no_prev|no_old
V090,553,reuse,14,8,5319,0,552,1,0.12477666,-32.35000000,-1.05000000,32.36703570,0.12477666,0.23153862,,,1.02114533,
V090,554,switch,5,5,5385,5183,,,,,,,,0.41481597,,,,no_last_seen|no_prev|no_old
V090,554,switch,6,6,5384,5376,,,,,,,,0.45086567,,,,no_last_seen|no_prev|no_old
V090,554,switch,12,12,5383,5185,,,,,,,,0.47650195,,,,no_last_seen|no_prev|no_old
V090,554,reuse,14,4,5296,0,553,1,0.33611696,-16.55000000,-0.45000000,16.55611669,0.33611696,0.33690205,,,1.01859058,
V090,556,switch,14,14,5315,5319,534,22,0.46721068,12.35000000,10.15000000,15.98577493,,0.50717490,0.10711926,35.34957567,1.11261378,no_prev
V090,558,switch,8,8,5315,5319,557,1,0.73338344,-2.95000000,-7.45000000,8.01280226,0.73338344,,,,0.91159882,no_next|no_old
V090,559,switch,8,8,5319,5319,557,2,0.00000000,-44.65000000,-3.75000000,44.80719808,,0.52507081,1.00000000,0.00000000,1.02402581,no_prev
V090,561,switch,10,10,5389,5124,,,,,,,,0.46704040,,,,no_last_seen|no_prev|no_old
V090,562,switch,0,0,5313,5343,542,20,0.00000000,-465.70000000,-32.00000000,466.79812553,,,,,0.94698831,no_prev|no_next|no_old
V090,563,switch,0,0,5343,5343,561,2,0.22006141,-35.55000000,-4.00000000,35.77432739,,0.61665108,1.00000000,0.00000000,0.98762902,no_prev
V090,655,switch,13,13,5390,5222,,,,,,,,0.71246931,,,,no_last_seen|no_prev|no_old
V090,660,switch,4,4,5391,5296,,,,,,,,0.33980113,,,,no_last_seen|no_prev|no_old
V090,665,switch,6,6,5392,5384,,,,,,,,0.64421230,,,,no_last_seen|no_prev|no_old
V090,669,switch,6,6,5393,5384,,,,,,,,0.46458707,,,,no_last_seen|no_prev|no_old
V090,674,switch,2,2,5394,5214,,,,,,,,0.49352678,,,,no_last_seen|no_prev|no_old
V090,675,switch,8,8,5395,5319,,,,,,,,0.56889576,,,,no_last_seen|no_prev|no_old
V090,677,switch,7,7,5396,5115,,,,,,,,0.39048741,,,,no_last_seen|no_prev|no_old
V090,680,switch,7,7,5397,5115,,,,,,,,0.48048644,,,,no_last_seen|no_prev|no_old
V090,686,switch,17,17,5398,5368,,,,,,,,0.56767697,,,,no_last_seen|no_prev|no_old
V090,692,switch,14,14,5399,5315,,,,,,,,,,,,no_last_seen|no_prev|no_next|no_old
V090,693,switch,15,15,5400,5321,,,,,,,,0.37978394,,,,no_last_seen|no_prev|no_old
V090,693,switch,18,18,5401,5215,,,,,,,,0.18383467,,,,no_last_seen|no_prev|no_old
V090,695,switch,14,14,5403,5315,,,,,,,,0.45518317,,,,no_last_seen|no_prev|no_old
V090,696,switch,16,16,5404,5107,,,,,,,,0.38437059,,,,no_last_seen|no_prev|no_old
V090,700,switch,16,16,5405,5404,,,,,,,,0.46559438,,,,no_last_seen|no_prev|no_old
V090,715,switch,9,9,5408,5310,,,,,,,,0.52222463,,,,no_last_seen|no_prev|no_old
V090,715,switch,19,19,5407,5274,,,,,,,,0.59290817,,,,no_last_seen|no_prev|no_old
V090,736,switch,20,20,5409,5307,,,,,,,,0.60703117,,,,no_last_seen|no_prev|no_old
V090,811,switch,6,6,5411,5393,,,,,,,,0.75852987,,,,no_last_seen|no_prev|no_old
